{
"type": "FeatureCollection",
"name": "aceh-utara",
"crs": { "type": "name", "properties": { "name": "urn:ogc:def:crs:EPSG::3857" } },
"features": [
{ "type": "Feature", "properties": { "place": "Aceh Utara, Aceh, Sumatera, Indonesia", "query": "Aceh Utara, Aceh, Indonesia", "baselineYear": 1990, "comparisonYear": 2024, "forestLossHa": 34144.2671, "forestGainHa": 2900.2762, "forestLossPct": 12.4169, "forestGainPct": 1.0547, "netForestChangeHa": -31243.9909, "baselineForestAreaHa": 83771.4754, "comparisonForestAreaHa": 52527.4845, "analyzedAreaHa": 274981.7085, "aoiAreaHa": 275016.9277, "coverageFraction": 0.999975, "validPixelCount": 117662, "sourceFormat": "pmtiles_png", "zoom": 10, "forestClasses": "3,5,76", "baselinePmtiles": "landcover-processing/landcover-mapbiomas-pmtiles-values/1990_landcover.pmtiles", "comparisonPmtiles": "landcover-processing/landcover-mapbiomas-pmtiles-values/2024_landcover.pmtiles" }, "geometry": { "type": "Polygon", "coordinates": [ [ [ 10774283.006312783807516, 550535.292230755905621 ], [ 10774347.571617443114519, 550447.580748373758979 ], [ 10774420.040605951100588, 550359.869369831867516 ], [ 10774552.622119484469295, 550244.783259927527979 ], [ 10774994.003900479525328, 549955.839697695453651 ], [ 10775074.376572834327817, 549884.218517090310343 ], [ 10775259.166927549988031, 549741.423296335269697 ], [ 10775371.59961324930191, 549642.204243764979765 ], [ 10775700.326069563627243, 549460.41472478909418 ], [ 10775941.444086622446775, 549249.910392493824475 ], [ 10776262.378178579732776, 549064.099474065355025 ], [ 10776342.639531441032887, 549000.635598810506053 ], [ 10776374.8108642809093, 548968.791949437116273 ], [ 10776462.975900989025831, 548917.506942824809812 ], [ 10776824.207648614421487, 548671.920408312580548 ], [ 10777181.320575078949332, 548426.222953989519738 ], [ 10777225.625732412561774, 548394.491281937109306 ], [ 10777369.895792482420802, 548311.475034945760854 ], [ 10777650.866187242791057, 548109.353765824227594 ], [ 10777739.253862932324409, 548041.868400792009197 ], [ 10777987.941605364903808, 547883.546186941443011 ], [ 10778052.284271044656634, 547831.926737655536272 ], [ 10778280.934505134820938, 547681.537810229579918 ], [ 10778417.412200847640634, 547590.477797507424839 ], [ 10778473.628543695434928, 547546.791376939043403 ], [ 10778682.575227916240692, 547372.045950893429108 ], [ 10778706.620237927883863, 547356.292067537549883 ], [ 10778762.836580777540803, 547320.650315358652733 ], [ 10779052.489895820617676, 547002.333353583002463 ], [ 10779101.025193808600307, 546930.603288721176796 ], [ 10779125.181523310020566, 546890.604310558759607 ], [ 10779278.468462131917477, 546679.436876420280896 ], [ 10779335.130082946270704, 546579.774993462138809 ], [ 10779480.847296394407749, 546288.275922708562575 ], [ 10779626.230551371350884, 546061.021400013007224 ], [ 10779868.684402318671346, 545654.110162105411291 ], [ 10780090.65546696074307, 545331.219515339587815 ], [ 10780155.554730093106627, 545242.732079792884178 ], [ 10780239.82358462177217, 545127.98905853019096 ], [ 10780352.924187269061804, 544944.534661828074604 ], [ 10780490.181119417771697, 544729.238875838113017 ], [ 10780679.646892746910453, 544466.125250523211434 ], [ 10780833.045151060447097, 544246.920464683440514 ], [ 10780921.43282674998045, 544175.416493857861497 ], [ 10781017.835505776107311, 544096.091856052051298 ], [ 10781277.989155761897564, 544013.974185638944618 ], [ 10781633.988887317478657, 543936.660760475322604 ], [ 10781878.223850117996335, 543874.430214611114934 ], [ 10782190.475021792575717, 543764.605158237856813 ], [ 10782422.68747958727181, 543698.352684206212871 ], [ 10782843.029876824468374, 543553.446549526881427 ], [ 10783175.207237349823117, 543459.933641277020797 ], [ 10783399.293372318148613, 543401.502098270808347 ], [ 10783731.582052335143089, 543303.967329557635821 ], [ 10784003.646887833252549, 543245.982802045647986 ], [ 10784067.655595039948821, 543230.453234844258986 ], [ 10784299.645413853228092, 543184.199722789577208 ], [ 10784483.322573661804199, 543177.71976443962194 ], [ 10784774.868320049718022, 543199.95272731827572 ], [ 10784934.500469846650958, 543209.225774083053693 ], [ 10784961.53997416049242, 543209.449221006943844 ], [ 10785184.078768204897642, 543211.236796423909254 ], [ 10785290.054923441261053, 543212.130584148457274 ], [ 10785649.394239721819758, 543239.055944335763343 ], [ 10785829.063897861167789, 543256.484813340823166 ], [ 10786168.477025290951133, 543275.142645542277023 ], [ 10786444.104084493592381, 543277.377116775489412 ], [ 10786551.861351581290364, 543290.225327658001333 ], [ 10786839.399596301838756, 543300.503897947375663 ], [ 10786927.230674536898732, 543313.240389171754941 ], [ 10787470.358470117673278, 543321.61966089264024 ], [ 10787558.412187336012721, 543318.267952091875486 ], [ 10787793.964229853823781, 543320.16725372732617 ], [ 10787913.966640930622816, 543308.99489185679704 ], [ 10787962.056660952046514, 543301.397686734679155 ], [ 10788034.080371497198939, 543274.0254099505255 ], [ 10788258.055186972022057, 543239.614561869297177 ], [ 10788322.063894176855683, 543224.084995985613205 ], [ 10788442.177624743431807, 543189.003830203320831 ], [ 10788702.331274727359414, 543106.887152737937868 ], [ 10788746.41379308141768, 543099.17824477085378 ], [ 10789166.756190316751599, 542958.183574893279001 ], [ 10789391.176283756271005, 542855.845295666251332 ], [ 10789439.266303777694702, 542832.048314035520889 ], [ 10789511.401333812624216, 542804.67620833683759 ], [ 10789767.65880161896348, 542718.537932618055493 ], [ 10789875.638707688078284, 542699.321625177981332 ], [ 10789951.78123939037323, 542679.881877303123474 ], [ 10790123.992491647601128, 542605.139445242704824 ], [ 10790520.512517852708697, 542463.81053546036128 ], [ 10790628.492423923686147, 542436.662008511601016 ], [ 10790708.642457295209169, 542405.15632286190521 ], [ 10790768.643662832677364, 542389.738651717198081 ], [ 10790988.722296129912138, 542335.329938957002014 ], [ 10791152.807225558906794, 542300.472632377175614 ], [ 10791208.91224892064929, 542280.921265567652881 ], [ 10791552.555517, 542263.604344924213365 ], [ 10791752.374002972617745, 542245.058485947549343 ], [ 10791812.486528, 542233.551117918104865 ], [ 10791916.458932401612401, 542214.334934454294853 ], [ 10791946.55972271040082, 542211.027963841799647 ], [ 10791984.475141275674105, 542206.849561991984956 ], [ 10792416.5060850456357, 542118.030647100531496 ], [ 10792616.54721, 542075.688081824220717 ], [ 10792716.623432222753763, 542052.338234123308212 ], [ 10792812.580833287909627, 542033.122096953913569 ], [ 10792992.584449898451567, 542010.442592540057376 ], [ 10793168.469245351850986, 541987.763094962690957 ], [ 10793476.49027637951076, 541930.003026097081602 ], [ 10793656.382573502138257, 541919.389478613156825 ], [ 10793840.28237229026854, 541900.955426014843397 ], [ 10793968.188467212021351, 541885.873022702406161 ], [ 10794044.330998914316297, 541870.343736524460837 ], [ 10794328.084380947053432, 541848.669774122536182 ], [ 10794447.975472530350089, 541841.519602328306064 ], [ 10794835.478619981557131, 541852.580024609924294 ], [ 10795190.699115103110671, 541903.525020954664797 ], [ 10795454.192349812015891, 541929.66786141670309 ], [ 10795525.99342137388885, 541942.292398738092743 ], [ 10795637.869509620591998, 541943.186171371955425 ], [ 10795729.708089524880052, 541947.878477874794044 ], [ 10796045.187526432797313, 541982.400456140632741 ], [ 10796384.489334370940924, 542025.189855716307648 ], [ 10796468.201591446995735, 542049.880355839501135 ], [ 10796612.026373552158475, 542055.131277724984102 ], [ 10796891.549614934250712, 542073.341924550710246 ], [ 10797446.477276539430022, 542125.851176276337355 ], [ 10797801.920410642400384, 542164.730390533921309 ], [ 10797921.700182735919952, 542169.646154687274247 ], [ 10797990.606947535648942, 542175.567416480276734 ], [ 10798069.421147018671036, 542176.349469959619455 ], [ 10798105.822620507329702, 542185.62239040446002 ], [ 10798146.676873629912734, 542217.798315994907171 ], [ 10798178.402928505092859, 542282.038486391189508 ], [ 10798199.998909719288349, 542448.504574617021717 ], [ 10798211.242178287357092, 542620.5571605686564 ], [ 10798221.706210423260927, 543051.584134849370457 ], [ 10798242.077677238732576, 543266.20476127427537 ], [ 10798264.230255907401443, 543737.344436710001901 ], [ 10798273.135815169662237, 543874.095041254302487 ], [ 10798282.375332904979587, 543928.281420051585883 ], [ 10798294.063879437744617, 543942.470437052310444 ], [ 10798308.090135278180242, 543947.274593023234047 ], [ 10798343.267094369977713, 543949.732533406582661 ], [ 10798408.945593938231468, 543959.34084658708889 ], [ 10798465.384575769305229, 543987.383721167687327 ], [ 10798491.099378142505884, 544003.918966872734018 ], [ 10798533.178145663812757, 544060.675108255585656 ], [ 10798584.607750410214067, 544126.816177634289488 ], [ 10798659.303128730505705, 544233.066565006622113 ], [ 10798724.647669829428196, 544325.239736030576751 ], [ 10798764.277408551424742, 544410.262604033108801 ], [ 10798789.880891432985663, 544469.253559958655387 ], [ 10798815.484374314546585, 544549.472396544995718 ], [ 10798831.625700479373336, 544634.383793513523415 ], [ 10798861.904601976275444, 544812.921492304187268 ], [ 10798878.157247632741928, 544893.140697118942626 ], [ 10798892.072183981537819, 544933.250331770163029 ], [ 10798910.662538941949606, 544992.241699788835831 ], [ 10798938.603731133043766, 545079.49985025881324 ], [ 10798985.02395879290998, 545230.442166469409131 ], [ 10799001.387923939153552, 545319.488220515777357 ], [ 10799008.289732368662953, 545390.211197207449004 ], [ 10799010.293483201414347, 545475.123548274394125 ], [ 10799007.399176442995667, 545691.873934387229383 ], [ 10799009.514246767386794, 545769.747809078777209 ], [ 10799018.753764502704144, 545819.24301121791359 ], [ 10799032.780020341277122, 545877.676441050833091 ], [ 10799067.734340451657772, 545957.89678819256369 ], [ 10799114.377207094803452, 546028.843824378447607 ], [ 10799142.318399284034967, 546092.528622922603972 ], [ 10799161.020073737949133, 546139.677754377597012 ], [ 10799163.023824570700526, 546231.629819145426154 ], [ 10799148.440971277654171, 546415.534288461669348 ], [ 10799145.99194248020649, 546459.555231076898053 ], [ 10799150.556041602045298, 546506.704594354261644 ], [ 10799162.13326864503324, 546546.815095097292215 ], [ 10799178.497233791276813, 546579.886721955961548 ], [ 10799229.704199556261301, 546686.14059529977385 ], [ 10799311.412705799564719, 546830.158968068193644 ], [ 10799360.393281746655703, 546900.995104498811997 ], [ 10799397.796630654484034, 546941.21754630538635 ], [ 10799435.311299052089453, 546969.596726635354571 ], [ 10799507.89160704985261, 547009.819205450708978 ], [ 10799628.116657104343176, 547075.292509046383202 ], [ 10799712.496831126511097, 547113.280458996654488 ], [ 10799745.224761418998241, 547125.123764998745173 ], [ 10799775.726301897317171, 547134.732486345688812 ], [ 10799831.942644748836756, 547165.458057105191983 ], [ 10799911.424761174246669, 547238.752560684457421 ], [ 10800047.123220451176167, 547354.727852350682952 ], [ 10800117.36581914126873, 547404.447565430658869 ], [ 10800145.418330822139978, 547418.637242441065609 ], [ 10800180.483970420435071, 547439.977627915795892 ], [ 10800217.998638819903135, 547456.625367426080629 ], [ 10800243.824760682880878, 547466.122401699190959 ], [ 10800359.819670088589191, 547526.456530069117434 ], [ 10800394.996629180386662, 547531.260916466126218 ], [ 10800446.537553418427706, 547545.56234757497441 ], [ 10800483.940902324393392, 547555.059393187984824 ], [ 10800556.74384930357337, 547557.740912168752402 ], [ 10800624.760058177635074, 547555.50631301139947 ], [ 10800974.525898249819875, 547436.402274949010462 ], [ 10801199.836547616869211, 547382.772001041914336 ], [ 10801454.312903568148613, 547291.265435319044627 ], [ 10801637.544785413891077, 547192.831758087850176 ], [ 10801766.675394734367728, 547120.095946183078922 ], [ 10801862.966754270717502, 547092.163625605287962 ], [ 10801976.623954370617867, 547082.219722005887888 ], [ 10802042.302453938871622, 547072.946195125463419 ], [ 10802077.479413030669093, 547070.711610507569276 ], [ 10802110.318662812933326, 547073.169653591001406 ], [ 10802152.508749824017286, 547070.93506896647159 ], [ 10802183.010290302336216, 547080.432054083794355 ], [ 10802208.725092675536871, 547087.582726029446349 ], [ 10802236.888923846185207, 547092.387084128335118 ], [ 10802276.741301549598575, 547092.49881339003332 ], [ 10802321.380417358130217, 547090.264228185988031 ], [ 10802389.39662623219192, 547081.10242954955902 ], [ 10802577.081287709996104, 547060.43252212763764 ], [ 10802659.123752424493432, 547044.120058695087209 ], [ 10802709.440162263810635, 547015.629120850819163 ], [ 10802732.92857482098043, 546994.512315121479332 ], [ 10802789.367556653916836, 546945.128062638221309 ], [ 10802822.206806436181068, 546926.35758611059282 ], [ 10802871.521340858191252, 546910.045152013539337 ], [ 10802895.009753415361047, 546900.659917574957944 ], [ 10802920.835875280201435, 546888.928376187803224 ], [ 10802965.586310578510165, 546849.041149277240038 ], [ 10802982.061595214530826, 546832.505274348659441 ], [ 10803003.212298467755318, 546804.34960385307204 ], [ 10803036.162867741659284, 546771.389606261509471 ], [ 10803064.32669891230762, 546754.965477306162938 ], [ 10803113.641233332455158, 546738.65308069891762 ], [ 10803162.844448264688253, 546734.072202841052786 ], [ 10803193.345988741144538, 546741.222841571317986 ], [ 10803226.185238525271416, 546755.524121088790707 ], [ 10803249.562331592664123, 546765.021066033164971 ], [ 10803282.290261885151267, 546791.053874258301221 ], [ 10803402.515311941504478, 546911.497628877521493 ], [ 10803547.564608445391059, 547029.81872382783331 ], [ 10803580.403858229517937, 547044.008329505915754 ], [ 10803653.095485717058182, 547056.075082916184328 ], [ 10803721.000375103205442, 547068.030109054408967 ], [ 10803824.193543067201972, 547075.404238282702863 ], [ 10803878.072176611050963, 547087.359267520834692 ], [ 10803939.075257565826178, 547101.660613427287899 ], [ 10803983.603053884580731, 547115.961962077766657 ], [ 10804059.968224568292499, 547151.827075059758499 ], [ 10804081.007608326151967, 547163.670387186692096 ], [ 10804116.184567417949438, 547170.932796497480012 ], [ 10804144.348398586735129, 547173.279113502940163 ], [ 10804179.5253576785326, 547168.698208941961639 ], [ 10804205.351479543372989, 547152.273992464179173 ], [ 10804247.652886044234037, 547135.849779605749063 ], [ 10804357.970501421019435, 547098.532193775870837 ], [ 10804402.498297737911344, 547096.297608390683308 ], [ 10804468.176797306165099, 547096.52106692630332 ], [ 10804554.894680634140968, 547120.319404790061526 ], [ 10804660.314238416031003, 547148.922111995168962 ], [ 10804730.6681565977633, 547153.838203401304781 ], [ 10804782.320400323718786, 547153.949932755320333 ], [ 10804879.390996295958757, 547156.519707941566594 ], [ 10804926.367821410298347, 547144.899855631054379 ], [ 10805008.410286124795675, 547128.69910302979406 ], [ 10805069.524686571210623, 547100.54332067957148 ], [ 10805100.026227049529552, 547081.772805021260865 ], [ 10805130.527767525985837, 547067.694921379443258 ], [ 10805210.34384242631495, 547044.343517074245028 ], [ 10805259.658376844599843, 547039.762620437191799 ], [ 10805294.835335936397314, 547051.717643959447742 ], [ 10805332.238684844225645, 547061.214626628439873 ], [ 10805397.917184412479401, 547089.705581895424984 ], [ 10805449.458108648657799, 547101.660613427287899 ], [ 10805493.985904965549707, 547115.961962077766657 ], [ 10805562.002113841474056, 547113.727376170223579 ], [ 10805647.940760733559728, 547123.559554664418101 ], [ 10805708.832522196695209, 547130.821960066678002 ], [ 10805746.347190594300628, 547142.776998193236068 ], [ 10805793.21269621886313, 547152.273992464179173 ], [ 10805835.402783228084445, 547161.882717310916632 ], [ 10805879.930579546838999, 547166.687080199248157 ], [ 10805973.772910285741091, 547167.022268319269642 ], [ 10805999.599032148718834, 547159.983318115118891 ], [ 10806051.251275878399611, 547131.827523947460577 ], [ 10806081.864135846495628, 547103.67174041538965 ], [ 10806103.01483909599483, 547068.365296730655245 ], [ 10806110.139286508783698, 547044.790433834423311 ], [ 10806114.926024612039328, 547025.9082030528225 ], [ 10806119.601443223655224, 547009.484018037444912 ], [ 10806126.725890634581447, 546995.294418930541724 ], [ 10806136.076727861538529, 546988.255484943045303 ], [ 10806147.876593885943294, 546986.020902863587253 ], [ 10806171.253686951473355, 546988.367214048514143 ], [ 10806192.293070713058114, 547002.55681183678098 ], [ 10806208.657035859301686, 547030.936015515704639 ], [ 10806222.68329169973731, 547066.354170695296489 ], [ 10806231.92280943505466, 547094.621669396059588 ], [ 10806255.299902500584722, 547127.693539191270247 ], [ 10806313.853954659774899, 547167.916103313327767 ], [ 10806402.909547293558717, 547189.479875794728287 ], [ 10806449.775052916258574, 547196.630558202276006 ], [ 10806487.289721315726638, 547194.395969876204617 ], [ 10806510.778133872896433, 547185.010699638165534 ], [ 10806534.266546430066228, 547168.586479565827176 ], [ 10806550.741831066086888, 547142.776998193236068 ], [ 10806560.203987784683704, 547126.241058115265332 ], [ 10806576.67927242256701, 547102.777906191768125 ], [ 10806597.829975672066212, 547083.895660721813329 ], [ 10806611.967551004141569, 547055.628166088252328 ], [ 10806630.780544947832823, 547043.896600316860713 ], [ 10806644.918120278045535, 547041.662016569753177 ], [ 10806656.606666810810566, 547041.662016569753177 ], [ 10806675.308341264724731, 547060.544251341605559 ], [ 10806689.33459710329771, 547088.923477095784619 ], [ 10806698.574114840477705, 547129.034290978801437 ], [ 10806719.613498598337173, 547162.106176043162122 ], [ 10806728.853016335517168, 547190.373711058171466 ], [ 10806747.554690789431334, 547206.909665365237743 ], [ 10806768.70539404079318, 547223.557352799922228 ], [ 10806806.220062436535954, 547228.361719663720578 ], [ 10806852.306331625208259, 547223.445623341598548 ], [ 10806887.48329071700573, 547214.060349445324391 ], [ 10806915.647121885791421, 547197.63612297095824 ], [ 10806955.610819082707167, 547171.826631538453512 ], [ 10806981.43694094568491, 547138.866471492103301 ], [ 10807014.498829711228609, 547072.946195125463419 ], [ 10807023.960986429825425, 547047.136746869189665 ], [ 10807038.098561760038137, 547023.561890686280094 ], [ 10807052.23613709025085, 547009.484018037444912 ], [ 10807075.72454964928329, 546995.406148046953604 ], [ 10807105.669492669403553, 546989.149317793548107 ], [ 10807120.252345964312553, 546986.132631965912879 ], [ 10807188.37987433001399, 546976.859117038315162 ], [ 10807232.907670648768544, 546967.585603264160454 ], [ 10807286.897623682394624, 546958.31209064356517 ], [ 10807333.763129308819771, 546948.926850129500963 ], [ 10807350.238413944840431, 546937.195301148341969 ], [ 10807366.713698580861092, 546909.039591124514118 ], [ 10807369.162727378308773, 546883.118470660527237 ], [ 10807359.923209642991424, 546859.431937425862998 ], [ 10807345.896953802555799, 546826.471915490692481 ], [ 10807342.112091116607189, 546778.428519778302871 ], [ 10807377.400369698181748, 546759.658085210132413 ], [ 10807433.728032039478421, 546707.927685818634927 ], [ 10807473.80304872430861, 546663.236224948777817 ], [ 10807513.766745919361711, 546630.388018281431869 ], [ 10807546.605995703488588, 546602.12069555092603 ], [ 10807612.618453744798899, 546510.391631127218716 ], [ 10807612.84109272621572, 546427.936124997562729 ], [ 10807615.178802032023668, 546406.707757407333702 ], [ 10807638.667214589193463, 546397.322586292517371 ], [ 10807655.142499225214124, 546395.088021915289573 ], [ 10807676.293202478438616, 546392.741729391273111 ], [ 10807690.31945831887424, 546395.088021915289573 ], [ 10807709.02113277092576, 546399.892335409065709 ], [ 10807718.371969997882843, 546409.38923508557491 ], [ 10807730.060516530647874, 546435.310190941905603 ], [ 10807746.201842695474625, 546532.066941899945959 ], [ 10807771.694006087258458, 546631.058389701531269 ], [ 10807785.720261927694082, 546647.705948565388098 ], [ 10807811.546383790671825, 546657.202879782649688 ], [ 10807830.248058244585991, 546657.202879782649688 ], [ 10807877.224883358925581, 546647.929405756527558 ], [ 10807980.529370816424489, 546601.115138813154772 ], [ 10808028.508071346208453, 546594.187970543163829 ], [ 10808047.209745800122619, 546601.338595864828676 ], [ 10808072.924548173323274, 546608.489221871714108 ], [ 10808211.072036249563098, 546710.162259564851411 ], [ 10808318.717983845621347, 546771.836521385819651 ], [ 10808346.881815016269684, 546786.026077970396727 ], [ 10808382.058774108067155, 546788.484111668774858 ], [ 10808410.222605278715491, 546788.595840475172736 ], [ 10808424.248861119151115, 546783.903230750467628 ], [ 10808447.737273674458265, 546769.825403348193504 ], [ 10808459.537139698863029, 546760.440186556079425 ], [ 10808476.01242433860898, 546741.558027778752148 ], [ 10808485.474581055343151, 546694.520244746236131 ], [ 10808485.697220034897327, 546623.796032971586101 ], [ 10808476.346382807940245, 546609.606507247197442 ], [ 10808462.320126969367266, 546581.227463894407265 ], [ 10808429.703516166657209, 546538.77064753731247 ], [ 10808427.365806860849261, 546522.234841387486085 ], [ 10808427.365806860849261, 546505.699038902414031 ], [ 10808436.827963575720787, 546491.621263998793438 ], [ 10808448.516510110348463, 546484.582377542858012 ], [ 10808462.654085440561175, 546486.928672954440117 ], [ 10808507.181881759315729, 546508.26879175065551 ], [ 10808567.851004239171743, 546619.326890720054507 ], [ 10808595.903515920042992, 546650.052249106694944 ], [ 10808626.293736906722188, 546666.588083585258573 ], [ 10808659.132986690849066, 546676.085017206612974 ], [ 10808703.66078300960362, 546673.850444481009617 ], [ 10808736.500032791867852, 546664.576968385372311 ], [ 10808774.12602067925036, 546643.460262059350498 ], [ 10808828.115973714739084, 546610.612064099404961 ], [ 10808868.079670909792185, 546582.456477359402925 ], [ 10808950.233455115929246, 546549.720034707104787 ], [ 10808976.170896470546722, 546528.491632472723722 ], [ 10808997.321599721908569, 546514.413853268953972 ], [ 10809028.045779179781675, 546429.612049011746421 ], [ 10809065.783086560666561, 546328.386306058149785 ], [ 10809140.144506407901645, 546105.600772499572486 ], [ 10809173.206395173445344, 546030.296284090843983 ], [ 10809196.806127224117517, 545999.682908434537239 ], [ 10809213.281411860138178, 545980.912669712095521 ], [ 10809264.933655589818954, 545964.488714699400589 ], [ 10809285.973039347678423, 545971.639279703143984 ], [ 10809318.812289131805301, 545990.632971318787895 ], [ 10809339.740353399887681, 546037.782038441859186 ], [ 10809367.792865080758929, 546066.160875183180906 ], [ 10809400.520795375108719, 546089.847156625590287 ], [ 10809468.537004249170423, 546104.148311322438531 ], [ 10809625.608805758878589, 546123.47722007019911 ], [ 10809700.638142554089427, 546147.275247539277188 ], [ 10809714.664398392662406, 546163.810970622464083 ], [ 10809714.553078902885318, 546187.38555513380561 ], [ 10809697.966474775224924, 546229.73044363653753 ], [ 10809676.815771522000432, 546260.343913607299328 ], [ 10809653.216039475053549, 546300.342553872964345 ], [ 10809646.202911555767059, 546326.263471858692355 ], [ 10809650.767010677605867, 546354.642418251489289 ], [ 10809676.481813050806522, 546399.445422512828372 ], [ 10809727.911417797207832, 546444.360181960277259 ], [ 10809767.652476010844111, 546479.889786941115744 ], [ 10809795.816307181492448, 546496.425583707052283 ], [ 10809826.206528168171644, 546503.57619965961203 ], [ 10809880.196481203660369, 546503.799656419199891 ], [ 10809984.836802549660206, 546454.974370355601422 ], [ 10810165.730975087732077, 546347.044903986388817 ], [ 10810285.622066672891378, 546243.696441153762862 ], [ 10810379.575716901570559, 546175.654125892207958 ], [ 10810403.064129458740354, 546173.307840264984407 ], [ 10810442.916507164016366, 546189.955297023290768 ], [ 10810484.995274681597948, 546239.562505616457202 ], [ 10810578.392327457666397, 546369.502264564507641 ], [ 10810664.776252314448357, 546520.558915293193422 ], [ 10810681.028897969052196, 546565.473747637588531 ], [ 10810683.032648803666234, 546692.732586118625477 ], [ 10810682.921329313889146, 546725.692548951366916 ], [ 10810683.255287785083055, 546828.706492788740434 ], [ 10810687.819386908784509, 546854.627594338497147 ], [ 10810692.49480552226305, 546882.895012764493003 ], [ 10810701.7343232575804, 546904.123515861225314 ], [ 10810718.098288403823972, 546927.810063292388804 ], [ 10810734.462253550067544, 546946.692269228864461 ], [ 10810762.62608472071588, 546958.535548765445128 ], [ 10810814.167008958756924, 546965.797938090981916 ], [ 10810858.694805273786187, 546970.602288341266103 ], [ 10810898.547182980924845, 546980.099260677117854 ], [ 10810933.724142070859671, 546994.400586006580852 ], [ 10810954.763525830581784, 547010.936496838578023 ], [ 10810978.140618896111846, 547029.930452995817177 ], [ 10811010.979868680238724, 547053.505311192828231 ], [ 10811039.032380361109972, 547077.191906084306538 ], [ 10811076.547048758715391, 547086.688891998725012 ], [ 10811099.924141824245453, 547089.146935609052889 ], [ 10811139.776519529521465, 547086.912350505357608 ], [ 10811207.904047895222902, 547077.638823041226715 ], [ 10811265.456224633380771, 547083.113555982941762 ], [ 10811284.157899087294936, 547094.956857191980816 ], [ 10811354.4004977773875, 547137.525719527620822 ], [ 10811445.79379971884191, 547192.049652205780149 ], [ 10811462.157764865085483, 547199.200334860128351 ], [ 10811546.537938887253404, 547206.462747632991523 ], [ 10811609.878729147836566, 547201.881841032300144 ], [ 10811645.167007729411125, 547187.91566410951782 ], [ 10811687.468414232134819, 547159.759859389392659 ], [ 10811720.307664014399052, 547138.643012829707004 ], [ 10811764.946779824793339, 547126.911433992907405 ], [ 10811865.80223848298192, 547127.24662193399854 ], [ 10811994.710208820179105, 547146.46406641358044 ], [ 10812046.251133060082793, 547158.419107049121521 ], [ 10812085.992191271856427, 547198.52995833219029 ], [ 10812111.706993643194437, 547219.870280765462667 ], [ 10812135.195406202226877, 547229.36728486046195 ], [ 10812211.560576885938644, 547225.456753615988418 ], [ 10812279.576785761862993, 547223.333893883391283 ], [ 10812359.392860660329461, 547223.557352799922228 ], [ 10812406.258366283029318, 547230.819767946260981 ], [ 10812438.986296575516462, 547254.394689684500918 ], [ 10812509.00625628605485, 547379.531839896808378 ], [ 10812600.176919246092439, 547483.552255986258388 ], [ 10812623.665331803262234, 547495.395620841998607 ], [ 10812644.704715562984347, 547500.200005235266872 ], [ 10812687.006122063845396, 547493.272753417957574 ], [ 10812748.00920301862061, 547472.155812336946838 ], [ 10812971.204782059416175, 547336.069002296309918 ], [ 10813013.394869070500135, 547326.795443828217685 ], [ 10813053.358566265553236, 547319.868208135245368 ], [ 10813079.073368638753891, 547319.868208135245368 ], [ 10813136.514225888997316, 547336.851109689916484 ], [ 10813319.189510278403759, 547443.441251265699975 ], [ 10813361.268277797847986, 547457.742665513069369 ], [ 10813394.107527583837509, 547462.547047477797605 ], [ 10813431.622195981442928, 547462.658777294564061 ], [ 10813499.74972434528172, 547420.424918476608582 ], [ 10813676.191117253154516, 547255.847173258312978 ], [ 10813725.5056516751647, 547232.383980532060377 ], [ 10813763.131639562547207, 547201.881841032300144 ], [ 10813793.633180039003491, 547187.803934704512358 ], [ 10813835.823267051950097, 547176.18407751689665 ], [ 10813868.66251683421433, 547173.837760419817641 ], [ 10813924.990179177373648, 547178.75385346962139 ], [ 10814012.709937920793891, 547230.708038477227092 ], [ 10814118.129495702683926, 547268.807797169662081 ], [ 10814136.831170154735446, 547287.690089488984086 ], [ 10814162.657292019575834, 547290.148139728698879 ], [ 10814197.834251111373305, 547280.762857431662269 ], [ 10814244.81107622385025, 547247.914378700428642 ], [ 10814388.569066634401679, 547196.887535863905214 ], [ 10814616.284217001870275, 547116.073691374971531 ], [ 10815055.884886145591736, 546958.647277826676145 ], [ 10815804.84242020174861, 546602.12069555092603 ], [ 10816340.845768371596932, 546293.191957391914912 ], [ 10816924.82781707495451, 546025.827177373459563 ], [ 10817219.601828692480922, 545896.446653831633739 ], [ 10817792.229289334267378, 545715.56009715446271 ], [ 10818281.923729334026575, 545542.383136913413182 ], [ 10818447.67845112644136, 545503.278717549983412 ], [ 10819002.494793239980936, 545353.900023884139955 ], [ 10819338.123057981953025, 545235.805037489393726 ], [ 10819875.350920548662543, 545023.189841382787563 ], [ 10820228.567664835602045, 544938.836633566417731 ], [ 10820631.321582525968552, 544793.257744912989438 ], [ 10821081.608922785148025, 544612.038679712917656 ], [ 10821304.470543352887034, 544491.933807272813283 ], [ 10821817.76471540145576, 544334.736372216138989 ], [ 10822342.970072964206338, 544141.787306169397198 ], [ 10823193.896260587498546, 543877.111601518816315 ], [ 10823529.524525329470634, 543774.88379351736512 ], [ 10823759.95587127096951, 543679.247850120998919 ], [ 10823945.525462424382567, 543596.46029198076576 ], [ 10824115.399005373939872, 543513.561101287952624 ], [ 10824257.665314607322216, 543450.548839715775102 ], [ 10824376.220572302117944, 543383.402853260980919 ], [ 10824443.346225250512362, 543351.896770508261397 ], [ 10824494.664510507136583, 543320.278977354289964 ], [ 10824565.797665124759078, 543288.772921100025997 ], [ 10824707.952654866501689, 543253.468278031097725 ], [ 10824962.429010821506381, 543185.093510192353278 ], [ 10825116.383866587653756, 543169.56395558686927 ], [ 10825337.353055812418461, 543170.122572603286244 ], [ 10825819.255131455138326, 543176.937700538663194 ], [ 10825911.538989322260022, 543180.177679609972984 ], [ 10825963.747830506414175, 543180.289403028669767 ], [ 10826011.949170021340251, 543169.340508781373501 ], [ 10826045.122378276661038, 543151.241319751832634 ], [ 10826086.310589868575335, 543113.925721572828479 ], [ 10827972.730680853128433, 540488.138370603672229 ], [ 10828100.85941475443542, 540220.794266370474361 ], [ 10828112.102683324366808, 540112.762044922681525 ], [ 10828112.436641797423363, 539974.342495894175954 ], [ 10828098.076427485793829, 539709.569731147494167 ], [ 10828068.354123443365097, 539568.134533247211948 ], [ 10828058.190653933212161, 539522.754670391441323 ], [ 10828039.633694818243384, 539433.626107191666961 ], [ 10828044.086474450305104, 539239.684146757703274 ], [ 10828088.725590258836746, 539068.086144900764339 ], [ 10828159.302147421985865, 538933.913759684306569 ], [ 10828898.574885779991746, 538234.679508478729986 ], [ 10829256.801007151603699, 537840.657874563476071 ], [ 10829401.516345182433724, 536554.041234716423787 ], [ 10829401.738984165713191, 536486.342812273302115 ], [ 10829390.829674066975713, 536434.842897629598156 ], [ 10829298.211857726797462, 536146.62276115512941 ], [ 10829221.401409080252051, 535935.373734667897224 ], [ 10829040.729875521734357, 535565.158716730540618 ], [ 10828844.918891217559576, 535225.219354761298746 ], [ 10828693.190425265580416, 534918.794867652934045 ], [ 10828553.373144829645753, 534645.661428774707019 ], [ 10828420.680311804637313, 534343.372554553439841 ], [ 10828218.190158052369952, 533857.880807705922052 ], [ 10828101.416012208908796, 533615.247800993616693 ], [ 10827920.410520177334547, 533365.242773997946642 ], [ 10827632.204358514398336, 533062.512133247102611 ], [ 10827246.9276008810848, 532650.420577535987832 ], [ 10826869.665846580639482, 532228.165876581100747 ], [ 10826681.647226631641388, 531981.293174604652449 ], [ 10826559.863703703507781, 531720.346241836552508 ], [ 10826420.157742757350206, 531409.914381981943734 ], [ 10826367.614943103864789, 531181.475762307876721 ], [ 10826271.880181020125747, 530949.910070530953817 ], [ 10826195.403690844774246, 530609.320989842526615 ], [ 10825613.937462637200952, 530474.281020915950648 ], [ 10825623.945084858685732, 530354.243209830019623 ], [ 10825608.939217498525977, 530284.226825139950961 ], [ 10825581.432171324267983, 530206.692801552242599 ], [ 10825598.931595278903842, 530089.157581622595899 ], [ 10825628.943329995498061, 529999.12407141411677 ], [ 10825671.45624352991581, 529789.053737565642223 ], [ 10825743.980891782790422, 529616.505168987438083 ], [ 10825784.000248720869422, 529491.464388024993241 ], [ 10825894.039565371349454, 529368.914789794594981 ], [ 10825981.558949032798409, 529226.370561202522367 ], [ 10826069.089464643970132, 529086.328737167874351 ], [ 10826161.618225390091538, 528863.750223893788643 ], [ 10826269.163985446095467, 528826.240568834356964 ], [ 10826346.686878835782409, 528876.26089312962722 ], [ 10826444.213884718716145, 528926.270079630543478 ], [ 10826504.237354153767228, 528873.75875912012998 ], [ 10826499.239109016954899, 528776.22027698950842 ], [ 10826469.22737430036068, 528766.222924649599008 ], [ 10826329.176322933286428, 528691.192557447706349 ], [ 10826239.152250727638602, 528583.656977557577193 ], [ 10826264.15460835956037, 528486.130032503046095 ], [ 10826241.645807322114706, 528286.061112088733353 ], [ 10826326.682766338810325, 528183.530319823417813 ], [ 10826459.219752077013254, 528191.025484793470241 ], [ 10826614.27667080424726, 528291.065342062734999 ], [ 10826656.789584338665009, 528486.130032503046095 ], [ 10826736.817166268825531, 528518.635277092107572 ], [ 10826901.87057526782155, 528466.124234136310406 ], [ 10827099.429275579750538, 528426.101482788682915 ], [ 10827189.464479731395841, 528341.074149158550426 ], [ 10827169.460367236286402, 528153.516156811267138 ], [ 10827071.922229403629899, 528053.487647913279943 ], [ 10826861.851218327879906, 527940.948748977039941 ], [ 10826654.284895796328783, 527890.929030957166106 ], [ 10826444.213884718716145, 527865.919184094527736 ], [ 10826131.617622621357441, 527778.390368884778582 ], [ 10825939.046035498380661, 527688.359557263320312 ], [ 10825866.521387247368693, 527585.829558485653251 ], [ 10825906.540744187310338, 527480.79760687216185 ], [ 10825996.564816391095519, 527405.7684887960786 ], [ 10826036.584173331037164, 527320.742278346209787 ], [ 10825994.07125979848206, 527270.72296175500378 ], [ 10825916.537234459072351, 527218.201597155421041 ], [ 10825909.034300779923797, 527138.179748247028328 ], [ 10825939.046035498380661, 527083.156397660146467 ], [ 10826066.595908049494028, 527105.663914535776712 ], [ 10826126.60824553668499, 527158.185202712425962 ], [ 10826244.150495866313577, 527188.198979110922664 ], [ 10826364.186302788555622, 527160.687281133374199 ], [ 10826501.732665611431003, 527015.633886324707419 ], [ 10826569.259068727493286, 526908.100638810079545 ], [ 10826561.756135046482086, 526803.06960758427158 ], [ 10826504.237354153767228, 526700.529612504993565 ], [ 10826514.244976377114654, 526613.002116314833984 ], [ 10826551.748512824997306, 526527.97677703818772 ], [ 10826641.783716978505254, 526420.44420694722794 ], [ 10826796.829503756016493, 526327.912924082251266 ], [ 10826986.896402334794402, 526282.898349132039584 ], [ 10827169.460367236286402, 526275.392199228168465 ], [ 10827296.999107839539647, 526350.420221365871839 ], [ 10827319.507908876985312, 526447.944471907336265 ], [ 10827359.516133869066834, 526535.482951419893652 ], [ 10827359.516133869066834, 526690.532528748502955 ], [ 10827284.497929023578763, 526800.567540727904998 ], [ 10827179.456857511773705, 526905.59856855799444 ], [ 10827129.441010296344757, 527003.134688457474113 ], [ 10827191.969168275594711, 527070.657188883749768 ], [ 10827359.516133869066834, 527018.135960135026835 ], [ 10827479.563072739169002, 526993.126395642524585 ], [ 10827627.105925837531686, 527055.655907021719031 ], [ 10827767.156977202743292, 527023.140107998391613 ], [ 10827844.679870592430234, 526925.60396288021002 ], [ 10827869.693360174074769, 526795.56340725813061 ], [ 10827872.186916766688228, 526693.034592047915794 ], [ 10827909.701585166156292, 526620.508298938977532 ], [ 10828047.247947989031672, 526572.991494426038116 ], [ 10828127.27552992105484, 526567.98737566685304 ], [ 10828177.291377134621143, 526500.465313761262223 ], [ 10828169.788443453609943, 526362.919313847785816 ], [ 10828172.293131997808814, 526212.874487878987566 ], [ 10828202.304866716265678, 526127.838417960796505 ], [ 10828292.417994510382414, 526007.483441054006107 ], [ 10828349.847719812765718, 526060.316739689209498 ], [ 10828404.872944112867117, 526232.879703227896243 ], [ 10828457.382347919046879, 526422.946261519449763 ], [ 10828532.411684714257717, 526487.966199082206003 ], [ 10828609.934578102082014, 526545.480015156324953 ], [ 10828764.991496827453375, 526623.01035997539293 ], [ 10828887.531992292031646, 526723.037018090137281 ], [ 10829005.063110671937466, 526825.577042986056767 ], [ 10829020.068978030234575, 526943.11846087151207 ], [ 10829005.063110671937466, 527085.658473654300906 ], [ 10828882.522615207359195, 527235.716161394491792 ], [ 10828679.954537810757756, 527300.736781829735264 ], [ 10828437.37823542393744, 527263.21671605471056 ], [ 10828154.782576095312834, 527263.21671605471056 ], [ 10828069.756749026477337, 527328.237359613412991 ], [ 10828047.247947989031672, 527478.295518092229031 ], [ 10828124.770841376855969, 527598.328850543592125 ], [ 10828262.317204201593995, 527710.867250333423726 ], [ 10828414.86943438462913, 527775.888270469382405 ], [ 10828634.948067681863904, 527720.875636057578959 ], [ 10828835.011456536129117, 527640.842096749809571 ], [ 10828997.560176990926266, 527498.301060555619188 ], [ 10829142.609473496675491, 527320.742278346209787 ], [ 10829262.656412366777658, 527210.706526553374715 ], [ 10829387.690464425832033, 527200.698206881876104 ], [ 10829492.731535937637091, 527243.211234420654364 ], [ 10829667.792567159980536, 527285.724285330506973 ], [ 10829942.874160861596465, 527285.724285330506973 ], [ 10830097.931079586967826, 527225.707838486530818 ], [ 10830280.49504448659718, 527165.691438218695112 ], [ 10830400.530851408839226, 527178.19066235201899 ], [ 10830478.053744796663523, 527288.226367878029123 ], [ 10830570.58250554651022, 527403.26640244491864 ], [ 10830773.150582943111658, 527425.774012489942834 ], [ 10830988.230971103534102, 527428.276099569629878 ], [ 10831060.75561935454607, 527353.247032467159443 ], [ 10831183.296114820986986, 527225.707838486530818 ], [ 10831313.339543964713812, 527183.194820569711737 ], [ 10831503.395310597494245, 527193.191967978142202 ], [ 10831650.949295641854405, 527203.200286678387783 ], [ 10831851.012684496119618, 527230.711999778752215 ], [ 10831941.047888649627566, 527185.696899799746461 ], [ 10831991.06373586319387, 527090.662625885568559 ], [ 10832123.600721601396799, 527060.648887333343737 ], [ 10832223.632416028529406, 527105.663914535776712 ], [ 10832321.170553863048553, 527218.201597155421041 ], [ 10832448.709294464439154, 527258.223722666269168 ], [ 10832653.782060403376818, 527225.707838486530818 ], [ 10832826.338403081521392, 527273.225043817074038 ], [ 10833086.425261372700334, 527263.21671605471056 ], [ 10833371.514477293938398, 527223.205757962074131 ], [ 10833524.066707476973534, 527245.713315592613071 ], [ 10833616.59546822309494, 527295.73261600616388 ], [ 10833621.604845309630036, 527360.75328690756578 ], [ 10833574.082554690539837, 527495.798971209325828 ], [ 10833579.091931775212288, 527625.84070425957907 ], [ 10833621.604845309630036, 527683.35536634514574 ], [ 10833626.603090446442366, 527790.889692092430778 ], [ 10833626.603090446442366, 527970.951659250771627 ], [ 10833619.100156767293811, 528158.52037819265388 ], [ 10833599.096044272184372, 528296.058402203838341 ], [ 10833651.605448078364134, 528446.107270777923986 ], [ 10833769.147698406130075, 528601.160681239212863 ], [ 10833946.713418170809746, 528753.712273268029094 ], [ 10834031.505474308505654, 528826.810250772978179 ], [ 10834091.751582724973559, 528878.751856978982687 ], [ 10834309.325527479872108, 529026.310890488442965 ], [ 10834441.873645167797804, 529168.854748959071003 ], [ 10834431.866022946313024, 529228.87270665995311 ], [ 10834366.844308372586966, 529376.421240300871432 ], [ 10834336.843705605715513, 529518.965746587025933 ], [ 10834314.334904566407204, 529674.021315538208 ], [ 10834316.828461159020662, 529816.56637281680014 ], [ 10834364.350751779973507, 529964.11603274429217 ], [ 10834426.867777811363339, 530114.168149873265065 ], [ 10834471.885379886254668, 530309.226286381715909 ], [ 10834581.924696534872055, 530379.253864297294058 ], [ 10834641.937034022063017, 530516.795853603514843 ], [ 10834656.942901380360126, 530594.3301899547223 ], [ 10834664.445835061371326, 530679.360011675744317 ], [ 10834721.964615954086185, 530796.896134053706191 ], [ 10834839.506866281852126, 530901.932606189511716 ], [ 10835069.581989854574203, 531014.464661817415617 ], [ 10835229.637153714895248, 531091.988329927320592 ], [ 10835347.168272094801068, 531189.51857746753376 ], [ 10835479.71638978458941, 531329.57540213118773 ], [ 10835502.225190822035074, 531492.118939676322043 ], [ 10835497.22694568708539, 531607.165254136081785 ], [ 10835474.718144647777081, 531737.202761303517036 ], [ 10835369.677073134109378, 531872.25612262415234 ], [ 10835389.692317578941584, 531997.289607939892448 ], [ 10835459.712277287617326, 532214.861540102167055 ], [ 10835509.728124501183629, 532329.897768506663851 ], [ 10835562.248660257086158, 532502.463605828466825 ], [ 10835634.773308509960771, 532612.495754590840079 ], [ 10835762.312049111351371, 532705.023418946773745 ], [ 10835889.850789712741971, 532755.046268976526335 ], [ 10836064.911820933222771, 532757.548529416904785 ], [ 10836302.489878186956048, 532672.516403513494879 ], [ 10836495.050333360210061, 532599.995647698524408 ], [ 10836640.099629864096642, 532647.50500137929339 ], [ 10836832.671216987073421, 532710.027936638565734 ], [ 10836995.21993744187057, 532692.523296945495531 ], [ 10837095.251631869003177, 532622.50477820308879 ], [ 10837186.767385251820087, 532485.137745848856866 ], [ 10837273.763567307963967, 532215.721686051692814 ], [ 10837397.250278443098068, 531867.720828052726574 ], [ 10837544.158610442653298, 531834.108271476696245 ], [ 10837697.534604856744409, 531887.370049573364668 ], [ 10837742.440887443721294, 532058.560893603949808 ], [ 10837784.530786912888288, 532322.368687874404714 ], [ 10837905.21224688179791, 532633.887809995212592 ], [ 10838031.504209186881781, 532984.684859194327146 ], [ 10838194.275568624958396, 533181.135483964928426 ], [ 10838404.758461816236377, 533237.269114099093713 ], [ 10838646.110249806195498, 533172.72382114850916 ], [ 10838794.855353403836489, 532945.397028947598301 ], [ 10838797.660604570060968, 532661.948833771981299 ], [ 10838738.728066144511104, 532426.200807270943187 ], [ 10838584.372460212558508, 532176.434250399470329 ], [ 10838424.406351942569017, 531991.212750190286897 ], [ 10838312.151777425780892, 531772.300973435747437 ], [ 10838177.432929668575525, 531589.884279100806452 ], [ 10838256.013358218595386, 531432.724769512540661 ], [ 10838444.054242067039013, 531370.984818532830104 ], [ 10838741.533317314460874, 531379.407454115571454 ], [ 10838873.435781953856349, 531480.434470744803548 ], [ 10839047.439278012141585, 531592.699279293767177 ], [ 10839204.600135114043951, 531595.503108953358606 ], [ 10839445.951923104003072, 531536.566854482283816 ], [ 10839617.139036046341062, 531528.14420164655894 ], [ 10839785.532029770314693, 531536.566854482283816 ], [ 10840203.69256498478353, 531533.763026976608671 ], [ 10840537.651037365198135, 531556.204820520826615 ], [ 10841006.328357502818108, 531606.729599255369976 ], [ 10841197.163360569626093, 531514.113896058523096 ], [ 10841230.848638482391834, 531362.562183874892071 ], [ 10841180.331853561103344, 531188.569078411674127 ], [ 10841124.204566303640604, 530938.795381712378003 ], [ 10841146.646575646474957, 530750.761899972800165 ], [ 10841225.227004200220108, 530616.056797301513143 ], [ 10841460.968289852142334, 530607.634245446766727 ], [ 10841741.615858091041446, 530512.215957202133723 ], [ 10841929.645609987899661, 530489.763298304984346 ], [ 10842120.480613056570292, 530543.079996033105999 ], [ 10842350.611396374180913, 530548.698749278439209 ], [ 10842566.148194445297122, 530554.876027177320793 ], [ 10842689.634905584156513, 530411.748737480607815 ], [ 10842787.852092310786247, 530195.64524281967897 ], [ 10842981.503478493541479, 530089.001195781631395 ], [ 10843222.8552664835006, 530080.578701666090637 ], [ 10843430.532908508554101, 530187.233907457441092 ], [ 10843624.173162743449211, 530355.617175898049027 ], [ 10843845.888192554935813, 530529.61956497898791 ], [ 10844090.045231712982059, 530535.227146758232266 ], [ 10844339.812773207202554, 530524.000813128775917 ], [ 10844539.074661726132035, 530406.129994246293791 ], [ 10844763.594942705705762, 530237.746615185867995 ], [ 10845021.778237704187632, 530052.518621824565344 ], [ 10845226.650628559291363, 529990.779779959702864 ], [ 10845288.399550102651119, 530046.911075249081478 ], [ 10845330.489449571818113, 530218.097815821645781 ], [ 10845268.751659976318479, 530493.125611483468674 ], [ 10845232.261130895465612, 530672.747074189712293 ], [ 10845150.875451177358627, 530852.357786277425475 ], [ 10845128.422309882938862, 530992.682089042500593 ], [ 10845041.426127828657627, 531147.025713576003909 ], [ 10844951.624694604426622, 531295.773181298049167 ], [ 10844760.778559589758515, 531427.675652785226703 ], [ 10844547.490415228530765, 531545.548039691639133 ], [ 10844351.04490982554853, 531593.257811090210453 ], [ 10844160.209906758740544, 531528.702732973033562 ], [ 10844090.045231712982059, 531436.098294590949081 ], [ 10843899.210228644311428, 531132.99547766672913 ], [ 10843767.307764003053308, 530942.157714542001486 ], [ 10843579.278012106195092, 530877.614354568882845 ], [ 10843239.697905441746116, 530871.995577268884517 ], [ 10842975.892976159229875, 530939.353908750344999 ], [ 10842776.631087638437748, 531088.10097410029266 ], [ 10842675.597517795860767, 531177.901178063126281 ], [ 10842563.342943279072642, 531351.905429942533374 ], [ 10842571.758696783334017, 531562.382179478066973 ], [ 10842602.627591580152512, 531828.992104303790256 ], [ 10842639.118120661005378, 532028.254780279123224 ], [ 10842678.402768962085247, 532205.053642817307264 ], [ 10842742.956941673532128, 532488.511317246127874 ], [ 10842796.278977764770389, 532704.610099420067854 ], [ 10842832.758374897763133, 532917.894442695775069 ], [ 10842835.563626063987613, 533094.695359567995183 ], [ 10842866.432520862668753, 533254.662169648800045 ], [ 10842888.885662155225873, 533364.114513665088452 ], [ 10842942.207698244601488, 533526.896958743222058 ], [ 10842933.791944742202759, 533728.956792310113087 ], [ 10842978.698227327316999, 533880.502018186612986 ], [ 10843076.915414053946733, 534026.439707001438364 ], [ 10843149.885340267792344, 534186.408467731205747 ], [ 10843197.596874022856355, 534410.923848356236704 ], [ 10843337.91509216837585, 534570.882243945263326 ], [ 10843626.978413909673691, 534624.212954758084379 ], [ 10843980.595908366143703, 534610.182081268867478 ], [ 10844286.490737114101648, 534396.893014096072875 ], [ 10844547.490415228530765, 534054.50124190445058 ], [ 10844679.39287987165153, 533886.121016199002042 ], [ 10844626.070843778550625, 533737.379687287728302 ], [ 10844468.909986678510904, 533650.380387083045207 ], [ 10843997.427415370941162, 533655.988197232130915 ], [ 10843694.337837791070342, 533622.307829715427943 ], [ 10843467.012305641546845, 533459.536352340248413 ], [ 10843380.016123585402966, 533282.734591993503273 ], [ 10843410.88501838222146, 533145.221153164748102 ], [ 10843528.761227183043957, 533055.407472822582349 ], [ 10843671.884696496650577, 532909.471637998358347 ], [ 10843836.74886236153543, 532840.357757015735842 ], [ 10844040.563718054443598, 532843.820710614207201 ], [ 10844399.82511069253087, 532937.085929541615769 ], [ 10844641.633308593183756, 532995.811015525949188 ], [ 10844824.720475099980831, 533037.266015863977373 ], [ 10845035.448271172121167, 533209.989840338123031 ], [ 10845163.265310501679778, 533320.536867416347377 ], [ 10845322.162751659750938, 533403.436071717878804 ], [ 10845563.982081510126591, 533469.07630857732147 ], [ 10845888.701036153361201, 533469.07630857732147 ], [ 10846171.964612426236272, 533455.257894601672888 ], [ 10846358.502683147788048, 533524.338818543357775 ], [ 10846455.228188699111342, 533593.430975854047574 ], [ 10846541.589849656447768, 533676.341647087363526 ], [ 10846617.58766602165997, 533835.248432961874641 ], [ 10846610.674725642427802, 534039.062928034341894 ], [ 10846641.766259420663118, 534260.14837038575206 ], [ 10846634.864450993016362, 534387.956178332446143 ], [ 10846541.589849656447768, 534481.234453168464825 ], [ 10846348.138838555663824, 534660.865272603463382 ], [ 10846161.600767834112048, 534933.764172341208905 ], [ 10846026.870788125321269, 535199.760270051890984 ], [ 10845885.238999990746379, 535403.567240282194689 ], [ 10845753.971056446433067, 535652.294255962478928 ], [ 10845740.156307639554143, 535807.742071398417465 ], [ 10845847.245657781139016, 535904.462834298727103 ], [ 10846075.239106876775622, 535939.015569076407701 ], [ 10846310.134364400058985, 535925.196707536233589 ], [ 10846482.857686314731836, 535963.190204354701564 ], [ 10846593.409072620794177, 536066.826193201588467 ], [ 10846683.221637791022658, 536198.100137951783836 ], [ 10846759.21945415623486, 536332.815078656421974 ], [ 10846797.223928313702345, 536432.999625843483955 ], [ 10846717.76407578587532, 536609.171925267437473 ], [ 10846603.772917214781046, 536854.43974771478679 ], [ 10846489.770626692101359, 537134.250468895072117 ], [ 10846548.502790035679936, 537362.248876197147183 ], [ 10846655.581008227542043, 537462.423609833582304 ], [ 10846904.302146507427096, 537424.429363296483643 ], [ 10847135.75763176381588, 537379.519987337756902 ], [ 10847354.333451937884092, 537318.277940868632868 ], [ 10847843.404502788558602, 537209.959403981571086 ], [ 10848125.699599493294954, 537157.431225269800052 ], [ 10848365.314803425222635, 537127.893915732973255 ], [ 10848608.21393233537674, 537131.178320990991779 ], [ 10848775.616182589903474, 537200.106178408139385 ], [ 10848851.113061245530844, 537337.973252500989474 ], [ 10848887.213972110301256, 537567.737370606861077 ], [ 10848828.136718347668648, 537623.53908840729855 ], [ 10848696.835378956049681, 537744.984770699520595 ], [ 10848526.149203721433878, 537866.430647494737059 ], [ 10848398.131789311766624, 537978.034563780995086 ], [ 10848256.989806933328509, 538099.480813943548128 ], [ 10848043.634870879352093, 538181.547353510046378 ], [ 10847771.191549111157656, 538188.116255427943543 ], [ 10847567.688387991860509, 538197.958437768742442 ], [ 10847433.114255571737885, 538197.958437768742442 ], [ 10847226.316037526354194, 538214.369525582296774 ], [ 10847186.931201683357358, 538309.562842299696058 ], [ 10847223.03211254812777, 538493.369734028354287 ], [ 10847397.002212760969996, 538723.14852655667346 ], [ 10847534.860270157456398, 538821.615789701230824 ], [ 10847823.712084867060184, 538857.722719294135459 ], [ 10848092.871481657028198, 538916.809869892080314 ], [ 10848332.486685590818524, 538946.347876636660658 ], [ 10848417.835339181125164, 539051.384407046250999 ], [ 10848555.693396579474211, 539166.263391538872384 ], [ 10848647.598768178373575, 539287.722719639306888 ], [ 10848755.923764668405056, 539461.689639445394278 ], [ 10848834.693436354398727, 539622.518905032542534 ], [ 10848880.64612215384841, 539855.574479758390225 ], [ 10848943.018432844430208, 539980.308272678288631 ], [ 10849025.072029508650303, 540124.727136500063352 ], [ 10849169.497936865314841, 540180.530739911366254 ], [ 10849310.639919241890311, 540114.884703420684673 ], [ 10849425.532765688374639, 539891.681903151795268 ], [ 10849461.633676551282406, 539599.549658600590192 ], [ 10849563.390823086723685, 539510.9237357347738 ], [ 10849730.79307334125042, 539481.374336678301916 ], [ 10849829.266294896602631, 539556.873353512142785 ], [ 10849960.556502338498831, 539786.644205179181881 ], [ 10850213.30740618519485, 539858.859003326157108 ], [ 10850377.425731463357806, 539763.663737018126994 ], [ 10850361.017238518223166, 539622.518905032542534 ], [ 10850285.520359864458442, 539494.512366741662845 ], [ 10850114.834184629842639, 539402.602063158527017 ], [ 10850134.526602551341057, 539218.781791201792657 ], [ 10850341.324820598587394, 539185.959183607134037 ], [ 10850521.851638818159699, 539202.370485623716377 ], [ 10850561.236474661156535, 539359.925869266851805 ], [ 10850607.200292408466339, 539671.764277917682193 ], [ 10850610.473085438832641, 539812.898030058131553 ], [ 10850712.23023197054863, 539960.612273588310927 ], [ 10850873.064632270485163, 539954.043217745493166 ], [ 10850869.791839240118861, 539849.005433051264845 ], [ 10850836.96372140571475, 539773.517296161036938 ], [ 10850840.247646385803819, 539609.392024529050104 ], [ 10850899.324900148436427, 539461.689639445394278 ], [ 10851033.910164516419172, 539350.083535821759142 ], [ 10851152.075803993269801, 539373.063878222834319 ], [ 10851217.720907714217901, 539445.278281142003834 ], [ 10851332.602622212842107, 539537.177464814973064 ], [ 10851440.927618704736233, 539681.606653252150863 ], [ 10851585.353526059538126, 539780.075164466048591 ], [ 10851723.211583457887173, 539917.935764539055526 ], [ 10851851.228997869417071, 540045.954192161792889 ], [ 10851969.3946373462677, 540180.530739911366254 ], [ 10852084.276351844891906, 540331.519074877374806 ], [ 10852179.465648423880339, 540459.538203887990676 ], [ 10852245.110752144828439, 540643.350323824444786 ], [ 10852445.341120235621929, 540994.564212563913316 ], [ 10852507.713430926203728, 541188.231380703160539 ], [ 10852530.689773825928569, 541411.43801790708676 ], [ 10852501.145580967888236, 541667.457817248767242 ], [ 10852442.057195255532861, 541907.077765407273546 ], [ 10852369.844241578131914, 542127.001911352388561 ], [ 10852360.003598593175411, 542317.376189607661217 ], [ 10852428.932627292349935, 542504.477483059978113 ], [ 10852579.926384601742029, 542550.428925875923596 ], [ 10852862.210349356755614, 542530.732254873379134 ], [ 10853124.801896188408136, 542520.889507429557852 ], [ 10853206.855492852628231, 542616.077084992080927 ], [ 10853256.092103630304337, 542803.179122027009726 ], [ 10853341.440757220610976, 542901.651713453582488 ], [ 10853479.298814620822668, 542924.621966645703651 ], [ 10853663.109557818621397, 542796.609818274271674 ], [ 10853791.126972230151296, 542648.901186054805294 ], [ 10853922.428311621770263, 542671.882534235715866 ], [ 10853919.144386641681194, 542753.942874717875384 ], [ 10853833.795733051374555, 542872.100984634598717 ], [ 10853784.559122273698449, 543013.251905339537188 ], [ 10853794.410897208377719, 543128.136929231812246 ], [ 10853843.647507986053824, 543302.101545412209816 ], [ 10854040.593951096758246, 543430.11455561441835 ], [ 10854211.280126331374049, 543469.497202170896344 ], [ 10854309.75334788672626, 543564.697154586901888 ], [ 10854418.067212428897619, 543709.122896911692806 ], [ 10854444.327480306848884, 543820.724289531237446 ], [ 10854529.665001947432756, 543922.471744574373588 ], [ 10854660.966341339051723, 544034.073454748722725 ], [ 10854831.652516573667526, 544066.89817597810179 ], [ 10854939.96638111397624, 544122.704704052652232 ], [ 10854985.919066913425922, 544270.40506498713512 ], [ 10854913.717245185747743, 544368.879582375870086 ], [ 10854834.93644155189395, 544483.766682941233739 ], [ 10854674.090909304097295, 544549.416533815558068 ], [ 10854509.972584027796984, 544559.259547391440719 ], [ 10854322.877915851771832, 544464.069504394195974 ], [ 10854165.327440531924367, 544231.02199777122587 ], [ 10854148.907815638929605, 544037.358160718809813 ], [ 10854070.138143954798579, 543906.059413783252239 ], [ 10853948.688579499721527, 543801.027285251417197 ], [ 10853709.073375565931201, 543709.122896911692806 ], [ 10853636.860421888530254, 543577.824724689708091 ], [ 10853525.251500418409705, 543394.00543514767196 ], [ 10853397.245217956602573, 543374.308542909915559 ], [ 10853334.872907266020775, 543479.351246329490095 ], [ 10853265.943878566846251, 543669.728952147299424 ], [ 10853183.87914995290339, 543925.756445654318668 ], [ 10853170.754581987857819, 544086.595250111073256 ], [ 10853262.659953586757183, 544178.500101191923022 ], [ 10853380.825593065470457, 544247.434399720863439 ], [ 10853544.943918339908123, 544329.49646339553874 ], [ 10853682.813107687979937, 544427.959885932388715 ], [ 10853745.174286430701613, 544552.701262379181571 ], [ 10853738.606436474248767, 544700.402471194742247 ], [ 10853860.056000929325819, 544792.308075425331481 ], [ 10854001.197983305901289, 544802.162293517729267 ], [ 10854168.600233560428023, 544743.070522146532312 ], [ 10854299.90157295204699, 544723.38444796029944 ], [ 10854427.918987363576889, 544841.545661092037335 ], [ 10854447.611405285075307, 544989.258612448815256 ], [ 10854378.682376585900784, 545179.640155276400037 ], [ 10854247.381037196144462, 545304.371611899230629 ], [ 10854096.387279883027077, 545360.167889774078503 ], [ 10853873.191700842231512, 545324.057838947162963 ], [ 10853712.346168596297503, 545153.373283320222981 ], [ 10853636.860421888530254, 545005.671180597855709 ], [ 10853446.481828734278679, 544917.038886318448931 ], [ 10853325.032264279201627, 544762.767774087144062 ], [ 10853108.393403246998787, 544644.606685300706886 ], [ 10852914.730885112658143, 544693.844173819990829 ], [ 10852901.59518519975245, 544831.702610402717255 ], [ 10852927.855453077703714, 544989.258612448815256 ], [ 10853042.73716757632792, 545123.832839447073638 ], [ 10853223.275117743760347, 545261.692068217205815 ], [ 10853393.96129297837615, 545409.40584918402601 ], [ 10853538.387200333178043, 545596.503687060205266 ], [ 10853604.032304054126143, 545770.474036412662826 ], [ 10853617.156872019171715, 545905.049669599044137 ], [ 10853495.707307562232018, 546088.863952340791002 ], [ 10853364.417100122198462, 546190.614491696236655 ], [ 10853167.470657009631395, 546207.027323648100719 ], [ 10852973.808138875290751, 546216.870555433211848 ], [ 10852845.790724463760853, 546259.550644701579586 ], [ 10852806.405888622626662, 546407.255225758999586 ], [ 10852763.737127801403403, 546607.483665048028342 ], [ 10852760.45320282317698, 546735.49115765967872 ], [ 10852707.932667065411806, 546850.381896053790115 ], [ 10852599.618802523240447, 546909.464161276002415 ], [ 10852481.453163048252463, 546922.592318471404724 ], [ 10852310.766987813636661, 546791.299677641130984 ], [ 10852195.874141365289688, 546633.739875441999175 ], [ 10852103.968769766390324, 546482.750032606068999 ], [ 10851956.258937433362007, 546449.924251057324 ], [ 10851874.205340771004558, 546531.988732004305348 ], [ 10851844.66114791482687, 546689.537146428716369 ], [ 10851880.773190725594759, 546797.858159107621759 ], [ 10851985.80313029140234, 546912.748993582907133 ], [ 10852143.364737559109926, 547011.215819688164629 ], [ 10852304.199137857183814, 547142.520020718104206 ], [ 10852330.459405735135078, 547260.685061058029532 ], [ 10852215.577691236510873, 547375.565435928176157 ], [ 10852123.661187687888741, 547434.64811746252235 ], [ 10851916.874101590365171, 547457.630935703520663 ], [ 10851667.407122723758221, 547437.932972916983999 ], [ 10851440.927618704736233, 547454.346079380600713 ], [ 10851368.714665027335286, 547575.796475818264298 ], [ 10851335.88654719106853, 547713.649060905911028 ], [ 10851214.436982737854123, 547785.871492988313548 ], [ 10851138.940104080364108, 547782.586622186587192 ], [ 10850955.129360882565379, 547670.979312249692157 ], [ 10850810.703453527763486, 547684.107603615382686 ], [ 10850758.182917771860957, 547792.430061995633878 ], [ 10850718.798081928864121, 547897.467802120372653 ], [ 10850682.686039116233587, 548100.973957235459238 ], [ 10850781.159260669723153, 548206.012132860952988 ], [ 10850942.004792919382453, 548202.727243513683788 ], [ 10851158.643653951585293, 548179.755368323531002 ], [ 10851316.194129269570112, 548209.297022353275679 ], [ 10851391.691007927060127, 548284.793655186193064 ], [ 10851401.542782861739397, 548370.133880885434337 ], [ 10851349.022247103974223, 548458.759105027536862 ], [ 10851230.856607628986239, 548527.686183565063402 ], [ 10850991.241403695195913, 548511.272840376594104 ], [ 10850820.555228464305401, 548491.585771842277609 ], [ 10850630.17663530819118, 548452.189304151572287 ], [ 10850505.443145874887705, 548376.70367451175116 ], [ 10850416.810567304491997, 548251.967079652124085 ], [ 10850338.04089562036097, 548081.286997303483076 ], [ 10850275.668584927916527, 547930.294221253949217 ], [ 10850223.15918111987412, 547798.999804612714797 ], [ 10850131.242677573114634, 547723.503664621384814 ], [ 10850019.644888052716851, 547726.777359794941731 ], [ 10849908.047098532319069, 547772.732010650797747 ], [ 10849878.502905676141381, 547897.467802120372653 ], [ 10849878.502905676141381, 548061.588869509054348 ], [ 10849940.864084417000413, 548212.581911990535446 ], [ 10850022.928813030943274, 548320.893966518691741 ], [ 10850127.95875259488821, 548458.759105027536862 ], [ 10850288.804284842684865, 548550.669339374639094 ], [ 10850482.466802975162864, 548636.009870230336674 ], [ 10850613.757010417059064, 548698.378463650471531 ], [ 10850692.537814049050212, 548809.976141929160804 ], [ 10850695.82173902913928, 548892.032050740090199 ], [ 10850659.709696214646101, 549003.641193087911233 ], [ 10850610.473085438832641, 549108.680644213804044 ], [ 10850557.963681630790234, 549180.893258055788465 ], [ 10850443.070835182443261, 549226.83763440628536 ], [ 10850334.756970640271902, 549266.234512837370858 ], [ 10850206.739556228742003, 549354.860805844073184 ], [ 10850104.982409695163369, 549502.560356037924066 ], [ 10850101.709616664797068, 549591.186931224539876 ], [ 10850127.95875259488821, 549706.070906981825829 ], [ 10850200.171706272289157, 549797.982685010880232 ], [ 10850328.189120683819056, 549965.381744763813913 ], [ 10850416.810567304491997, 550090.110044376109727 ], [ 10850518.567713838070631, 550227.97846815304365 ], [ 10850610.473085438832641, 550428.206022191792727 ], [ 10850699.105664007365704, 550707.207037507439964 ], [ 10850738.490499850362539, 550845.065436180331744 ], [ 10850748.342274785041809, 550969.795216816826724 ], [ 10850708.946306994184852, 551091.251363931922242 ], [ 10850580.940024530515075, 551235.66935119300615 ], [ 10850518.567713838070631, 551439.184663032880053 ], [ 10850597.348517471924424, 551537.657491898164153 ], [ 10850735.206574872136116, 551586.888368706102483 ], [ 10850951.845435904338956, 551501.544441054342315 ], [ 10851043.75080750323832, 551304.610184168675914 ], [ 10851056.886507418006659, 551051.86468905035872 ], [ 10851092.987418282777071, 550887.737009076750837 ], [ 10851194.74456481449306, 550808.963896856177598 ], [ 10851349.022247103974223, 550818.807737928349525 ], [ 10851483.596379525959492, 550904.150878047570586 ], [ 10851572.217826146632433, 551028.880758244427852 ], [ 10851647.714704802259803, 551130.638059776392765 ], [ 10851749.471851337701082, 551202.852643381222151 ], [ 10851956.258937433362007, 551163.465909097343683 ], [ 10852051.448234010487795, 550979.650252786464989 ], [ 10852159.773230502381921, 550828.65158030949533 ], [ 10852297.631287900730968, 550838.506597489234991 ], [ 10852386.263866471126676, 550887.737009076750837 ], [ 10852497.861655991524458, 551028.880758244427852 ], [ 10852583.199177632108331, 551176.594818195677362 ], [ 10852701.364817110821605, 551366.969848723267205 ], [ 10852816.257663557305932, 551504.829476509708911 ], [ 10852960.68357091397047, 551517.958446197793819 ], [ 10853193.73092488758266, 551455.598654334782623 ], [ 10853364.417100122198462, 551511.399547857814468 ], [ 10853439.913978777825832, 551711.619400110095739 ], [ 10853505.559082498773932, 551892.151822915766388 ], [ 10853518.683650463819504, 552069.410799760720693 ], [ 10853512.126932455226779, 552207.271737789618783 ], [ 10853558.079618254676461, 552354.976978761726059 ], [ 10853682.813107687979937, 552446.880873022018932 ], [ 10853833.795733051374555, 552525.655730596045032 ], [ 10854047.161801056936383, 552565.054364660289139 ], [ 10854178.452008496969938, 552689.77587413310539 ], [ 10854204.712276374921203, 552824.364050200441852 ], [ 10854152.191740619018674, 552919.553627410205081 ], [ 10854043.877876076847315, 552945.812072133529 ], [ 10853889.600193787366152, 552949.085998024791479 ], [ 10853761.582779372110963, 552893.295192034682259 ], [ 10853620.440796995535493, 552771.83608278259635 ], [ 10853508.843007475137711, 552627.415093048359267 ], [ 10853364.417100122198462, 552588.027599448338151 ], [ 10853249.535385623574257, 552584.742515825433657 ], [ 10853134.642539175227284, 552637.259176292573102 ], [ 10852973.808138875290751, 552696.346050876309164 ], [ 10852852.358574420213699, 552778.40626683307346 ], [ 10852701.364817110821605, 552853.896382704027928 ], [ 10852596.334877546876669, 552857.181478310492821 ], [ 10852409.240209370851517, 552798.094474923564121 ], [ 10852195.874141365289688, 552794.820555733749643 ], [ 10852117.104469679296017, 552949.085998024791479 ], [ 10852123.661187687888741, 553106.64804352959618 ], [ 10852304.199137857183814, 553244.510919344029389 ], [ 10852517.554073913022876, 553237.940693767508492 ], [ 10852717.784442001953721, 553231.381642628228292 ], [ 10852809.689813600853086, 553300.313164940685965 ], [ 10852852.358574420213699, 553421.76197084505111 ], [ 10852881.902767278254032, 553608.857661653542891 ], [ 10853032.896524591371417, 553707.322211503866129 ], [ 10853200.298774844035506, 553608.857661653542891 ], [ 10853357.849250165745616, 553418.476850083097816 ], [ 10853554.795693276450038, 553402.062422347837128 ], [ 10853692.653750674799085, 553487.408547385479324 ], [ 10853876.475625820457935, 553572.743597375345416 ], [ 10853925.712236598134041, 553651.530831589014269 ], [ 10853823.131325831636786, 553782.82445265899878 ], [ 10853679.529182709753513, 553971.563633281853981 ], [ 10853609.776389779523015, 554225.950532712740824 ], [ 10853654.905311346054077, 554435.195199551759288 ], [ 10853671.324936239048839, 554587.005784851149656 ], [ 10853576.948271943256259, 554751.130521107232198 ], [ 10853453.862310973927379, 554812.677391662029549 ], [ 10853330.776350004598498, 554779.847917985520326 ], [ 10853162.550335515290499, 554714.200188691960648 ], [ 10852924.571528097614646, 554673.168990891659632 ], [ 10852789.173631446436048, 554792.161762418225408 ], [ 10852734.237462740391493, 554919.557655153214 ], [ 10852738.924013301730156, 555050.607708398252726 ], [ 10852846.569960899651051, 555198.03929768956732 ], [ 10852991.652653252705932, 555268.235342544270679 ], [ 10853157.808125209063292, 555282.281264063320123 ], [ 10853309.915077429264784, 555343.124606675701216 ], [ 10853383.330281607806683, 555427.433784580323845 ], [ 10853435.093844827264547, 555533.823277649702504 ], [ 10853456.177756382152438, 555625.842882663011551 ], [ 10853449.47632303647697, 555733.193647201056592 ], [ 10853405.382672734558582, 555844.388510169577785 ], [ 10853339.247763253748417, 555947.906821672688238 ], [ 10853318.152719747275114, 556052.386267345980741 ], [ 10853347.875023787841201, 556162.609450291958638 ], [ 10853401.542150301858783, 556256.540651182527654 ], [ 10853481.102190369740129, 556309.26107100234367 ], [ 10853640.222270511090755, 556333.229989963932894 ], [ 10853825.213000310584903, 556346.650353140430525 ], [ 10853893.262605033814907, 556412.780038713477552 ], [ 10854057.169423276558518, 556555.599355387035757 ], [ 10854212.448980985209346, 556562.315144205698743 ], [ 10854337.060018979012966, 556633.238828422152437 ], [ 10854500.009489601477981, 556764.560127825010568 ], [ 10854563.27235621958971, 556882.461198879289441 ], [ 10854564.229703841730952, 557009.93894239643123 ], [ 10854525.891271211206913, 557111.548070651711896 ], [ 10854388.823582198470831, 557178.639449620386586 ], [ 10854151.111941557377577, 557230.399529513553716 ], [ 10854010.203730111941695, 557331.047958919662051 ], [ 10853935.441560095176101, 557451.810612648492679 ], [ 10853940.239430148154497, 557572.584640223765746 ], [ 10854014.044252544641495, 557655.019062779145315 ], [ 10854115.255933571606874, 557722.122114631580189 ], [ 10854222.612450493499637, 557821.03916530450806 ], [ 10854257.121492639183998, 557917.654389403411187 ], [ 10854286.042296350002289, 558013.24167987506371 ], [ 10854280.331606470048428, 558144.654852850013413 ], [ 10854246.045203307643533, 558344.613411469501443 ], [ 10854217.480621969327331, 558493.157921382458881 ], [ 10854177.483528925105929, 558607.418836664990522 ], [ 10853977.531459564343095, 558738.821903976146132 ], [ 10853709.006583873182535, 558738.821903976146132 ], [ 10853503.332692682743073, 558590.276894307113253 ], [ 10853194.821855898946524, 558538.86226603994146 ], [ 10852994.858654586598277, 558675.975471663638018 ], [ 10852983.426142880693078, 558950.213830279768445 ], [ 10853017.712546046823263, 559104.469867805950344 ], [ 10853331.934072708711028, 559201.589654244831763 ], [ 10853709.006583873182535, 559173.026969766826369 ], [ 10853926.112986765801907, 559230.163524674484506 ], [ 10854071.819068264216185, 559357.041925394558348 ], [ 10854270.112477216869593, 559590.751757566584274 ], [ 10854376.344667280092835, 559757.178557063103653 ], [ 10854418.83531691506505, 559923.605736702098511 ], [ 10854362.184828050434589, 560114.819223708822392 ], [ 10854372.804707473143935, 560398.103525614365935 ], [ 10854433.006288092583418, 560536.203625686583109 ], [ 10854624.21977742947638, 560649.517870225594379 ], [ 10854896.874606229364872, 560617.646824238006957 ], [ 10855155.369595799595118, 560585.775792212923989 ], [ 10855279.312716851010919, 560695.547641863697208 ], [ 10855289.932596269994974, 560883.220675801276229 ], [ 10855243.901986828073859, 561028.406673021381721 ], [ 10855144.749716378748417, 561205.453074794379063 ], [ 10854974.775985885411501, 561414.382464276743121 ], [ 10854871.204331653192639, 561563.983696543378755 ], [ 10854804.813387343659997, 561683.490571997826919 ], [ 10854800.382871609181166, 561864.975112856249325 ], [ 10854738.422443034127355, 562121.691581869614311 ], [ 10854552.507761459797621, 562263.337506325100549 ], [ 10854371.034727569669485, 562263.337506325100549 ], [ 10854278.082952756434679, 562042.023553834063932 ], [ 10854163.000863173976541, 561754.318659645156004 ], [ 10854025.78845882229507, 561581.685095275053754 ], [ 10853879.715023005381227, 561568.409045821754262 ], [ 10853791.193763924762607, 561581.685095275053754 ], [ 10853636.270428588613868, 561687.915928558795713 ], [ 10853605.29021430015564, 561909.239976406213827 ], [ 10853671.681158607825637, 562103.990051459637471 ], [ 10853822.173978213220835, 562263.337506325100549 ], [ 10854140.870548404753208, 562312.028007507440634 ], [ 10854233.822323217988014, 562431.536114783608355 ], [ 10854247.102738467976451, 562590.88428928470239 ], [ 10854140.870548404753208, 562736.945375446463004 ], [ 10853946.117099262773991, 562812.199916827376001 ], [ 10853729.222203399986029, 562843.177900433423929 ], [ 10853512.338439488783479, 562852.028755324659869 ], [ 10853450.366878962144256, 562936.134281382313929 ], [ 10853499.058024235069752, 563104.334451049449854 ], [ 10853800.043663443997502, 563232.694766229134984 ], [ 10854114.309717901051044, 563414.17200962593779 ], [ 10854362.184828050434589, 563480.565146439359523 ], [ 10854583.499107697978616, 563396.470163534744643 ], [ 10854764.972141588106751, 563139.738004725426435 ], [ 10854946.456307427957654, 563002.526979928836226 ], [ 10855127.929341319948435, 563042.3670984035125 ], [ 10855185.470386112108827, 563214.992964506964199 ], [ 10855096.949127031490207, 563458.43781920755282 ], [ 10854964.1561064645648, 563644.341104542138055 ], [ 10854764.972141588106751, 563781.553345794207416 ], [ 10854565.788176711648703, 563896.638386051403359 ], [ 10854428.575772359967232, 564060.404110550647601 ], [ 10854441.856187611818314, 564255.159969441476278 ], [ 10854627.759737236425281, 564542.87479823443573 ], [ 10854880.05423117056489, 564706.641986963921227 ], [ 10855132.359857054427266, 564684.514284521457739 ], [ 10855309.402375210076571, 564480.906213358626701 ], [ 10855314.500807888805866, 564615.873747648205608 ], [ 10855336.876025538891554, 565208.797372561180964 ], [ 10854978.738959757611156, 566111.306777474936098 ], [ 10854763.858946679159999, 566240.2312287267996 ], [ 10854548.978933602571487, 566125.634188626892865 ], [ 10854491.671659741550684, 565681.541646229103208 ], [ 10854348.414607038721442, 565309.076879350468516 ], [ 10853818.377983577549458, 565581.26162163564004 ], [ 10853703.774567805230618, 565853.447391228168271 ], [ 10853675.120930874720216, 566483.764514183043502 ], [ 10853173.726812392473221, 565982.382556921802461 ], [ 10852887.223838938400149, 565925.073043337906711 ], [ 10852686.659512374550104, 566154.277843645308167 ], [ 10852786.936109682545066, 566526.746978467213921 ], [ 10853016.154073175042868, 567042.460320210433565 ], [ 10853016.154073175042868, 567443.578220355208032 ], [ 10852815.589746613055468, 567558.177359432098456 ], [ 10852543.413591623306274, 567543.849663041997701 ], [ 10852170.949707377701998, 567071.115516013698652 ], [ 10851941.742875833064318, 566913.534432256710716 ], [ 10851626.575133500620723, 567042.460320210433565 ], [ 10851469.00239428319037, 567300.323965429677628 ], [ 10851368.714665027335286, 567601.160465740947984 ], [ 10851426.021938886493444, 567887.659284423105419 ], [ 10851340.072160044685006, 568174.170422069262713 ], [ 10851381.805837145075202, 568335.554168870556168 ], [ 10851554.952173124998808, 569005.054719248437323 ], [ 10850981.935094265267253, 569878.899589481996372 ], [ 10850237.0073257740587, 570208.39217917539645 ], [ 10850125.654439134523273, 570402.494100616662763 ], [ 10850221.177694184705615, 570493.169060257961974 ], [ 10850298.900962656363845, 570580.602943261270411 ], [ 10850334.523199710994959, 570679.369941901997663 ], [ 10850345.855523873120546, 570758.712229662924074 ], [ 10850321.56561098061502, 570878.524951167753898 ], [ 10850292.422168293967843, 570964.338701113127172 ], [ 10850261.664592985063791, 571082.531160272541456 ], [ 10850261.664592985063791, 571163.494504745001905 ], [ 10850300.515095273032784, 571221.780569496797398 ], [ 10850357.187848035246134, 571257.400475633679889 ], [ 10850488.344472087919712, 571275.216023681219667 ], [ 10850635.686950102448463, 571247.687986130011268 ], [ 10850799.215282078832388, 571205.585644718958065 ], [ 10850927.121377, 571184.540071630850434 ], [ 10851029.134558361023664, 571197.493772017071024 ], [ 10851105.232562268152833, 571246.067375236772932 ], [ 10851184.569963356480002, 571343.214680807315744 ], [ 10851203.995214499533176, 571466.2696145264199 ], [ 10851218.566935846582055, 571607.140391285647638 ], [ 10851189.423493156209588, 571717.241983013111167 ], [ 10851118.190150996670127, 571778.769745825906284 ], [ 10850969.222408415749669, 571830.573816155432723 ], [ 10850873.699153367429972, 571885.630351557629183 ], [ 10850783.018296167254448, 571937.445676232804544 ], [ 10850710.159689445048571, 572010.306848970823921 ], [ 10850638.915215335786343, 572042.6858907219721 ], [ 10850551.484887266531587, 572029.732036907342263 ], [ 10850383.091893542557955, 571948.778886431478895 ], [ 10850281.089844128116965, 571911.538009189651348 ], [ 10850146.704954843968153, 572008.686220757314004 ], [ 10850099.750393627211452, 572167.362662737839855 ], [ 10850098.125129060819745, 572321.177551837870851 ], [ 10850132.133233498781919, 572436.130982824019156 ], [ 10850179.087794715538621, 572549.475135578773916 ], [ 10850250.321136875078082, 572672.53215089335572 ], [ 10850290.808035675436258, 572785.865502926870249 ], [ 10850294.047432858496904, 572925.118238347931765 ], [ 10850243.853474458679557, 573077.314111164421774 ], [ 10850190.420118879526854, 573200.372038734145463 ], [ 10850111.082717789337039, 573323.419002151349559 ], [ 10850022.027125155553222, 573486.960358766140416 ], [ 10850000.976609446108341, 573580.869391364860348 ], [ 10850028.505919517949224, 573676.399214106379077 ], [ 10850078.699877917766571, 573776.779993327800184 ], [ 10850158.03727900609374, 573859.355892578256316 ], [ 10850276.23631433211267, 573979.173827102407813 ], [ 10850292.422168293967843, 574045.554391032666899 ], [ 10850290.808035675436258, 574116.797045390121639 ], [ 10850237.37468009442091, 574178.32688202126883 ], [ 10850109.457453224807978, 574241.477450964273885 ], [ 10849926.503870105370879, 574307.858259974746034 ], [ 10849837.448277469724417, 574408.251108357915655 ], [ 10849839.062410088256001, 574476.252757627284154 ], [ 10849945.929121248424053, 574542.633786092395894 ], [ 10850080.314010534435511, 574545.875157988863066 ], [ 10850255.185798620805144, 574463.298460774356499 ], [ 10850381.47776092775166, 574393.676141380681656 ], [ 10850570.921270357444882, 574311.09962115471717 ], [ 10850687.495041117072105, 574270.6161483413307 ], [ 10850812.172870805487037, 574152.418399356887676 ], [ 10850873.699153367429972, 574039.082870117155835 ], [ 10850962.743614053353667, 574016.415785962250084 ], [ 10851033.988088162615895, 574055.278439112240449 ], [ 10851153.801256101578474, 574154.039076382177882 ], [ 10851250.949775718152523, 574226.902518210699782 ], [ 10851367.534678423777223, 574170.23467158083804 ], [ 10851433.914490785449743, 574064.991311453632079 ], [ 10851498.680170528590679, 573975.932481065974571 ], [ 10851589.349895779043436, 573975.932481065974571 ], [ 10851616.879205852746964, 574040.703544557210989 ], [ 10851637.929721562191844, 574175.085526899900287 ], [ 10851678.405488414689898, 574277.098867449909449 ], [ 10851806.322715284302831, 574324.053890243871137 ], [ 10851976.329841623082757, 574309.478940546279773 ], [ 10852084.810685401782393, 574220.430980776669458 ], [ 10852160.908689307048917, 574144.326191867585294 ], [ 10852206.249117908999324, 574162.142462062067352 ], [ 10852259.682473488152027, 574267.385966109810397 ], [ 10852330.915815647691488, 574424.435584396007471 ], [ 10852361.684522902593017, 574581.496727167046629 ], [ 10852339.019874578341842, 574677.027895352803171 ], [ 10852334.155212828889489, 574759.593664009240456 ], [ 10852285.586518995463848, 574872.941520467051305 ], [ 10852225.674369052052498, 575013.807864413713105 ], [ 10852181.959205016493797, 575177.341935689444654 ], [ 10852201.384456159546971, 575287.437876466894522 ], [ 10852293.679445976391435, 575345.727319398778491 ], [ 10852426.450202647596598, 575329.531455951044336 ], [ 10852460.447175135836005, 575225.907078342977911 ], [ 10852463.686572317034006, 575112.569835161208175 ], [ 10852499.30880937166512, 575018.65877737547271 ], [ 10852572.167416095733643, 574910.183948084712029 ], [ 10852653.130081748589873, 574876.171730251400732 ], [ 10852709.802834510803223, 574910.183948084712029 ], [ 10852829.616002453491092, 574997.612076766206883 ], [ 10852976.958480466157198, 575063.993592890212312 ], [ 10853116.196899550035596, 575091.523106687236577 ], [ 10853329.93032187409699, 575080.189395693596452 ], [ 10853381.092759842053056, 575058.460866071633063 ], [ 10853446.927106697112322, 575105.897026785067283 ], [ 10853444.912223912775517, 575129.671005222131498 ], [ 10853433.279337126761675, 575171.149742676061578 ], [ 10853364.483891816809773, 575313.26853260898497 ], [ 10853283.053684301674366, 575470.566366176470183 ], [ 10853259.787910725921392, 575525.200982806505635 ], [ 10853260.299980383366346, 575547.454988680547103 ], [ 10853275.97376468591392, 575569.194845465593971 ], [ 10853325.544333936646581, 575606.124674025573768 ], [ 10853349.82311487942934, 575623.829538126010448 ], [ 10853403.434581646695733, 575643.043344512814656 ], [ 10853443.899216547608376, 575660.748217837302946 ], [ 10853480.311821987852454, 575687.048457653261721 ], [ 10853501.551580829545856, 575713.348707230994478 ], [ 10853519.262511814013124, 575744.198141191969626 ], [ 10853522.290401965379715, 575776.064726391341537 ], [ 10853518.249504448845983, 575806.411207206430845 ], [ 10853504.089665219187737, 575844.347120843478478 ], [ 10853479.298814620822668, 575880.259953504311852 ], [ 10853432.767267469316721, 575930.83750314777717 ], [ 10853407.475479159504175, 575947.022326661739498 ], [ 10853373.589826162904501, 575975.848758364911191 ], [ 10853362.9699467420578, 575992.033592164865695 ], [ 10853355.389089416712523, 576037.056063656345941 ], [ 10853355.890027126297355, 576061.333336726762354 ], [ 10853373.589826162904501, 576087.119565443601459 ], [ 10853394.32864729873836, 576098.252244462724775 ], [ 10853420.633442971855402, 576098.755226989858784 ], [ 10853461.599015582352877, 576078.524154827813618 ], [ 10853543.029223099350929, 576046.657433548709378 ], [ 10853575.913000678643584, 576044.634327561128885 ], [ 10853613.839551193639636, 576053.240911445231177 ], [ 10853639.632277211174369, 576069.928745255689137 ], [ 10853659.358090978115797, 576097.749261939083226 ], [ 10853668.46402532607317, 576132.645080160116777 ], [ 10853668.46402532607317, 576163.494696754263714 ], [ 10853660.883168, 576194.858487405348569 ], [ 10853646.211259115487337, 576227.228258827817626 ], [ 10853628.511460078880191, 576242.910166534711607 ], [ 10853609.798653677105904, 576263.644269370473921 ], [ 10853584.506865369156003, 576308.655736160697415 ], [ 10853558.46923647262156, 576411.085711651016027 ], [ 10853555.508138017728925, 576448.083043913706206 ], [ 10853551.945914313197136, 576483.504375011427328 ], [ 10853547.58219027146697, 576505.412180968094617 ], [ 10853524.828486355021596, 576517.550896780798212 ], [ 10853512.494286773726344, 576514.577693635947071 ], [ 10853503.076657854020596, 576499.387533653876744 ], [ 10853484.786865517497063, 576476.764372808742337 ], [ 10853467.131594277918339, 576447.99362435634248 ], [ 10853441.439055802300572, 576427.237112631672062 ], [ 10853413.932009626179934, 576414.271281794761308 ], [ 10853393.627334505319595, 576409.532047668122686 ], [ 10853377.129785969853401, 576412.348762252368033 ], [ 10853326.045271644368768, 576418.921096718288027 ], [ 10853275.97376468591392, 576434.603046897682361 ], [ 10853219.835345478728414, 576465.955780235002749 ], [ 10853182.587843859568238, 576502.751947025768459 ], [ 10853147.188245788216591, 576541.694205139763653 ], [ 10853122.909464845433831, 576582.670783462119289 ], [ 10853103.684588784351945, 576643.867436031578109 ], [ 10853103.183651076629758, 576676.740399478701875 ], [ 10853069.297998080030084, 576758.682558819651604 ], [ 10853048.559176944196224, 576785.989181364653632 ], [ 10853018.714421464130282, 576801.168225390138105 ], [ 10852991.407750371843576, 576799.648085340973921 ], [ 10852960.549987524747849, 576787.509321120218374 ], [ 10852916.54539281129837, 576760.202697988366708 ], [ 10852869.512907952070236, 576738.451297994586639 ], [ 10852826.521320609375834, 576725.295392817235552 ], [ 10852755.710992515087128, 576714.676779547939077 ], [ 10852621.671193649992347, 576706.081292711314745 ], [ 10852564.519767077639699, 576685.850046931882389 ], [ 10852508.381347870454192, 576655.503189112641849 ], [ 10852448.691836906597018, 576605.428107805666514 ], [ 10852401.659352045506239, 576548.780714805237949 ], [ 10852367.261629391461611, 576482.017774138832465 ], [ 10852355.628742603585124, 576427.896581677370705 ], [ 10852354.615735238417983, 576356.584540807991289 ], [ 10852356.64174997061491, 576272.619734637788497 ], [ 10852351.075775429606438, 576197.261629457585514 ], [ 10852341.96984108351171, 576165.394854737562127 ], [ 10852324.270042046904564, 576146.683889523264952 ], [ 10852298.477316031232476, 576136.054185681045055 ], [ 10852267.118615474551916, 576137.574311474571005 ], [ 10852245.366786973550916, 576151.2330902882386 ], [ 10852222.601951105520129, 576196.244485602364875 ], [ 10852203.38820699416101, 576280.209201175486669 ], [ 10852197.321294747292995, 576360.63077067094855 ], [ 10852199.848247189074755, 576420.307099302648567 ], [ 10852212.494141342118382, 576495.67661942250561 ], [ 10852232.219955109059811, 576582.156620030058548 ], [ 10852263.066586008295417, 576645.387572732754052 ], [ 10852318.203129798173904, 576720.746155147789977 ], [ 10852350.574837721884251, 576775.370558983064257 ], [ 10852386.987443160265684, 576850.22629202157259 ], [ 10852437.671207318082452, 576990.336496575851925 ], [ 10852468.016900509595871, 577040.400672898977064 ], [ 10852524.667389374226332, 577104.135025024297647 ], [ 10852583.332761021330953, 577179.997086586081423 ], [ 10852619.244428750127554, 577235.639004044700414 ], [ 10852642.00926461815834, 577279.645107597229071 ], [ 10852648.577114576473832, 577313.524348993087187 ], [ 10852642.00926461815834, 577328.703506296733394 ], [ 10852626.324348365888, 577340.84236345323734 ], [ 10852606.097596889361739, 577340.84236345323734 ], [ 10852571.699874233454466, 577330.726649011368863 ], [ 10852524.667389374226332, 577303.922807139460929 ], [ 10852472.057798024266958, 577276.101816050242633 ], [ 10852433.118240144103765, 577261.93982921296265 ], [ 10852367.361816933378577, 577253.344275839161128 ], [ 10852312.737342800945044, 577258.396538553759456 ], [ 10852252.045956421643496, 577277.621966345235705 ], [ 10852201.462379803881049, 577309.992233328288421 ], [ 10852144.823022888973355, 577360.056636088644154 ], [ 10852097.278468370437622, 577416.201687234337442 ], [ 10852053.273873660713434, 577490.052114114863798 ], [ 10852034.561067258939147, 577542.15097086771857 ], [ 10852022.92818047106266, 577601.325303610414267 ], [ 10852018.375213295221329, 577658.476533774868585 ], [ 10852027.62586298212409, 577722.502062282874249 ], [ 10852044.824724309146404, 577758.415848714066669 ], [ 10852093.382286192849278, 577823.156838221475482 ], [ 10852158.125702038407326, 577889.921045834897086 ], [ 10852222.357048226520419, 577965.78395138704218 ], [ 10852255.741763513535261, 578004.224019672139548 ], [ 10852287.601401779800653, 578019.4033254472306 ], [ 10852311.880182720720768, 578016.877166822436266 ], [ 10852333.632011221721768, 577998.668707549804822 ], [ 10852359.9368068985641, 577937.459703942295164 ], [ 10852391.295507453382015, 577782.190718315425329 ], [ 10852413.548273663967848, 577718.455754467868246 ], [ 10852438.840061971917748, 577671.420237545040436 ], [ 10852487.898561565205455, 577607.685373680782504 ], [ 10852512.177342506125569, 577595.043477495084517 ], [ 10852538.983075890690088, 577602.633085985900834 ], [ 10852561.736779807135463, 577627.916883337195031 ], [ 10852582.987670600414276, 577679.009854244068265 ], [ 10852600.18653192743659, 577727.051364440005273 ], [ 10852596.635440170764923, 577760.439003737526946 ], [ 10852591.58153528906405, 577798.375965576735325 ], [ 10852572.868728887289762, 577855.024360213428736 ], [ 10852553.142915118485689, 577900.539835722302087 ], [ 10852504.585353234782815, 577977.419922159286216 ], [ 10852445.919981585815549, 578060.369583029299974 ], [ 10852391.295507453382015, 578121.56751553225331 ], [ 10852343.238883277401328, 578163.551004581619054 ], [ 10852255.229693857952952, 578233.34469821350649 ], [ 10852233.989935014396906, 578264.709407492773607 ], [ 10852224.884000666439533, 578285.947101665777154 ], [ 10852225.396070323884487, 578310.739323268295266 ], [ 10852236.015949746593833, 578321.861174834775738 ], [ 10852261.307738054543734, 578328.947863079258241 ], [ 10852396.850350044667721, 578337.040548948454671 ], [ 10852454.513846276327968, 578348.162404662114568 ], [ 10852542.856994168832898, 578383.607043968746439 ], [ 10852633.905205689370632, 578441.764906060416251 ], [ 10852674.36984059214592, 578452.394956766278483 ], [ 10852707.754555881023407, 578449.857604874880053 ], [ 10852723.428340185433626, 578433.169209027197212 ], [ 10852725.95529262535274, 578403.324599373503588 ], [ 10852713.309398472309113, 578300.657003062195145 ], [ 10852690.555694552138448, 578180.787044859374873 ], [ 10852687.015734745189548, 578129.693710744264536 ], [ 10852691.05663226172328, 578074.565263101365417 ], [ 10852701.676511684432626, 578034.101993576739915 ], [ 10852714.322405837476254, 578006.280714814201929 ], [ 10852731.020329456776381, 577995.158912993734702 ], [ 10852768.946879969909787, 577990.09541988116689 ], [ 10852832.677288448438048, 578003.754556658794172 ], [ 10852957.099083308130503, 578043.714812412508763 ], [ 10853039.041360480710864, 578078.611591329914518 ], [ 10853093.153764957562089, 578113.508387505309656 ], [ 10853127.551487611606717, 578134.757213873672299 ], [ 10853151.830268554389477, 578163.081540508545004 ], [ 10853203.927790243178606, 578233.389409122173674 ], [ 10853257.038319300860167, 578315.322196565684862 ], [ 10853287.384012492373586, 578351.739283254253678 ], [ 10853338.969464525580406, 578386.13321572530549 ], [ 10853374.38019454665482, 578394.225908155902289 ], [ 10853417.371781893074512, 578391.185559509671293 ], [ 10853468.456296216696501, 578373.491180098732002 ], [ 10853590.852076344192028, 578299.639828930725344 ], [ 10853635.869678420946002, 578288.517980867996812 ], [ 10853686.954192746430635, 578287.500806911615655 ], [ 10853727.919765358790755, 578303.183171847718768 ], [ 10853750.684601224958897, 578327.461223372723907 ], [ 10853760.792410990223289, 578356.288625975721516 ], [ 10853774.963382165879011, 578404.341775000211783 ], [ 10853771.423422360792756, 578467.06018182146363 ], [ 10853751.697608590126038, 578548.490240756887943 ], [ 10853728.431835014373064, 578605.139237706083804 ], [ 10853679.874273132532835, 578681.517091168439947 ], [ 10853615.130857285112143, 578758.901030318113044 ], [ 10853564.046342961490154, 578802.896905914531089 ], [ 10853485.655157543718815, 578861.066291726659983 ], [ 10853440.125485809519887, 578906.079413970233873 ], [ 10853413.831822084262967, 578939.467611373169348 ], [ 10853410.291862277314067, 578973.861830597976223 ], [ 10853422.425686772912741, 578995.602741563459858 ], [ 10853462.37825202010572, 579024.944598619709723 ], [ 10853534.201587479561567, 579056.801485831849277 ], [ 10853676.979966370388865, 579094.850923682795838 ], [ 10853716.932531617581844, 579121.65544600028079 ], [ 10853731.092370845377445, 579147.956974269123748 ], [ 10853724.012451229617, 579178.304903706535697 ], [ 10853700.245739946141839, 579208.14984154200647 ], [ 10853664.334072217345238, 579229.387819988420233 ], [ 10853562.665981274098158, 579261.7589826148469 ], [ 10853507.028499776497483, 579287.054552717716433 ], [ 10853469.101949263364077, 579317.402542096097022 ], [ 10853449.376135496422648, 579343.704143470386043 ], [ 10853430.151259433478117, 579410.972797208698466 ], [ 10853395.252599069848657, 579622.895185907138512 ], [ 10853344.168084744364023, 579751.363454440841451 ], [ 10853306.742471942678094, 579877.305732206907123 ], [ 10853257.962271075695753, 579964.639406456029974 ], [ 10853217.497636172920465, 579996.507896954193711 ], [ 10853162.3722243309021, 580004.086586051620543 ], [ 10853105.721735468134284, 579988.918030667700805 ], [ 10853046.03222450427711, 579950.979889519861899 ], [ 10852997.98673227801919, 579902.422675666864961 ], [ 10852961.062057180330157, 579822.511256501311436 ], [ 10852939.822298338636756, 579710.731552625191398 ], [ 10852928.189411548897624, 579588.332980547565967 ], [ 10852907.962660072371364, 579486.166664197226055 ], [ 10852881.657864397391677, 579435.083561628125608 ], [ 10852842.707174569368362, 579402.209313253522851 ], [ 10852789.095707803964615, 579390.07010131131392 ], [ 10852745.603182751685381, 579394.619511066586711 ], [ 10852692.49265369400382, 579401.695129279745743 ], [ 10852450.728983588516712, 579486.669670862029307 ], [ 10852364.233739241957664, 579527.636781290872023 ], [ 10852285.84255382604897, 579576.193736509070732 ], [ 10852257.511743418872356, 579609.571073680417612 ], [ 10852243.35190418921411, 579672.804739446262829 ], [ 10852255.496860636398196, 579720.84760851773899 ], [ 10852283.816539093852043, 579742.59992810327094 ], [ 10852537.725165644660592, 579846.789831658476032 ], [ 10852595.377529924735427, 579874.0976497316733 ], [ 10852627.749237846583128, 579932.770930396858603 ], [ 10852639.749478954821825, 580002.868183177197352 ], [ 10852636.176123300567269, 580075.469382136710919 ], [ 10852613.645058365538716, 580185.259975045686588 ], [ 10852563.929773775860667, 580344.770742843626067 ], [ 10852538.5377979259938, 580405.937126267584972 ], [ 10852497.772600397467613, 580456.361427193507552 ], [ 10852404.77629778906703, 580551.498130727442913 ], [ 10852315.375614732503891, 580650.200780348153785 ], [ 10852299.278816364705563, 580670.947357179946266 ], [ 10852305.022902090102434, 580693.37065777904354 ], [ 10852383.169184625148773, 580712.842941573471762 ], [ 10852450.695587741211057, 580711.076798503869213 ], [ 10852529.598842814564705, 580686.037812927155755 ], [ 10852605.46307579241693, 580644.812931117019616 ], [ 10852702.322164731100202, 580560.094086433760822 ], [ 10852751.63669915124774, 580500.66017231461592 ], [ 10852860.217730471864343, 580279.155547869973816 ], [ 10852899.558038517832756, 580263.785728258430026 ], [ 10852927.332251470535994, 580264.881177108502015 ], [ 10852970.201387375593185, 580302.718885115813464 ], [ 10853010.298667959868908, 580368.367636282928288 ], [ 10853025.404722860082984, 580474.134576688753441 ], [ 10852983.860288895666599, 580632.796463884529658 ], [ 10852927.198668081313372, 580768.778280498459935 ], [ 10852817.64915719255805, 580885.880465228809044 ], [ 10852655.222888175398111, 580950.09895699727349 ], [ 10852541.899646546691656, 580968.990047565312125 ], [ 10852443.682459820061922, 581021.873950025998056 ], [ 10852424.791542232036591, 581104.972515153465793 ], [ 10852455.0147839859128, 581184.30412653402891 ], [ 10852534.341053122654557, 581233.409958244184963 ], [ 10852662.770349649712443, 581282.515824312344193 ], [ 10852794.98450886644423, 581229.631725492654368 ], [ 10852904.534019755199552, 581104.972515153465793 ], [ 10852995.192613057792187, 580976.535307053127326 ], [ 10853119.848178848624229, 580953.877174704219215 ], [ 10853221.839096315205097, 581025.652171595254913 ], [ 10853365.374447742477059, 581040.753881732816808 ], [ 10853508.920931119471788, 581044.532104318030179 ], [ 10853599.579524423927069, 581070.979668108629994 ], [ 10853592.020930998027325, 581169.191207321826369 ], [ 10853516.479524545371532, 581252.289946846314706 ], [ 10853406.930013654753566, 581350.512917988584377 ], [ 10853270.942123701795936, 581437.39011596061755 ], [ 10853157.61888207308948, 581520.48917309823446 ], [ 10853127.395640324801207, 581622.479595157201402 ], [ 10853142.512827172875404, 581701.811791669693775 ], [ 10853187.842123825103045, 581781.132899636169896 ], [ 10853316.271420352160931, 581928.451751301297918 ], [ 10853342.709799418225884, 582034.221042651101016 ], [ 10853289.833041289821267, 582064.447257116320543 ], [ 10853187.842123825103045, 582019.119118635775521 ], [ 10853093.398667836561799, 581905.793311524786986 ], [ 10852961.195640569552779, 581796.245950676733628 ], [ 10852855.419860418885946, 581800.024213945958763 ], [ 10852779.878453966230154, 581860.465275638503954 ], [ 10852674.102673813700676, 581973.791009469656274 ], [ 10852560.779432186856866, 582124.888546809786931 ], [ 10852405.911756595596671, 582291.088389316457324 ], [ 10852307.694569868966937, 582521.519735304638743 ], [ 10852288.803652280941606, 582721.725328384549357 ], [ 10852322.800624769181013, 582982.36234532285016 ], [ 10852322.800624769181013, 583144.797065761405975 ], [ 10852205.703652402386069, 583299.675474392483011 ], [ 10852164.148086490109563, 583435.662465292960405 ], [ 10852066.788059841841459, 583561.130680628470145 ], [ 10851962.481696970760822, 583782.690392031683587 ], [ 10851830.824135208502412, 584050.34037889353931 ], [ 10851800.600893458351493, 584194.958768326207064 ], [ 10851838.861402442678809, 584485.515535101527348 ], [ 10851842.534945638850331, 584501.411681195604615 ], [ 10851812.077932957559824, 584487.080556356580928 ], [ 10851753.557276647537947, 584494.849769535125233 ], [ 10851613.817919855937362, 584507.392299685743637 ], [ 10851490.208757279440761, 584511.561964843072928 ], [ 10851409.591182045638561, 584512.165616119513288 ], [ 10851355.846131891012192, 584505.000052228104323 ], [ 10851275.228556659072638, 584484.09583727910649 ], [ 10851057.866118935868144, 584404.078584643313661 ], [ 10850808.243292782455683, 584297.780311396694742 ], [ 10850501.302060816437006, 584155.654552461812273 ], [ 10850263.634947972372174, 584053.537473854143173 ], [ 10850049.25587260350585, 583962.778041289304383 ], [ 10849948.923615550622344, 583915.593020152882673 ], [ 10849848.012497147545218, 583870.207789426553063 ], [ 10849776.94613422639668, 583836.772531167371199 ], [ 10849688.859021160751581, 583792.281640606699511 ], [ 10849653.336971648037434, 583772.875572591670789 ], [ 10849624.071077518165112, 583754.061976083670743 ], [ 10849587.647340130060911, 583724.505747948191129 ], [ 10849352.36246438883245, 583631.946990323369391 ], [ 10849292.94012020342052, 583615.525648663053289 ], [ 10849269.062089428305626, 583608.360176758258604 ], [ 10849245.17292670533061, 583600.289240484475158 ], [ 10849216.207595201209188, 583588.048694866825826 ], [ 10849163.364232921972871, 583559.085001398692839 ], [ 10849115.585907474160194, 583539.388355266419239 ], [ 10849029.001607533544302, 583505.640255412319675 ], [ 10848779.679344004020095, 583410.991398478392512 ], [ 10848174.758099084720016, 583166.159199028625153 ], [ 10847734.044235033914447, 583006.709084845264442 ], [ 10847323.197390362620354, 582846.678054038668051 ], [ 10846741.564182916656137, 582658.56716490292456 ], [ 10846322.346112539991736, 582524.806187655311078 ], [ 10845562.156441859900951, 582281.161995401023887 ], [ 10845330.456053724512458, 582206.512875404208899 ], [ 10844555.338439330458641, 581952.719876224757172 ], [ 10843444.614824093878269, 581575.910955727566034 ], [ 10842891.646385526284575, 581370.488404190633446 ], [ 10841914.684270426630974, 581005.017271655495279 ], [ 10841508.011906661093235, 580844.376012583263218 ], [ 10841006.395149195566773, 580632.986491722404025 ], [ 10840430.127541208639741, 580374.414970267913304 ], [ 10839814.452833475545049, 580094.639688134542666 ], [ 10839331.649069957435131, 579883.241244071163237 ], [ 10839207.739344755187631, 579833.979864163906313 ], [ 10839127.711762825027108, 579803.229244908085093 ], [ 10839035.450168853625655, 579771.87502864387352 ], [ 10838955.133156247437, 579745.595623208209872 ], [ 10838897.213625187054276, 579722.90435376111418 ], [ 10838856.6042749453336, 579706.785732323070988 ], [ 10838784.346793472766876, 579686.777185188722797 ], [ 10838756.283149844035506, 579753.062505592009984 ], [ 10838745.830249657854438, 579749.485555848223157 ], [ 10838714.471549101173878, 579739.626589058083482 ], [ 10838710.898193446919322, 579748.881945596891455 ], [ 10838698.352486833930016, 579743.214716267306358 ], [ 10838735.377349471673369, 579641.696496209362522 ], [ 10838627.88724916242063, 579605.859995892038569 ], [ 10838519.206030301749706, 579579.591830393532291 ], [ 10838396.186861027032137, 579547.93590950826183 ], [ 10838122.084878845140338, 579463.140140726347454 ], [ 10837424.000352080911398, 579199.196358863380738 ], [ 10836676.957513265311718, 578947.191498596337624 ], [ 10836214.747855542227626, 578800.292474506190047 ], [ 10836009.029436556622386, 578732.812025595572777 ], [ 10835886.310829905793071, 578705.94058438250795 ], [ 10835787.481385979801416, 578681.751824930193834 ], [ 10835737.02026080340147, 578662.637792601482943 ], [ 10835709.246047850698233, 578647.111836822936311 ], [ 10835680.280716344714165, 578628.601414531702176 ], [ 10835651.615947466343641, 578616.059935523895547 ], [ 10835612.509410351514816, 578606.2123051751405 ], [ 10835553.68819141574204, 578599.639767183340155 ], [ 10835467.39332215115428, 578588.596116291242652 ], [ 10835388.72383800894022, 578581.274668525555171 ], [ 10835364.233550036326051, 578576.64706681878306 ], [ 10835351.843690710142255, 578570.979931808775291 ], [ 10835340.34438731148839, 578563.513174739782698 ], [ 10835328.555653234943748, 578556.348218475235626 ], [ 10835286.154059192165732, 578542.01830813055858 ], [ 10835267.942190498113632, 578540.822286103852093 ], [ 10835242.561346596106887, 578542.610730263171718 ], [ 10835218.382753197103739, 578541.71650817792397 ], [ 10835188.226303141564131, 578539.626264097634703 ], [ 10835166.71937751956284, 578535.445776122855023 ], [ 10835120.143302571028471, 578513.347318406682462 ], [ 10835100.439752701669931, 578503.499702403671108 ], [ 10835083.419002559036016, 578491.550667352392338 ], [ 10835011.762646336108446, 578434.823517347453162 ], [ 10834969.962177542969584, 578406.163748961756937 ], [ 10834942.187964590266347, 578394.214730403386056 ], [ 10834888.142351809889078, 578376.006173743051477 ], [ 10834785.728420279920101, 578349.727289023809135 ], [ 10834747.211876466870308, 578341.064536742866039 ], [ 10834686.609545676037669, 578329.719127300195396 ], [ 10834657.644214173778892, 578320.765756210777909 ], [ 10834563.890939027070999, 578277.172579877078533 ], [ 10834520.888219734653831, 578260.450691694160923 ], [ 10834488.638963252305984, 578243.136387852602638 ], [ 10834434.604482419788837, 578235.97146413649898 ], [ 10834388.017275523394346, 578235.669665493420325 ], [ 10834364.729238050058484, 578238.654118796694092 ], [ 10834345.025688178837299, 578244.924824463319965 ], [ 10834328.906625909730792, 578257.466237468761392 ], [ 10834328.606063285842538, 578291.502436407026835 ], [ 10834328.906625909730792, 578307.028313889633864 ], [ 10834331.444710303097963, 578322.554194789379835 ], [ 10834335.17391324415803, 578330.020926345488988 ], [ 10834346.216806730255485, 578336.291640134295449 ], [ 10834363.2375568728894, 578338.683677270193584 ], [ 10834371.597650630399585, 578340.170317213283852 ], [ 10834377.720222624018788, 578343.311263361363672 ], [ 10834410.715319694951177, 578375.111953770392574 ], [ 10834449.532426135614514, 578407.057969328132458 ], [ 10834497.600182259455323, 578431.235456783091649 ], [ 10834555.820275943726301, 578447.666763667715713 ], [ 10834601.205232340842485, 578454.529909309465438 ], [ 10834660.928139152005315, 578458.117971059167758 ], [ 10834700.045808216556907, 578457.961482380749658 ], [ 10834704.966129709035158, 578460.051724040298723 ], [ 10834709.296457901597023, 578464.232207545312122 ], [ 10834726.461923381313682, 578486.02885015506763 ], [ 10834741.100436421111226, 578494.691620242665522 ], [ 10834760.503423668444157, 578498.570306033245288 ], [ 10834777.969451772049069, 578496.927173986565322 ], [ 10834789.468755170702934, 578491.85246709024068 ], [ 10834802.003329833969474, 578478.562102081836201 ], [ 10834810.062860967591405, 578468.110891660558991 ], [ 10834817.231836173683405, 578462.287276685936376 ], [ 10834828.875854911282659, 578457.961482380749658 ], [ 10834843.358520662412047, 578455.122330707148649 ], [ 10834875.752492485567927, 578455.871240783249959 ], [ 10834882.17562710493803, 578457.067261369084008 ], [ 10834887.396511221304536, 578459.906413120683283 ], [ 10834893.67493050172925, 578469.16160151513759 ], [ 10834897.103570818901062, 578477.220770176267251 ], [ 10834896.958855481818318, 578487.079560276586562 ], [ 10834892.027402037754655, 578508.127299309824593 ], [ 10834887.997636470943689, 578514.99045083601959 ], [ 10834883.522592941299081, 578518.869137743371539 ], [ 10834861.870951984077692, 578527.230111975106411 ], [ 10834855.3031020257622, 578532.159510348807089 ], [ 10834853.210295598953962, 578539.022664214367978 ], [ 10834853.510858222842216, 578546.198796494980343 ], [ 10834858.731742342934012, 578552.760151727008633 ], [ 10834875.006651896983385, 578560.528707689256407 ], [ 10834975.038346324115992, 578590.082761502708308 ], [ 10834983.398440081626177, 578590.384561662329361 ], [ 10834988.018198950216174, 578589.043227629736066 ], [ 10834992.949652390554547, 578582.325380066642538 ], [ 10834996.088862031698227, 578580.380445949849673 ], [ 10835002.801427327096462, 578579.184423272497952 ], [ 10835010.115117872133851, 578580.984046187251806 ], [ 10835022.504977198317647, 578588.14900495542679 ], [ 10835032.95787738263607, 578597.996632781112567 ], [ 10835042.965499604120851, 578605.463393502286635 ], [ 10835060.130965085700154, 578612.773665992426686 ], [ 10835073.266664998605847, 578618.451982149970718 ], [ 10835087.894046088680625, 578621.436451652436517 ], [ 10835164.637703040614724, 578628.008991676266305 ], [ 10835216.5905093960464, 578633.385508716106415 ], [ 10835233.310696911066771, 578637.264202136779204 ], [ 10835323.780047081410885, 578666.225864941719919 ], [ 10835341.99191577360034, 578672.496608629124239 ], [ 10835364.233550036326051, 578676.967727463226765 ], [ 10835377.079819271340966, 578678.163751799613237 ], [ 10835389.169115971773863, 578677.269527994911186 ], [ 10835417.978600189089775, 578668.316112775588408 ], [ 10835420.817247204482555, 578668.014312282321043 ], [ 10835422.46477566845715, 578668.841469192644581 ], [ 10835423.054768970236182, 578670.406360671273433 ], [ 10835423.054768970236182, 578672.798409141483717 ], [ 10835419.180850690230727, 578685.328720444464125 ], [ 10835415.440515799447894, 578691.152353842044249 ], [ 10835411.266034895554185, 578694.136826422414742 ], [ 10835380.953737551346421, 578701.156485274201259 ], [ 10835344.084722202271223, 578704.8898709990317 ], [ 10835301.538412820547819, 578704.297447502613068 ], [ 10835230.917327860370278, 578697.277788338134997 ], [ 10835076.85115260258317, 578671.893007608130574 ], [ 10834860.379270806908607, 578617.859559379983693 ], [ 10834600.615239040926099, 578543.504952360060997 ], [ 10834390.410644574090838, 578468.859801874379627 ], [ 10834300.241857033222914, 578432.431476950878277 ], [ 10834178.41380630992353, 578384.065331758698449 ], [ 10834115.718669094145298, 578362.570519847446121 ], [ 10833974.487631123512983, 578307.63191178732086 ], [ 10833697.702849216759205, 578204.31614684779197 ], [ 10833554.980130068957806, 578147.589227846357971 ], [ 10833442.714423606172204, 578094.439219999825582 ], [ 10833291.030485449358821, 578035.320362403173931 ], [ 10833135.773191640153527, 577972.021099746925756 ], [ 10832998.416071951389313, 577930.820162184303626 ], [ 10832952.441122252494097, 577921.855664033908397 ], [ 10832895.111584493890405, 577903.345432054135017 ], [ 10832812.100640209391713, 577869.901836823206395 ], [ 10832692.677090486511588, 577804.814297010656446 ], [ 10832629.369696071371436, 577773.762766445172019 ], [ 10832564.281189804896712, 577737.33480037166737 ], [ 10832512.92950870282948, 577720.613040097174235 ], [ 10832424.25240233540535, 577702.102860882179812 ], [ 10832365.431183401495218, 577683.592686519259587 ], [ 10832347.508745383471251, 577676.126023355172947 ], [ 10832331.389683116227388, 577666.87093897187151 ], [ 10832313.76780772395432, 577651.043406171142124 ], [ 10832295.411223692819476, 577632.086139915045351 ], [ 10832267.637010740116239, 577606.701742419740185 ], [ 10832250.026267295703292, 577592.070229030447081 ], [ 10832228.819904299452901, 577579.081829310045578 ], [ 10832174.629576181992888, 577557.889058302738704 ], [ 10832133.73079526424408, 577548.030398007715121 ], [ 10832107.448263486847281, 577543.704659741139039 ], [ 10832058.779382113367319, 577546.096670016180724 ], [ 10832042.660319847986102, 577547.885088966111653 ], [ 10832033.999663462862372, 577551.014822237426415 ], [ 10832026.54125758074224, 577558.481472173822112 ], [ 10831987.724151140078902, 577620.886153633706272 ], [ 10831978.61821679212153, 577611.631076490157284 ], [ 10831959.059382259845734, 577589.532908071181737 ], [ 10831940.391103655099869, 577567.893029056605883 ], [ 10831906.204888032749295, 577535.489111049682833 ], [ 10831839.324137963354588, 577488.911997962393798 ], [ 10831748.554225170984864, 577438.758083077846095 ], [ 10831592.695806110277772, 577350.969256930984557 ], [ 10831251.123080560937524, 577143.15585718723014 ], [ 10831056.447555063292384, 577019.543389506172389 ], [ 10830845.64183534681797, 576912.049117100657895 ], [ 10830541.984528359025717, 576752.914972270838916 ], [ 10830295.055633883923292, 576633.774176263483241 ], [ 10829726.558126350864768, 576404.46866816165857 ], [ 10829599.364476170390844, 576359.077107795630582 ], [ 10829543.827182212844491, 576342.355673540849239 ], [ 10829490.672125359997153, 576332.810150677105412 ], [ 10829416.032406782731414, 576323.845855202293023 ], [ 10829278.686419041827321, 576305.336041704635136 ], [ 10829209.412299921736121, 576291.598991217557341 ], [ 10829095.354349654167891, 576267.712848752853461 ], [ 10828994.432099301367998, 576252.77982227539178 ], [ 10828858.57779273763299, 576245.615100360591896 ], [ 10828830.814711734652519, 576247.112873680656776 ], [ 10828783.637511536478996, 576253.685192802804522 ], [ 10828752.278810979798436, 576255.171788879320957 ], [ 10828725.706848526373506, 576251.88562917301897 ], [ 10828705.402173405513167, 576241.73653825384099 ], [ 10828685.999186160042882, 576222.030763454735279 ], [ 10828643.00759881734848, 576163.2152617610991 ], [ 10828595.830398619174957, 576113.05110964376945 ], [ 10828526.255716871470213, 576062.29459172510542 ], [ 10828392.794779360294342, 575988.836863648844883 ], [ 10828283.211872624233365, 575940.763002212392166 ], [ 10828233.941866, 575918.374744468019344 ], [ 10828199.009809786453843, 575902.245814293157309 ], [ 10828171.536159459501505, 575886.128065146738663 ], [ 10827998.36755958199501, 575896.869505050824955 ], [ 10827989.406340572983027, 575921.359099934343249 ], [ 10827986.422978220507503, 575935.38669004640542 ], [ 10827980.745684189721942, 575986.74669508181978 ], [ 10827964.927184546366334, 576061.691013003932312 ], [ 10827954.774846985936165, 576088.270836385549046 ], [ 10827941.62801512517035, 576104.690421079867519 ], [ 10827908.788765339180827, 576120.215818142867647 ], [ 10827864.004934193566442, 576127.972929253708571 ], [ 10827808.467640237882733, 576126.184546213364229 ], [ 10827771.14221497438848, 576122.607780267950147 ], [ 10827736.510721389204264, 576114.537702767411247 ], [ 10827691.125764992088079, 576093.043581169564277 ], [ 10827594.97912079282105, 576043.18126804754138 ], [ 10827315.800969833508134, 575863.43803615658544 ], [ 10826847.624587403610349, 575565.450448063202202 ], [ 10826613.54196216352284, 575422.727579320664518 ], [ 10826392.583904888480902, 575288.95798405376263 ], [ 10826154.916792046278715, 575158.77653551264666 ], [ 10825762.582378692924976, 574941.714842210407369 ], [ 10825608.805634111166, 574862.289653257816099 ], [ 10825466.984602840617299, 574793.315219188807532 ], [ 10825266.331220686435699, 574708.513977200724185 ], [ 10825139.738695755600929, 574659.546810857253149 ], [ 10824933.118588894605637, 574585.498147099395283 ], [ 10824753.972132358700037, 574537.134631351218559 ], [ 10824601.097075654193759, 574511.449560579261743 ], [ 10824438.670806638896465, 574494.136173904524185 ], [ 10824275.042287120595574, 574483.987334614270367 ], [ 10824226.673968371003866, 574491.744266716530547 ], [ 10824169.945555863901973, 574508.465264447149821 ], [ 10824143.073030784726143, 574512.645514495088719 ], [ 10824101.862555293366313, 574508.465264447149821 ], [ 10824002.732548743486404, 574480.399474375415593 ], [ 10823930.475067269057035, 574461.890142190852202 ], [ 10823898.236942734569311, 574461.297754223574884 ], [ 10823861.212080094963312, 574469.647071878891438 ], [ 10823841.508530225604773, 574485.775676234276034 ], [ 10823820.602729855105281, 574522.805535022518598 ], [ 10823771.032160604372621, 574612.971589485299774 ], [ 10823742.667954351752996, 574636.555391064262949 ], [ 10823720.582167377695441, 574645.217689820216037 ], [ 10823699.976929632946849, 574646.111862655379809 ], [ 10823666.536554597318172, 574639.550869740429334 ], [ 10823569.788785150274634, 574614.167545111500658 ], [ 10823411.247566360980272, 574566.39639867155347 ], [ 10823383.183922732248902, 574560.126018944662064 ], [ 10823352.726910050958395, 574557.141720766667277 ], [ 10823300.172978447750211, 574558.930064229061827 ], [ 10823285.846159983426332, 574555.945766101242043 ], [ 10823313.609240988269448, 574443.97320264892187 ], [ 10823313.609240988269448, 574426.358050026814453 ], [ 10823309.724190758541226, 574410.531241499236785 ], [ 10823296.889053467661142, 574394.704436498810537 ], [ 10823259.864190831780434, 574372.316666805301793 ], [ 10823096.24680326320231, 574292.892114927642979 ], [ 10822907.538002470508218, 574198.546235065208748 ], [ 10822674.646495781838894, 574062.38705441262573 ], [ 10822426.225920125842094, 573932.207855189102702 ], [ 10822245.877213094383478, 573842.635047626798041 ], [ 10821990.298794182017446, 573733.94965130998753 ], [ 10821719.180174354463816, 573613.919767139712349 ], [ 10821397.912123925983906, 573491.498212048900314 ], [ 10821168.593972891569138, 573422.223330653621815 ], [ 10820967.95172268524766, 573373.860606559086591 ], [ 10820851.199840741232038, 573348.477734016487375 ], [ 10820787.603015651926398, 573334.439478146494366 ], [ 10820718.930021781474352, 573323.698425963637419 ], [ 10820661.60048402287066, 573315.930444386089221 ], [ 10820615.02440907433629, 573306.675929311546497 ], [ 10820594.12974065169692, 573302.641050531412475 ], [ 10820574.570906119421124, 573297.868493377813138 ], [ 10820563.216318059712648, 573293.833615097333677 ], [ 10820547.241971131414175, 573286.523891592747532 ], [ 10820535.753799680620432, 573281.594858277356252 ], [ 10820509.32655256614089, 573272.34034766885452 ], [ 10820477.077296083793044, 573262.784060803707689 ], [ 10820446.620283402502537, 573255.619640732533298 ], [ 10820408.404302211478353, 573250.24353191733826 ], [ 10820347.490276850759983, 573239.491315505467355 ], [ 10820282.401770584285259, 573229.935033051879145 ], [ 10820151.623632799834013, 573207.245852952240966 ], [ 10819964.67367996275425, 573186.020858018891886 ], [ 10819725.247719164937735, 573161.263960394426249 ], [ 10819466.084812646731734, 573129.018533287104219 ], [ 10819266.032555744051933, 573110.509552958072163 ], [ 10819107.17964238114655, 573101.545664456207305 ], [ 10818908.329635977745056, 573101.847441232879646 ], [ 10818848.907291792333126, 573104.831678314716555 ], [ 10818789.496079554781318, 573109.01184582291171 ], [ 10818663.972221735864878, 573115.326805225107819 ], [ 10818628.260929090902209, 573116.478027973207645 ], [ 10818561.380179021507502, 573119.160488817142323 ], [ 10818498.07278460636735, 573117.372181576443836 ], [ 10818454.480072012171149, 573114.086167139234021 ], [ 10818410.887359417974949, 573114.387943968875334 ], [ 10818335.646515591070056, 573120.658196165692061 ], [ 10818311.824144562706351, 573018.288853741367348 ], [ 10817753.879724755883217, 572231.96442866162397 ], [ 10817719.392946509644389, 572185.211968334508128 ], [ 10817696.249624371528625, 571965.331635529990308 ], [ 10817794.622658386826515, 571907.458502510446124 ], [ 10817788.834044866263866, 571751.230337345506996 ], [ 10817904.561787495389581, 571631.919102372718044 ], [ 10817939.282336672767997, 571383.104127002879977 ], [ 10817887.207078879699111, 571226.865933107212186 ], [ 10817707.826851416379213, 570937.537260978133418 ], [ 10817916.139014536514878, 570746.585673429421149 ], [ 10817852.48652970045805, 570520.909160860814154 ], [ 10817817.765980521216989, 570277.876292397151701 ], [ 10817788.834044866263866, 569375.180428346502595 ], [ 10817719.392946509644389, 569213.15729231631849 ], [ 10817615.242430921643972, 569091.637386639951728 ], [ 10817493.714942824095488, 569074.280610160087235 ], [ 10817381.816590677946806, 568970.777087000780739 ], [ 10817300.809397228062153, 568837.690171981696039 ], [ 10817300.809397228062153, 568733.52759254432749 ], [ 10817404.971044763922691, 568519.424791369587183 ], [ 10817607.494594361633062, 568212.739316373597831 ], [ 10817775.308726733550429, 567888.698661971837282 ], [ 10817873.670628797262907, 567582.004704839317128 ], [ 10817987.171981612220407, 566668.982684824382886 ], [ 10817970.039911977946758, 566673.073069159756415 ], [ 10817951.816911336034536, 566676.213501006714068 ], [ 10817919.422939512878656, 566680.627987286890857 ], [ 10817771.323488961905241, 566708.757770777214319 ], [ 10817625.160997550934553, 566733.892417769529857 ], [ 10817549.719778642058372, 566746.789434351492673 ], [ 10817475.58099777251482, 566759.664101390051655 ], [ 10817471.161613989621401, 566760.591703357757069 ], [ 10817335.9974882658571, 566783.804108295822516 ], [ 10817254.044079147279263, 566797.606384401209652 ], [ 10817250.771286116912961, 566798.589866524329409 ], [ 10817194.91116563603282, 566808.268225407460704 ], [ 10816892.467241099104285, 566860.951601325301453 ], [ 10816848.084160121157765, 566866.371933874324895 ], [ 10816697.290777891874313, 566895.004707641317509 ], [ 10816372.460503756999969, 566949.822754782042466 ], [ 10816349.773591535165906, 566952.247937445295975 ], [ 10816318.281307589262724, 566953.589052316965535 ], [ 10816287.557128129526973, 566952.773207433638163 ], [ 10816253.337516659870744, 566949.856282652588561 ], [ 10816224.628219982609153, 566946.659959081909619 ], [ 10816063.738159939646721, 566924.933903329423629 ], [ 10815900.777557369321585, 566905.130117485183291 ], [ 10815692.899540260434151, 566887.963860576506704 ], [ 10815500.005126614123583, 566887.785045422031544 ], [ 10815405.205448254942894, 566892.601878803689033 ], [ 10815389.899018270894885, 566894.01004825218115 ], [ 10815334.306064568459988, 566900.592681992566213 ], [ 10815266.646078063175082, 566911.813335800659843 ], [ 10815210.162568436935544, 566922.307554441853426 ], [ 10815173.360344780609012, 566931.941226150258444 ], [ 10815147.200264442712069, 566942.044289281126112 ], [ 10815122.309226302430034, 566956.125994684523903 ], [ 10815101.403425930067897, 566970.46474992367439 ], [ 10815059.903519762679935, 566998.527590933605097 ], [ 10814984.963238559663296, 567051.95989633735735 ], [ 10814830.897063301876187, 567167.821298139286228 ], [ 10814680.537827089428902, 567286.342776715522632 ], [ 10814590.48035903647542, 567353.521798659814522 ], [ 10814590.213192258030176, 567330.197449706611224 ], [ 10814584.725141363218427, 567306.191371575230733 ], [ 10814582.665730783715844, 567280.117739929351956 ], [ 10814584.04609246738255, 567253.373557498678565 ], [ 10814592.272602837532759, 567198.488223037100397 ], [ 10814614.224806424230337, 567072.959552015876397 ], [ 10814616.963265895843506, 567050.328204348799773 ], [ 10814615.594036160036922, 567031.116710361442529 ], [ 10814612.922368381172419, 567017.560260740108788 ], [ 10814607.066963164135814, 567006.060191300231963 ], [ 10814600.231946429237723, 566997.778801326057874 ], [ 10814590.157532515004277, 566989.597995971911587 ], [ 10814530.96895925886929, 566942.848958086920902 ], [ 10814470.611531350761652, 566895.138819020590745 ], [ 10814355.484913973137736, 566799.539820860489272 ], [ 10814334.412134366109967, 566782.977089406689629 ], [ 10814324.059421721845865, 566785.547553552431054 ], [ 10814317.035161852836609, 566786.687498550745659 ], [ 10814306.91622013784945, 566790.342028226121329 ], [ 10814266.574036674574018, 566808.927605563541874 ], [ 10814228.235604045912623, 566823.691017079749145 ], [ 10814216.858752086758614, 566825.501518927747384 ], [ 10814208.999596036970615, 566824.70802737143822 ], [ 10814133.55837712623179, 566816.694880737457424 ], [ 10814064.172938514500856, 566810.50341240153648 ], [ 10813963.929737055674195, 566797.204050809377804 ], [ 10813929.632201941683888, 566790.342028226121329 ], [ 10813896.02484767138958, 566784.172914019552991 ], [ 10813871.323052665218711, 566782.116542734904215 ], [ 10813843.882798183709383, 566784.172914019552991 ], [ 10813821.941726548597217, 566786.229285362991504 ], [ 10813786.263829750940204, 566796.522318894742057 ], [ 10813732.763682475313544, 566807.49708591052331 ], [ 10813695.037507044151425, 566821.209959065890871 ], [ 10813622.323615659028292, 566860.996305097127333 ], [ 10813568.812336433678865, 566891.86426624644082 ], [ 10813560.363187083974481, 566896.010542992502451 ], [ 10813555.164566863328218, 566896.569340415881015 ], [ 10813551.658002901822329, 566895.85407971474342 ], [ 10813549.075390715152025, 566894.021224200259894 ], [ 10813545.179208537563682, 566868.193612740258686 ], [ 10813545.090152945369482, 566858.470542026683688 ], [ 10813542.48527686111629, 566847.12696118792519 ], [ 10813537.731934605166316, 566831.01125631283503 ], [ 10813518.696301678195596, 566763.016879642847925 ], [ 10813513.508813409134746, 566759.820564371766523 ], [ 10813347.587112380191684, 566805.865399466245435 ], [ 10813278.023562584072351, 566854.961296137655154 ], [ 10813306.666067564859986, 566973.627546670497395 ], [ 10813159.368117347359657, 567055.45797586243134 ], [ 10813151.186134774237871, 567174.113381153671071 ], [ 10813179.828639755025506, 567300.96099807380233 ], [ 10813167.550099920481443, 567448.26097855262924 ], [ 10813115.964647887274623, 567575.679057961911894 ], [ 10813176.722825963050127, 567668.272725520655513 ], [ 10813139.107970023527741, 567723.236651245504618 ], [ 10813043.640374718233943, 567766.633371393196285 ], [ 10812612.533382723107934, 567760.855336319888011 ], [ 10812595.178674109280109, 567865.005328037892468 ], [ 10812407.115526363253593, 567876.583767606411129 ], [ 10812375.289283944293857, 568038.603884680895135 ], [ 10812227.735298898071051, 568038.603884680895135 ], [ 10811753.391816679388285, 568426.841202403767966 ], [ 10811710.867771197110415, 568424.114212941727601 ], [ 10811662.833410918712616, 568438.229737384011969 ], [ 10811627.188909966498613, 568450.802950330195017 ], [ 10811598.724516171962023, 568468.450156928040087 ], [ 10811523.539332088083029, 568519.50302477623336 ], [ 10811454.665963135659695, 568580.625693896086887 ], [ 10811436.064476223662496, 568605.760995686636306 ], [ 10811421.258983947336674, 568619.19480665831361 ], [ 10811393.54043073952198, 568634.863863898208365 ], [ 10811380.44925862364471, 568644.162478657555766 ], [ 10811348.600752308964729, 568673.254186224658042 ], [ 10811325.869312288239598, 568685.480977329309098 ], [ 10811292.662708181887865, 568694.053143816418014 ], [ 10811257.686124175786972, 568706.838749972288497 ], [ 10811224.624235410243273, 568721.636080221855082 ], [ 10811186.753344643861055, 568745.06146728200838 ], [ 10811169.532219419255853, 568760.384088625200093 ], [ 10811154.415032567456365, 568780.613083158736117 ], [ 10811134.065829651430249, 568794.985731361317448 ], [ 10811115.809433160349727, 568814.443574614124373 ], [ 10811105.133893994614482, 568828.391532130306587 ], [ 10811102.206191387027502, 568839.411314586410299 ], [ 10811102.384302571415901, 568860.422669195919298 ], [ 10811096.528897356241941, 568865.239634870085865 ], [ 10811001.695823149755597, 568914.1916477807099 ], [ 10810932.866981990635395, 568940.534103263751604 ], [ 10810894.150063093751669, 568964.395436377031729 ], [ 10810849.945093300193548, 568984.848013938288204 ], [ 10810821.536359248682857, 568980.86926068784669 ], [ 10810801.287343874573708, 568946.155765572446398 ], [ 10810762.058355318382382, 568925.692022785544395 ], [ 10810700.687920043244958, 568929.782535622594878 ], [ 10810697.292675573378801, 568930.039589715772308 ], [ 10810649.247183348983526, 568933.638347117113881 ], [ 10810565.969072286039591, 568933.638347117113881 ], [ 10810554.035622872412205, 568937.04710817639716 ], [ 10810534.799614863470197, 568964.808958379202522 ], [ 10810516.287183545529842, 568965.05483632767573 ], [ 10810478.060070406645536, 568953.364458442432806 ], [ 10810474.753881528973579, 568953.867390530183911 ], [ 10810457.365777067840099, 568956.527342519606464 ], [ 10810442.5157569963485, 568963.836622864357196 ], [ 10810439.977672606706619, 568966.474222682416439 ], [ 10810430.337404703721404, 568976.499338130699471 ], [ 10810413.04948778450489, 568985.015658040996641 ], [ 10810386.510921178385615, 568990.860849325777963 ], [ 10810361.185737021267414, 568991.833185207215138 ], [ 10810302.987907234579325, 568983.316864487132989 ], [ 10810278.876105530187488, 568991.352605402120389 ], [ 10810259.851604552939534, 569010.128749020863324 ], [ 10810209.735569797456264, 569023.082055729231797 ], [ 10810171.096574543043971, 569032.011903563630767 ], [ 10810065.176079055294394, 569061.472585909767076 ], [ 10809972.714110001921654, 569093.313830179977231 ], [ 10809938.795061156153679, 569112.604110002401285 ], [ 10809905.432609766721725, 569118.449311692034826 ], [ 10809866.481919936835766, 569143.048339705914259 ], [ 10809818.503219405189157, 569162.282751409104094 ], [ 10809753.269997799769044, 569191.609371635247953 ], [ 10809583.107024172320962, 569271.520002138800919 ], [ 10809357.095062015578151, 569293.973228901973926 ], [ 10809290.548270419239998, 569331.59273759718053 ], [ 10809244.250494198873639, 569383.663266629213467 ], [ 10809209.529945019632578, 569458.89122162561398 ], [ 10809212.424251781776547, 569531.2245786676649 ], [ 10809233.140809016302228, 569562.820151709252968 ], [ 10809275.008069505915046, 569579.092939018504694 ], [ 10809295.457459963858128, 569596.371603217208758 ], [ 10809312.155383583158255, 569603.502126915496774 ], [ 10809319.569261668249965, 569615.371432828251272 ], [ 10809319.034928113222122, 569631.007178742205724 ], [ 10809312.266703074797988, 569644.832355064456351 ], [ 10809301.112490095198154, 569656.276965453987941 ], [ 10809284.993427827954292, 569667.967458033701405 ], [ 10809260.6367232427001, 569721.289987115655094 ], [ 10809259.222965709865093, 569729.694631666876376 ], [ 10809262.584814332425594, 569736.143408806994557 ], [ 10809276.956160593777895, 569743.206888074171729 ], [ 10809281.587051412090659, 569749.778606752166525 ], [ 10809277.69086923263967, 569757.087968031293713 ], [ 10809268.184184720739722, 569767.806130644865334 ], [ 10809268.351163955405354, 569774.232558424584568 ], [ 10809268.429087599739432, 569777.060186830465682 ], [ 10809273.549784176051617, 569788.985403509926982 ], [ 10809283.768913431093097, 569802.86649234383367 ], [ 10809282.700246319174767, 569808.678221157286316 ], [ 10809268.184184720739722, 569829.164568988257088 ], [ 10809252.610587956383824, 569841.324498897069134 ], [ 10809244.573320722207427, 569850.589740995434113 ], [ 10809240.922041425481439, 569861.307917608995922 ], [ 10809237.994338816031814, 569879.816055352333933 ], [ 10809240.922041425481439, 569896.368325105635449 ], [ 10809249.193079590797424, 569914.876471915165894 ], [ 10809253.579067528247833, 569931.674631043337286 ], [ 10809250.662496868520975, 569943.856931214104407 ], [ 10809244.083514962345362, 569962.845676625147462 ], [ 10809241.400715233758092, 570005.830224283854477 ], [ 10809234.343059519305825, 570022.628404761664569 ], [ 10809231.415356911718845, 570037.481888988404535 ], [ 10809221.251887399703264, 570093.431158233317547 ], [ 10809212.71368245780468, 570108.385245197336189 ], [ 10809199.522322798147798, 570118.332285342388786 ], [ 10809167.863059617578983, 570133.185789436800405 ], [ 10809154.938866736367345, 570140.640483775059693 ], [ 10809144.007292738184333, 570154.119288403657265 ], [ 10809138.40792235173285, 570172.146914152661338 ], [ 10809129.880849357694387, 570192.59983665344771 ], [ 10809131.372530533000827, 570208.761002503219061 ], [ 10809132.563649086281657, 570221.815114236902446 ], [ 10809126.953146750107408, 570237.886874934541993 ], [ 10809117.947399944067001, 570256.64099246985279 ], [ 10809111.234834650531411, 570275.3727619725978 ], [ 10809110.644841348752379, 570295.602184427320026 ], [ 10809107.962041622027755, 570303.883955160272308 ], [ 10809090.184318941086531, 570317.753967402153648 ], [ 10809068.031740272417665, 570321.654559564660303 ], [ 10809056.209610352292657, 570325.923975872108713 ], [ 10809056.209610352292657, 570340.106933968374506 ], [ 10809046.112932536751032, 570367.96991657523904 ], [ 10809024.928833438083529, 570385.204065282247029 ], [ 10809009.288444982841611, 570395.329967821598984 ], [ 10809002.219657314941287, 570411.032943138270639 ], [ 10808995.662939308211207, 570440.415957460179925 ], [ 10808985.065323784947395, 570455.616000037523918 ], [ 10808940.15904119797051, 570474.86194093641825 ], [ 10808913.40896756015718, 570487.536099967430346 ], [ 10808903.323421694338322, 570504.759100981755182 ], [ 10808860.932959601283073, 570516.405026147258468 ], [ 10808841.262805579230189, 570531.605084878974594 ], [ 10808825.611285170540214, 570579.731174502172507 ], [ 10808807.455076223239303, 570601.514220145181753 ], [ 10808760.021841198205948, 570616.714296973193996 ], [ 10808692.907320197671652, 570685.103506159270182 ], [ 10808652.542872834950686, 570717.023708560387604 ], [ 10808625.803931148722768, 570752.989836050313897 ], [ 10808591.996201794594526, 570760.589890167000704 ], [ 10808550.117809358984232, 570786.933025177684613 ], [ 10808506.725471846759319, 570830.499249403481372 ], [ 10808473.418680200353265, 570879.642608097638004 ], [ 10808437.095130354166031, 570916.625885770423338 ], [ 10808404.289276419207454, 570948.535015013068914 ], [ 10808388.147950254380703, 570982.992419968708418 ], [ 10808376.036389654502273, 570982.478297035093419 ], [ 10808352.826275825500488, 570970.318173073697835 ], [ 10808343.241667667403817, 570982.992419968708418 ], [ 10808326.588271845132113, 571020.47869775572326 ], [ 10808314.977648954838514, 571061.00502974097617 ], [ 10808285.711754824966192, 571079.748186645680107 ], [ 10808269.069490950554609, 571091.908329235739075 ], [ 10808269.069490950554609, 571113.691531019052491 ], [ 10808293.793549856171012, 571134.971792024094611 ], [ 10808317.504601396620274, 571149.154910679673776 ], [ 10808314.977648954838514, 571163.338032152038068 ], [ 10808296.309370350092649, 571199.304384337621741 ], [ 10808287.960408538579941, 571216.549910160712898 ], [ 10808289.75265233963728, 571224.910023983567953 ], [ 10808301.697233702987432, 571235.650759890209883 ], [ 10808309.456202212721109, 571247.598573114140891 ], [ 10808302.888352252542973, 571257.154589807149023 ], [ 10808248.553308798000216, 571276.266627029981464 ], [ 10808225.265271324664354, 571299.547554137185216 ], [ 10808197.190495746210217, 571321.051403298391961 ], [ 10808127.326383324339986, 571373.603976685553789 ], [ 10808115.982927212491632, 571327.019728486193344 ], [ 10808092.093764489516616, 571313.283639990375377 ], [ 10808062.237877057865262, 571346.724146459833719 ], [ 10808032.97198292799294, 571359.867879226687364 ], [ 10807994.756001740694046, 571379.572306266753003 ], [ 10807973.850201368331909, 571413.01284378732089 ], [ 10807949.371045341715217, 571441.680964126833715 ], [ 10807914.739551756531, 571463.777219122741371 ], [ 10807859.792251102626324, 571490.042376852710731 ], [ 10807845.4654326364398, 571520.498795258579776 ], [ 10807810.833939049392939, 571550.362862917478196 ], [ 10807754.695519844070077, 571624.408369009965099 ], [ 10807729.014113318175077, 571664.420915977912955 ], [ 10807732.598600920289755, 571702.041671945131384 ], [ 10807732.598600920289755, 571735.482360569294542 ], [ 10807723.047388609498739, 571776.690877769491635 ], [ 10807726.631876213476062, 571849.540709566324949 ], [ 10807727.399980699643493, 571930.504924130509607 ], [ 10807727.822994766756892, 571974.351264778641053 ], [ 10807717.069531954824924, 572035.856895881006494 ], [ 10807721.255144810304046, 572073.477847759961151 ], [ 10807719.462901005521417, 572112.887101467465982 ], [ 10807694.382619731128216, 572143.94733123970218 ], [ 10807680.645794568583369, 572166.636172623606399 ], [ 10807663.925607049837708, 572255.010955171892419 ], [ 10807628.09186296351254, 572325.480618106201291 ], [ 10807609.579431645572186, 572343.397024090052582 ], [ 10807573.756819508969784, 572387.590099654044025 ], [ 10807365.344468845054507, 572504.633703820989467 ], [ 10807334.286330914124846, 572527.322660031495616 ], [ 10807302.638199679553509, 572545.831488774274476 ], [ 10807278.159043656662107, 572569.716379349119961 ], [ 10807257.25324328429997, 572580.468494612723589 ], [ 10807233.965205809101462, 572580.468494612723589 ], [ 10807211.868286887183785, 572572.711770964204334 ], [ 10807183.203518008813262, 572578.680200901348144 ], [ 10807158.123236732557416, 572598.384964712546207 ], [ 10807090.051368111744523, 572640.778726319200359 ], [ 10807039.289680309593678, 572654.515070517081767 ], [ 10807020.187255689874291, 572678.399997533182614 ], [ 10807019.586130442097783, 572702.296109414077364 ], [ 10807007.64154907874763, 572729.165273789083585 ], [ 10806981.960142552852631, 572757.230372693273239 ], [ 10806944.345286613330245, 572791.263930408400483 ], [ 10806918.663880087435246, 572816.948379807756282 ], [ 10806897.769211664795876, 572847.405365101061761 ], [ 10806883.43126125074923, 572888.010973462136462 ], [ 10806844.614154811948538, 572933.992689502658322 ], [ 10806825.511730192229152, 572977.582578993402421 ], [ 10806820.724992087110877, 573024.760281772352755 ], [ 10806792.07135515846312, 573055.217355967499316 ], [ 10806769.974436234682798, 573089.854609578032978 ], [ 10806734.140692150220275, 573163.901715216692537 ], [ 10806725.179473139345646, 573202.115640326519497 ], [ 10806708.459285624325275, 573236.16058767423965 ], [ 10806691.739098103716969, 573257.061466242652386 ], [ 10806661.282085424289107, 573297.063753093010746 ], [ 10806648.747510762885213, 573325.732631351449527 ], [ 10806638.995923368260264, 573338.619659143034369 ], [ 10806628.84358580596745, 573349.673668362782337 ], [ 10806615.106760641559958, 573371.46873707335908 ], [ 10806601.369935480877757, 573387.8876932450803 ], [ 10806592.119285793974996, 573398.036376014351845 ], [ 10806577.681147838011384, 573409.928666916443035 ], [ 10806542.448529003188014, 573433.813847413519397 ], [ 10806516.177129175513983, 573460.694464911706746 ], [ 10806503.631422562524676, 573480.399472881690599 ], [ 10806458.847591416910291, 573538.922149268677458 ], [ 10806454.071985261514783, 573550.85917167912703 ], [ 10806417.648247875273228, 573597.444873812259175 ], [ 10806397.933566054329276, 573618.345858534914441 ], [ 10806372.263291478157043, 573633.267153525841422 ], [ 10806339.412909744307399, 573655.364088264177553 ], [ 10806322.102728925645351, 573673.873210355523042 ], [ 10806305.972534710541368, 573684.62549243029207 ], [ 10806292.235709546133876, 573682.837170974584296 ], [ 10806261.789828814566135, 573619.530620419769548 ], [ 10806248.053003650158644, 573611.773783532087691 ], [ 10806218.185984268784523, 573618.345858534914441 ], [ 10806174.003278374671936, 573641.627550889388658 ], [ 10806155.490847056731582, 573658.348348565283231 ], [ 10806142.355147143825889, 573681.048849563812837 ], [ 10806136.978415736928582, 573703.738180797547102 ], [ 10806133.995053382590413, 573725.231578590231948 ], [ 10806126.22495292685926, 573741.360013962374069 ], [ 10806105.920277805998921, 573751.508747174055316 ], [ 10806092.784577893093228, 573763.456982294097543 ], [ 10806088.610096987336874, 573787.934663881547749 ], [ 10806081.441121781244874, 573805.259055486763828 ], [ 10806067.704296616837382, 573814.211855641915463 ], [ 10806062.327565209940076, 573815.731931685237214 ], [ 10806036.657290633767843, 573821.376331983949058 ], [ 10805981.119996678084135, 573848.8494788473472 ], [ 10805971.557652419432998, 573867.358651313115843 ], [ 10805966.78204626403749, 573901.392740075127222 ], [ 10805930.959434125572443, 573928.273534343461506 ], [ 10805910.654759004712105, 573947.978671901626512 ], [ 10805899.311302894726396, 573968.879759683972225 ], [ 10805887.366721531376243, 574005.305787789053284 ], [ 10805879.006627773866057, 574020.238341067219153 ], [ 10805853.926346495747566, 574043.52016505098436 ], [ 10805840.779514634981751, 574065.61722732312046 ], [ 10805829.436058523133397, 574115.779931372031569 ], [ 10805785.843345927074552, 574136.681068511796184 ], [ 10805768.522033160552382, 574153.994368049898185 ], [ 10805768.522033160552382, 574191.616439565084875 ], [ 10805761.954183204099536, 574201.776414166321047 ], [ 10805712.995871150866151, 574228.646144977770746 ], [ 10805701.641283091157675, 574251.928037256468087 ], [ 10805689.10670842975378, 574270.448491820483468 ], [ 10805657.458577195182443, 574290.153724278323352 ], [ 10805563.104176798835397, 574400.024746260722168 ], [ 10805538.613888826221228, 574436.450995442573912 ], [ 10805523.685945110395551, 574450.791251473943703 ], [ 10805480.694357763975859, 574534.39623128331732 ], [ 10805480.694357763975859, 574554.693925725412555 ], [ 10805477.710995411500335, 574589.924299019156024 ], [ 10805463.37304499745369, 574640.690940015949309 ], [ 10805459.19856409355998, 574667.56083691038657 ], [ 10805453.821832688525319, 574690.842873101937585 ], [ 10805441.877251325175166, 574711.744179500616156 ], [ 10805411.420238645747304, 574737.429322745418176 ], [ 10805404.852388687431812, 574753.546810763888061 ], [ 10805404.852388687431812, 574772.067396175698377 ], [ 10805412.611357195302844, 574797.148993297945708 ], [ 10805407.835751041769981, 574805.498350456240587 ], [ 10805401.267901085317135, 574824.611340420437045 ], [ 10805401.869026333093643, 574870.001917919027619 ], [ 10805395.301176378503442, 574886.119436047622003 ], [ 10805360.658550843596458, 574921.349973859498277 ], [ 10805352.899582333862782, 574939.26703390525654 ], [ 10805354.090700887143612, 574967.333005430060439 ], [ 10805363.675309043377638, 575026.15869184746407 ], [ 10805312.724378107115626, 575088.538786161225289 ], [ 10805300.245463188737631, 575144.682035673642531 ], [ 10805255.539555687457323, 575212.259655148722231 ], [ 10805236.826749283820391, 575256.968668033950962 ], [ 10805171.326360901817679, 575331.833973234286532 ], [ 10805132.854344883933663, 575364.058045777142979 ], [ 10805048.630018150433898, 575411.885615759063512 ], [ 10804990.409924464300275, 575457.634242339874618 ], [ 10804932.189830780029297, 575510.65931825269945 ], [ 10804871.876930667087436, 575560.56596577889286 ], [ 10804811.575162503868341, 575619.839236929430626 ], [ 10804790.780681625008583, 575671.824943233747035 ], [ 10804751.273394342511892, 575740.442557209054939 ], [ 10804576.601981339976192, 576074.198506447137333 ], [ 10804558.924446200951934, 576114.738895824062638 ], [ 10804514.218538697808981, 576175.052129041170701 ], [ 10804487.179034383967519, 576189.605107389623299 ], [ 10804431.040615176782012, 576236.393735469086096 ], [ 10804343.699342701584101, 576279.02439485816285 ], [ 10804327.068210776895285, 576303.972396215889603 ], [ 10804338.500722480937839, 576338.287089867866598 ], [ 10804343.699342701584101, 576382.996813397039659 ], [ 10804466.38455350510776, 576602.376658684457652 ], [ 10804635.868478236719966, 576916.374816702562384 ], [ 10804709.68443258292973, 576997.46776132134255 ], [ 10804781.4298443980515, 577106.638795905397274 ], [ 10804783.50038692727685, 577197.09875603124965 ], [ 10804764.787580523639917, 577230.363191590062343 ], [ 10804750.149067485705018, 577241.898443061159924 ], [ 10804724.245021978393197, 577253.243677691556513 ], [ 10804676.054814411327243, 577299.172335808281787 ], [ 10804668.529616836458445, 577313.513171411585063 ], [ 10804662.997038142755628, 577331.341416145907715 ], [ 10804662.151010014116764, 577358.804746147477999 ], [ 10804658.855953086167574, 577380.254542043083347 ], [ 10804641.178417949005961, 577440.267059270991012 ], [ 10804614.317024821415544, 577505.834900388959795 ], [ 10804527.732724880799651, 577641.061778905452229 ], [ 10804394.650273637846112, 577729.432203277945518 ], [ 10804364.493823580443859, 577778.300894250278361 ], [ 10804318.752644814550877, 577808.458214019890875 ], [ 10804241.808612778782845, 577905.145037728012539 ], [ 10804179.425170138478279, 577946.737179162329994 ], [ 10804132.63758815638721, 577982.092195305158384 ], [ 10804081.686657221987844, 578043.43536998576019 ], [ 10804061.938579555600882, 578100.620491199893877 ], [ 10804056.739959333091974, 578161.963768918300048 ], [ 10804066.090796560049057, 578221.228043052949943 ], [ 10804073.371091259643435, 578268.006838537170552 ], [ 10804069.641888316720724, 578309.833926383871585 ], [ 10804068.172471037134528, 578326.231671759393066 ], [ 10804049.459664637222886, 578364.705469671403989 ], [ 10804041.144098673015833, 578408.376944389427081 ], [ 10804019.303214579820633, 578492.590199788217433 ], [ 10803981.877601776272058, 578641.277029271703213 ], [ 10803960.04784963093698, 578709.897526413784362 ], [ 10803909.096918694674969, 578815.941420040209778 ], [ 10803846.713476054370403, 578896.008186456863768 ], [ 10803809.287863248959184, 578940.708351521287113 ], [ 10803154.261715523898602, 579414.829177611158229 ], [ 10803070.037388790398836, 579468.896770888008177 ], [ 10803028.448427028954029, 579477.213146166293882 ], [ 10802907.844890702515841, 579451.213298763264902 ], [ 10802834.028936360031366, 579451.213298763264902 ], [ 10802734.208748964592814, 579429.382823815569282 ], [ 10802691.584515940397978, 579425.224638878600672 ], [ 10802652.077228657901287, 579413.789631568826735 ], [ 10802570.969847666099668, 579415.868723668856546 ], [ 10802481.558032659813762, 579384.671170705696568 ], [ 10802402.54345809482038, 579391.947990314569324 ], [ 10802282.975193034857512, 579372.196624554111622 ], [ 10802147.811067312955856, 579377.39435184863396 ], [ 10802092.696787420660257, 579355.563899790286086 ], [ 10802042.792259698733687, 579370.117533743730746 ], [ 10802000.168026674538851, 579373.236169982468709 ], [ 10801912.826754195615649, 579348.28708394151181 ], [ 10801818.216318972408772, 579368.038442994933575 ], [ 10801713.197511358186603, 579348.28708394151181 ], [ 10801646.661851711571217, 579352.445264334441163 ], [ 10801548.923338795080781, 579338.931178955477662 ], [ 10801461.593198265880346, 579296.298671853961423 ], [ 10801402.326701369136572, 579289.021862130030058 ], [ 10801347.22355342656374, 579279.665965018095449 ], [ 10801262.999226691201329, 579243.270754624041729 ], [ 10801186.066326603293419, 579222.479887348716147 ], [ 10801139.278744623064995, 579223.519430566811934 ], [ 10801072.731953028589487, 579268.219803456217051 ], [ 10800973.958168847486377, 579328.524552528047934 ], [ 10800951.082013487815857, 579370.117533743730746 ], [ 10800951.082013487815857, 579420.026908053085208 ], [ 10800989.554029505699873, 579532.309157201088965 ], [ 10801017.628805086016655, 579567.664968699216843 ], [ 10801071.696681763976812, 579585.337292137090117 ], [ 10801096.643379649147391, 579611.337189082172699 ], [ 10801150.711256328970194, 579671.642232085578144 ], [ 10801235.970854327082634, 579683.077281286125071 ], [ 10801265.0809011682868, 579696.59143273695372 ], [ 10801306.669862929731607, 579773.529368404182605 ], [ 10801333.698235295712948, 579806.806197384023108 ], [ 10801395.046406671404839, 579870.230066175572574 ], [ 10801426.238127991557121, 579909.733082791557536 ], [ 10801465.745415272191167, 580071.925950055010617 ], [ 10801465.745415272191167, 580137.429171335883439 ], [ 10801457.429849311709404, 580201.892895949422382 ], [ 10801417.922562027350068, 580269.475355635629967 ], [ 10801334.744638508185744, 580344.334798416122794 ], [ 10800956.280633710324764, 580509.658532987115905 ], [ 10800915.738075161352754, 580536.687156196800061 ], [ 10800894.943594282492995, 580575.162162173073739 ], [ 10800898.060540026053786, 580616.744702490163036 ], [ 10800915.738075161352754, 580663.536267877789214 ], [ 10800995.78792099095881, 580747.752221612958238 ], [ 10801036.341611485928297, 580811.176939381868578 ], [ 10801080.01224772632122, 580837.166111513739452 ], [ 10801121.601209487766027, 580837.166111513739452 ], [ 10801181.902977649122477, 580838.205678598955274 ], [ 10801246.368094766512513, 580884.997391512966715 ], [ 10801305.634591665118933, 580917.22400026244577 ], [ 10801583.23200585693121, 580994.163272008416243 ], [ 10801682.82955427095294, 581005.967415885534137 ], [ 10801835.704610975459218, 580999.998274699784815 ], [ 10801893.034148735925555, 581017.916877949610353 ], [ 10801974.252849217504263, 581078.826749391620979 ], [ 10802038.740230234339833, 581111.075803475221619 ], [ 10802098.463137045502663, 581149.294025746872649 ], [ 10802170.119493268430233, 581337.993310061399825 ], [ 10802253.720430854707956, 581380.984758760547265 ], [ 10802293.138662545010448, 581414.430022559477948 ], [ 10802296.723150147125125, 581450.256267008371651 ], [ 10802276.418475024402142, 581487.289780110353604 ], [ 10802225.055661974474788, 581505.197329527582042 ], [ 10802129.510143024846911, 581514.754731368506327 ], [ 10802050.684811595827341, 581556.561393323587254 ], [ 10801952.757055545225739, 581660.463352277525701 ], [ 10801916.567089088261127, 581712.285839257063344 ], [ 10801889.471925029531121, 581771.966701627476141 ], [ 10801878.495823238044977, 581831.647614794550464 ], [ 10801873.931724114343524, 581890.970872890553437 ], [ 10801881.423525843769312, 581941.5080238225637 ], [ 10802007.693224253132939, 581997.265488978824578 ], [ 10802062.629392957314849, 582105.952431577607058 ], [ 10802135.487999683246017, 582202.689876790507697 ], [ 10802182.064074629917741, 582264.796862556948327 ], [ 10802196.390893094241619, 582344.811667278292589 ], [ 10802173.703980872407556, 582416.476303829462267 ], [ 10802084.125186629593372, 582541.875621222541668 ], [ 10802059.044905355200171, 582648.171224870486185 ], [ 10802050.684811595827341, 582779.551427854574285 ], [ 10802072.180605268105865, 582918.086099407286383 ], [ 10802127.406204650178552, 583018.379425801686011 ], [ 10802212.487691463902593, 583088.982794401003048 ], [ 10802341.017175532877445, 583145.098885495215654 ], [ 10802389.897563941776752, 583197.604360495344736 ], [ 10802665.057081285864115, 583718.961161914281547 ], [ 10803081.681407526135445, 584317.186525248573162 ], [ 10803218.437401965260506, 584321.367357740877196 ], [ 10803221.643403301015496, 584328.980050702695735 ], [ 10803222.545091176405549, 584333.686282743350603 ], [ 10803222.61188287101686, 584338.168941110256128 ], [ 10803220.530208393931389, 584340.259357953327708 ], [ 10803215.676678596064448, 584341.679052850464359 ], [ 10803206.492820603772998, 584342.416847060318105 ], [ 10803175.891092583537102, 584343.914792904397473 ], [ 10803149.018567508086562, 584345.558061889605597 ], [ 10803135.28174234367907, 584348.989923092420213 ], [ 10803118.706270163878798, 584356.155470968456939 ], [ 10803105.715285589918494, 584363.321019580122083 ], [ 10803094.972954727709293, 584372.576986738247797 ], [ 10803054.363604485988617, 584390.641776417149231 ], [ 10803002.711360758170485, 584410.349841281538829 ], [ 10802968.525145135819912, 584421.696233956841752 ], [ 10802910.004488825798035, 584444.389024840900674 ], [ 10802811.765038199722767, 584481.703590619843453 ], [ 10802737.125319624319673, 584519.331180746667087 ], [ 10802671.736250730231404, 584552.174292929004878 ], [ 10802603.65325016155839, 584578.746148235048167 ], [ 10802559.459412317723036, 584599.650391535367817 ], [ 10802532.887449864298105, 584615.177665077266283 ], [ 10802463.624462693929672, 584654.58274843194522 ], [ 10802420.621743399649858, 584675.788840798195451 ], [ 10802374.93622437864542, 584698.481714306632057 ], [ 10802327.46959350258112, 584717.888039575540461 ], [ 10802302.088749604299664, 584730.430609815986827 ], [ 10802283.576318284496665, 584745.656085811555386 ], [ 10802262.971080537885427, 584769.545110278064385 ], [ 10802238.781355189159513, 584789.84575705952011 ], [ 10802171.010049195960164, 584817.356720082229003 ], [ 10802099.943686271086335, 584844.487615412450396 ], [ 10802066.65915852598846, 584860.160267626517452 ], [ 10802042.469433175399899, 584871.953884845715947 ], [ 10802025.749245658516884, 584884.049331306712702 ], [ 10802011.266579907387495, 584894.19967062107753 ], [ 10801996.193920852616429, 584900.616295575280674 ], [ 10801989.33664022013545, 584902.516689838725142 ], [ 10801983.047088991850615, 584902.259577670716681 ], [ 10801976.635086320340633, 584899.576668147114106 ], [ 10801964.99106758274138, 584889.124500779202208 ], [ 10801953.636479523032904, 584879.868465102510527 ], [ 10801884.373492350801826, 584884.943634270690382 ], [ 10801882.881811175495386, 584863.893981298198923 ], [ 10801973.35116134211421, 584854.783273139153607 ], [ 10801971.113639576360583, 584819.111787981819361 ], [ 10801976.779801657423377, 584805.965547973755747 ], [ 10801984.249339491128922, 584799.694255781476386 ], [ 10801993.199426550418139, 584796.418875235016458 ], [ 10802001.270089633762836, 584795.669897452229634 ], [ 10802014.10522692091763, 584798.95645673701074 ], [ 10802021.418917467817664, 584799.101780790719204 ], [ 10802028.732608010992408, 584796.564199283253402 ], [ 10802039.931348783895373, 584784.166941175237298 ], [ 10802059.935461280867457, 584761.485218563466333 ], [ 10802067.994992414489388, 584756.108231682097539 ], [ 10802077.557336675003171, 584751.033071887213737 ], [ 10802135.777430357411504, 584735.807594718411565 ], [ 10802197.515219951048493, 584718.771161648677662 ], [ 10802261.479399362578988, 584701.768269012914971 ], [ 10802383.59688076376915, 584643.538144101155922 ], [ 10802394.350343571975827, 584638.462992495042272 ], [ 10802453.171562507748604, 584619.358515419182368 ], [ 10802469.290624774992466, 584604.1218882414978 ], [ 10802473.476237628608942, 584591.590519446297549 ], [ 10802478.552406407892704, 584571.278751611476764 ], [ 10802464.515018619596958, 584519.029355076723732 ], [ 10802435.54968711361289, 584436.329170682001859 ], [ 10802423.015112452208996, 584406.169003460090607 ], [ 10802398.224261853843927, 584390.943601531907916 ], [ 10802288.051361814141273, 584422.288705743383616 ], [ 10802234.306311659514904, 584254.48524659324903 ], [ 10802244.313933882862329, 584251.198712948593311 ], [ 10802237.289674011990428, 584227.164543037419207 ], [ 10802493.035072160884738, 584145.64964325283654 ], [ 10802500.493478044867516, 584168.498845827416517 ], [ 10802562.743337295949459, 584149.68514277250506 ], [ 10802531.996893938630819, 584053.537473854143173 ], [ 10802480.634080884978175, 583913.502616020850837 ], [ 10802439.134174719452858, 583877.9769339740742 ], [ 10802415.846137246116996, 583868.72103236685507 ], [ 10802391.366981219500303, 583867.52491956751328 ], [ 10802274.837738256901503, 583899.618757010204718 ], [ 10801836.895729528740048, 584035.17094780690968 ], [ 10801832.120123371481895, 584035.774594964808784 ], [ 10801677.753385487943888, 584085.486074188258499 ], [ 10801683.419547569006681, 584107.888110570725985 ], [ 10801662.224316524341702, 584115.500780258676969 ], [ 10801648.78805398568511, 584113.701015397091396 ], [ 10801638.791563712060452, 584133.565503426478244 ], [ 10801634.305388232693076, 584155.35272836429067 ], [ 10801635.017832975834608, 584198.535944929695688 ], [ 10801641.619078777730465, 584222.536568943876773 ], [ 10801651.47085371427238, 584240.6013198007131 ], [ 10801665.80880412645638, 584253.590951708611101 ], [ 10801679.846191916614771, 584257.469955853768624 ], [ 10801692.525481918826699, 584257.022808390902355 ], [ 10801710.002641972154379, 584254.038099149591289 ], [ 10801716.570491928607225, 584256.575660930713639 ], [ 10801721.045535458251834, 584261.807286392198876 ], [ 10801722.982494598254561, 584274.338595982058905 ], [ 10801719.854416906833649, 584289.720474164700136 ], [ 10801710.592635273933411, 584304.945854016928934 ], [ 10801686.258194586262107, 584325.548190483474173 ], [ 10801653.563660141080618, 584347.648478954099119 ], [ 10801649.979172537103295, 584349.96247010899242 ], [ 10801611.763191346079111, 584375.707024218980223 ], [ 10801564.285428524017334, 584402.882462674751878 ], [ 10801440.765321539714932, 584470.424260514206253 ], [ 10801360.359253339469433, 584518.135056802886538 ], [ 10801257.644759183749557, 584573.671001341193914 ], [ 10801209.577003059908748, 584616.07196459476836 ], [ 10801201.061062013730407, 584626.971240882878192 ], [ 10801196.886581109836698, 584635.176440770737827 ], [ 10801243.017378093674779, 584781.931187017122284 ], [ 10801310.944531377404928, 584996.317979284445755 ], [ 10801560.11094761826098, 584918.535897658788599 ], [ 10801610.416225507855415, 584881.657070934772491 ], [ 10801622.817216783761978, 584899.420165094779804 ], [ 10801579.859025286510587, 584934.49921518296469 ], [ 10801564.096185389906168, 584995.960257526254281 ], [ 10801575.64001658372581, 585032.291382966679521 ], [ 10801668.03519394248724, 585282.127071821130812 ], [ 10801679.100351328030229, 585310.867903155623935 ], [ 10801556.827022640034556, 585352.37500565405935 ], [ 10801463.663740795105696, 585391.489855006919242 ], [ 10801446.642990652471781, 585398.957339459564537 ], [ 10801419.180472275242209, 585404.323197045363486 ], [ 10801311.690371964126825, 585412.684992606984451 ], [ 10801155.230827655643225, 585419.258169501670636 ], [ 10800971.308764966204762, 585437.770385312149301 ], [ 10800864.408657958731055, 585457.47874607576523 ], [ 10800724.079307863488793, 585484.352776202023961 ], [ 10800580.755463467910886, 585529.135396852740087 ], [ 10800540.747238475829363, 585548.541953333420679 ], [ 10800512.683594847097993, 585569.737138707307167 ], [ 10800482.827707417309284, 585593.324615243589506 ], [ 10800461.031351119279861, 585624.379608379094861 ], [ 10800446.693400703370571, 585657.525071689975448 ], [ 10800431.175463687628508, 585667.977354284841567 ], [ 10800412.061907120049, 585673.946893925196491 ], [ 10800392.057794623076916, 585678.127807760611176 ], [ 10800309.948538213968277, 585689.474406734108925 ], [ 10800074.363099848851562, 585737.543762788292952 ], [ 10799653.965042866766453, 585836.678530227858573 ], [ 10799194.73874749802053, 585945.360267620184459 ], [ 10798714.027790404856205, 586071.660240999073721 ], [ 10798276.898413958027959, 586191.689026060746983 ], [ 10797889.339606761932373, 586292.613082288648002 ], [ 10797695.34313015639782, 586337.072031216463074 ], [ 10797453.412480816245079, 586389.054494327749126 ], [ 10797345.020692629739642, 586412.34041459322907 ], [ 10797237.831154944375157, 586431.445383320213296 ], [ 10796841.322260688990355, 586490.269492010120302 ], [ 10796374.036434184759855, 586548.199326114729047 ], [ 10796078.138095708563924, 586591.495816032984294 ], [ 10795876.894720252603292, 586620.751424919464625 ], [ 10795793.894907915964723, 586629.705857153283432 ], [ 10795586.673675805330276, 586642.248771659214981 ], [ 10795529.043575420975685, 586645.535418080282398 ], [ 10795485.161432150751352, 586652.701202142168768 ], [ 10795471.72516961209476, 586654.489853505394422 ], [ 10795459.780588250607252, 586654.791688427329063 ], [ 10795356.164406219497323, 586655.384179204120301 ], [ 10794904.118218004703522, 586619.555264895781875 ], [ 10794333.227341420948505, 586583.726369046489708 ], [ 10794011.358165740966797, 586553.86710676306393 ], [ 10793763.527583388611674, 586534.158435610937886 ], [ 10793563.48645843192935, 586511.464964117272757 ], [ 10793490.627851709723473, 586501.314389116480015 ], [ 10793236.24055134691298, 586472.058830469031818 ], [ 10792965.723056770861149, 586426.079446576768532 ], [ 10792851.063981253653765, 586402.782342681777664 ], [ 10792251.508335791528225, 586267.225548384012654 ], [ 10791805.428872283548117, 586167.50886019913014 ], [ 10791418.471190337091684, 586071.358408606960438 ], [ 10790818.915544874966145, 585915.501279254909605 ], [ 10790410.751499932259321, 585796.959768503787927 ], [ 10790046.781292833387852, 585682.610552552971058 ], [ 10789768.649545086547732, 585592.430303191300482 ], [ 10789743.725111098960042, 585584.973976902663708 ], [ 10789724.010429279878736, 585581.240224608103745 ], [ 10789714.314501630142331, 585582.436366788460873 ], [ 10789704.306879408657551, 585585.868288859142922 ], [ 10789694.455104472115636, 585595.716900039813481 ], [ 10789685.349170126020908, 585599.752483456861228 ], [ 10789671.612344963476062, 585598.556340979295783 ], [ 10789533.219954008236527, 585562.571466137305833 ], [ 10789297.935078267008066, 585500.472727698856033 ], [ 10789081.763759097084403, 585456.875086616259068 ], [ 10788890.672721199691296, 585416.273410528781824 ], [ 10788789.750470846891403, 585389.399406658136286 ], [ 10788697.789439503103495, 585362.525413151131943 ], [ 10788629.116445632651448, 585348.194111366057768 ], [ 10788524.00858242623508, 585329.380090173683129 ], [ 10788468.482420418411493, 585320.123996049980633 ], [ 10788427.271944925189018, 585318.927858372451738 ], [ 10788307.837263254448771, 585376.554888501879759 ], [ 10788280.675307501107454, 585386.716478388174437 ], [ 10788268.730726137757301, 585388.203267791774124 ], [ 10788270.812400616705418, 585360.133136361138895 ], [ 10788230.214182322844863, 585345.801835068035871 ], [ 10788165.715669358149171, 585348.194111366057768 ], [ 10788114.95398155786097, 585361.329274745774455 ], [ 10788074.344631316140294, 585381.037613890599459 ], [ 10788027.167431116104126, 585413.288651683717035 ], [ 10787951.336593987420201, 585484.352776202023961 ], [ 10787940.794638210907578, 585490.098722424241714 ], [ 10787931.621912168338895, 585495.095683823921718 ], [ 10787877.286868713796139, 585323.108750904910266 ], [ 10787856.381068341434002, 585312.969528004410677 ], [ 10787841.45312462747097, 585301.019332234747708 ], [ 10787835.486399920657277, 585284.88824802369345 ], [ 10787833.015107223764062, 585266.834405603469349 ], [ 10787748.300974730402231, 585286.688043097150512 ], [ 10787648.280412252992392, 585297.129091210314073 ], [ 10787771.555616356432438, 585243.269397268886678 ], [ 10788033.468114295974374, 585112.253462039050646 ], [ 10788100.059433689340949, 585091.751502644619904 ], [ 10788207.850096622481942, 585087.190544122480787 ], [ 10788268.073941143229604, 585049.495574817992747 ], [ 10788309.618375105783343, 584978.700184872373939 ], [ 10788324.624242465943098, 584913.360116921016015 ], [ 10788323.399728065356612, 584862.876711984630674 ], [ 10788299.755468223243952, 584829.172687620739453 ], [ 10788247.94737720862031, 584799.996082665515132 ], [ 10788193.567805953323841, 584783.440321066067554 ], [ 10788091.766131622716784, 584769.813400725834072 ], [ 10787961.166105026379228, 584780.936276439577341 ], [ 10787826.892535230144858, 584803.338536024326459 ], [ 10787740.196915801614523, 584800.040797759545967 ], [ 10787665.20097485370934, 584784.401695366250351 ], [ 10787607.604270316660404, 584746.796319830464199 ], [ 10787570.891102254390717, 584690.846623528865166 ], [ 10787543.784806244075298, 584632.549435251974501 ], [ 10787533.164926823228598, 584581.183113174280152 ], [ 10787534.322649527341127, 584534.836078955791891 ], [ 10787546.244966993108392, 584486.119186152936891 ], [ 10787568.998670909553766, 584452.88484992692247 ], [ 10787597.051182588562369, 584436.317991966730915 ], [ 10787649.638510040938854, 584433.489777066861279 ], [ 10787773.080693380907178, 584482.0389522962505 ], [ 10787836.499407285824418, 584500.036697951611131 ], [ 10787889.042206939309835, 584499.701336188940331 ], [ 10787945.637036059051752, 584481.256441720644943 ], [ 10787987.404109004884958, 584433.187951768282801 ], [ 10788002.376580517739058, 584365.422615880379453 ], [ 10787981.882662262767553, 584318.147893125773408 ], [ 10787918.853566573932767, 584240.925501634716056 ], [ 10787878.990056922659278, 584179.778127153520472 ], [ 10787849.512655761092901, 584114.852417756686918 ], [ 10787803.804872840642929, 583944.657469109049998 ], [ 10787771.499956611543894, 583812.280180622707121 ], [ 10787762.04893184453249, 583689.349055644939654 ], [ 10787799.073794480413198, 583625.530481958994642 ], [ 10787862.114022118970752, 583600.311597647261806 ], [ 10788004.736553722992539, 583626.3129829474492 ], [ 10788077.227806126698852, 583620.801940457313322 ], [ 10788130.026640608906746, 583573.527721612714231 ], [ 10788144.832132885232568, 583493.668011912610382 ], [ 10788136.327323788776994, 583411.986289540771395 ], [ 10788148.349828794598579, 583352.818242316949181 ], [ 10788179.664001554250717, 583294.578063352731988 ], [ 10788278.949855392798781, 583215.791810142458417 ], [ 10788360.112896129488945, 583103.11241947254166 ], [ 10788423.609533678740263, 582873.707577983266674 ], [ 10788449.880933506414294, 582770.999913904466666 ], [ 10788476.163465281948447, 582584.677775164833292 ], [ 10788478.545702386647463, 582458.082292430452071 ], [ 10788464.218883920460939, 582393.594138472806662 ], [ 10788428.385139834135771, 582331.487038523540832 ], [ 10788362.873619502410293, 582247.906350358505733 ], [ 10788302.004121934995055, 582233.173266272759065 ], [ 10788230.280974019318819, 582252.645977460430004 ], [ 10788120.987497957423329, 582337.433936278684996 ], [ 10788081.903224740177393, 582405.879188704653643 ], [ 10787969.414879294112325, 582508.765171690261923 ], [ 10787941.484819054603577, 582511.034388359752484 ], [ 10787905.29485259577632, 582440.152142780949362 ], [ 10787886.971664411947131, 582348.366392491851002 ], [ 10787857.449735453352332, 582250.175558577175252 ], [ 10787811.352334316819906, 582196.239964397624135 ], [ 10787766.156621053814888, 582177.795677468995564 ], [ 10787742.256326381117105, 582132.579249144298956 ], [ 10787748.924363879486918, 582077.537089984863997 ], [ 10787784.090191021561623, 582042.370046672760509 ], [ 10787823.664269996806979, 582033.572699436335824 ], [ 10787863.104765586555004, 582052.0169484061189 ], [ 10787953.629775498062372, 582150.811135522089899 ], [ 10788030.295508809387684, 582198.006144855171442 ], [ 10788114.107953427359462, 582215.444384674192406 ], [ 10788189.638227928429842, 582200.66659398295451 ], [ 10788282.155856726691127, 582175.068159086746164 ], [ 10788388.465970436111093, 582104.208610125235282 ], [ 10788490.824242221191525, 582039.240113603184 ], [ 10788603.034288939088583, 582037.272727173753083 ], [ 10788693.592694699764252, 582080.57759805500973 ], [ 10788724.795547969639301, 582198.475635870359838 ], [ 10788761.308340948075056, 582161.397033713292331 ], [ 10788764.458682540804148, 582118.036221167305484 ], [ 10788744.309854704886675, 582033.93040603690315 ], [ 10788727.367028206586838, 581976.853869683574885 ], [ 10788726.777034904807806, 581911.907847832306288 ], [ 10788742.807041579857469, 581810.889516552793793 ], [ 10788725.084978645667434, 581728.203711797948927 ], [ 10788666.029988780617714, 581678.996929287677631 ], [ 10788567.60129502043128, 581653.398684887448326 ], [ 10788406.176901420578361, 581655.366060544853099 ], [ 10788236.882219821214676, 581604.180776600027457 ], [ 10788156.1644570492208, 581535.289176921127364 ], [ 10788120.731463128700852, 581401.418561085360125 ], [ 10788152.234879022464156, 581328.581249143928289 ], [ 10788272.315213741734624, 581295.124848050298169 ], [ 10788380.584550486877561, 581312.831140527850948 ], [ 10788447.520960299298167, 581430.951452203909867 ], [ 10788543.979299072176218, 581519.539021902019158 ], [ 10788642.407992832362652, 581570.724244080018252 ], [ 10788758.55874952673912, 581590.409158207592554 ], [ 10788843.20609032548964, 581566.778319311910309 ], [ 10788851.076378325000405, 581497.886756366817281 ], [ 10788764.458682540804148, 581401.418561085360125 ], [ 10788639.513686073943973, 581330.515081034740433 ], [ 10788630.173980794847012, 581260.438860014430247 ], [ 10788631.665661972016096, 581171.639231736538932 ], [ 10788652.827497171238065, 581129.206820630934089 ], [ 10788711.21457009203732, 581088.954180378117599 ], [ 10788819.072024721652269, 581055.766169715090655 ], [ 10788923.912721151486039, 581068.732854398316704 ], [ 10788964.811502069234848, 581050.020587784936652 ], [ 10788979.071528838947415, 581014.619318056153134 ], [ 10789026.037222003564239, 580931.789135604398325 ], [ 10789091.582138184458017, 580864.630808386020362 ], [ 10789176.095895593985915, 580806.437409672886133 ], [ 10789257.837797682732344, 580766.665614010184072 ], [ 10789305.816498216241598, 580773.540163926896639 ], [ 10789355.60970644839108, 580805.878502888488583 ], [ 10789376.393055379390717, 580847.662386339856312 ], [ 10789410.690590493381023, 580961.333007284672931 ], [ 10789462.409625915810466, 581045.102191175450571 ], [ 10789479.886785969138145, 581087.5792641651351 ], [ 10789509.709277553483844, 581115.200553575879894 ], [ 10789546.711876291781664, 581124.590229505090974 ], [ 10789584.927857482805848, 581117.425012402702123 ], [ 10789626.806249916553497, 581082.828537620021962 ], [ 10789659.600971905514598, 581005.46439835045021 ], [ 10789669.886892855167389, 580935.131404232583009 ], [ 10789661.805097823962569, 580876.647315279464237 ], [ 10789641.322311516851187, 580833.633819166687317 ], [ 10789607.726089196279645, 580782.851547245052643 ], [ 10789542.459471743553877, 580736.987686724751256 ], [ 10789442.895319178700447, 580637.882503252942115 ], [ 10789384.998052017763257, 580601.855467483750544 ], [ 10789195.576806481927633, 580529.343149606254883 ], [ 10789145.160209102556109, 580500.436610573204234 ], [ 10789087.307469738647342, 580488.006578883505426 ], [ 10788921.942366164177656, 580486.039235939853825 ], [ 10788782.314328864216805, 580467.841316321864724 ], [ 10788732.821683255955577, 580450.872990113100968 ], [ 10788698.780182970687747, 580433.736996854539029 ], [ 10788660.464014239609241, 580380.17167500697542 ], [ 10788625.465166334062815, 580295.710244606831111 ], [ 10788622.103317711502314, 580236.768388038966805 ], [ 10788593.505340527743101, 580149.110212940839119 ], [ 10788607.832158993929625, 580110.37834559509065 ], [ 10788792.47779837064445, 579940.506104598753154 ], [ 10788832.897905478253961, 579899.304015978006646 ], [ 10788850.09676680713892, 579864.831098734750412 ], [ 10788854.883504910394549, 579817.335852291085757 ], [ 10788837.662379683926702, 579780.49324498383794 ], [ 10788798.78961349837482, 579726.816641074721701 ], [ 10788739.456324907019734, 579684.239788835868239 ], [ 10788666.34168335236609, 579642.657799962558784 ], [ 10788629.973605712875724, 579619.463556090719067 ], [ 10788593.917222643271089, 579551.490493135293946 ], [ 10788552.907122235745192, 579456.455743575817905 ], [ 10788507.366318551823497, 579389.097623097128235 ], [ 10788403.761268470436335, 579211.223759078537114 ], [ 10788385.849962402135134, 579145.073083312367089 ], [ 10787689.034477831795812, 578160.220045272842981 ], [ 10787466.183989213779569, 577856.332147287786938 ], [ 10787131.902690310031176, 577187.776669036247768 ], [ 10786858.401833379641175, 576995.310497772297822 ], [ 10785977.118820616975427, 576812.971666884142905 ], [ 10785874.270743073895574, 576727.262630818993784 ], [ 10785734.008184673264623, 576610.379726989660412 ], [ 10785713.748037349432707, 576326.751985780429095 ], [ 10785977.118820616975427, 576002.607387515367009 ], [ 10786037.899262590333819, 575627.808662232011557 ], [ 10785885.959289606660604, 575293.529484272236004 ], [ 10785673.238874647766352, 574949.125330882030539 ], [ 10785693.487890023738146, 574533.80384271114599 ], [ 10785794.788626646623015, 574270.437314719078131 ], [ 10785784.65855298563838, 574017.198180265375413 ], [ 10785673.238874647766352, 573774.086330660502426 ], [ 10785268.047060111537576, 573389.161866993526928 ], [ 10784923.635687544941902, 573125.788402919191867 ], [ 10784579.235446929931641, 572700.340159824001603 ], [ 10784427.284341998398304, 572355.937393278349191 ], [ 10784265.214295350015163, 572092.567750125541352 ], [ 10783991.713438421487808, 571798.809589929645881 ], [ 10783870.16368642449379, 571525.304763386957347 ], [ 10783847.922052163630724, 571309.159460966009647 ], [ 10783819.513318113982677, 571018.824562244582921 ], [ 10783839.773465435951948, 570522.473872738541104 ], [ 10783728.342655152082443, 570097.02997409296222 ], [ 10783394.061356250196695, 569843.783308504614979 ], [ 10782816.680553352460265, 569620.937266221968457 ], [ 10782279.808913154527545, 569428.46921040257439 ], [ 10781905.00731960311532, 569175.236085616052151 ], [ 10781641.6365363355726, 568851.079321385826916 ], [ 10781580.856094360351562, 568476.284668658161536 ], [ 10781439.046195039525628, 568223.043730356148444 ], [ 10781155.415264448150992, 568030.579426600714214 ], [ 10780770.494729181751609, 567919.153548437636346 ], [ 10780061.411836728453636, 567787.46559454954695 ], [ 10779737.271743435412645, 567625.401339685544372 ], [ 10779494.161107491701841, 567362.026750017190352 ], [ 10779311.819781573489308, 566896.066422734642401 ], [ 10779281.429560586810112, 566379.448884628945962 ], [ 10779443.510739183053374, 565771.674206826719455 ], [ 10779595.450712166726589, 565153.76831203897018 ], [ 10779616.768394652754068, 564883.932065850123763 ], [ 10779646.101080475375056, 564657.413446068298072 ], [ 10779524.540196530520916, 564211.709486182313412 ], [ 10779038.318924643099308, 563370.945539544569328 ], [ 10778481.198269071057439, 562631.484101069159806 ], [ 10778076.006454532966018, 561912.27962467900943 ], [ 10777924.066481547430158, 561284.24852869217284 ], [ 10777822.765744924545288, 560504.265579569619149 ], [ 10777853.15596591308713, 557911.072570985998027 ], [ 10777954.456702534109354, 557617.316226022783667 ], [ 10777630.305477295070887, 555439.446034506196156 ], [ 10777407.454988673329353, 554811.403545235050842 ], [ 10777073.173689771443605, 554254.276634297566488 ], [ 10775675.279184134677052, 552096.66339954175055 ], [ 10774283.006312783807516, 550535.292230755905621 ] ] ] } }
]
}
