{
"type": "FeatureCollection",
"name": "banten",
"crs": { "type": "name", "properties": { "name": "urn:ogc:def:crs:OGC:1.3:CRS84" } },
"features": [
{ "type": "Feature", "properties": { "place": "Banten, Indonesia", "query": "Banten, Indonesia", "baselineYear": 1990, "comparisonYear": 2024, "forestLossHa": 70081.0499, "forestGainHa": 69690.7629, "forestLossPct": 7.347, "forestGainPct": 7.306, "netForestChangeHa": -390.287, "baselineForestAreaHa": 313110.642, "comparisonForestAreaHa": 312720.355, "analyzedAreaHa": 953877.711, "aoiAreaHa": 2413766.7845000001, "coverageFraction": 0.395175, "validPixelCount": 408155, "sourceFormat": "pmtiles_png", "zoom": 10, "forestClasses": "3,5,76", "baselinePmtiles": "data/landcover-mapbiomas-pmtiles/1990_landcover.pmtiles", "comparisonPmtiles": "data/landcover-mapbiomas-pmtiles/2024_landcover.pmtiles" }, "geometry": { "type": "Polygon", "coordinates": [ [ [ 104.6513179, -6.4550344 ], [ 105.0849004, -6.9679809 ], [ 105.1052803, -6.9884544 ], [ 105.128129, -7.0061739 ], [ 105.1535647, -7.0228223 ], [ 105.41709, -7.1860312 ], [ 105.4447289, -7.2003221 ], [ 106.0509508, -7.4565894 ], [ 106.2408109, -7.1850443 ], [ 106.4495455, -7.0350897 ], [ 106.3968882, -6.9791733 ], [ 106.3967308, -6.9787924 ], [ 106.3966031, -6.978499 ], [ 106.3963907, -6.9779099 ], [ 106.3959705, -6.9776847 ], [ 106.3957452, -6.9765036 ], [ 106.3959276, -6.9756907 ], [ 106.3964798, -6.9749504 ], [ 106.3963864, -6.9745059 ], [ 106.3961871, -6.9743979 ], [ 106.3955157, -6.9742754 ], [ 106.3939898, -6.9740808 ], [ 106.3937381, -6.9739325 ], [ 106.3935626, -6.973634 ], [ 106.3935605, -6.9731596 ], [ 106.3933404, -6.9728559 ], [ 106.3933165, -6.972039 ], [ 106.3933235, -6.9712516 ], [ 106.3929513, -6.9690522 ], [ 106.3929486, -6.968129 ], [ 106.3932782, -6.9671309 ], [ 106.3934973, -6.966207 ], [ 106.3938601, -6.9639163 ], [ 106.3941915, -6.9635091 ], [ 106.3946708, -6.9631015 ], [ 106.3954837, -6.9630622 ], [ 106.3955315, -6.9629659 ], [ 106.3952792, -6.9625981 ], [ 106.3946917, -6.9620765 ], [ 106.3939822, -6.9615882 ], [ 106.392586, -6.9607237 ], [ 106.3923876, -6.9604901 ], [ 106.3922204, -6.9593419 ], [ 106.3923298, -6.9588246 ], [ 106.3928464, -6.9585646 ], [ 106.3933642, -6.9586738 ], [ 106.3940666, -6.9587456 ], [ 106.3946595, -6.9592978 ], [ 106.3950292, -6.9593337 ], [ 106.3953244, -6.9591851 ], [ 106.3953979, -6.9590371 ], [ 106.3952861, -6.9587051 ], [ 106.3952029, -6.958176 ], [ 106.3947985, -6.9566177 ], [ 106.3947756, -6.9561832 ], [ 106.3945002, -6.9554207 ], [ 106.3949051, -6.9548656 ], [ 106.3953478, -6.9545688 ], [ 106.3957141, -6.9541414 ], [ 106.3955767, -6.9534514 ], [ 106.3949511, -6.9524506 ], [ 106.3947477, -6.9516163 ], [ 106.3947835, -6.9512099 ], [ 106.3949998, -6.9507413 ], [ 106.3944934, -6.9500235 ], [ 106.3937991, -6.9491675 ], [ 106.3936923, -6.9489115 ], [ 106.3936236, -6.9478758 ], [ 106.3935092, -6.9476755 ], [ 106.3927615, -6.9469536 ], [ 106.3924792, -6.94642 ], [ 106.39238, -6.9463199 ], [ 106.39164, -6.9461997 ], [ 106.3914076, -6.9456481 ], [ 106.3914568, -6.9443729 ], [ 106.3909533, -6.9436171 ], [ 106.3904956, -6.9431618 ], [ 106.3898547, -6.9426396 ], [ 106.3897021, -6.9423173 ], [ 106.3896416, -6.9419975 ], [ 106.3901163, -6.9416472 ], [ 106.3901522, -6.9410461 ], [ 106.39135, -6.9396832 ], [ 106.3914492, -6.9393599 ], [ 106.3914721, -6.9385689 ], [ 106.3913119, -6.9378789 ], [ 106.3913577, -6.9361966 ], [ 106.391228, -6.9354504 ], [ 106.3910067, -6.9348939 ], [ 106.3906939, -6.9342936 ], [ 106.3906786, -6.9339927 ], [ 106.3907626, -6.9332793 ], [ 106.391083, -6.9323652 ], [ 106.3912661, -6.9320639 ], [ 106.3916171, -6.9318064 ], [ 106.3922427, -6.9317153 ], [ 106.3926928, -6.9318035 ], [ 106.3930743, -6.9320248 ], [ 106.3933642, -6.932091 ], [ 106.3939211, -6.9319447 ], [ 106.3946002, -6.9313853 ], [ 106.3949969, -6.9309166 ], [ 106.3953097, -6.9302028 ], [ 106.3957675, -6.9293435 ], [ 106.3959734, -6.9291757 ], [ 106.396332, -6.9290412 ], [ 106.3976519, -6.9291041 ], [ 106.3979495, -6.9290026 ], [ 106.3980715, -6.9288576 ], [ 106.3982699, -6.9275534 ], [ 106.3984454, -6.9273193 ], [ 106.3990481, -6.926883 ], [ 106.3992159, -6.9265483 ], [ 106.3992694, -6.9260691 ], [ 106.3986056, -6.9245446 ], [ 106.3986514, -6.9242886 ], [ 106.3988268, -6.9241541 ], [ 106.4001009, -6.9242619 ], [ 106.400223, -6.9241837 ], [ 106.4002688, -6.9239495 ], [ 106.4002459, -6.9235485 ], [ 106.3997042, -6.92218 ], [ 106.399689, -6.9216231 ], [ 106.3999484, -6.9209316 ], [ 106.4000704, -6.920296 ], [ 106.4000018, -6.9198731 ], [ 106.39975, -6.9194949 ], [ 106.3993914, -6.9192842 ], [ 106.398598, -6.9190639 ], [ 106.398186, -6.918731 ], [ 106.3979418, -6.9183753 ], [ 106.3978732, -6.9179295 ], [ 106.3981478, -6.9168036 ], [ 106.3984683, -6.9158557 ], [ 106.3985217, -6.9151095 ], [ 106.3984759, -6.9137614 ], [ 106.3983309, -6.9131382 ], [ 106.3980792, -6.9126819 ], [ 106.3974077, -6.9116814 ], [ 106.397095, -6.9110473 ], [ 106.3970111, -6.9103568 ], [ 106.3970263, -6.9098557 ], [ 106.3972781, -6.9092086 ], [ 106.3972476, -6.9089191 ], [ 106.3970339, -6.9086188 ], [ 106.3963397, -6.9082201 ], [ 106.3954699, -6.9079216 ], [ 106.3937304, -6.9056652 ], [ 106.3925021, -6.9050339 ], [ 106.3921664, -6.9046338 ], [ 106.3921511, -6.9043444 ], [ 106.3922198, -6.9040878 ], [ 106.3932574, -6.9028929 ], [ 106.3933794, -6.9025696 ], [ 106.3933566, -6.9023355 ], [ 106.3928835, -6.9008553 ], [ 106.3928759, -6.9006327 ], [ 106.3930209, -6.9004205 ], [ 106.3936465, -6.9001177 ], [ 106.3945696, -6.8998363 ], [ 106.3950656, -6.8995565 ], [ 106.3957446, -6.8990086 ], [ 106.3968585, -6.8983257 ], [ 106.3970217, -6.8986632 ], [ 106.3973346, -6.8984272 ], [ 106.3976872, -6.898387 ], [ 106.3981402, -6.898155 ], [ 106.39901, -6.8981302 ], [ 106.3995364, -6.8980506 ], [ 106.3999789, -6.8978599 ], [ 106.4004672, -6.8975914 ], [ 106.4011843, -6.8970321 ], [ 106.4017947, -6.8964398 ], [ 106.4024279, -6.8956249 ], [ 106.4033282, -6.8938621 ], [ 106.4033129, -6.8936728 ], [ 106.4035628, -6.892735 ], [ 106.4036543, -6.8919377 ], [ 106.4037936, -6.8914685 ], [ 106.4036715, -6.8914326 ], [ 106.4039767, -6.8908189 ], [ 106.4055589, -6.8894005 ], [ 106.4056646, -6.8895187 ], [ 106.4057475, -6.8891947 ], [ 106.405968, -6.8889192 ], [ 106.4060442, -6.8886517 ], [ 106.4060061, -6.888295 ], [ 106.4059403, -6.8881438 ], [ 106.4060343, -6.8874392 ], [ 106.4058275, -6.8868252 ], [ 106.4059451, -6.8866466 ], [ 106.4062579, -6.8863786 ], [ 106.4071658, -6.8859747 ], [ 106.4080432, -6.8854373 ], [ 106.4090655, -6.8846434 ], [ 106.4095919, -6.8843187 ], [ 106.4101946, -6.8841947 ], [ 106.4109499, -6.8841923 ], [ 106.4114535, -6.8843353 ], [ 106.4120715, -6.8846124 ], [ 106.4123385, -6.8846448 ], [ 106.4125598, -6.8845995 ], [ 106.412781, -6.8844207 ], [ 106.4135211, -6.8825472 ], [ 106.4137271, -6.8824127 ], [ 106.4146807, -6.8821538 ], [ 106.4151843, -6.8818625 ], [ 106.4158099, -6.8815821 ], [ 106.4162524, -6.8814471 ], [ 106.4174884, -6.8812207 ], [ 106.4184802, -6.8809059 ], [ 106.4193423, -6.8805469 ], [ 106.4194949, -6.8804238 ], [ 106.419594, -6.8801897 ], [ 106.4197142, -6.8794261 ], [ 106.4197662, -6.8793595 ], [ 106.4198599, -6.878836 ], [ 106.4199517, -6.877694 ], [ 106.4199484, -6.8766 ], [ 106.4197556, -6.8757919 ], [ 106.4190542, -6.8748891 ], [ 106.4190447, -6.8747104 ], [ 106.4191897, -6.8742903 ], [ 106.4214938, -6.8724354 ], [ 106.4219134, -6.8714264 ], [ 106.4219515, -6.8707965 ], [ 106.4221652, -6.8706282 ], [ 106.4224169, -6.8705223 ], [ 106.4238894, -6.8704761 ], [ 106.4242632, -6.8702019 ], [ 106.4251635, -6.8692125 ], [ 106.4256899, -6.86814 ], [ 106.4254992, -6.8675736 ], [ 106.4251177, -6.8671158 ], [ 106.4246523, -6.8663686 ], [ 106.4246142, -6.8659075 ], [ 106.4247439, -6.8656133 ], [ 106.4249903, -6.8654523 ], [ 106.4250884, -6.8654356 ], [ 106.4275253, -6.8654704 ], [ 106.427861, -6.8653014 ], [ 106.4279985, -6.865084 ], [ 106.428467, -6.8649858 ], [ 106.4287112, -6.8647888 ], [ 106.4293215, -6.8636997 ], [ 106.4296267, -6.8633817 ], [ 106.4306033, -6.8625787 ], [ 106.4310153, -6.8621849 ], [ 106.4312518, -6.8616555 ], [ 106.4311696, -6.8611161 ], [ 106.4312466, -6.8609823 ], [ 106.4311466, -6.8603553 ], [ 106.4309313, -6.8596786 ], [ 106.4309619, -6.8592599 ], [ 106.4311221, -6.8589209 ], [ 106.4315722, -6.858517 ], [ 106.4319765, -6.8582261 ], [ 106.4321368, -6.8579357 ], [ 106.4321673, -6.857581 ], [ 106.4319889, -6.8574044 ], [ 106.4321378, -6.8572547 ], [ 106.43196, -6.8568435 ], [ 106.4312914, -6.8562965 ], [ 106.4302106, -6.8556332 ], [ 106.4298481, -6.8555382 ], [ 106.4298403, -6.8553813 ], [ 106.4298861, -6.8549627 ], [ 106.4302371, -6.8541077 ], [ 106.4305651, -6.8521999 ], [ 106.4309619, -6.8513315 ], [ 106.4315798, -6.8503717 ], [ 106.4318392, -6.8498276 ], [ 106.4320223, -6.8493222 ], [ 106.4320452, -6.8490375 ], [ 106.4319734, -6.8481975 ], [ 106.4318149, -6.8476687 ], [ 106.4311755, -6.8460048 ], [ 106.4314425, -6.8457783 ], [ 106.4320681, -6.8454808 ], [ 106.4322589, -6.8452967 ], [ 106.4322589, -6.844888 ], [ 106.4321215, -6.8442825 ], [ 106.4321062, -6.8437189 ], [ 106.4322436, -6.8433803 ], [ 106.4325793, -6.842872 ], [ 106.4330599, -6.8424195 ], [ 106.4333803, -6.842193 ], [ 106.4335635, -6.8419317 ], [ 106.4338381, -6.8414372 ], [ 106.4341052, -6.8402122 ], [ 106.4349139, -6.8394597 ], [ 106.4353106, -6.8389061 ], [ 106.4353716, -6.8384989 ], [ 106.4352877, -6.8381766 ], [ 106.4348757, -6.8374313 ], [ 106.4347231, -6.8368376 ], [ 106.434685, -6.8363799 ], [ 106.4349749, -6.8350724 ], [ 106.4349215, -6.8341559 ], [ 106.4347842, -6.8334435 ], [ 106.434746, -6.8330024 ], [ 106.4348452, -6.8324421 ], [ 106.4350512, -6.83161 ], [ 106.4352419, -6.8313731 ], [ 106.4356997, -6.8310908 ], [ 106.4362338, -6.8303936 ], [ 106.4364932, -6.8290957 ], [ 106.4366534, -6.8287476 ], [ 106.4371874, -6.8282507 ], [ 106.4375613, -6.8280762 ], [ 106.4376299, -6.8279017 ], [ 106.4375918, -6.8275541 ], [ 106.4374545, -6.8273676 ], [ 106.4369738, -6.826834 ], [ 106.4363787, -6.8263534 ], [ 106.4357074, -6.8256334 ], [ 106.4355319, -6.8252056 ], [ 106.4355166, -6.8245905 ], [ 106.4355547, -6.8242296 ], [ 106.4365313, -6.823571 ], [ 106.4367449, -6.8233431 ], [ 106.4369051, -6.8231152 ], [ 106.4370501, -6.8222588 ], [ 106.4370501, -6.8220047 ], [ 106.4369433, -6.8217643 ], [ 106.436994, -6.8215586 ], [ 106.4367572, -6.8210888 ], [ 106.4364229, -6.8208153 ], [ 106.4360507, -6.820207 ], [ 106.436043, -6.8198039 ], [ 106.436394, -6.8195604 ], [ 106.4368899, -6.8190392 ], [ 106.4374468, -6.818663 ], [ 106.438019, -6.818415 ], [ 106.43837, -6.818395 ], [ 106.4385226, -6.8184331 ], [ 106.4388277, -6.818766 ], [ 106.4389956, -6.8190549 ], [ 106.4391787, -6.8191446 ], [ 106.4394152, -6.8191579 ], [ 106.4397051, -6.819094 ], [ 106.4403689, -6.8187826 ], [ 106.4404376, -6.8186973 ], [ 106.4404528, -6.8185795 ], [ 106.4403121, -6.8183397 ], [ 106.4404747, -6.8179801 ], [ 106.4401604, -6.8178242 ], [ 106.4400155, -6.8176927 ], [ 106.4401782, -6.8173054 ], [ 106.4404986, -6.8168438 ], [ 106.4412463, -6.815997 ], [ 106.4416735, -6.8156117 ], [ 106.4419177, -6.8158038 ], [ 106.4425814, -6.816882 ], [ 106.442795, -6.8173679 ], [ 106.4430773, -6.8176139 ], [ 106.4433062, -6.817716 ], [ 106.4444506, -6.8176187 ], [ 106.4447939, -6.8176521 ], [ 106.444977, -6.8177107 ], [ 106.4455035, -6.8181785 ], [ 106.4464724, -6.8183749 ], [ 106.4466937, -6.8185018 ], [ 106.4468691, -6.8185266 ], [ 106.447037, -6.8184765 ], [ 106.4483187, -6.8174246 ], [ 106.4485476, -6.817138 ], [ 106.4489138, -6.8163966 ], [ 106.4490511, -6.816316 ], [ 106.4499819, -6.816253 ], [ 106.4509127, -6.8151225 ], [ 106.4511034, -6.8149799 ], [ 106.4516375, -6.8148664 ], [ 106.4519732, -6.814628 ], [ 106.452431, -6.8138221 ], [ 106.4529116, -6.8131452 ], [ 106.452965, -6.8125275 ], [ 106.4527133, -6.8119424 ], [ 106.4528048, -6.81156 ], [ 106.4527552, -6.8111084 ], [ 106.4523699, -6.8104056 ], [ 106.4522021, -6.8098105 ], [ 106.4521945, -6.8093632 ], [ 106.452286, -6.8092402 ], [ 106.4524844, -6.8091458 ], [ 106.4536898, -6.808997 ], [ 106.4538806, -6.8089217 ], [ 106.4540255, -6.808761 ], [ 106.4542697, -6.8078173 ], [ 106.4548418, -6.8071554 ], [ 106.4556355, -6.805902 ], [ 106.4555667, -6.8056692 ], [ 106.4554293, -6.8053134 ], [ 106.4555819, -6.8047603 ], [ 106.4565203, -6.804499 ], [ 106.4567111, -6.8043226 ], [ 106.4568026, -6.8040246 ], [ 106.4570544, -6.8037156 ], [ 106.4572375, -6.8035625 ], [ 106.4586718, -6.8032745 ], [ 106.4604876, -6.8022889 ], [ 106.4617388, -6.8017114 ], [ 106.4620059, -6.8016613 ], [ 106.4622882, -6.8016809 ], [ 106.4625628, -6.8018359 ], [ 106.4632189, -6.8028272 ], [ 106.463341, -6.8029231 ], [ 106.4635394, -6.8029612 ], [ 106.4638064, -6.8028782 ], [ 106.4640734, -6.8027137 ], [ 106.4642794, -6.8024844 ], [ 106.4650042, -6.801381 ], [ 106.4651644, -6.8013338 ], [ 106.4656603, -6.8013996 ], [ 106.4666064, -6.8016222 ], [ 106.4670718, -6.8016714 ], [ 106.4671862, -6.8016246 ], [ 106.4674761, -6.8003629 ], [ 106.4676363, -6.8001674 ], [ 106.46785, -6.8000358 ], [ 106.4685137, -6.7998203 ], [ 106.4699709, -6.8005804 ], [ 106.4701922, -6.8006109 ], [ 106.4703524, -6.8005775 ], [ 106.4705203, -6.8003682 ], [ 106.4706728, -6.8000096 ], [ 106.4708865, -6.7988108 ], [ 106.4710009, -6.798519 ], [ 106.4714663, -6.7981237 ], [ 106.4716036, -6.7982396 ], [ 106.4721987, -6.7994937 ], [ 106.4723437, -6.7996567 ], [ 106.4726488, -6.7996963 ], [ 106.4730761, -6.7996849 ], [ 106.4733126, -6.7995208 ], [ 106.4735568, -6.7992443 ], [ 106.4736483, -6.7990297 ], [ 106.4736407, -6.7987846 ], [ 106.4731753, -6.7979797 ], [ 106.4731448, -6.7975305 ], [ 106.4732287, -6.797418 ], [ 106.4741595, -6.7974866 ], [ 106.4743197, -6.7974246 ], [ 106.4752963, -6.796758 ], [ 106.4761355, -6.7963623 ], [ 106.4764941, -6.7963718 ], [ 106.4768603, -6.7968157 ], [ 106.4771121, -6.796923 ], [ 106.4774935, -6.7968462 ], [ 106.4783175, -6.7961601 ], [ 106.4786608, -6.795823 ], [ 106.4791186, -6.7951921 ], [ 106.479317, -6.7951263 ], [ 106.4797671, -6.7951034 ], [ 106.4806826, -6.7949485 ], [ 106.481354, -6.7947406 ], [ 106.4816058, -6.794588 ], [ 106.4819407, -6.7946404 ], [ 106.482091, -6.7947625 ], [ 106.4821627, -6.7957142 ], [ 106.4823382, -6.7958006 ], [ 106.4825976, -6.7958106 ], [ 106.4828112, -6.7957758 ], [ 106.4842684, -6.7951673 ], [ 106.4851687, -6.7946814 ], [ 106.4855425, -6.7945837 ], [ 106.4858324, -6.7945827 ], [ 106.4860232, -6.7947153 ], [ 106.4861453, -6.795379 ], [ 106.4863284, -6.7958134 ], [ 106.4867327, -6.7961382 ], [ 106.4869463, -6.7961739 ], [ 106.4870226, -6.7961496 ], [ 106.487282, -6.7957619 ], [ 106.4873965, -6.7957133 ], [ 106.4883044, -6.7956141 ], [ 106.4886172, -6.7953714 ], [ 106.4889147, -6.7948874 ], [ 106.4891207, -6.794319 ], [ 106.4892046, -6.7938112 ], [ 106.4891436, -6.7935218 ], [ 106.4885714, -6.7925414 ], [ 106.4886401, -6.7924479 ], [ 106.4887469, -6.7924007 ], [ 106.4895327, -6.792385 ], [ 106.4897921, -6.7920378 ], [ 106.4900668, -6.7918037 ], [ 106.4905856, -6.7917579 ], [ 106.4907839, -6.7918118 ], [ 106.4911425, -6.7915005 ], [ 106.4915545, -6.7913173 ], [ 106.4916537, -6.7913383 ], [ 106.4920046, -6.7918948 ], [ 106.4921191, -6.7919973 ], [ 106.4922335, -6.7920345 ], [ 106.4926074, -6.7916187 ], [ 106.4931261, -6.791623 ], [ 106.4935686, -6.79117 ], [ 106.4937518, -6.7910966 ], [ 106.4938433, -6.7911023 ], [ 106.4941256, -6.7916039 ], [ 106.4942934, -6.7917479 ], [ 106.4945147, -6.7918109 ], [ 106.4949725, -6.7912077 ], [ 106.4951479, -6.7910622 ], [ 106.4954073, -6.7909931 ], [ 106.4958727, -6.791211 ], [ 106.4963, -6.7915295 ], [ 106.4964907, -6.7915443 ], [ 106.4967196, -6.7914156 ], [ 106.4968798, -6.7912668 ], [ 106.497658, -6.7910064 ], [ 106.4989398, -6.7896928 ], [ 106.4993822, -6.7890619 ], [ 106.4994967, -6.7889989 ], [ 106.5000002, -6.7885207 ], [ 106.4999239, -6.7884349 ], [ 106.4999087, -6.788318 ], [ 106.4999468, -6.7882317 ], [ 106.5010683, -6.7876414 ], [ 106.5018618, -6.7873219 ], [ 106.5019762, -6.7872161 ], [ 106.5020449, -6.7868775 ], [ 106.5021517, -6.7867125 ], [ 106.5022433, -6.7866348 ], [ 106.5025103, -6.786229 ], [ 106.5026934, -6.7860583 ], [ 106.503731, -6.7856568 ], [ 106.5043871, -6.7849754 ], [ 106.5047686, -6.7846693 ], [ 106.5058672, -6.7839721 ], [ 106.5062945, -6.7834633 ], [ 106.5066683, -6.7826332 ], [ 106.5073168, -6.7815279 ], [ 106.5075304, -6.7812599 ], [ 106.5076754, -6.7811946 ], [ 106.5082018, -6.781165 ], [ 106.508774, -6.7811931 ], [ 106.5094149, -6.7810196 ], [ 106.5095446, -6.7809371 ], [ 106.5097659, -6.7804188 ], [ 106.5099566, -6.7804307 ], [ 106.5105746, -6.7801684 ], [ 106.5111544, -6.7798575 ], [ 106.5116274, -6.7795442 ], [ 106.5119479, -6.7794017 ], [ 106.51281, -6.7787837 ], [ 106.513695, -6.7784408 ], [ 106.514931, -6.7778572 ], [ 106.5158541, -6.7772545 ], [ 106.5166323, -6.7765321 ], [ 106.5170901, -6.7758507 ], [ 106.517586, -6.774949 ], [ 106.5180056, -6.7743677 ], [ 106.5183413, -6.7740663 ], [ 106.5190279, -6.7736844 ], [ 106.5196459, -6.7731427 ], [ 106.5215227, -6.7711967 ], [ 106.5223009, -6.7706341 ], [ 106.5240786, -6.7697486 ], [ 106.5248339, -6.7693061 ], [ 106.5255358, -6.7687238 ], [ 106.5262911, -6.7678737 ], [ 106.5256502, -6.7666439 ], [ 106.5250628, -6.7648858 ], [ 106.5247093, -6.762377 ], [ 106.5234927, -6.7622602 ], [ 106.5217049, -6.7620172 ], [ 106.5201415, -6.7616905 ], [ 106.5192886, -6.7612184 ], [ 106.5183142, -6.7607618 ], [ 106.5170219, -6.760374 ], [ 106.513622, -6.7592015 ], [ 106.5115047, -6.7582662 ], [ 106.5095366, -6.7571646 ], [ 106.5067807, -6.7554701 ], [ 106.5047573, -6.7546324 ], [ 106.5030521, -6.7538465 ], [ 106.5017688, -6.7533531 ], [ 106.5008879, -6.752866 ], [ 106.4995674, -6.7524255 ], [ 106.4979569, -6.7520235 ], [ 106.4952442, -6.7521599 ], [ 106.4941969, -6.7523365 ], [ 106.489369, -6.7522457 ], [ 106.4878908, -6.7522503 ], [ 106.4852428, -6.7521679 ], [ 106.4834186, -6.7522111 ], [ 106.4818747, -6.7521631 ], [ 106.477496, -6.7521086 ], [ 106.47594, -6.752157 ], [ 106.4742681, -6.7520581 ], [ 106.4702908, -6.7517159 ], [ 106.4688025, -6.7514566 ], [ 106.4675014, -6.7512646 ], [ 106.4667709, -6.7510031 ], [ 106.4663487, -6.750605 ], [ 106.4659915, -6.7500786 ], [ 106.465971, -6.7494607 ], [ 106.4661152, -6.7475726 ], [ 106.4661477, -6.7463716 ], [ 106.4661083, -6.745261 ], [ 106.4659516, -6.7440971 ], [ 106.4655603, -6.7424962 ], [ 106.4646583, -6.7396065 ], [ 106.4633985, -6.7369034 ], [ 106.4628793, -6.7363539 ], [ 106.4621121, -6.735659 ], [ 106.4611649, -6.7349534 ], [ 106.4605203, -6.7345316 ], [ 106.4590982, -6.7337255 ], [ 106.4572624, -6.7327993 ], [ 106.4560796, -6.7319935 ], [ 106.4547322, -6.7312019 ], [ 106.4537283, -6.730519 ], [ 106.4521046, -6.7291247 ], [ 106.4515399, -6.7284405 ], [ 106.4514663, -6.7283037 ], [ 106.4510983, -6.7276188 ], [ 106.4507113, -6.7267146 ], [ 106.4505937, -6.7261856 ], [ 106.4505338, -6.7256496 ], [ 106.4505135, -6.7246996 ], [ 106.4505798, -6.7234697 ], [ 106.4507332, -6.7216838 ], [ 106.4513364, -6.7183534 ], [ 106.4516578, -6.7160923 ], [ 106.4516219, -6.7138715 ], [ 106.4515361, -6.7134871 ], [ 106.451459, -6.7131414 ], [ 106.4511342, -6.7120612 ], [ 106.4507065, -6.7108205 ], [ 106.449994, -6.7085671 ], [ 106.4493098, -6.7071665 ], [ 106.448447, -6.7055609 ], [ 106.4475349, -6.7044379 ], [ 106.4461955, -6.7029994 ], [ 106.4424983, -6.7003355 ], [ 106.4421462, -6.7001414 ], [ 106.4415986, -6.6999088 ], [ 106.4412072, -6.6996563 ], [ 106.4408356, -6.6995013 ], [ 106.4401506, -6.699035 ], [ 106.4390975, -6.6980545 ], [ 106.4386442, -6.6975907 ], [ 106.4381634, -6.6970586 ], [ 106.4368179, -6.6957039 ], [ 106.4360054, -6.6947768 ], [ 106.4357285, -6.6943473 ], [ 106.4353482, -6.6939009 ], [ 106.4346426, -6.6927383 ], [ 106.4343967, -6.692441 ], [ 106.4342147, -6.6921329 ], [ 106.433442, -6.6910017 ], [ 106.4329822, -6.6904071 ], [ 106.4327572, -6.689982 ], [ 106.4320745, -6.6884879 ], [ 106.4318855, -6.6881036 ], [ 106.4316967, -6.6878225 ], [ 106.4314885, -6.6872974 ], [ 106.4308497, -6.6861304 ], [ 106.430671, -6.6856952 ], [ 106.43011, -6.6840471 ], [ 106.4298888, -6.683302 ], [ 106.4297737, -6.6828079 ], [ 106.4294794, -6.6820225 ], [ 106.4291269, -6.6802073 ], [ 106.4289084, -6.6780867 ], [ 106.4288448, -6.6766859 ], [ 106.428866, -6.6756915 ], [ 106.4290044, -6.6741214 ], [ 106.4290432, -6.6730595 ], [ 106.4291559, -6.672434 ], [ 106.4291637, -6.6720818 ], [ 106.4292416, -6.6715972 ], [ 106.4293681, -6.6695343 ], [ 106.4294303, -6.6691865 ], [ 106.4295258, -6.6677348 ], [ 106.4296593, -6.6667979 ], [ 106.4297576, -6.6664498 ], [ 106.429783, -6.6655716 ], [ 106.4298782, -6.6647071 ], [ 106.429974, -6.6640935 ], [ 106.4302875, -6.6625558 ], [ 106.4303872, -6.6614739 ], [ 106.4305245, -6.6605205 ], [ 106.4306674, -6.6599346 ], [ 106.4306894, -6.6596609 ], [ 106.4307692, -6.6594164 ], [ 106.4308937, -6.6586735 ], [ 106.4312686, -6.6569091 ], [ 106.4315689, -6.6531707 ], [ 106.4315856, -6.6524167 ], [ 106.4315446, -6.651267 ], [ 106.4314665, -6.6503813 ], [ 106.4311415, -6.6479429 ], [ 106.4306083, -6.6467094 ], [ 106.4301452, -6.6452902 ], [ 106.4299883, -6.6439794 ], [ 106.4301153, -6.6425148 ], [ 106.4303963, -6.6414213 ], [ 106.4304379, -6.6406781 ], [ 106.4303016, -6.6389083 ], [ 106.4300351, -6.6374667 ], [ 106.4300078, -6.6355654 ], [ 106.4301679, -6.634201 ], [ 106.4304058, -6.6313705 ], [ 106.4306724, -6.6277708 ], [ 106.4306654, -6.6269392 ], [ 106.4306605, -6.6263625 ], [ 106.4303975, -6.6247547 ], [ 106.4304716, -6.6242079 ], [ 106.4306205, -6.6238651 ], [ 106.4311337, -6.623564 ], [ 106.4314119, -6.6234561 ], [ 106.4315184, -6.6232739 ], [ 106.4314965, -6.6230814 ], [ 106.4314101, -6.6228248 ], [ 106.4308399, -6.6219489 ], [ 106.430689, -6.6215962 ], [ 106.4302377, -6.6211053 ], [ 106.4294144, -6.6200563 ], [ 106.4288448, -6.6188058 ], [ 106.4286819, -6.6183619 ], [ 106.4284865, -6.6175805 ], [ 106.4275741, -6.6130969 ], [ 106.4274977, -6.6123609 ], [ 106.4273443, -6.6116737 ], [ 106.427208, -6.6108263 ], [ 106.4269852, -6.6097869 ], [ 106.4265782, -6.6082783 ], [ 106.4264722, -6.6064333 ], [ 106.4266362, -6.6051244 ], [ 106.4274345, -6.6026394 ], [ 106.4279978, -6.6001551 ], [ 106.4290279, -6.5965959 ], [ 106.4296248, -6.594145 ], [ 106.4297225, -6.5931047 ], [ 106.4296546, -6.591879 ], [ 106.4292875, -6.590814 ], [ 106.4291249, -6.5900292 ], [ 106.4290232, -6.5893068 ], [ 106.4292206, -6.5855883 ], [ 106.4297576, -6.5824408 ], [ 106.4300108, -6.5800481 ], [ 106.4294954, -6.5775846 ], [ 106.4278683, -6.5739539 ], [ 106.4252762, -6.5683741 ], [ 106.4249928, -6.5679359 ], [ 106.4239244, -6.5671551 ], [ 106.4224812, -6.5668771 ], [ 106.4211005, -6.5665361 ], [ 106.4205038, -6.5661929 ], [ 106.4198441, -6.5657558 ], [ 106.4179886, -6.5638485 ], [ 106.4176769, -6.5633614 ], [ 106.4170862, -6.5623114 ], [ 106.4167735, -6.561106 ], [ 106.4165852, -6.5601786 ], [ 106.4167693, -6.5596213 ], [ 106.4170093, -6.5591784 ], [ 106.4173232, -6.558599 ], [ 106.4184651, -6.5576678 ], [ 106.4201611, -6.5557453 ], [ 106.4214546, -6.5537311 ], [ 106.4220991, -6.5519043 ], [ 106.4221574, -6.5506669 ], [ 106.4220371, -6.5499111 ], [ 106.4216137, -6.5492608 ], [ 106.4211712, -6.5488346 ], [ 106.4203865, -6.5483311 ], [ 106.4200005, -6.5480029 ], [ 106.4196328, -6.5476213 ], [ 106.4175101, -6.5445718 ], [ 106.4168459, -6.5432529 ], [ 106.4160162, -6.5417694 ], [ 106.415517, -6.540384 ], [ 106.4153158, -6.5392949 ], [ 106.4149154, -6.5378102 ], [ 106.4148459, -6.5365887 ], [ 106.4148441, -6.5359613 ], [ 106.4144134, -6.5354342 ], [ 106.4125956, -6.5336754 ], [ 106.412503, -6.5332419 ], [ 106.4120195, -6.5318047 ], [ 106.4118118, -6.531029 ], [ 106.411307, -6.5301628 ], [ 106.4106437, -6.5297536 ], [ 106.4093854, -6.5288667 ], [ 106.4087443, -6.528252 ], [ 106.4082861, -6.5277053 ], [ 106.407833, -6.5272224 ], [ 106.4076529, -6.5268036 ], [ 106.4075826, -6.5265122 ], [ 106.4075127, -6.5263596 ], [ 106.4075122, -6.5261999 ], [ 106.4075324, -6.5259499 ], [ 106.4076773, -6.5254251 ], [ 106.407695, -6.525174 ], [ 106.4076393, -6.5249843 ], [ 106.4078217, -6.5244693 ], [ 106.4077908, -6.5243775 ], [ 106.407674, -6.5242309 ], [ 106.4076614, -6.5241329 ], [ 106.4077102, -6.5240531 ], [ 106.4078755, -6.5239853 ], [ 106.4078386, -6.523909 ], [ 106.4075508, -6.5236802 ], [ 106.4068567, -6.5230301 ], [ 106.4066513, -6.5230198 ], [ 106.4065269, -6.5229824 ], [ 106.4064131, -6.5228692 ], [ 106.4063587, -6.5227667 ], [ 106.4063312, -6.5225832 ], [ 106.4062713, -6.5224375 ], [ 106.4058277, -6.522309 ], [ 106.405216, -6.5219974 ], [ 106.4050486, -6.5218841 ], [ 106.4050806, -6.521616 ], [ 106.4051397, -6.5214312 ], [ 106.4051363, -6.5212674 ], [ 106.4049088, -6.5210301 ], [ 106.4055146, -6.520628 ], [ 106.4055519, -6.520574 ], [ 106.4055748, -6.5203843 ], [ 106.405544, -6.5202125 ], [ 106.4054878, -6.5201626 ], [ 106.4053521, -6.5201158 ], [ 106.4052249, -6.51996 ], [ 106.4052774, -6.5197595 ], [ 106.4052728, -6.5196267 ], [ 106.4048707, -6.5191312 ], [ 106.4047938, -6.5185037 ], [ 106.4046363, -6.5183668 ], [ 106.4043875, -6.5183021 ], [ 106.4043565, -6.5177814 ], [ 106.4042142, -6.5174674 ], [ 106.4037905, -6.5167224 ], [ 106.4037588, -6.5164999 ], [ 106.4038976, -6.516132 ], [ 106.4038868, -6.5159741 ], [ 106.4037489, -6.5155837 ], [ 106.4036114, -6.5153562 ], [ 106.4036112, -6.5152585 ], [ 106.4041051, -6.5147752 ], [ 106.4043327, -6.5146052 ], [ 106.4044106, -6.5145073 ], [ 106.4046378, -6.5139596 ], [ 106.4048087, -6.5134278 ], [ 106.4048184, -6.5131032 ], [ 106.4047865, -6.5130039 ], [ 106.4047184, -6.5129183 ], [ 106.4046908, -6.5127376 ], [ 106.4046712, -6.5110614 ], [ 106.4045907, -6.5101225 ], [ 106.4045794, -6.5096216 ], [ 106.4045138, -6.5092199 ], [ 106.4044979, -6.5079781 ], [ 106.4045221, -6.5077097 ], [ 106.40459, -6.5074323 ], [ 106.4045833, -6.50727 ], [ 106.4046875, -6.5065583 ], [ 106.4047247, -6.5064709 ], [ 106.4047487, -6.5061151 ], [ 106.4048565, -6.5056627 ], [ 106.4048988, -6.5049658 ], [ 106.4048817, -6.504112 ], [ 106.4049061, -6.5030638 ], [ 106.4049404, -6.5026675 ], [ 106.4048883, -6.5019038 ], [ 106.4049091, -6.5010104 ], [ 106.4049472, -6.5007074 ], [ 106.4050241, -6.5004197 ], [ 106.405163, -6.5000776 ], [ 106.4053265, -6.4999189 ], [ 106.4054934, -6.4993527 ], [ 106.4059328, -6.4987151 ], [ 106.4060509, -6.4984987 ], [ 106.4061685, -6.4981255 ], [ 106.4062802, -6.4975656 ], [ 106.4062954, -6.4972617 ], [ 106.4062844, -6.4971498 ], [ 106.4061607, -6.4967876 ], [ 106.4060966, -6.4967238 ], [ 106.406064, -6.496516 ], [ 106.4062127, -6.4962864 ], [ 106.4063757, -6.4957392 ], [ 106.4064603, -6.4952741 ], [ 106.4063051, -6.4926817 ], [ 106.4062362, -6.4900899 ], [ 106.4060428, -6.4870974 ], [ 106.4059392, -6.4844601 ], [ 106.4058768, -6.4828704 ], [ 106.4059656, -6.4815125 ], [ 106.4062722, -6.4808019 ], [ 106.4076888, -6.479396 ], [ 106.4085389, -6.4786022 ], [ 106.4092977, -6.4778086 ], [ 106.4102132, -6.4769848 ], [ 106.4104516, -6.4767704 ], [ 106.4107851, -6.4763128 ], [ 106.411286, -6.4751308 ], [ 106.411325, -6.4749011 ], [ 106.4115602, -6.4740774 ], [ 106.4117004, -6.4732301 ], [ 106.411781, -6.4720245 ], [ 106.4116536, -6.4709793 ], [ 106.4116654, -6.4707427 ], [ 106.4116205, -6.4702839 ], [ 106.4117851, -6.4690138 ], [ 106.4118535, -6.468045 ], [ 106.4117929, -6.4677365 ], [ 106.4116924, -6.4674281 ], [ 106.4114821, -6.4670303 ], [ 106.4112722, -6.4668118 ], [ 106.4110925, -6.4666729 ], [ 106.410752, -6.4660465 ], [ 106.410582, -6.4658179 ], [ 106.4099926, -6.4652221 ], [ 106.4098924, -6.4650431 ], [ 106.4097199, -6.464522 ], [ 106.4096185, -6.4639049 ], [ 106.4096573, -6.4635164 ], [ 106.4096167, -6.4632576 ], [ 106.4090439, -6.4621882 ], [ 106.4088141, -6.4619499 ], [ 106.4083949, -6.4616821 ], [ 106.4079356, -6.461295 ], [ 106.4077956, -6.4611162 ], [ 106.4077455, -6.4610068 ], [ 106.407655, -6.4607182 ], [ 106.4076547, -6.4605988 ], [ 106.4074944, -6.4602905 ], [ 106.4069656, -6.4600032 ], [ 106.4062765, -6.4597522 ], [ 106.4061854, -6.4596617 ], [ 106.4061431, -6.4595152 ], [ 106.4059469, -6.4592714 ], [ 106.4058279, -6.4592019 ], [ 106.4057022, -6.4592023 ], [ 106.4053184, -6.459315 ], [ 106.4049552, -6.4593091 ], [ 106.4048222, -6.4592117 ], [ 106.404703, -6.4590584 ], [ 106.4045753, -6.4583467 ], [ 106.404519, -6.4581863 ], [ 106.4044903, -6.4579071 ], [ 106.4046046, -6.4576656 ], [ 106.4048444, -6.4574864 ], [ 106.4049916, -6.457252 ], [ 106.4050283, -6.4571595 ], [ 106.4050341, -6.4570302 ], [ 106.4050153, -6.4568825 ], [ 106.4049595, -6.4567595 ], [ 106.4048915, -6.4566858 ], [ 106.404799, -6.4566429 ], [ 106.4045587, -6.4566436 ], [ 106.4036422, -6.457151 ], [ 106.4034944, -6.4571884 ], [ 106.403482, -6.4571453 ], [ 106.4036967, -6.4568184 ], [ 106.4037087, -6.4567198 ], [ 106.4036896, -6.4564982 ], [ 106.4035598, -6.45632 ], [ 106.4032389, -6.4561361 ], [ 106.402364, -6.4561139 ], [ 106.4021606, -6.4560652 ], [ 106.4021172, -6.4559853 ], [ 106.4021108, -6.4558867 ], [ 106.402197, -6.4558496 ], [ 106.4023201, -6.4558246 ], [ 106.4027945, -6.4558233 ], [ 106.4030148, -6.4557387 ], [ 106.4030762, -6.4556708 ], [ 106.4030202, -6.4554493 ], [ 106.4028964, -6.4552587 ], [ 106.4028038, -6.4551789 ], [ 106.4026127, -6.4551364 ], [ 106.4023971, -6.4551431 ], [ 106.4022863, -6.4551742 ], [ 106.4020218, -6.4553166 ], [ 106.4018005, -6.4555081 ], [ 106.4014558, -6.4556137 ], [ 106.4013449, -6.4556263 ], [ 106.4012586, -6.4556019 ], [ 106.40122, -6.4549924 ], [ 106.4012876, -6.4549183 ], [ 106.4014661, -6.454887 ], [ 106.4017308, -6.4547939 ], [ 106.4018599, -6.4547012 ], [ 106.4019212, -6.4545779 ], [ 106.4019392, -6.4544054 ], [ 106.4018887, -6.4539684 ], [ 106.4013003, -6.4532043 ], [ 106.4012687, -6.4529335 ], [ 106.4021066, -6.452962 ], [ 106.4024703, -6.4530225 ], [ 106.4027479, -6.4531696 ], [ 106.4029823, -6.4532551 ], [ 106.4036427, -6.453709 ], [ 106.4038029, -6.4537085 ], [ 106.403926, -6.4536651 ], [ 106.4045266, -6.4533922 ], [ 106.4045944, -6.4533982 ], [ 106.4045947, -6.453509 ], [ 106.4046689, -6.4536012 ], [ 106.4053288, -6.4538641 ], [ 106.4057912, -6.4539737 ], [ 106.4063765, -6.4539967 ], [ 106.4069062, -6.453946 ], [ 106.4075156, -6.4537842 ], [ 106.4080326, -6.4535919 ], [ 106.4085405, -6.4534728 ], [ 106.4091378, -6.4533664 ], [ 106.4099508, -6.4533026 ], [ 106.4105297, -6.4532148 ], [ 106.4108252, -6.4531401 ], [ 106.4109975, -6.4530657 ], [ 106.4113917, -6.4530277 ], [ 106.4120234, -6.4529019 ], [ 106.4128851, -6.4526162 ], [ 106.4142211, -6.4522923 ], [ 106.415015, -6.452013 ], [ 106.416404, -6.4516502 ], [ 106.4169948, -6.4514084 ], [ 106.4172041, -6.4513709 ], [ 106.4174072, -6.4512965 ], [ 106.4176041, -6.4511912 ], [ 106.417836, -6.4511519 ], [ 106.4194239, -6.4505809 ], [ 106.4196207, -6.4504819 ], [ 106.4203656, -6.4502704 ], [ 106.4207535, -6.4501955 ], [ 106.4213281, -6.4500207 ], [ 106.4222696, -6.4496424 ], [ 106.4225404, -6.4495493 ], [ 106.4228119, -6.4495042 ], [ 106.4237436, -6.4493054 ], [ 106.4245604, -6.4491914 ], [ 106.4250162, -6.4491557 ], [ 106.4257079, -6.4491485 ], [ 106.4280302, -6.4488361 ], [ 106.4297923, -6.4487959 ], [ 106.4309903, -6.448722 ], [ 106.4319764, -6.4484725 ], [ 106.4333155, -6.4483983 ], [ 106.4345134, -6.4482892 ], [ 106.4353947, -6.4483572 ], [ 106.436017, -6.4484657 ], [ 106.4362425, -6.4486036 ], [ 106.4365204, -6.4488972 ], [ 106.4367633, -6.449087 ], [ 106.4379417, -6.4494301 ], [ 106.4397433, -6.4497021 ], [ 106.4401589, -6.4497009 ], [ 106.4405343, -6.4495108 ], [ 106.4405833, -6.4493099 ], [ 106.4402991, -6.4481914 ], [ 106.4402888, -6.4475895 ], [ 106.4403399, -6.4473916 ], [ 106.440434, -6.4472022 ], [ 106.440863, -6.4468485 ], [ 106.4418595, -6.4463556 ], [ 106.4422122, -6.4460577 ], [ 106.4424264, -6.4457561 ], [ 106.4423904, -6.4451974 ], [ 106.4421745, -6.4448885 ], [ 106.442071, -6.4447942 ], [ 106.4417436, -6.4446317 ], [ 106.4411753, -6.4443926 ], [ 106.4408223, -6.4442818 ], [ 106.4406415, -6.4442394 ], [ 106.4404006, -6.4442314 ], [ 106.4402029, -6.4442664 ], [ 106.4400483, -6.4443356 ], [ 106.4396367, -6.4448097 ], [ 106.4394394, -6.4449822 ], [ 106.4392791, -6.445257 ], [ 106.4390732, -6.4454812 ], [ 106.4389358, -6.4455503 ], [ 106.4387639, -6.4455766 ], [ 106.4386176, -6.4455598 ], [ 106.4382209, -6.4451913 ], [ 106.4379273, -6.4448052 ], [ 106.4378927, -6.4447193 ], [ 106.4378661, -6.4444442 ], [ 106.4379002, -6.444341 ], [ 106.4379859, -6.4442204 ], [ 106.4389782, -6.4437175 ], [ 106.4396175, -6.443183 ], [ 106.4398451, -6.442897 ], [ 106.4399397, -6.4427192 ], [ 106.4402677, -6.4418892 ], [ 106.4403624, -6.4417494 ], [ 106.4404953, -6.4416349 ], [ 106.441002, -6.4413291 ], [ 106.4415975, -6.4410294 ], [ 106.4417497, -6.4410036 ], [ 106.4421621, -6.4409897 ], [ 106.4432206, -6.4412002 ], [ 106.443417, -6.4411841 ], [ 106.44361, -6.4410588 ], [ 106.4437156, -6.4409245 ], [ 106.4437589, -6.440806 ], [ 106.4437799, -6.4405036 ], [ 106.4437869, -6.4400978 ], [ 106.4436458, -6.4394306 ], [ 106.4436744, -6.4387473 ], [ 106.4439515, -6.4381619 ], [ 106.4440443, -6.4380412 ], [ 106.4442636, -6.4378666 ], [ 106.4443558, -6.4377994 ], [ 106.4446786, -6.4376561 ], [ 106.4453846, -6.4374351 ], [ 106.4460384, -6.4371452 ], [ 106.4463665, -6.4369526 ], [ 106.4464211, -6.4368813 ], [ 106.4464699, -6.4367169 ], [ 106.4464197, -6.4363776 ], [ 106.4462593, -6.4358524 ], [ 106.446248, -6.4357156 ], [ 106.4462749, -6.4355403 ], [ 106.4463342, -6.4354321 ], [ 106.446571, -6.43534 ], [ 106.4473573, -6.435524 ], [ 106.4479366, -6.4355596 ], [ 106.4482448, -6.4355316 ], [ 106.4486428, -6.4354455 ], [ 106.4488762, -6.4353196 ], [ 106.4491635, -6.4351089 ], [ 106.44989, -6.4344474 ], [ 106.4500392, -6.4343574 ], [ 106.4502357, -6.4341388 ], [ 106.4503986, -6.4337472 ], [ 106.4504207, -6.4335818 ], [ 106.4503816, -6.4330371 ], [ 106.4502567, -6.4327556 ], [ 106.4500304, -6.4324782 ], [ 106.4495583, -6.4321094 ], [ 106.449054, -6.4319004 ], [ 106.4486775, -6.4316685 ], [ 106.4484891, -6.4315075 ], [ 106.4483986, -6.4314326 ], [ 106.4481411, -6.431104 ], [ 106.4479593, -6.4306386 ], [ 106.4479589, -6.4304883 ], [ 106.4480734, -6.4301885 ], [ 106.44821, -6.4300139 ], [ 106.4483607, -6.4298903 ], [ 106.4485465, -6.4298178 ], [ 106.4487603, -6.4298102 ], [ 106.4488719, -6.4298238 ], [ 106.4493372, -6.4299851 ], [ 106.4497316, -6.4300493 ], [ 106.4502721, -6.4300547 ], [ 106.4508123, -6.4299796 ], [ 106.4514006, -6.4297851 ], [ 106.4519232, -6.4295707 ], [ 106.4524407, -6.4292176 ], [ 106.4525699, -6.4291015 ], [ 106.4527546, -6.4289205 ], [ 106.452865, -6.4286564 ], [ 106.4528878, -6.4284841 ], [ 106.4528711, -6.4283536 ], [ 106.4527685, -6.4281743 ], [ 106.4525888, -6.4281503 ], [ 106.4517641, -6.4281935 ], [ 106.4510274, -6.4281302 ], [ 106.4504101, -6.4278952 ], [ 106.4501472, -6.4276747 ], [ 106.4499752, -6.4274752 ], [ 106.4499423, -6.4273937 ], [ 106.4499251, -6.4270999 ], [ 106.4499495, -6.426943 ], [ 106.4500146, -6.4268611 ], [ 106.4506218, -6.4264349 ], [ 106.4511085, -6.4262321 ], [ 106.4512962, -6.4261908 ], [ 106.4516718, -6.4261734 ], [ 106.4518925, -6.4262503 ], [ 106.4521462, -6.4264496 ], [ 106.4525519, -6.4269341 ], [ 106.4530622, -6.4272861 ], [ 106.4536058, -6.4274723 ], [ 106.4540713, -6.427471 ], [ 106.4543569, -6.4273967 ], [ 106.4544833, -6.4273188 ], [ 106.4545606, -6.4272288 ], [ 106.45467, -6.4269223 ], [ 106.4546363, -6.426551 ], [ 106.4545539, -6.4262797 ], [ 106.454443, -6.4260759 ], [ 106.4541645, -6.4257706 ], [ 106.4538329, -6.4254858 ], [ 106.4536441, -6.4252846 ], [ 106.4533454, -6.425061 ], [ 106.4529488, -6.4248662 ], [ 106.451459, -6.4243994 ], [ 106.4509641, -6.4241192 ], [ 106.4508536, -6.4240093 ], [ 106.4505088, -6.4236053 ], [ 106.4502628, -6.4232346 ], [ 106.4500484, -6.4225677 ], [ 106.4498205, -6.4215995 ], [ 106.4497547, -6.4214364 ], [ 106.4496368, -6.4213192 ], [ 106.4493165, -6.4212483 ], [ 106.4489442, -6.421282 ], [ 106.4481512, -6.4218141 ], [ 106.4474342, -6.4223909 ], [ 106.4473103, -6.4224631 ], [ 106.4467237, -6.422961 ], [ 106.4463845, -6.4231449 ], [ 106.4461232, -6.4231848 ], [ 106.445816, -6.4231399 ], [ 106.4453843, -6.4229322 ], [ 106.4449524, -6.4226852 ], [ 106.4446249, -6.4224053 ], [ 106.4445594, -6.4223337 ], [ 106.4445, -6.4221249 ], [ 106.4444667, -6.4219029 ], [ 106.4444918, -6.4215371 ], [ 106.4449184, -6.4206573 ], [ 106.4452826, -6.4200881 ], [ 106.4457646, -6.4195643 ], [ 106.4460191, -6.4194329 ], [ 106.447126, -6.4190614 ], [ 106.4481119, -6.4188235 ], [ 106.4482555, -6.4187644 ], [ 106.4484187, -6.4187508 ], [ 106.4488039, -6.4186518 ], [ 106.4492415, -6.4186114 ], [ 106.4498557, -6.4186096 ], [ 106.4508819, -6.4187896 ], [ 106.4515057, -6.4189971 ], [ 106.4518131, -6.4191334 ], [ 106.4526755, -6.4191179 ], [ 106.4532306, -6.4190706 ], [ 106.453779, -6.4189123 ], [ 106.4540203, -6.4187484 ], [ 106.4540722, -6.4186502 ], [ 106.4540716, -6.4184217 ], [ 106.4540187, -6.4181933 ], [ 106.453908, -6.4179341 ], [ 106.453729, -6.4173667 ], [ 106.4536427, -6.4168837 ], [ 106.4536284, -6.4164397 ], [ 106.4536277, -6.4162046 ], [ 106.4537759, -6.4152297 ], [ 106.4538407, -6.4150663 ], [ 106.4539696, -6.4143507 ], [ 106.4539293, -6.413959 ], [ 106.4538506, -6.4138286 ], [ 106.4535427, -6.4135356 ], [ 106.4532026, -6.4133994 ], [ 106.4523267, -6.4132647 ], [ 106.4519021, -6.4132855 ], [ 106.4515694, -6.4134302 ], [ 106.4510014, -6.413595 ], [ 106.4507597, -6.4135892 ], [ 106.4505766, -6.413544 ], [ 106.4501643, -6.4132839 ], [ 106.4499939, -6.4130754 ], [ 106.4499807, -6.4128395 ], [ 106.4500345, -6.4127385 ], [ 106.4502572, -6.4125471 ], [ 106.450566, -6.4122114 ], [ 106.4509462, -6.4116559 ], [ 106.4510071, -6.4115225 ], [ 106.4513045, -6.4106865 ], [ 106.4515786, -6.409424 ], [ 106.4515762, -6.4089637 ], [ 106.4514506, -6.4081306 ], [ 106.4512382, -6.4073703 ], [ 106.4511944, -6.4072617 ], [ 106.4510302, -6.4070731 ], [ 106.4507835, -6.4069682 ], [ 106.4506355, -6.4069554 ], [ 106.4503058, -6.4069545 ], [ 106.4502204, -6.40701 ], [ 106.4500499, -6.4072387 ], [ 106.4499754, -6.4080895 ], [ 106.4498503, -6.4083969 ], [ 106.4496857, -6.4087044 ], [ 106.4495288, -6.4089253 ], [ 106.4490635, -6.4094042 ], [ 106.4474841, -6.4106841 ], [ 106.4473109, -6.4107397 ], [ 106.4471376, -6.4107323 ], [ 106.4469484, -6.4106383 ], [ 106.4466639, -6.4103321 ], [ 106.4464344, -6.4099312 ], [ 106.4461657, -6.4096013 ], [ 106.4460154, -6.4093655 ], [ 106.4457153, -6.4090987 ], [ 106.4453681, -6.4088556 ], [ 106.4451631, -6.4087617 ], [ 106.4447449, -6.4084952 ], [ 106.4443964, -6.4081929 ], [ 106.4443014, -6.4080357 ], [ 106.4441745, -6.4077132 ], [ 106.4440785, -6.4071624 ], [ 106.4440692, -6.4066664 ], [ 106.4441446, -6.4057396 ], [ 106.4441114, -6.4051492 ], [ 106.4440479, -6.4049447 ], [ 106.4439452, -6.4048348 ], [ 106.4436457, -6.4047884 ], [ 106.4434253, -6.4048205 ], [ 106.4429218, -6.4050266 ], [ 106.4421863, -6.4054074 ], [ 106.4420132, -6.4054708 ], [ 106.441651, -6.4055033 ], [ 106.4413594, -6.4054412 ], [ 106.4410992, -6.4053474 ], [ 106.4409887, -6.4052769 ], [ 106.4403422, -6.4050268 ], [ 106.4395377, -6.4046354 ], [ 106.439301, -6.4044786 ], [ 106.4389034, -6.4036875 ], [ 106.4388396, -6.4033806 ], [ 106.4387027, -6.4023339 ], [ 106.4386129, -6.4019728 ], [ 106.4383821, -6.4013915 ], [ 106.438207, -6.40081 ], [ 106.4381065, -6.4003088 ], [ 106.4380934, -6.4000364 ], [ 106.4381822, -6.3995905 ], [ 106.4383002, -6.3995346 ], [ 106.4393558, -6.3994344 ], [ 106.4396821, -6.3993363 ], [ 106.4409519, -6.3988189 ], [ 106.4414859, -6.3984979 ], [ 106.4418394, -6.3982192 ], [ 106.4421713, -6.3976418 ], [ 106.4422561, -6.3971812 ], [ 106.4422609, -6.3969409 ], [ 106.4420847, -6.3964281 ], [ 106.4419914, -6.3962809 ], [ 106.441778, -6.3961559 ], [ 106.4416633, -6.3961508 ], [ 106.4415378, -6.3962057 ], [ 106.4414724, -6.3962878 ], [ 106.4410161, -6.3971902 ], [ 106.4409126, -6.3973051 ], [ 106.4406619, -6.3975188 ], [ 106.440351, -6.3976835 ], [ 106.4400725, -6.397717 ], [ 106.4399467, -6.3976737 ], [ 106.4395958, -6.3971832 ], [ 106.4394314, -6.3970199 ], [ 106.4389554, -6.3967372 ], [ 106.4385013, -6.3965146 ], [ 106.4377029, -6.3959834 ], [ 106.4369906, -6.3952045 ], [ 106.4368538, -6.3951175 ], [ 106.4365583, -6.394949 ], [ 106.4362575, -6.3948243 ], [ 106.4358748, -6.3947161 ], [ 106.4347106, -6.3944955 ], [ 106.434563, -6.3944413 ], [ 106.434215, -6.3941655 ], [ 106.4340422, -6.3938096 ], [ 106.4339165, -6.3934063 ], [ 106.4339074, -6.3932259 ], [ 106.4339494, -6.3928651 ], [ 106.4340905, -6.3925622 ], [ 106.4342069, -6.3924313 ], [ 106.4343923, -6.3923415 ], [ 106.4346121, -6.3922996 ], [ 106.4355332, -6.3923589 ], [ 106.4359529, -6.3925089 ], [ 106.4361044, -6.3926115 ], [ 106.4362147, -6.3927143 ], [ 106.436353, -6.3930368 ], [ 106.4364989, -6.3935723 ], [ 106.4366437, -6.3937368 ], [ 106.4370432, -6.3940449 ], [ 106.4380133, -6.3944132 ], [ 106.4382058, -6.3944401 ], [ 106.4383499, -6.3943504 ], [ 106.4384252, -6.3942197 ], [ 106.4384583, -6.3937936 ], [ 106.4384162, -6.3934914 ], [ 106.4383051, -6.3930657 ], [ 106.4378409, -6.3917616 ], [ 106.4373734, -6.3911016 ], [ 106.4372162, -6.3909454 ], [ 106.4370592, -6.3908432 ], [ 106.4362261, -6.3905916 ], [ 106.435999, -6.390549 ], [ 106.4354729, -6.3903025 ], [ 106.435386, -6.3901731 ], [ 106.4354111, -6.3898532 ], [ 106.4355059, -6.3897233 ], [ 106.4358942, -6.3894369 ], [ 106.4362827, -6.3892197 ], [ 106.4364469, -6.3891588 ], [ 106.4371297, -6.3887238 ], [ 106.4372382, -6.3886283 ], [ 106.437632, -6.3884097 ], [ 106.4379642, -6.3880621 ], [ 106.4379911, -6.3879261 ], [ 106.4378748, -6.3877089 ], [ 106.4365668, -6.3870642 ], [ 106.4363581, -6.3869346 ], [ 106.4358389, -6.386364 ], [ 106.4356098, -6.3861688 ], [ 106.4354352, -6.3859735 ], [ 106.4351955, -6.3858328 ], [ 106.4348906, -6.3857358 ], [ 106.4343458, -6.3854545 ], [ 106.4340842, -6.3852812 ], [ 106.4338876, -6.3850207 ], [ 106.4337216, -6.3845562 ], [ 106.4336437, -6.3842315 ], [ 106.4335059, -6.3839068 ], [ 106.4331276, -6.3832151 ], [ 106.4330237, -6.3829691 ], [ 106.4329405, -6.3820681 ], [ 106.4328381, -6.3815438 ], [ 106.4324736, -6.3810942 ], [ 106.4323586, -6.380886 ], [ 106.4322636, -6.3805904 ], [ 106.4321812, -6.3797047 ], [ 106.4320834, -6.3793607 ], [ 106.4318883, -6.3788662 ], [ 106.4318656, -6.3784681 ], [ 106.4319076, -6.3780806 ], [ 106.432036, -6.3778005 ], [ 106.432089, -6.3775205 ], [ 106.432048, -6.3771992 ], [ 106.4319542, -6.3769626 ], [ 106.4317594, -6.3769123 ], [ 106.4312431, -6.3769307 ], [ 106.4309216, -6.3769908 ], [ 106.4301774, -6.3772298 ], [ 106.4296498, -6.3772907 ], [ 106.4286, -6.3772259 ], [ 106.4281595, -6.3771086 ], [ 106.4278799, -6.3769909 ], [ 106.4276678, -6.3768308 ], [ 106.4275234, -6.3766619 ], [ 106.4274043, -6.3764338 ], [ 106.4273614, -6.3762308 ], [ 106.4273436, -6.3759178 ], [ 106.4274865, -6.3754129 ], [ 106.4276126, -6.3752928 ], [ 106.4279382, -6.375079 ], [ 106.429095, -6.37459 ], [ 106.4295004, -6.3743494 ], [ 106.4302249, -6.3740132 ], [ 106.4306589, -6.3736205 ], [ 106.4307845, -6.3734556 ], [ 106.4306953, -6.3732533 ], [ 106.4296312, -6.3730537 ], [ 106.4293393, -6.3729279 ], [ 106.4291872, -6.3727508 ], [ 106.4290979, -6.3725106 ], [ 106.4290204, -6.3719155 ], [ 106.4288916, -6.3712575 ], [ 106.4285606, -6.3705107 ], [ 106.4283688, -6.3698908 ], [ 106.4283923, -6.3694728 ], [ 106.4285688, -6.369219 ], [ 106.4288468, -6.3689649 ], [ 106.4289727, -6.3685595 ], [ 106.4290598, -6.3680019 ], [ 106.4293612, -6.3676633 ], [ 106.4301282, -6.3672457 ], [ 106.4306222, -6.3671189 ], [ 106.4313035, -6.367062 ], [ 106.4317896, -6.366959 ], [ 106.4319379, -6.3668093 ], [ 106.4319451, -6.3665584 ], [ 106.4312199, -6.3649776 ], [ 106.4308184, -6.3643754 ], [ 106.4304678, -6.363997 ], [ 106.4298302, -6.3631152 ], [ 106.4298134, -6.3627506 ], [ 106.4306099, -6.3619731 ], [ 106.4309108, -6.3614755 ], [ 106.4311112, -6.3609248 ], [ 106.431086, -6.3603822 ], [ 106.4309625, -6.359849 ], [ 106.4306085, -6.3593201 ], [ 106.4297467, -6.3585558 ], [ 106.429639, -6.3584252 ], [ 106.4296692, -6.35831 ], [ 106.4298383, -6.3582098 ], [ 106.4303985, -6.3581624 ], [ 106.4307508, -6.3580923 ], [ 106.4308804, -6.3579536 ], [ 106.4309111, -6.3576544 ], [ 106.4307563, -6.3572405 ], [ 106.430541, -6.3570105 ], [ 106.4302169, -6.3569569 ], [ 106.4286045, -6.3568102 ], [ 106.4283225, -6.3566703 ], [ 106.4280619, -6.3564544 ], [ 106.4280231, -6.3558057 ], [ 106.4280156, -6.3553942 ], [ 106.4280894, -6.3546579 ], [ 106.4280564, -6.3544634 ], [ 106.4278935, -6.3543127 ], [ 106.4275475, -6.3541729 ], [ 106.4271031, -6.3540659 ], [ 106.4268643, -6.3539148 ], [ 106.4267782, -6.3537419 ], [ 106.4267667, -6.3535149 ], [ 106.4270466, -6.3532437 ], [ 106.4275007, -6.3529285 ], [ 106.4280084, -6.352765 ], [ 106.4283112, -6.3526014 ], [ 106.4285768, -6.352121 ], [ 106.4291092, -6.3509526 ], [ 106.4292579, -6.3505668 ], [ 106.4292355, -6.3503313 ], [ 106.4291605, -6.3502458 ], [ 106.4287968, -6.3501397 ], [ 106.4282283, -6.3500342 ], [ 106.4277465, -6.3499071 ], [ 106.427126, -6.3498873 ], [ 106.4268258, -6.349931 ], [ 106.4262915, -6.3500934 ], [ 106.4258308, -6.3501161 ], [ 106.4255628, -6.3500954 ], [ 106.4254561, -6.3499562 ], [ 106.4254232, -6.349796 ], [ 106.4254658, -6.3495493 ], [ 106.4257531, -6.3490994 ], [ 106.4263725, -6.3483695 ], [ 106.4265749, -6.3482081 ], [ 106.4267008, -6.3478918 ], [ 106.426875, -6.348164 ], [ 106.426939, -6.348381 ], [ 106.427441, -6.348488 ], [ 106.4276926, -6.3484568 ], [ 106.4276531, -6.3475809 ], [ 106.4276817, -6.3474257 ], [ 106.4278227, -6.3472013 ], [ 106.4281566, -6.3468654 ], [ 106.428917, -6.345931 ], [ 106.429541, -6.345729 ], [ 106.42977, -6.345592 ], [ 106.429822, -6.345476 ], [ 106.429797, -6.345039 ], [ 106.43022, -6.344304 ], [ 106.4304154, -6.3436479 ], [ 106.4305214, -6.3430789 ], [ 106.4306484, -6.3429099 ], [ 106.4308654, -6.3427369 ], [ 106.4310414, -6.3424559 ], [ 106.4310894, -6.3422879 ], [ 106.4310246, -6.3421568 ], [ 106.4317904, -6.3412518 ], [ 106.4321734, -6.3405488 ], [ 106.4324094, -6.3402478 ], [ 106.4325254, -6.3401578 ], [ 106.4328414, -6.3400168 ], [ 106.4329744, -6.3399168 ], [ 106.4332444, -6.3395908 ], [ 106.4335644, -6.3392858 ], [ 106.4338364, -6.3388108 ], [ 106.4342834, -6.3382288 ], [ 106.4344644, -6.3380858 ], [ 106.4347554, -6.3379768 ], [ 106.4354234, -6.3367698 ], [ 106.4356964, -6.3364448 ], [ 106.4360044, -6.3359748 ], [ 106.4361784, -6.3358075 ], [ 106.4362065, -6.3357805 ], [ 106.4365068, -6.3355415 ], [ 106.4367524, -6.3352708 ], [ 106.4373276, -6.3344499 ], [ 106.437657, -6.3339797 ], [ 106.4376044, -6.3337712 ], [ 106.438155, -6.3322193 ], [ 106.4382943, -6.3318268 ], [ 106.4383754, -6.3315201 ], [ 106.4383851, -6.3315041 ], [ 106.4390393, -6.3304218 ], [ 106.439184, -6.3298952 ], [ 106.4394089, -6.3290767 ], [ 106.4404893, -6.3272908 ], [ 106.4405523, -6.3271268 ], [ 106.4406123, -6.3267965 ], [ 106.4406724, -6.3267546 ], [ 106.440927, -6.3267324 ], [ 106.4410883, -6.3266637 ], [ 106.4414823, -6.3262628 ], [ 106.4417133, -6.3261038 ], [ 106.4420133, -6.3259888 ], [ 106.4420283, -6.3258758 ], [ 106.4421443, -6.3257128 ], [ 106.4426433, -6.3253128 ], [ 106.4426853, -6.3251778 ], [ 106.4426923, -6.3249148 ], [ 106.4425187, -6.3240752 ], [ 106.4428973, -6.3240498 ], [ 106.4430413, -6.3240628 ], [ 106.4431053, -6.3240958 ], [ 106.4440583, -6.3237408 ], [ 106.4442603, -6.3235647 ], [ 106.4446873, -6.3233107 ], [ 106.4450543, -6.3232677 ], [ 106.4456173, -6.3230827 ], [ 106.4458493, -6.3230047 ], [ 106.4461593, -6.3228267 ], [ 106.4466933, -6.3222587 ], [ 106.4473471, -6.3217328 ], [ 106.447806, -6.321322 ], [ 106.448179, -6.321102 ], [ 106.449031, -6.320499 ], [ 106.449758, -6.320071 ], [ 106.449944, -6.319892 ], [ 106.45041, -6.319533 ], [ 106.450578, -6.319469 ], [ 106.452152, -6.317529 ], [ 106.452346, -6.317397 ], [ 106.4532, -6.316655 ], [ 106.4537587, -6.3161093 ], [ 106.4538784, -6.3160695 ], [ 106.4540793, -6.3160594 ], [ 106.4541388, -6.3159827 ], [ 106.454189, -6.3159634 ], [ 106.4543827, -6.3159628 ], [ 106.4549941, -6.3156572 ], [ 106.4551183, -6.3155995 ], [ 106.4552302, -6.3154532 ], [ 106.4553329, -6.3153931 ], [ 106.4556007, -6.3153684 ], [ 106.4556603, -6.3153228 ], [ 106.4558599, -6.3148413 ], [ 106.45601, -6.3146375 ], [ 106.4560238, -6.3144508 ], [ 106.456155, -6.3143284 ], [ 106.4561829, -6.3140556 ], [ 106.4562641, -6.3140147 ], [ 106.4564623, -6.3140267 ], [ 106.4565821, -6.3139803 ], [ 106.4570906, -6.3136702 ], [ 106.457854, -6.3130077 ], [ 106.4580473, -6.3128779 ], [ 106.458236, -6.312808 ], [ 106.4583457, -6.3126929 ], [ 106.4594343, -6.3119284 ], [ 106.4599689, -6.3116475 ], [ 106.4600572, -6.3115754 ], [ 106.4603096, -6.3111704 ], [ 106.4602922, -6.3109646 ], [ 106.4603374, -6.310876 ], [ 106.4611424, -6.3100446 ], [ 106.4614983, -6.3098567 ], [ 106.4620693, -6.3094317 ], [ 106.4623773, -6.3090627 ], [ 106.4628103, -6.3086386 ], [ 106.4636498, -6.3075767 ], [ 106.4642375, -6.306959 ], [ 106.4649344, -6.3068936 ], [ 106.4652831, -6.3067371 ], [ 106.4653573, -6.3067321 ], [ 106.4654531, -6.3067892 ], [ 106.4655487, -6.3067937 ], [ 106.4658519, -6.3065895 ], [ 106.4659138, -6.3064936 ], [ 106.4659205, -6.3063524 ], [ 106.4660276, -6.3061631 ], [ 106.4661221, -6.3057585 ], [ 106.4659756, -6.3055292 ], [ 106.4659556, -6.3052038 ], [ 106.4658309, -6.3050989 ], [ 106.465821, -6.3049673 ], [ 106.4667368, -6.3049289 ], [ 106.4673061, -6.3041377 ], [ 106.4676543, -6.3038113 ], [ 106.4677594, -6.3037512 ], [ 106.4678761, -6.3035929 ], [ 106.4678913, -6.303494 ], [ 106.4681123, -6.3035106 ], [ 106.4684213, -6.3037086 ], [ 106.4688143, -6.3033186 ], [ 106.4689593, -6.3032816 ], [ 106.4691153, -6.3033266 ], [ 106.469249, -6.3034857 ], [ 106.4693163, -6.3042936 ], [ 106.4696083, -6.3045286 ], [ 106.4700063, -6.3051056 ], [ 106.4701543, -6.3051596 ], [ 106.4704513, -6.3052046 ], [ 106.4707903, -6.3053386 ], [ 106.4712453, -6.3057716 ], [ 106.4718303, -6.3061766 ], [ 106.4718513, -6.3062946 ], [ 106.4718013, -6.3064306 ], [ 106.4718393, -6.3065836 ], [ 106.4718643, -6.3073706 ], [ 106.4719003, -6.3074876 ], [ 106.4721093, -6.3076136 ], [ 106.4724803, -6.3076496 ], [ 106.4730383, -6.3075576 ], [ 106.4732133, -6.3076466 ], [ 106.4735723, -6.3082516 ], [ 106.4737183, -6.3084146 ], [ 106.4739393, -6.3085226 ], [ 106.4743383, -6.3084486 ], [ 106.4749043, -6.3084106 ], [ 106.4756113, -6.3086986 ], [ 106.4761123, -6.3087876 ], [ 106.476211, -6.3088222 ], [ 106.4762366, -6.3088602 ], [ 106.4762493, -6.3090586 ], [ 106.4762203, -6.3093116 ], [ 106.4761383, -6.3097906 ], [ 106.4759503, -6.3105556 ], [ 106.4760023, -6.3107316 ], [ 106.4761323, -6.3108036 ], [ 106.4764173, -6.3108486 ], [ 106.4770543, -6.3106656 ], [ 106.4775443, -6.3119396 ], [ 106.4773293, -6.3124466 ], [ 106.4775713, -6.3128166 ], [ 106.4776903, -6.3130696 ], [ 106.4777953, -6.3132046 ], [ 106.4780384, -6.3133846 ], [ 106.4782574, -6.3138636 ], [ 106.4784804, -6.3141616 ], [ 106.4785184, -6.3143966 ], [ 106.4784504, -6.3153186 ], [ 106.4780994, -6.3157546 ], [ 106.4781234, -6.3158626 ], [ 106.4782164, -6.3160066 ], [ 106.4781434, -6.3165226 ], [ 106.4781894, -6.3166496 ], [ 106.4783024, -6.3167486 ], [ 106.4789254, -6.3165746 ], [ 106.4791924, -6.3165466 ], [ 106.4792674, -6.3165916 ], [ 106.4793074, -6.3167186 ], [ 106.4790834, -6.3170986 ], [ 106.4790849, -6.3171617 ], [ 106.4790894, -6.3173516 ], [ 106.4791634, -6.3175326 ], [ 106.4793104, -6.3176676 ], [ 106.4799234, -6.3177926 ], [ 106.4802774, -6.3182436 ], [ 106.4803804, -6.3184246 ], [ 106.4804304, -6.3186866 ], [ 106.4803634, -6.3190756 ], [ 106.4802394, -6.3194106 ], [ 106.4804864, -6.3199346 ], [ 106.4805834, -6.3202236 ], [ 106.4803334, -6.3207486 ], [ 106.4813734, -6.3214786 ], [ 106.4818074, -6.3213506 ], [ 106.4824904, -6.3215206 ], [ 106.4826124, -6.3221976 ], [ 106.4826654, -6.3223066 ], [ 106.4832984, -6.3223856 ], [ 106.4834754, -6.3225576 ], [ 106.4837314, -6.3233257 ], [ 106.4837584, -6.3234967 ], [ 106.4835444, -6.3238327 ], [ 106.4839267, -6.3243787 ], [ 106.4840394, -6.3246087 ], [ 106.4841864, -6.3255307 ], [ 106.4840954, -6.3257747 ], [ 106.4835634, -6.3263917 ], [ 106.4834214, -6.3266817 ], [ 106.4834174, -6.3268537 ], [ 106.4837404, -6.3269427 ], [ 106.4839514, -6.3277107 ], [ 106.4842814, -6.3284247 ], [ 106.4843534, -6.3287497 ], [ 106.4843324, -6.3289217 ], [ 106.4842404, -6.3291117 ], [ 106.4837184, -6.3296467 ], [ 106.4836804, -6.3299637 ], [ 106.4837124, -6.3302437 ], [ 106.4838014, -6.3304517 ], [ 106.4838054, -6.3306227 ], [ 106.4837534, -6.3310027 ], [ 106.4835764, -6.3310847 ], [ 106.4831744, -6.3311677 ], [ 106.4824044, -6.3314497 ], [ 106.4822254, -6.3315407 ], [ 106.4818144, -6.3318677 ], [ 106.4817044, -6.3320667 ], [ 106.4817114, -6.3322207 ], [ 106.4818264, -6.3323467 ], [ 106.4826774, -6.3323447 ], [ 106.4827324, -6.3325527 ], [ 106.4825074, -6.3333307 ], [ 106.4824924, -6.3339187 ], [ 106.4824504, -6.3340367 ], [ 106.4817574, -6.3342827 ], [ 106.4817344, -6.3343997 ], [ 106.4818174, -6.3345627 ], [ 106.4821484, -6.3349237 ], [ 106.4827294, -6.3353197 ], [ 106.4828294, -6.3354727 ], [ 106.4829964, -6.3354927 ], [ 106.4831074, -6.3356817 ], [ 106.4831114, -6.3357507 ], [ 106.4830204, -6.3358817 ], [ 106.4828214, -6.3360387 ], [ 106.4827124, -6.3360807 ], [ 106.4826314, -6.3360757 ], [ 106.4824794, -6.3358177 ], [ 106.4825154, -6.3367397 ], [ 106.4824574, -6.3372377 ], [ 106.4825034, -6.3373367 ], [ 106.4829434, -6.3376157 ], [ 106.4829814, -6.3381137 ], [ 106.4830974, -6.3383387 ], [ 106.4832693, -6.3385607 ], [ 106.4833074, -6.3390167 ], [ 106.4832954, -6.3392517 ], [ 106.4833914, -6.3393327 ], [ 106.4835524, -6.3393957 ], [ 106.4836364, -6.3394767 ], [ 106.4836764, -6.3396577 ], [ 106.4835244, -6.3400737 ], [ 106.4835164, -6.3404697 ], [ 106.4834524, -6.3407887 ], [ 106.4830384, -6.3412687 ], [ 106.4830124, -6.3414317 ], [ 106.4830264, -6.3417847 ], [ 106.4829894, -6.3419387 ], [ 106.4827044, -6.3421387 ], [ 106.4825904, -6.3423817 ], [ 106.4825324, -6.3425997 ], [ 106.4833854, -6.3427967 ], [ 106.4834784, -6.3428507 ], [ 106.4830764, -6.3434307 ], [ 106.4822114, -6.3439117 ], [ 106.4818834, -6.3442467 ], [ 106.4818004, -6.3442697 ], [ 106.4817254, -6.3442337 ], [ 106.4816804, -6.3441617 ], [ 106.4816004, -6.3439227 ], [ 106.4812044, -6.3437157 ], [ 106.4810704, -6.3436807 ], [ 106.4803734, -6.3436637 ], [ 106.4800844, -6.3437097 ], [ 106.4798184, -6.3438017 ], [ 106.4792914, -6.3438477 ], [ 106.4786934, -6.3440577 ], [ 106.4783904, -6.3440767 ], [ 106.4776464, -6.3438977 ], [ 106.4771584, -6.3440527 ], [ 106.4764484, -6.3441007 ], [ 106.4763564, -6.3441277 ], [ 106.4762504, -6.3442907 ], [ 106.4761334, -6.3447527 ], [ 106.4761654, -6.3450688 ], [ 106.4763284, -6.3453398 ], [ 106.4764534, -6.3454568 ], [ 106.4768864, -6.3456008 ], [ 106.4770334, -6.3458168 ], [ 106.4771044, -6.3465588 ], [ 106.4770634, -6.3467398 ], [ 106.4767974, -6.3469118 ], [ 106.4765584, -6.3471658 ], [ 106.4766184, -6.3475728 ], [ 106.4763594, -6.3478448 ], [ 106.4763624, -6.3479898 ], [ 106.4764284, -6.3482608 ], [ 106.4763974, -6.3490568 ], [ 106.4764794, -6.3494898 ], [ 106.4762729, -6.350747 ], [ 106.4764554, -6.3507058 ], [ 106.4769974, -6.3506848 ], [ 106.4774254, -6.3505148 ], [ 106.4778224, -6.3504818 ], [ 106.4787474, -6.3505678 ], [ 106.4790194, -6.3505608 ], [ 106.4791134, -6.3504948 ], [ 106.4807634, -6.3503428 ], [ 106.4815444, -6.3503308 ], [ 106.4823999, -6.3501052 ], [ 106.4828916, -6.3493979 ], [ 106.4837354, -6.3494967 ], [ 106.4854005, -6.3497947 ], [ 106.4865765, -6.3502007 ], [ 106.4866675, -6.3503327 ], [ 106.4868255, -6.3504467 ], [ 106.4870835, -6.3504017 ], [ 106.4871645, -6.3504517 ], [ 106.4876675, -6.3505707 ], [ 106.4880415, -6.3505707 ], [ 106.4888975, -6.3507157 ], [ 106.4890776, -6.3507193 ], [ 106.4895745, -6.3507227 ], [ 106.4897035, -6.3507497 ], [ 106.4897465, -6.3506627 ], [ 106.4899205, -6.3507287 ], [ 106.4900135, -6.3508857 ], [ 106.4901765, -6.3509757 ], [ 106.4907205, -6.3510057 ], [ 106.4916075, -6.3511147 ], [ 106.4917935, -6.3511967 ], [ 106.4932695, -6.3513537 ], [ 106.4941475, -6.3514167 ], [ 106.4942205, -6.3514687 ], [ 106.4942535, -6.3515407 ], [ 106.4947055, -6.3515667 ], [ 106.4949465, -6.3516257 ], [ 106.4951195, -6.3516367 ], [ 106.4954075, -6.3516067 ], [ 106.4960845, -6.3518177 ], [ 106.4972595, -6.3520537 ], [ 106.4976665, -6.3521047 ], [ 106.4983645, -6.3521207 ], [ 106.4984725, -6.3521687 ], [ 106.4985965, -6.3521697 ], [ 106.4986785, -6.3522467 ], [ 106.4991345, -6.3523827 ], [ 106.4992645, -6.3523327 ], [ 106.5000005, -6.3523707 ], [ 106.5000345, -6.3524097 ], [ 106.5001935, -6.3524607 ], [ 106.5005355, -6.3524647 ], [ 106.5013325, -6.3525937 ], [ 106.5019573, -6.3526148 ], [ 106.5020475, -6.3526047 ], [ 106.5021815, -6.3527217 ], [ 106.5024825, -6.3527927 ], [ 106.5029565, -6.3527767 ], [ 106.5033095, -6.3528147 ], [ 106.5035125, -6.3528877 ], [ 106.5045785, -6.3530247 ], [ 106.5057765, -6.3531127 ], [ 106.5071775, -6.3531277 ], [ 106.5075935, -6.3531497 ], [ 106.5077772, -6.3531916 ], [ 106.5079265, -6.3532797 ], [ 106.5086205, -6.3532917 ], [ 106.5096955, -6.3532127 ], [ 106.5103658, -6.3532549 ], [ 106.510617, -6.353244 ], [ 106.511171, -6.353306 ], [ 106.512231, -6.353356 ], [ 106.51288, -6.353351 ], [ 106.51301, -6.353268 ], [ 106.513519, -6.352752 ], [ 106.515074, -6.352072 ], [ 106.515295, -6.351797 ], [ 106.515631, -6.351665 ], [ 106.516289, -6.351719 ], [ 106.516483, -6.351671 ], [ 106.51652, -6.351603 ], [ 106.51719, -6.352011 ], [ 106.517402, -6.352297 ], [ 106.517546, -6.352924 ], [ 106.517378, -6.353154 ], [ 106.517417, -6.35329 ], [ 106.517634, -6.353606 ], [ 106.517921, -6.353918 ], [ 106.5193257, -6.354865 ], [ 106.5198977, -6.3540591 ], [ 106.5200808, -6.3538737 ], [ 106.5203317, -6.3537245 ], [ 106.5214617, -6.3531412 ], [ 106.5218814, -6.352868 ], [ 106.5219271, -6.3527588 ], [ 106.5218051, -6.3519329 ], [ 106.5216067, -6.3513788 ], [ 106.5215609, -6.3511614 ], [ 106.5215838, -6.3510093 ], [ 106.5218661, -6.3507041 ], [ 106.5219805, -6.3503231 ], [ 106.5221026, -6.3501486 ], [ 106.5222628, -6.3500718 ], [ 106.5223849, -6.3500609 ], [ 106.5231402, -6.3502545 ], [ 106.523659, -6.3502964 ], [ 106.5242159, -6.350088 ], [ 106.5247652, -6.3499669 ], [ 106.5254824, -6.3496928 ], [ 106.5261767, -6.3494839 ], [ 106.5265582, -6.3492979 ], [ 106.5267489, -6.3491453 ], [ 106.5268557, -6.3490147 ], [ 106.5269091, -6.3485359 ], [ 106.5270464, -6.3481983 ], [ 106.5271533, -6.3481545 ], [ 106.5278933, -6.3480653 ], [ 106.5280383, -6.347978 ], [ 106.5281222, -6.3478035 ], [ 106.5281756, -6.3471293 ], [ 106.5283511, -6.3469004 ], [ 106.5285037, -6.3467912 ], [ 106.5290224, -6.3467135 ], [ 106.5291674, -6.3468112 ], [ 106.5294184, -6.3468964 ], [ 106.5296252, -6.3468856 ], [ 106.5296938, -6.3468312 ], [ 106.529732, -6.3466138 ], [ 106.529732, -6.3463959 ], [ 106.5296633, -6.3461246 ], [ 106.5295641, -6.3459291 ], [ 106.5294344, -6.3458208 ], [ 106.5290377, -6.3456911 ], [ 106.5285189, -6.3455733 ], [ 106.5283892, -6.3454756 ], [ 106.5283663, -6.3453454 ], [ 106.5283968, -6.3452148 ], [ 106.5287478, -6.3446807 ], [ 106.5291445, -6.3442883 ], [ 106.5298083, -6.3434381 ], [ 106.53006, -6.3432197 ], [ 106.5303271, -6.3431319 ], [ 106.5310671, -6.3430862 ], [ 106.5311968, -6.3430533 ], [ 106.5313799, -6.3429221 ], [ 106.5314257, -6.3428244 ], [ 106.5313799, -6.342596 ], [ 106.5312808, -6.3423895 ], [ 106.5311816, -6.3422483 ], [ 106.530762, -6.3419999 ], [ 106.5305636, -6.341761 ], [ 106.5304568, -6.3415875 ], [ 106.530411, -6.3412832 ], [ 106.5305178, -6.3409676 ], [ 106.530823, -6.3402924 ], [ 106.5309603, -6.3402047 ], [ 106.5313342, -6.3400625 ], [ 106.5316317, -6.339909 ], [ 106.5318301, -6.339724 ], [ 106.5318835, -6.3396367 ], [ 106.5318606, -6.3395495 ], [ 106.5317767, -6.3394956 ], [ 106.5309145, -6.3392696 ], [ 106.5307314, -6.3390965 ], [ 106.5305102, -6.3387818 ], [ 106.530266, -6.3377384 ], [ 106.5301364, -6.3376192 ], [ 106.5299532, -6.3375978 ], [ 106.5297244, -6.3376312 ], [ 106.5294955, -6.3377408 ], [ 106.5292895, -6.3378824 ], [ 106.5291293, -6.3380899 ], [ 106.529053, -6.3382529 ], [ 106.5289919, -6.3386883 ], [ 106.5284426, -6.339342 ], [ 106.5282748, -6.3393864 ], [ 106.5281527, -6.3393216 ], [ 106.5279086, -6.3390283 ], [ 106.5276492, -6.3387794 ], [ 106.5274356, -6.3386926 ], [ 106.5271075, -6.3386611 ], [ 106.5266802, -6.338684 ], [ 106.5263369, -6.3387393 ], [ 106.5256808, -6.3389372 ], [ 106.5250323, -6.3390154 ], [ 106.5246737, -6.3390054 ], [ 106.5244448, -6.3388757 ], [ 106.5243304, -6.3386583 ], [ 106.5242846, -6.3382563 ], [ 106.5243227, -6.3380384 ], [ 106.5244601, -6.3379077 ], [ 106.5248416, -6.3377542 ], [ 106.5252459, -6.3375468 ], [ 106.5256808, -6.337491 ], [ 106.5260165, -6.3373703 ], [ 106.5262072, -6.3372172 ], [ 106.5264285, -6.3368472 ], [ 106.5265048, -6.3365969 ], [ 106.5264971, -6.3363575 ], [ 106.5264056, -6.3361944 ], [ 106.5263064, -6.3361081 ], [ 106.5255434, -6.3360233 ], [ 106.5250399, -6.3358506 ], [ 106.5245822, -6.3356127 ], [ 106.5244525, -6.3354611 ], [ 106.5243685, -6.3352656 ], [ 106.5242846, -6.3347983 ], [ 106.5242846, -6.3344392 ], [ 106.5243533, -6.3342651 ], [ 106.5246127, -6.333949 ], [ 106.5246355, -6.3337206 ], [ 106.5245974, -6.3336229 ], [ 106.5244982, -6.3335795 ], [ 106.5243075, -6.3335585 ], [ 106.5241091, -6.3335914 ], [ 106.5236666, -6.3338322 ], [ 106.5233385, -6.3339199 ], [ 106.5230792, -6.333888 ], [ 106.522774, -6.3337368 ], [ 106.5224001, -6.3334879 ], [ 106.5222704, -6.3333687 ], [ 106.5216448, -6.3322939 ], [ 106.5215075, -6.3321094 ], [ 106.5213549, -6.3321098 ], [ 106.5211871, -6.3321757 ], [ 106.5211032, -6.3323278 ], [ 106.5207674, -6.333177 ], [ 106.5205615, -6.3333735 ], [ 106.5204318, -6.3334174 ], [ 106.5201571, -6.333331 ], [ 106.5198748, -6.3329295 ], [ 106.5197451, -6.3324951 ], [ 106.5196459, -6.3322672 ], [ 106.518738, -6.3315629 ], [ 106.5186236, -6.3315629 ], [ 106.5179064, -6.3319782 ], [ 106.5171206, -6.3319916 ], [ 106.5164034, -6.3324942 ], [ 106.5161906, -6.3324947 ], [ 106.5159991, -6.3324517 ], [ 106.5156024, -6.3323006 ], [ 106.5154574, -6.3322791 ], [ 106.5150988, -6.3322911 ], [ 106.5150225, -6.3321175 ], [ 106.515053, -6.3316173 ], [ 106.5151827, -6.330975 ], [ 106.5153658, -6.3303656 ], [ 106.5153429, -6.3300718 ], [ 106.5152438, -6.329833 ], [ 106.5150912, -6.3296484 ], [ 106.5147631, -6.3294429 ], [ 106.5144503, -6.3293132 ], [ 106.5143359, -6.3293137 ], [ 106.5142748, -6.3293466 ], [ 106.5140002, -6.3299779 ], [ 106.5138323, -6.3300003 ], [ 106.5137103, -6.3299789 ], [ 106.5132296, -6.3295888 ], [ 106.5127261, -6.3293728 ], [ 106.5127184, -6.3293075 ], [ 106.5128787, -6.3291005 ], [ 106.5135729, -6.3286089 ], [ 106.5136263, -6.3285326 ], [ 106.5136187, -6.3283695 ], [ 106.5134966, -6.3277935 ], [ 106.5135729, -6.3276848 ], [ 106.5137179, -6.327608 ], [ 106.5138857, -6.3275642 ], [ 106.5142825, -6.3277043 ], [ 106.5144351, -6.3277149 ], [ 106.5145419, -6.3276495 ], [ 106.5145876, -6.3275403 ], [ 106.5144732, -6.3271817 ], [ 106.5142901, -6.326693 ], [ 106.5141756, -6.3265084 ], [ 106.5140612, -6.3264326 ], [ 106.5137408, -6.3264665 ], [ 106.5135882, -6.3264231 ], [ 106.5134203, -6.3263148 ], [ 106.5132754, -6.3261198 ], [ 106.5132449, -6.3259238 ], [ 106.5132983, -6.3257064 ], [ 106.5133898, -6.3255104 ], [ 106.5135195, -6.3253688 ], [ 106.513634, -6.3253354 ], [ 106.5138018, -6.3253349 ], [ 106.5139468, -6.3254108 ], [ 106.5144808, -6.3254418 ], [ 106.5147631, -6.325376 ], [ 106.5148852, -6.3252992 ], [ 106.5150149, -6.3250054 ], [ 106.5150225, -6.3249072 ], [ 106.5149539, -6.3248424 ], [ 106.514764, -6.324464 ], [ 106.5148638, -6.3244389 ], [ 106.5153962, -6.3242973 ], [ 106.5155904, -6.3242993 ], [ 106.5156932, -6.3243297 ], [ 106.5157484, -6.3243944 ], [ 106.5158169, -6.3245619 ], [ 106.5158131, -6.3248208 ], [ 106.5157008, -6.3251806 ], [ 106.5157046, -6.3254604 ], [ 106.5157865, -6.3256984 ], [ 106.5161881, -6.3257764 ], [ 106.5165255, -6.3257841 ], [ 106.5175021, -6.3257813 ], [ 106.5181124, -6.325736 ], [ 106.5181887, -6.3258661 ], [ 106.5181734, -6.3260183 ], [ 106.5178759, -6.3263888 ], [ 106.5178149, -6.3265523 ], [ 106.5178149, -6.3266501 ], [ 106.5179446, -6.3268022 ], [ 106.5181505, -6.3269099 ], [ 106.5184557, -6.3270506 ], [ 106.5186922, -6.3270935 ], [ 106.5187609, -6.3270826 ], [ 106.518831, -6.3270247 ], [ 106.5189054, -6.3269474 ], [ 106.5189797, -6.3268016 ], [ 106.5191464, -6.3259047 ], [ 106.5193396, -6.3257877 ], [ 106.5194652, -6.3257743 ], [ 106.5196346, -6.3259809 ], [ 106.5205369, -6.3264796 ], [ 106.5207206, -6.3265367 ], [ 106.520931, -6.3264825 ], [ 106.5209719, -6.3264139 ], [ 106.5209129, -6.3258952 ], [ 106.5209205, -6.325859 ], [ 106.5210852, -6.3258448 ], [ 106.5212384, -6.325959 ], [ 106.5216105, -6.3263949 ], [ 106.5218095, -6.3264349 ], [ 106.5219275, -6.3263702 ], [ 106.5219541, -6.3263207 ], [ 106.5219522, -6.3261855 ], [ 106.5217257, -6.3258562 ], [ 106.5216058, -6.3256202 ], [ 106.5215982, -6.3254412 ], [ 106.521661, -6.3253517 ], [ 106.5217942, -6.3252718 ], [ 106.5220275, -6.3252548 ], [ 106.5222322, -6.3252788 ], [ 106.5223547, -6.3252574 ], [ 106.5226724, -6.3251229 ], [ 106.5234286, -6.3250546 ], [ 106.5235628, -6.3250632 ], [ 106.5237122, -6.325127 ], [ 106.5237969, -6.3252764 ], [ 106.5238839, -6.32559 ], [ 106.5239296, -6.3256757 ], [ 106.5240552, -6.3257885 ], [ 106.5241823, -6.3257942 ], [ 106.5243722, -6.3257171 ], [ 106.5246256, -6.3254025 ], [ 106.5247912, -6.3252769 ], [ 106.5252822, -6.325259 ], [ 106.5254577, -6.3253572 ], [ 106.5258384, -6.3258242 ], [ 106.525999, -6.3258539 ], [ 106.5261685, -6.3258182 ], [ 106.5262875, -6.3257557 ], [ 106.5264886, -6.325591 ], [ 106.5265457, -6.3255053 ], [ 106.5265778, -6.3253839 ], [ 106.5267301, -6.3246743 ], [ 106.5268396, -6.3246172 ], [ 106.5268955, -6.3246422 ], [ 106.5270739, -6.3248361 ], [ 106.5274582, -6.3254666 ], [ 106.5276843, -6.325745 ], [ 106.5281697, -6.3259592 ], [ 106.5288906, -6.3260594 ], [ 106.5289763, -6.3260956 ], [ 106.5290791, -6.3262022 ], [ 106.5290829, -6.3263202 ], [ 106.5284407, -6.3267648 ], [ 106.5283872, -6.3268754 ], [ 106.5283622, -6.327086 ], [ 106.5284157, -6.327832 ], [ 106.5284585, -6.3280497 ], [ 106.5285406, -6.3281996 ], [ 106.5291474, -6.3285601 ], [ 106.5292723, -6.3285922 ], [ 106.5297684, -6.3286029 ], [ 106.5302967, -6.3285387 ], [ 106.5305358, -6.3286386 ], [ 106.5306536, -6.3287207 ], [ 106.5307214, -6.3288242 ], [ 106.5307535, -6.3289099 ], [ 106.5307285, -6.3291204 ], [ 106.5306679, -6.3291775 ], [ 106.5300004, -6.3294203 ], [ 106.5299183, -6.3294738 ], [ 106.5299076, -6.3295523 ], [ 106.5299612, -6.3297272 ], [ 106.5300325, -6.329795 ], [ 106.5301575, -6.3298307 ], [ 106.5303466, -6.3298307 ], [ 106.5309177, -6.3297843 ], [ 106.531578, -6.3296344 ], [ 106.5320456, -6.3296808 ], [ 106.533898, -6.3305695 ], [ 106.534055, -6.3307765 ], [ 106.5340907, -6.3309193 ], [ 106.5340872, -6.3310871 ], [ 106.5339658, -6.3315939 ], [ 106.5339765, -6.3319651 ], [ 106.5340158, -6.3320829 ], [ 106.5341371, -6.3322506 ], [ 106.5342478, -6.3323184 ], [ 106.5344369, -6.3323791 ], [ 106.5346689, -6.3323327 ], [ 106.5353399, -6.3320793 ], [ 106.5356826, -6.331908 ], [ 106.536118, -6.3316117 ], [ 106.5362037, -6.331601 ], [ 106.5367926, -6.3320258 ], [ 106.5371567, -6.3321614 ], [ 106.537228, -6.3321578 ], [ 106.5372602, -6.3321186 ], [ 106.5372637, -6.3320293 ], [ 106.5370317, -6.3314368 ], [ 106.5370496, -6.3313012 ], [ 106.5371495, -6.3312441 ], [ 106.5377706, -6.3311906 ], [ 106.5382073, -6.3310275 ], [ 106.5384273, -6.3309836 ], [ 106.5385129, -6.3310014 ], [ 106.5386022, -6.3310871 ], [ 106.5389377, -6.3317652 ], [ 106.5390662, -6.3319579 ], [ 106.5395409, -6.3325255 ], [ 106.5400299, -6.3330287 ], [ 106.5402297, -6.3331893 ], [ 106.5404938, -6.3333142 ], [ 106.540783, -6.3333535 ], [ 106.54094, -6.3333428 ], [ 106.5410042, -6.3332036 ], [ 106.5412184, -6.3323256 ], [ 106.5413041, -6.3321757 ], [ 106.5415289, -6.3319544 ], [ 106.5417645, -6.3319365 ], [ 106.5420429, -6.3320186 ], [ 106.5421535, -6.3322114 ], [ 106.5421785, -6.3323256 ], [ 106.5422071, -6.3328038 ], [ 106.5423463, -6.3334784 ], [ 106.5423356, -6.3335248 ], [ 106.5421928, -6.333532 ], [ 106.5418823, -6.3333749 ], [ 106.5418145, -6.3333713 ], [ 106.5417609, -6.3333856 ], [ 106.5417068, -6.3335286 ], [ 106.5417252, -6.3337854 ], [ 106.541793, -6.3339246 ], [ 106.5418823, -6.3339852 ], [ 106.5419893, -6.3340102 ], [ 106.5422392, -6.3340102 ], [ 106.5428816, -6.3339067 ], [ 106.5437632, -6.3336854 ], [ 106.544163, -6.3337211 ], [ 106.5448697, -6.3338746 ], [ 106.5454515, -6.3340566 ], [ 106.5456835, -6.3340424 ], [ 106.5458583, -6.3339674 ], [ 106.5460011, -6.3338032 ], [ 106.5462545, -6.3333713 ], [ 106.5464151, -6.3329894 ], [ 106.5465722, -6.3328717 ], [ 106.5468541, -6.3327753 ], [ 106.5477179, -6.3328038 ], [ 106.5478392, -6.332836 ], [ 106.5481248, -6.3330751 ], [ 106.5482961, -6.3331893 ], [ 106.5484103, -6.3332214 ], [ 106.5485995, -6.3330787 ], [ 106.5487601, -6.3326575 ], [ 106.54886, -6.3325147 ], [ 106.5489243, -6.3324469 ], [ 106.549051, -6.3324516 ], [ 106.5491063, -6.3324648 ], [ 106.5491991, -6.3325647 ], [ 106.5495061, -6.3330323 ], [ 106.5497095, -6.3331822 ], [ 106.5499915, -6.3332286 ], [ 106.5502128, -6.3332214 ], [ 106.5509587, -6.3330466 ], [ 106.5511657, -6.3330323 ], [ 106.5513906, -6.3330501 ], [ 106.5515869, -6.3331215 ], [ 106.5517761, -6.333275 ], [ 106.5517796, -6.3333392 ], [ 106.5516583, -6.3334427 ], [ 106.5507017, -6.3335891 ], [ 106.5499558, -6.3338068 ], [ 106.5495881, -6.3338104 ], [ 106.5489957, -6.3337211 ], [ 106.548885, -6.3337497 ], [ 106.5488172, -6.3338746 ], [ 106.5488636, -6.3339924 ], [ 106.5490349, -6.334178 ], [ 106.549399, -6.3344885 ], [ 106.5496096, -6.3346455 ], [ 106.5497702, -6.3346705 ], [ 106.5501164, -6.3344992 ], [ 106.5503698, -6.3344564 ], [ 106.5510265, -6.33441 ], [ 106.5511907, -6.3343529 ], [ 106.5516654, -6.3340102 ], [ 106.5517654, -6.3339817 ], [ 106.5519474, -6.3340067 ], [ 106.5520473, -6.3340709 ], [ 106.5522008, -6.3343065 ], [ 106.5522258, -6.3344421 ], [ 106.5521651, -6.3350846 ], [ 106.5521294, -6.3351952 ], [ 106.551594, -6.3354665 ], [ 106.5515548, -6.3355486 ], [ 106.5515762, -6.3357342 ], [ 106.551694, -6.3358841 ], [ 106.5518332, -6.335959 ], [ 106.5526684, -6.3361018 ], [ 106.5528218, -6.3360304 ], [ 106.5528968, -6.3359519 ], [ 106.553268, -6.3353915 ], [ 106.5534464, -6.3352452 ], [ 106.5537748, -6.3350631 ], [ 106.5539497, -6.3350167 ], [ 106.5540675, -6.3350631 ], [ 106.5542745, -6.3354534 ], [ 106.5543744, -6.3354819 ], [ 106.5547789, -6.3354914 ], [ 106.5549455, -6.3355414 ], [ 106.5554381, -6.3360935 ], [ 106.555557, -6.3361767 ], [ 106.5557855, -6.3362219 ], [ 106.5562661, -6.3362481 ], [ 106.5563422, -6.3362862 ], [ 106.5563779, -6.3363814 ], [ 106.5564588, -6.3370643 ], [ 106.5565564, -6.3373427 ], [ 106.556554, -6.3374355 ], [ 106.5564803, -6.3376591 ], [ 106.5563113, -6.3380565 ], [ 106.5562828, -6.3383397 ], [ 106.5563185, -6.3384491 ], [ 106.5564422, -6.3385729 ], [ 106.5567134, -6.3386181 ], [ 106.5572512, -6.3385419 ], [ 106.5576819, -6.3384301 ], [ 106.5577628, -6.3384372 ], [ 106.5578366, -6.3384848 ], [ 106.5579317, -6.3386062 ], [ 106.557965, -6.3388203 ], [ 106.557689, -6.3396079 ], [ 106.5576581, -6.3401933 ], [ 106.55767, -6.340298 ], [ 106.5577271, -6.3404169 ], [ 106.5577913, -6.340505 ], [ 106.5579555, -6.3406097 ], [ 106.5582054, -6.3405883 ], [ 106.5589263, -6.3404217 ], [ 106.5592309, -6.3402718 ], [ 106.5592737, -6.3401718 ], [ 106.5592999, -6.3399672 ], [ 106.5592785, -6.3398911 ], [ 106.5587788, -6.3389226 ], [ 106.5586479, -6.3386276 ], [ 106.5586194, -6.3384801 ], [ 106.5586099, -6.3382492 ], [ 106.5586717, -6.3378329 ], [ 106.5590525, -6.3370575 ], [ 106.5591305, -6.3370118 ], [ 106.5592618, -6.3370232 ], [ 106.559338, -6.3370727 ], [ 106.5595797, -6.337343 ], [ 106.5597206, -6.3375867 ], [ 106.5599662, -6.3382815 ], [ 106.5601356, -6.3385232 ], [ 106.5602384, -6.3386184 ], [ 106.5603374, -6.3386374 ], [ 106.5604287, -6.3386013 ], [ 106.5606362, -6.3384566 ], [ 106.5607828, -6.3383138 ], [ 106.5610226, -6.3382339 ], [ 106.5613215, -6.3382834 ], [ 106.5616959, -6.3384715 ], [ 106.5619249, -6.3386393 ], [ 106.562121, -6.3388735 ], [ 106.5622676, -6.3389763 ], [ 106.5627892, -6.33906 ], [ 106.5640093, -6.3396216 ], [ 106.5641064, -6.3395949 ], [ 106.5641445, -6.3395131 ], [ 106.564095, -6.3392237 ], [ 106.5640855, -6.3388487 ], [ 106.5641464, -6.338428 ], [ 106.5642302, -6.3383005 ], [ 106.5643539, -6.3382415 ], [ 106.565359, -6.3381006 ], [ 106.5656426, -6.3380207 ], [ 106.5657854, -6.3379464 ], [ 106.5661242, -6.33756 ], [ 106.5662156, -6.3375048 ], [ 106.5664078, -6.3374801 ], [ 106.5665677, -6.3375676 ], [ 106.5666991, -6.3377446 ], [ 106.5668971, -6.3381901 ], [ 106.5670513, -6.3384242 ], [ 106.5671407, -6.3384775 ], [ 106.5677442, -6.3385936 ], [ 106.5679973, -6.3386698 ], [ 106.5682105, -6.3387764 ], [ 106.5684351, -6.3388335 ], [ 106.568595, -6.3387878 ], [ 106.5691319, -6.3382129 ], [ 106.5694459, -6.3381596 ], [ 106.5697391, -6.338173 ], [ 106.5698685, -6.3382529 ], [ 106.5699827, -6.338369 ], [ 106.5700577, -6.3388278 ], [ 106.5702933, -6.3390062 ], [ 106.5704218, -6.3390277 ], [ 106.5708179, -6.3389991 ], [ 106.5711642, -6.3389027 ], [ 106.571339, -6.3388278 ], [ 106.5719815, -6.3384566 ], [ 106.5721314, -6.3384245 ], [ 106.572781, -6.3384173 ], [ 106.5730987, -6.3384709 ], [ 106.5732664, -6.3385351 ], [ 106.5739267, -6.3392597 ], [ 106.5745601, -6.3395126 ], [ 106.5748868, -6.3396416 ], [ 106.5751117, -6.3397986 ], [ 106.5752152, -6.3399164 ], [ 106.5752366, -6.3401412 ], [ 106.5751474, -6.3402305 ], [ 106.5749975, -6.3402483 ], [ 106.5746655, -6.3402126 ], [ 106.574562, -6.3402911 ], [ 106.5743621, -6.3408801 ], [ 106.5740231, -6.3415725 ], [ 106.5740052, -6.3416796 ], [ 106.5740481, -6.3417724 ], [ 106.574148, -6.3418366 ], [ 106.5743764, -6.341933 ], [ 106.5745406, -6.3419437 ], [ 106.574744, -6.3419044 ], [ 106.5755483, -6.3415997 ], [ 106.5761356, -6.341416 ], [ 106.5764068, -6.341235 ], [ 106.5765448, -6.3410899 ], [ 106.5766686, -6.3406735 ], [ 106.5766662, -6.3402928 ], [ 106.5766067, -6.3399454 ], [ 106.5764259, -6.3394195 ], [ 106.576345, -6.338996 ], [ 106.5763354, -6.3384891 ], [ 106.5765353, -6.3384249 ], [ 106.5767019, -6.3384154 ], [ 106.577085, -6.3384868 ], [ 106.5772944, -6.3385653 ], [ 106.57738, -6.3386652 ], [ 106.57743, -6.3387937 ], [ 106.5774514, -6.338946 ], [ 106.5773822, -6.3395697 ], [ 106.5773918, -6.3398105 ], [ 106.5774546, -6.3401817 ], [ 106.577544, -6.3403331 ], [ 106.577605, -6.3403807 ], [ 106.5784463, -6.3405996 ], [ 106.578827, -6.3411192 ], [ 106.5794095, -6.3413496 ], [ 106.5798774, -6.3415762 ], [ 106.5800142, -6.3417219 ], [ 106.5806614, -6.3427648 ], [ 106.5808922, -6.3430766 ], [ 106.5812714, -6.3434009 ], [ 106.5815204, -6.3436001 ], [ 106.5819087, -6.3439751 ], [ 106.582575, -6.3443482 ], [ 106.5829291, -6.3446528 ], [ 106.5829481, -6.3447251 ], [ 106.5829214, -6.3447917 ], [ 106.5823999, -6.3452886 ], [ 106.5823161, -6.3454085 ], [ 106.5822857, -6.3455436 ], [ 106.5823161, -6.3457074 ], [ 106.5824227, -6.3458425 ], [ 106.5825122, -6.3458977 ], [ 106.5831194, -6.3461166 ], [ 106.5834982, -6.346208 ], [ 106.5848079, -6.3463793 ], [ 106.585002, -6.3464669 ], [ 106.5853713, -6.3469047 ], [ 106.5855446, -6.3471807 ], [ 106.5856207, -6.3472531 ], [ 106.5858244, -6.3473558 ], [ 106.586089, -6.3474377 ], [ 106.5866029, -6.3474548 ], [ 106.5872521, -6.3473482 ], [ 106.587332, -6.3473882 ], [ 106.5874043, -6.3474377 ], [ 106.5874348, -6.3475291 ], [ 106.587254, -6.3479022 ], [ 106.5872197, -6.3480773 ], [ 106.5872635, -6.3482772 ], [ 106.5873358, -6.3483114 ], [ 106.5874538, -6.3483 ], [ 106.5875604, -6.3482524 ], [ 106.5879183, -6.3478032 ], [ 106.5882153, -6.3475462 ], [ 106.5883485, -6.347472 ], [ 106.5884361, -6.3474586 ], [ 106.5885315, -6.3475033 ], [ 106.5885789, -6.3475329 ], [ 106.5885903, -6.3475824 ], [ 106.588537, -6.3477708 ], [ 106.5884494, -6.3479517 ], [ 106.5880744, -6.3484847 ], [ 106.5880173, -6.3485932 ], [ 106.5879697, -6.3488292 ], [ 106.5880287, -6.3489872 ], [ 106.5886112, -6.3495792 ], [ 106.5887387, -6.3497658 ], [ 106.5886045, -6.3500641 ], [ 106.5878764, -6.3508779 ], [ 106.5876873, -6.3512527 ], [ 106.5876516, -6.3514026 ], [ 106.5876644, -6.3515562 ], [ 106.5877537, -6.3516597 ], [ 106.5888066, -6.3519523 ], [ 106.5899773, -6.3519809 ], [ 106.5900451, -6.3520166 ], [ 106.5900772, -6.3521058 ], [ 106.5900594, -6.3522379 ], [ 106.589913, -6.3523878 ], [ 106.5893098, -6.3525198 ], [ 106.5892099, -6.3525769 ], [ 106.5890635, -6.3527233 ], [ 106.5889636, -6.3529232 ], [ 106.5889351, -6.3530516 ], [ 106.5889136, -6.3535192 ], [ 106.5888744, -6.3536905 ], [ 106.5886878, -6.35411 ], [ 106.5879764, -6.3560469 ], [ 106.5879788, -6.3561897 ], [ 106.5880216, -6.3562849 ], [ 106.5882286, -6.3564847 ], [ 106.5884071, -6.3565061 ], [ 106.5888877, -6.3563039 ], [ 106.5893041, -6.3563158 ], [ 106.5901679, -6.3564181 ], [ 106.5902868, -6.3565252 ], [ 106.5903154, -6.3565894 ], [ 106.5903059, -6.3567774 ], [ 106.5902297, -6.3569059 ], [ 106.5901512, -6.3569178 ], [ 106.5893874, -6.3567655 ], [ 106.5891399, -6.3567941 ], [ 106.5890599, -6.3568712 ], [ 106.5890424, -6.3569797 ], [ 106.5891304, -6.3571819 ], [ 106.5903297, -6.3583931 ], [ 106.590777, -6.3587714 ], [ 106.5909578, -6.3588594 ], [ 106.5911101, -6.3588808 ], [ 106.591567, -6.3588523 ], [ 106.5919453, -6.3587214 ], [ 106.5923617, -6.3584882 ], [ 106.5925616, -6.3584621 ], [ 106.5928019, -6.3585453 ], [ 106.5929399, -6.3586548 ], [ 106.5929947, -6.3588642 ], [ 106.5929304, -6.3590712 ], [ 106.593029, -6.359128 ], [ 106.5930866, -6.3591995 ], [ 106.5930936, -6.3593715 ], [ 106.5930636, -6.3594535 ], [ 106.5929346, -6.3595895 ], [ 106.5928886, -6.3596795 ], [ 106.5929116, -6.3597425 ], [ 106.5931196, -6.3596975 ], [ 106.5932606, -6.3598725 ], [ 106.5932166, -6.3599635 ], [ 106.5933606, -6.3603385 ], [ 106.5935496, -6.3604195 ], [ 106.5936876, -6.3604365 ], [ 106.5936996, -6.3609435 ], [ 106.5934456, -6.3614955 ], [ 106.5934576, -6.3619205 ], [ 106.5935246, -6.3623725 ], [ 106.5935746, -6.3625175 ], [ 106.5937156, -6.3626705 ], [ 106.5938646, -6.3627245 ], [ 106.5941266, -6.3625515 ], [ 106.5947036, -6.3623505 ], [ 106.5950766, -6.3623045 ], [ 106.5952756, -6.3623305 ], [ 106.5954806, -6.3624835 ], [ 106.5962216, -6.3625175 ], [ 106.5967636, -6.3628235 ], [ 106.5968756, -6.3626875 ], [ 106.5973376, -6.3627675 ], [ 106.5975206, -6.3626585 ], [ 106.5977646, -6.3625675 ], [ 106.5978646, -6.3624225 ], [ 106.5977526, -6.3622415 ], [ 106.5976536, -6.3621605 ], [ 106.5976346, -6.3620345 ], [ 106.5977096, -6.3617535 ], [ 106.5975936, -6.3614735 ], [ 106.5976216, -6.3612685 ], [ 106.5975726, -6.3612385 ], [ 106.5974356, -6.3612575 ], [ 106.5975306, -6.3608405 ], [ 106.5974376, -6.3607955 ], [ 106.5973986, -6.3607055 ], [ 106.5971136, -6.3605985 ], [ 106.5967606, -6.3601105 ], [ 106.5967216, -6.3599305 ], [ 106.5971026, -6.3593595 ], [ 106.5973316, -6.3593495 ], [ 106.5974376, -6.3592855 ], [ 106.5974686, -6.3592225 ], [ 106.5972616, -6.3590245 ], [ 106.5972436, -6.3589075 ], [ 106.5980886, -6.3587065 ], [ 106.5982396, -6.3587415 ], [ 106.5983626, -6.3588315 ], [ 106.5985136, -6.3591935 ], [ 106.5987046, -6.3593465 ], [ 106.5994556, -6.3593985 ], [ 106.5996396, -6.3595935 ], [ 106.5998756, -6.3597535 ], [ 106.6000686, -6.3599265 ], [ 106.6005676, -6.3601955 ], [ 106.6007056, -6.3603425 ], [ 106.6016276, -6.3606765 ], [ 106.6016296, -6.3608205 ], [ 106.6015366, -6.3611645 ], [ 106.6018416, -6.3613255 ], [ 106.6020956, -6.3613795 ], [ 106.6027546, -6.3616665 ], [ 106.6028736, -6.3616665 ], [ 106.6030523, -6.3616209 ], [ 106.6032096, -6.3617285 ], [ 106.6039656, -6.3618755 ], [ 106.6054366, -6.3618195 ], [ 106.6079576, -6.3617735 ], [ 106.6092746, -6.3617915 ], [ 106.6095966, -6.3617565 ], [ 106.6106256, -6.3618195 ], [ 106.612232, -6.361793 ], [ 106.613166, -6.361884 ], [ 106.61624, -6.361781 ], [ 106.6203546, -6.3617595 ], [ 106.6209766, -6.3617305 ], [ 106.6214866, -6.3616695 ], [ 106.6226306, -6.3616764 ], [ 106.6233487, -6.3617144 ], [ 106.6234237, -6.3617624 ], [ 106.6237103, -6.361682 ], [ 106.6250807, -6.3616734 ], [ 106.6265257, -6.3617524 ], [ 106.6269987, -6.3618234 ], [ 106.6297857, -6.3618334 ], [ 106.6304822, -6.3617786 ], [ 106.632599, -6.361966 ], [ 106.633185, -6.361969 ], [ 106.634967, -6.361905 ], [ 106.636449, -6.361905 ], [ 106.6365152, -6.3619063 ], [ 106.6442857, -6.3620554 ], [ 106.6468197, -6.3621834 ], [ 106.6509839, -6.3621904 ], [ 106.651515, -6.3622073 ], [ 106.6532671, -6.3622632 ], [ 106.6547374, -6.3617299 ], [ 106.6556278, -6.3614399 ], [ 106.6557557, -6.3615314 ], [ 106.6559827, -6.3615464 ], [ 106.6591317, -6.3613434 ], [ 106.6598447, -6.3611734 ], [ 106.6600287, -6.3609964 ], [ 106.6609527, -6.3609074 ], [ 106.6629337, -6.3604863 ], [ 106.6642626, -6.3602595 ], [ 106.6704187, -6.3598323 ], [ 106.6726417, -6.3594773 ], [ 106.6750147, -6.3590403 ], [ 106.675872, -6.35905 ], [ 106.6758723, -6.35905 ], [ 106.676317, -6.359064 ], [ 106.678901, -6.358929 ], [ 106.679513, -6.358928 ], [ 106.679612, -6.35894 ], [ 106.67988, -6.359113 ], [ 106.680062, -6.359168 ], [ 106.68127, -6.359193 ], [ 106.681508, -6.359124 ], [ 106.681954, -6.35911 ], [ 106.6842705, -6.3592208 ], [ 106.6850537, -6.3592363 ], [ 106.6863657, -6.3591053 ], [ 106.6878657, -6.3591713 ], [ 106.6889647, -6.3591643 ], [ 106.6893917, -6.3591063 ], [ 106.6904167, -6.3589023 ], [ 106.6929897, -6.3588823 ], [ 106.6947047, -6.3587873 ], [ 106.6958547, -6.3588823 ], [ 106.6981157, -6.3587943 ], [ 106.6984877, -6.3588492 ], [ 106.6990527, -6.3590092 ], [ 106.6999657, -6.3589972 ], [ 106.7004688, -6.3590267 ], [ 106.7023788, -6.3591176 ], [ 106.7026857, -6.3591332 ], [ 106.7040067, -6.3590332 ], [ 106.7054567, -6.3585702 ], [ 106.7068967, -6.3584262 ], [ 106.7083497, -6.3585432 ], [ 106.7094217, -6.3586922 ], [ 106.7097557, -6.3587112 ], [ 106.7118257, -6.3586052 ], [ 106.7125547, -6.3587062 ], [ 106.7142538, -6.3587922 ], [ 106.7159988, -6.3586522 ], [ 106.7160708, -6.3586652 ], [ 106.7161218, -6.3587452 ], [ 106.717161, -6.35879 ], [ 106.717742, -6.358695 ], [ 106.718205, -6.3587 ], [ 106.718515, -6.358867 ], [ 106.718561, -6.358854 ], [ 106.718638, -6.3587 ], [ 106.7187863, -6.3587175 ], [ 106.718938, -6.359557 ], [ 106.718936, -6.359792 ], [ 106.718862, -6.360099 ], [ 106.71876, -6.360272 ], [ 106.71869, -6.360579 ], [ 106.718491, -6.36096 ], [ 106.718393, -6.361186 ], [ 106.718377, -6.361295 ], [ 106.718362, -6.3615083 ], [ 106.7184214, -6.3617202 ], [ 106.718627, -6.361863 ], [ 106.719019, -6.362034 ], [ 106.719175, -6.36207 ], [ 106.719307, -6.362033 ], [ 106.719426, -6.361951 ], [ 106.719532, -6.361788 ], [ 106.719679, -6.361326 ], [ 106.7198441, -6.3610737 ], [ 106.7199301, -6.3609976 ], [ 106.7200348, -6.3609985 ], [ 106.7202807, -6.3610465 ], [ 106.7204354, -6.3610958 ], [ 106.7205302, -6.3611504 ], [ 106.7205999, -6.36123 ], [ 106.7206259, -6.3613121 ], [ 106.7206544, -6.3613539 ], [ 106.720676, -6.361423 ], [ 106.7209334, -6.3621868 ], [ 106.7210519, -6.3621369 ], [ 106.7210868, -6.3621235 ], [ 106.7211377, -6.3621182 ], [ 106.7216769, -6.3621448 ], [ 106.7215177, -6.3605295 ], [ 106.7215667, -6.3604833 ], [ 106.7236143, -6.3603939 ], [ 106.7243278, -6.3603361 ], [ 106.7257833, -6.3602175 ], [ 106.7274419, -6.3601224 ], [ 106.7280579, -6.3600416 ], [ 106.7300312, -6.3602318 ], [ 106.7305362, -6.3602122 ], [ 106.730606, -6.3602549 ], [ 106.7308795, -6.3602282 ], [ 106.7309815, -6.3603722 ], [ 106.7317164, -6.3604681 ], [ 106.7327221, -6.3606106 ], [ 106.7339985, -6.3605486 ], [ 106.7344603, -6.3606147 ], [ 106.7348143, -6.3605774 ], [ 106.7356458, -6.3605694 ], [ 106.7361823, -6.3605674 ], [ 106.7367589, -6.3605907 ], [ 106.7369199, -6.3605667 ], [ 106.7372122, -6.3606467 ], [ 106.737695, -6.3606361 ], [ 106.7387277, -6.3606894 ], [ 106.7393709, -6.3606734 ], [ 106.739594, -6.3607374 ], [ 106.7400983, -6.3606947 ], [ 106.7401493, -6.3607427 ], [ 106.7404022, -6.3607161 ], [ 106.7404872, -6.3606147 ], [ 106.7408225, -6.3605961 ], [ 106.7414448, -6.3606441 ], [ 106.7427215, -6.3607468 ], [ 106.7429709, -6.360732 ], [ 106.7431051, -6.3607107 ], [ 106.7438534, -6.3608147 ], [ 106.7438909, -6.3607374 ], [ 106.7443972, -6.3608337 ], [ 106.7447466, -6.3608573 ], [ 106.7449504, -6.3599376 ], [ 106.7460582, -6.3599456 ], [ 106.7460126, -6.3605374 ], [ 106.7463693, -6.3606147 ], [ 106.7467073, -6.3606094 ], [ 106.7466992, -6.360916 ], [ 106.7475092, -6.3609133 ], [ 106.7480152, -6.3609993 ], [ 106.7483367, -6.3609839 ], [ 106.748849, -6.3609759 ], [ 106.7490099, -6.3610346 ], [ 106.749364, -6.3609599 ], [ 106.7498521, -6.3609679 ], [ 106.7501123, -6.3610159 ], [ 106.7508902, -6.3609813 ], [ 106.7522286, -6.3610212 ], [ 106.7527677, -6.3610506 ], [ 106.7532666, -6.3610346 ], [ 106.755628, -6.3611032 ], [ 106.7562143, -6.3610452 ], [ 106.7565067, -6.3610666 ], [ 106.7566167, -6.3611759 ], [ 106.7566268, -6.3614354 ], [ 106.7572792, -6.361701 ], [ 106.7575152, -6.3616317 ], [ 106.7579149, -6.361605 ], [ 106.7580114, -6.3615491 ], [ 106.7581563, -6.3615837 ], [ 106.7582475, -6.3616983 ], [ 106.7583762, -6.3617623 ], [ 106.7584862, -6.3617143 ], [ 106.7585371, -6.3615997 ], [ 106.7585479, -6.3614744 ], [ 106.7586042, -6.3613704 ], [ 106.7587049, -6.3613423 ], [ 106.7588617, -6.3614051 ], [ 106.7600445, -6.3613944 ], [ 106.7603845, -6.3613494 ], [ 106.760927, -6.3612958 ], [ 106.7620774, -6.3614011 ], [ 106.7628938, -6.3613939 ], [ 106.7636736, -6.3613305 ], [ 106.7650013, -6.3614158 ], [ 106.7656745, -6.3614504 ], [ 106.7670396, -6.3614594 ], [ 106.7677832, -6.3616356 ], [ 106.7682998, -6.3617747 ], [ 106.7686484, -6.3619232 ], [ 106.7689737, -6.3619944 ], [ 106.7691753, -6.3619913 ], [ 106.7694244, -6.3619527 ], [ 106.7694228, -6.3617957 ], [ 106.7694228, -6.3615664 ], [ 106.7694338, -6.3614673 ], [ 106.7694613, -6.3614006 ], [ 106.7696424, -6.3613262 ], [ 106.7697822, -6.3613732 ], [ 106.7699555, -6.3613241 ], [ 106.7700665, -6.3612345 ], [ 106.7701335, -6.3610521 ], [ 106.7700934, -6.360904 ], [ 106.7699609, -6.3609029 ], [ 106.7697769, -6.36092 ], [ 106.7696749, -6.3607387 ], [ 106.7697018, -6.3605308 ], [ 106.7698305, -6.3603602 ], [ 106.7699448, -6.3601672 ], [ 106.7700129, -6.3598964 ], [ 106.7700129, -6.3596618 ], [ 106.7700225, -6.3595418 ], [ 106.7699231, -6.3591952 ], [ 106.7699143, -6.358986 ], [ 106.7700022, -6.3587768 ], [ 106.7701738, -6.3586222 ], [ 106.7702865, -6.3584409 ], [ 106.7703455, -6.3582649 ], [ 106.7704099, -6.3580357 ], [ 106.7705118, -6.3579344 ], [ 106.7707478, -6.3579717 ], [ 106.7709248, -6.3579504 ], [ 106.7710498, -6.357816 ], [ 106.7711555, -6.3575399 ], [ 106.771236, -6.3573053 ], [ 106.7711613, -6.3568518 ], [ 106.7710391, -6.3565312 ], [ 106.7710321, -6.3562177 ], [ 106.7709624, -6.3557912 ], [ 106.7709195, -6.3554553 ], [ 106.770898, -6.3552527 ], [ 106.7710391, -6.3551023 ], [ 106.7711096, -6.3549908 ], [ 106.7711839, -6.3548731 ], [ 106.771236, -6.3546982 ], [ 106.7711806, -6.3545228 ], [ 106.7710429, -6.3543517 ], [ 106.7707977, -6.3541373 ], [ 106.7705279, -6.3539198 ], [ 106.7702007, -6.35344 ], [ 106.7701159, -6.3532032 ], [ 106.7700773, -6.3526029 ], [ 106.7701416, -6.3522084 ], [ 106.7702744, -6.3519974 ], [ 106.7706475, -6.3518075 ], [ 106.7710107, -6.3518779 ], [ 106.771413, -6.3521178 ], [ 106.771597, -6.3523673 ], [ 106.771833, -6.3524953 ], [ 106.7719189, -6.3524526 ], [ 106.7719763, -6.3522031 ], [ 106.7719012, -6.3516006 ], [ 106.7719029, -6.351033 ], [ 106.7719548, -6.3506303 ], [ 106.7720514, -6.3502784 ], [ 106.7722016, -6.3500971 ], [ 106.7724108, -6.3500918 ], [ 106.7727879, -6.3502614 ], [ 106.7731457, -6.3505237 ], [ 106.7734607, -6.3506146 ], [ 106.7736333, -6.3504814 ], [ 106.7738179, -6.3502827 ], [ 106.7739129, -6.3499852 ], [ 106.7738753, -6.3493614 ], [ 106.7739397, -6.3490575 ], [ 106.7739933, -6.3489189 ], [ 106.7740041, -6.3487216 ], [ 106.7739772, -6.348535 ], [ 106.7739772, -6.3482098 ], [ 106.773929, -6.3480072 ], [ 106.7738646, -6.3477833 ], [ 106.7737376, -6.3476134 ], [ 106.7735427, -6.3474474 ], [ 106.7733512, -6.3473503 ], [ 106.7732584, -6.3471381 ], [ 106.7732209, -6.3468342 ], [ 106.7732155, -6.3464504 ], [ 106.7734455, -6.346195 ], [ 106.7736286, -6.3461145 ], [ 106.7739075, -6.3461358 ], [ 106.774224, -6.3460878 ], [ 106.7744938, -6.3458682 ], [ 106.7744938, -6.3456327 ], [ 106.7742937, -6.345528 ], [ 106.7741328, -6.3453254 ], [ 106.7742256, -6.3451431 ], [ 106.7745083, -6.3449469 ], [ 106.7746317, -6.3448083 ], [ 106.7745191, -6.344611 ], [ 106.7742954, -6.3446952 ], [ 106.7739789, -6.3447539 ], [ 106.7736837, -6.3447015 ], [ 106.7733281, -6.344627 ], [ 106.772894, -6.3443806 ], [ 106.7726737, -6.3442378 ], [ 106.7725895, -6.3439861 ], [ 106.772689, -6.34367 ], [ 106.7729167, -6.3433943 ], [ 106.7731474, -6.343185 ], [ 106.7735551, -6.3429838 ], [ 106.773646, -6.342798 ], [ 106.7737037, -6.3424784 ], [ 106.7734193, -6.3421052 ], [ 106.7731366, -6.3418962 ], [ 106.7729811, -6.3416349 ], [ 106.7730546, -6.3412041 ], [ 106.7732654, -6.3409471 ], [ 106.773355, -6.3407083 ], [ 106.7733966, -6.3402751 ], [ 106.7733177, -6.3399381 ], [ 106.7731272, -6.3396211 ], [ 106.7730425, -6.3393421 ], [ 106.7731675, -6.3391064 ], [ 106.7734877, -6.3390062 ], [ 106.7737075, -6.3388761 ], [ 106.7736916, -6.3387236 ], [ 106.7735521, -6.338601 ], [ 106.7733464, -6.3384934 ], [ 106.7731552, -6.3384943 ], [ 106.7728403, -6.3385786 ], [ 106.7725651, -6.3385903 ], [ 106.7724256, -6.338537 ], [ 106.7724095, -6.3383557 ], [ 106.772447, -6.3381851 ], [ 106.7725055, -6.3380321 ], [ 106.7726257, -6.3379548 ], [ 106.7732104, -6.3378801 ], [ 106.7740502, -6.3379395 ], [ 106.7746465, -6.3378972 ], [ 106.7749951, -6.3378279 ], [ 106.7751362, -6.3376775 ], [ 106.7750381, -6.337332 ], [ 106.774904, -6.3370015 ], [ 106.7745982, -6.3367562 ], [ 106.7744335, -6.3364939 ], [ 106.7743836, -6.3361857 ], [ 106.7744753, -6.3360203 ], [ 106.7746679, -6.3359831 ], [ 106.7750059, -6.3360684 ], [ 106.7753025, -6.3361633 ], [ 106.775596, -6.3362124 ], [ 106.7758497, -6.3361313 ], [ 106.7762789, -6.3359661 ], [ 106.776463, -6.3359541 ], [ 106.7764865, -6.3358285 ], [ 106.7762849, -6.335699 ], [ 106.7759661, -6.3356259 ], [ 106.7758213, -6.3355992 ], [ 106.7757301, -6.3352793 ], [ 106.7757193, -6.3349275 ], [ 106.7757408, -6.3347622 ], [ 106.7758121, -6.3345745 ], [ 106.7759554, -6.3343623 ], [ 106.7760585, -6.3340971 ], [ 106.7759876, -6.3338505 ], [ 106.7757408, -6.3335839 ], [ 106.7754511, -6.3332853 ], [ 106.7753615, -6.333103 ], [ 106.7755477, -6.3328748 ], [ 106.7760198, -6.3327681 ], [ 106.7762933, -6.3327308 ], [ 106.77659, -6.3326391 ], [ 106.7766849, -6.3323309 ], [ 106.7766742, -6.3319577 ], [ 106.7764842, -6.3317215 ], [ 106.776234, -6.3315506 ], [ 106.7761109, -6.3313286 ], [ 106.7761769, -6.3311836 ], [ 106.776524, -6.3305928 ], [ 106.7768475, -6.3304105 ], [ 106.7772643, -6.3302356 ], [ 106.777518, -6.3298026 ], [ 106.7776329, -6.3295277 ], [ 106.7777256, -6.3290679 ], [ 106.7778007, -6.3284868 ], [ 106.7777096, -6.3280915 ], [ 106.7777525, -6.3278203 ], [ 106.777731, -6.3274737 ], [ 106.7776666, -6.3272978 ], [ 106.777393, -6.3272711 ], [ 106.7770478, -6.3272488 ], [ 106.7768314, -6.3271368 ], [ 106.7769424, -6.3268659 ], [ 106.7772858, -6.3266153 ], [ 106.777554, -6.3264927 ], [ 106.7777739, -6.3265727 ], [ 106.7780062, -6.3268915 ], [ 106.7782138, -6.3270419 ], [ 106.7785051, -6.3271421 ], [ 106.7787181, -6.3271645 ], [ 106.7789004, -6.3272072 ], [ 106.7790185, -6.3268872 ], [ 106.7789916, -6.3265407 ], [ 106.7789219, -6.3260928 ], [ 106.7788902, -6.3256946 ], [ 106.7789487, -6.3252184 ], [ 106.7790399, -6.3248665 ], [ 106.7790451, -6.3247165 ], [ 106.7790506, -6.3245573 ], [ 106.7789702, -6.3241467 ], [ 106.7788001, -6.3237938 ], [ 106.7786392, -6.3234792 ], [ 106.7782138, -6.3234536 ], [ 106.7778882, -6.3233459 ], [ 106.7777686, -6.3231817 ], [ 106.7778544, -6.3230164 ], [ 106.7781602, -6.3227978 ], [ 106.778305, -6.3225952 ], [ 106.7784496, -6.3222204 ], [ 106.778702, -6.3220833 ], [ 106.7790791, -6.3219756 ], [ 106.779292, -6.3215768 ], [ 106.7793403, -6.3214382 ], [ 106.7793271, -6.3213261 ], [ 106.7791903, -6.3212294 ], [ 106.7791255, -6.3211185 ], [ 106.7790655, -6.3209736 ], [ 106.778945, -6.3206533 ], [ 106.778877, -6.3203621 ], [ 106.7788593, -6.3201783 ], [ 106.7788638, -6.3199434 ], [ 106.7788818, -6.319737 ], [ 106.7788998, -6.3196558 ], [ 106.7789265, -6.3196025 ], [ 106.7791143, -6.3193628 ], [ 106.7792083, -6.3192132 ], [ 106.7792824, -6.3190759 ], [ 106.7793654, -6.318844 ], [ 106.7793955, -6.3187014 ], [ 106.7794316, -6.3185248 ], [ 106.7794761, -6.3181699 ], [ 106.7794643, -6.3178182 ], [ 106.7794267, -6.3177121 ], [ 106.7793634, -6.3176492 ], [ 106.7792606, -6.3176256 ], [ 106.7791051, -6.3176121 ], [ 106.7789429, -6.3175728 ], [ 106.7788342, -6.317506 ], [ 106.7787585, -6.3174397 ], [ 106.7787222, -6.3173521 ], [ 106.7787342, -6.3172185 ], [ 106.778787, -6.3171183 ], [ 106.7788566, -6.3170431 ], [ 106.7790018, -6.3169655 ], [ 106.7792863, -6.3168236 ], [ 106.7793799, -6.3167854 ], [ 106.7794832, -6.3167448 ], [ 106.7796044, -6.3167246 ], [ 106.779734, -6.3166971 ], [ 106.7798498, -6.3166037 ], [ 106.7799346, -6.3165573 ], [ 106.779989, -6.3164462 ], [ 106.7800127, -6.3163552 ], [ 106.779998, -6.3162872 ], [ 106.7799471, -6.3161983 ], [ 106.7798455, -6.3161397 ], [ 106.7797393, -6.316117 ], [ 106.7796077, -6.3160488 ], [ 106.7794409, -6.3158927 ], [ 106.7792482, -6.315797 ], [ 106.779016, -6.3157374 ], [ 106.7778479, -6.3154887 ], [ 106.7770291, -6.3153738 ], [ 106.7769024, -6.3153203 ], [ 106.7768137, -6.3152573 ], [ 106.776744, -6.3151251 ], [ 106.7766838, -6.3149189 ], [ 106.7766411, -6.3146323 ], [ 106.7766411, -6.3144545 ], [ 106.7766601, -6.3140892 ], [ 106.7766569, -6.3139806 ], [ 106.7765983, -6.3137256 ], [ 106.7765223, -6.3135776 ], [ 106.7764843, -6.3134847 ], [ 106.7764621, -6.3133919 ], [ 106.7764573, -6.3132801 ], [ 106.7764621, -6.3129731 ], [ 106.7764858, -6.3127197 ], [ 106.7765033, -6.3126362 ], [ 106.7765524, -6.3125622 ], [ 106.7765898, -6.3124676 ], [ 106.7765787, -6.312373 ], [ 106.7765502, -6.3123415 ], [ 106.7764314, -6.3123352 ], [ 106.776395, -6.3123085 ], [ 106.7763681, -6.3122423 ], [ 106.7763792, -6.3121353 ], [ 106.7764188, -6.3119968 ], [ 106.7764172, -6.3119102 ], [ 106.776376, -6.3118488 ], [ 106.7762762, -6.3118157 ], [ 106.7760592, -6.3118 ], [ 106.7759056, -6.3117921 ], [ 106.7758263, -6.3117616 ], [ 106.7757536, -6.3117197 ], [ 106.7756459, -6.3117118 ], [ 106.7755188, -6.3117195 ], [ 106.7754276, -6.3117497 ], [ 106.7753049, -6.3118235 ], [ 106.775184, -6.3119369 ], [ 106.7750726, -6.3120651 ], [ 106.775028, -6.3121405 ], [ 106.7749713, -6.3122194 ], [ 106.7748842, -6.3122556 ], [ 106.7747875, -6.3122524 ], [ 106.7747036, -6.3122304 ], [ 106.7746235, -6.3121882 ], [ 106.7745651, -6.3121183 ], [ 106.7745357, -6.3120336 ], [ 106.7745325, -6.3119454 ], [ 106.7745294, -6.3118258 ], [ 106.7745072, -6.3116542 ], [ 106.7744898, -6.3114984 ], [ 106.7744977, -6.311352 ], [ 106.7745531, -6.311215 ], [ 106.7746925, -6.3110639 ], [ 106.7748209, -6.3109531 ], [ 106.7749317, -6.310875 ], [ 106.7751075, -6.3107758 ], [ 106.7752469, -6.3106829 ], [ 106.7753482, -6.3105759 ], [ 106.7753847, -6.3105176 ], [ 106.7753894, -6.3104531 ], [ 106.7753419, -6.3103995 ], [ 106.7752331, -6.3103541 ], [ 106.7749983, -6.3103101 ], [ 106.7748026, -6.3102504 ], [ 106.7743955, -6.3101512 ], [ 106.7737533, -6.3100091 ], [ 106.773629, -6.3099452 ], [ 106.773487, -6.3098532 ], [ 106.7733436, -6.3097131 ], [ 106.7733162, -6.3096549 ], [ 106.7733036, -6.3095981 ], [ 106.7733304, -6.3095164 ], [ 106.7734114, -6.3094123 ], [ 106.7735157, -6.3093159 ], [ 106.7736514, -6.3092308 ], [ 106.7737897, -6.3091712 ], [ 106.773918, -6.3091449 ], [ 106.7740748, -6.3090536 ], [ 106.7744999, -6.3089309 ], [ 106.774621, -6.3088787 ], [ 106.7747629, -6.3087955 ], [ 106.7750289, -6.308616 ], [ 106.7751113, -6.308531 ], [ 106.7751509, -6.3084193 ], [ 106.7751667, -6.3083122 ], [ 106.7751683, -6.3082272 ], [ 106.7751103, -6.3081415 ], [ 106.7750305, -6.3080729 ], [ 106.7748991, -6.3079722 ], [ 106.7747644, -6.3078415 ], [ 106.7745696, -6.3076274 ], [ 106.7744354, -6.307462 ], [ 106.7742148, -6.3072354 ], [ 106.7741182, -6.3071441 ], [ 106.774047, -6.3071142 ], [ 106.7739519, -6.3071016 ], [ 106.7738754, -6.3069835 ], [ 106.7738244, -6.3068582 ], [ 106.7738164, -6.3067435 ], [ 106.7738485, -6.3065916 ], [ 106.7739344, -6.3064369 ], [ 106.7740578, -6.306309 ], [ 106.7741972, -6.306213 ], [ 106.7743367, -6.306149 ], [ 106.7744815, -6.306133 ], [ 106.7748892, -6.3061437 ], [ 106.7754042, -6.306149 ], [ 106.7755491, -6.3061117 ], [ 106.7756027, -6.3060744 ], [ 106.7756456, -6.3060157 ], [ 106.7756617, -6.3059464 ], [ 106.7756295, -6.3058664 ], [ 106.7755383, -6.3057331 ], [ 106.7751628, -6.3053332 ], [ 106.7750663, -6.3051999 ], [ 106.7750126, -6.305072 ], [ 106.7750126, -6.304992 ], [ 106.7750394, -6.304912 ], [ 106.7750824, -6.3048374 ], [ 106.7754901, -6.3044428 ], [ 106.7756242, -6.3042828 ], [ 106.7756778, -6.3041922 ], [ 106.77571, -6.3041122 ], [ 106.77571, -6.3039949 ], [ 106.7756778, -6.3038936 ], [ 106.7756242, -6.3037923 ], [ 106.7753881, -6.3035257 ], [ 106.775254, -6.3034031 ], [ 106.7751414, -6.3033124 ], [ 106.7749697, -6.3032538 ], [ 106.7748463, -6.3032324 ], [ 106.7745459, -6.3031898 ], [ 106.7744333, -6.3031951 ], [ 106.7743313, -6.3032324 ], [ 106.7742562, -6.3032911 ], [ 106.7742026, -6.3033657 ], [ 106.7738378, -6.3041762 ], [ 106.7736232, -6.3045281 ], [ 106.7735052, -6.3046454 ], [ 106.7733604, -6.3047147 ], [ 106.7732477, -6.304736 ], [ 106.7731404, -6.3047147 ], [ 106.7730707, -6.3046774 ], [ 106.7730063, -6.3046134 ], [ 106.7729849, -6.3045441 ], [ 106.7729795, -6.3044801 ], [ 106.7729956, -6.3043681 ], [ 106.7731082, -6.3041335 ], [ 106.7734516, -6.3036057 ], [ 106.773532, -6.3034244 ], [ 106.7735642, -6.3033177 ], [ 106.7735642, -6.3032218 ], [ 106.7735374, -6.3031524 ], [ 106.7734891, -6.3030778 ], [ 106.7734355, -6.3030191 ], [ 106.7733604, -6.3029658 ], [ 106.7732477, -6.3029285 ], [ 106.7731619, -6.3029178 ], [ 106.7730063, -6.3029232 ], [ 106.7724484, -6.3030085 ], [ 106.7719549, -6.3031524 ], [ 106.7717135, -6.3032164 ], [ 106.7715687, -6.3031844 ], [ 106.7714667, -6.3031285 ], [ 106.7712468, -6.3028565 ], [ 106.7711341, -6.3026752 ], [ 106.7710054, -6.3024939 ], [ 106.7709464, -6.302366 ], [ 106.7709464, -6.302222 ], [ 106.7709625, -6.3020247 ], [ 106.7710215, -6.3018754 ], [ 106.7710912, -6.3017635 ], [ 106.7711556, -6.3016995 ], [ 106.7712522, -6.3016408 ], [ 106.7713863, -6.3015608 ], [ 106.7715848, -6.3015129 ], [ 106.7726576, -6.3014862 ], [ 106.7729312, -6.3014809 ], [ 106.7730975, -6.3014275 ], [ 106.7732048, -6.3013582 ], [ 106.7732263, -6.3012942 ], [ 106.7731351, -6.3010863 ], [ 106.7726061, -6.3002777 ], [ 106.7724937, -6.3001078 ], [ 106.772385, -6.2999958 ], [ 106.7722268, -6.2998958 ], [ 106.7717494, -6.2996905 ], [ 106.7716461, -6.2996239 ], [ 106.7715549, -6.2995506 ], [ 106.7715214, -6.2994959 ], [ 106.7714652, -6.2993186 ], [ 106.7713747, -6.299152 ], [ 106.7712422, -6.2989872 ], [ 106.7711686, -6.298902 ], [ 106.7711016, -6.2987674 ], [ 106.7709042, -6.2983075 ], [ 106.7708747, -6.2982128 ], [ 106.7708586, -6.2980995 ], [ 106.7708881, -6.2978063 ], [ 106.7708908, -6.2975863 ], [ 106.770872, -6.2974997 ], [ 106.7708304, -6.2974277 ], [ 106.7707566, -6.2973757 ], [ 106.770699, -6.2973637 ], [ 106.7706467, -6.2973917 ], [ 106.770593, -6.2974557 ], [ 106.7705233, -6.2975503 ], [ 106.7703996, -6.2976807 ], [ 106.7702964, -6.2977321 ], [ 106.77018, -6.2977569 ], [ 106.7700834, -6.2977423 ], [ 106.7699976, -6.2977169 ], [ 106.7699064, -6.2976676 ], [ 106.7698434, -6.2976023 ], [ 106.7698071, -6.2975303 ], [ 106.7697817, -6.297449 ], [ 106.7697736, -6.297345 ], [ 106.7697884, -6.2970424 ], [ 106.7697991, -6.2969131 ], [ 106.7698125, -6.2967692 ], [ 106.7698365, -6.2966305 ], [ 106.7698702, -6.2964986 ], [ 106.7699198, -6.2963839 ], [ 106.7699761, -6.2963 ], [ 106.7700512, -6.29622 ], [ 106.7701116, -6.296148 ], [ 106.7701599, -6.2960693 ], [ 106.7702028, -6.2959654 ], [ 106.7702484, -6.2958307 ], [ 106.7702511, -6.2957534 ], [ 106.7702215, -6.2956801 ], [ 106.7701317, -6.2956174 ], [ 106.7700231, -6.2955828 ], [ 106.7699144, -6.2955588 ], [ 106.7697711, -6.2955563 ], [ 106.7696261, -6.2955828 ], [ 106.7694856, -6.2956288 ], [ 106.769382, -6.2956761 ], [ 106.7691822, -6.2957801 ], [ 106.7690387, -6.2958641 ], [ 106.7689086, -6.2959254 ], [ 106.7687435, -6.2959654 ], [ 106.7685304, -6.295964 ], [ 106.7683065, -6.2959387 ], [ 106.7681074, -6.2959049 ], [ 106.7680147, -6.2958929 ], [ 106.7679196, -6.2958577 ], [ 106.7677512, -6.2957894 ], [ 106.7676104, -6.2956894 ], [ 106.7674924, -6.2955788 ], [ 106.7673757, -6.2954708 ], [ 106.7672577, -6.2953415 ], [ 106.7671826, -6.2952029 ], [ 106.7671598, -6.2950976 ], [ 106.7671665, -6.2949976 ], [ 106.7671893, -6.2948923 ], [ 106.7672325, -6.2948031 ], [ 106.7672994, -6.2947207 ], [ 106.7673972, -6.294631 ], [ 106.7675139, -6.294535 ], [ 106.7675826, -6.2944612 ], [ 106.7678438, -6.2940658 ], [ 106.7679553, -6.2938998 ], [ 106.7680157, -6.2938291 ], [ 106.7681096, -6.2937345 ], [ 106.7682421, -6.2935459 ], [ 106.7682877, -6.2934513 ], [ 106.7682971, -6.2933526 ], [ 106.7682748, -6.2932549 ], [ 106.7682287, -6.293178 ], [ 106.7680921, -6.293044 ], [ 106.7679111, -6.292856 ], [ 106.7676978, -6.2926054 ], [ 106.7676362, -6.2925254 ], [ 106.7675771, -6.2924492 ], [ 106.7675637, -6.2924039 ], [ 106.767565, -6.2923586 ], [ 106.7675892, -6.2923148 ], [ 106.7676348, -6.2922828 ], [ 106.7681552, -6.2920295 ], [ 106.7683831, -6.2920002 ], [ 106.7684422, -6.2918922 ], [ 106.7685159, -6.2918096 ], [ 106.7685817, -6.2917803 ], [ 106.7686541, -6.2917803 ], [ 106.7688766, -6.2918936 ], [ 106.7692405, -6.2921224 ], [ 106.7693693, -6.2921917 ], [ 106.7694296, -6.2922257 ], [ 106.7694658, -6.2922337 ], [ 106.7695034, -6.2922177 ], [ 106.7695986, -6.292051 ], [ 106.769616, -6.2919977 ], [ 106.7696053, -6.2919471 ], [ 106.7695664, -6.2918884 ], [ 106.7694605, -6.2917351 ], [ 106.7693944, -6.2914524 ], [ 106.7693407, -6.2911697 ], [ 106.7692737, -6.2906992 ], [ 106.769224, -6.2904832 ], [ 106.7690096, -6.2902183 ], [ 106.7688704, -6.2900728 ], [ 106.7687819, -6.2899955 ], [ 106.768688, -6.2900195 ], [ 106.7685539, -6.2901581 ], [ 106.7681998, -6.2905207 ], [ 106.7680899, -6.2906914 ], [ 106.7679799, -6.290882 ], [ 106.7678753, -6.2913006 ], [ 106.7678887, -6.2914179 ], [ 106.7678592, -6.2915032 ], [ 106.7677841, -6.2915672 ], [ 106.7675959, -6.2916283 ], [ 106.7675195, -6.291627 ], [ 106.7674028, -6.2916136 ], [ 106.7672831, -6.2915934 ], [ 106.7671936, -6.2915577 ], [ 106.7671185, -6.291503 ], [ 106.7670604, -6.2914398 ], [ 106.7670032, -6.2913577 ], [ 106.7669361, -6.2912271 ], [ 106.7668806, -6.2910845 ], [ 106.7668462, -6.2909938 ], [ 106.766799, -6.2908906 ], [ 106.7667093, -6.2906936 ], [ 106.7665287, -6.290279 ], [ 106.766475, -6.2900051 ], [ 106.766468, -6.2897962 ], [ 106.7665007, -6.2894783 ], [ 106.7664866, -6.2893947 ], [ 106.7664286, -6.2893258 ], [ 106.7663701, -6.2892902 ], [ 106.7661597, -6.2892439 ], [ 106.7661037, -6.2891951 ], [ 106.7660897, -6.2890907 ], [ 106.7661341, -6.2889746 ], [ 106.7662257, -6.2888768 ], [ 106.7659533, -6.2887879 ], [ 106.7656785, -6.2887772 ], [ 106.7649601, -6.2887714 ], [ 106.7635864, -6.2887398 ], [ 106.7631208, -6.2887314 ], [ 106.7630808, -6.287863 ], [ 106.7630784, -6.2876337 ], [ 106.7630047, -6.2875365 ], [ 106.7630225, -6.2868871 ], [ 106.7626262, -6.2868976 ], [ 106.761832, -6.286921 ], [ 106.7610383, -6.286687 ], [ 106.760142, -6.286435 ], [ 106.7606219, -6.2847862 ], [ 106.7609406, -6.2837877 ], [ 106.7612379, -6.2828209 ], [ 106.7614402, -6.2821671 ], [ 106.7615263, -6.2818217 ], [ 106.7616551, -6.2811544 ], [ 106.761863, -6.2801665 ], [ 106.7619536, -6.2796768 ], [ 106.7620296, -6.2792846 ], [ 106.7621255, -6.2787895 ], [ 106.7621338, -6.2787321 ], [ 106.7621436, -6.2786646 ], [ 106.7622651, -6.2778587 ], [ 106.7616885, -6.2778346 ], [ 106.7611937, -6.2778873 ], [ 106.760838, -6.2779026 ], [ 106.7604912, -6.27794 ], [ 106.76031, -6.2779839 ], [ 106.7600727, -6.2781021 ], [ 106.7599745, -6.278161 ], [ 106.7598925, -6.2782035 ], [ 106.7587355, -6.2780619 ], [ 106.7583194, -6.2780011 ], [ 106.7578952, -6.2779287 ], [ 106.7575241, -6.2777354 ], [ 106.7569967, -6.2775302 ], [ 106.7570514, -6.2773793 ], [ 106.7571087, -6.2771246 ], [ 106.7571087, -6.2769095 ], [ 106.7570747, -6.2766496 ], [ 106.7570357, -6.2762591 ], [ 106.7571207, -6.2761782 ], [ 106.7571136, -6.2759038 ], [ 106.7572101, -6.2757483 ], [ 106.7572367, -6.2753757 ], [ 106.7572153, -6.2751864 ], [ 106.7571751, -6.2749811 ], [ 106.7570919, -6.2746718 ], [ 106.7570383, -6.2743759 ], [ 106.7569459, -6.2742346 ], [ 106.75682, -6.2743821 ], [ 106.756398, -6.2743799 ], [ 106.7560946, -6.2743575 ], [ 106.7551072, -6.2744388 ], [ 106.7546654, -6.2744415 ], [ 106.7543535, -6.2744445 ], [ 106.7539384, -6.2744535 ], [ 106.7529617, -6.2744877 ], [ 106.7520804, -6.2745176 ], [ 106.751481, -6.2745465 ], [ 106.7513992, -6.2737226 ], [ 106.7513931, -6.2730098 ], [ 106.7513734, -6.2726232 ], [ 106.751382, -6.2723941 ], [ 106.7513895, -6.271911 ], [ 106.7510819, -6.2716074 ], [ 106.7507011, -6.2719753 ], [ 106.7504413, -6.2718214 ], [ 106.753543, -6.2685711 ], [ 106.7534068, -6.2684598 ], [ 106.7531635, -6.2682352 ], [ 106.7528962, -6.2679886 ], [ 106.7527077, -6.2677764 ], [ 106.7526654, -6.2676216 ], [ 106.7526789, -6.2666027 ], [ 106.7530309, -6.2659657 ], [ 106.7528226, -6.2657244 ], [ 106.7527689, -6.2654811 ], [ 106.7525382, -6.2650385 ], [ 106.7524982, -6.2649146 ], [ 106.7524889, -6.2648856 ], [ 106.7524872, -6.2647452 ], [ 106.7525248, -6.2646213 ], [ 106.7526026, -6.264498 ], [ 106.7529419, -6.2642913 ], [ 106.753025, -6.264262 ], [ 106.7531457, -6.26423 ], [ 106.7532691, -6.264246 ], [ 106.7533549, -6.2642727 ], [ 106.7534193, -6.26427 ], [ 106.7535025, -6.2642407 ], [ 106.75409, -6.2639169 ], [ 106.7549678, -6.2634027 ], [ 106.7557462, -6.262638 ], [ 106.755963, -6.2625577 ], [ 106.7562553, -6.2624918 ], [ 106.7565502, -6.262423 ], [ 106.7565446, -6.2623301 ], [ 106.7564984, -6.2620821 ], [ 106.7563681, -6.2615583 ], [ 106.7559869, -6.2617386 ], [ 106.7553324, -6.2619568 ], [ 106.7550844, -6.2619931 ], [ 106.7543491, -6.2619943 ], [ 106.7542152, -6.2620259 ], [ 106.7537956, -6.2622336 ], [ 106.7536359, -6.2622705 ], [ 106.7534434, -6.2622722 ], [ 106.7532509, -6.2622522 ], [ 106.7530925, -6.2622074 ], [ 106.7527563, -6.2621123 ], [ 106.7523442, -6.2619981 ], [ 106.7515237, -6.2617682 ], [ 106.75147, -6.2617256 ], [ 106.7514566, -6.2616829 ], [ 106.7515624, -6.2613343 ], [ 106.7515589, -6.2612533 ], [ 106.7515164, -6.261183 ], [ 106.7514191, -6.2611043 ], [ 106.7516025, -6.2605671 ], [ 106.7525762, -6.2597279 ], [ 106.7526593, -6.2596728 ], [ 106.7527672, -6.2596605 ], [ 106.7528565, -6.2596942 ], [ 106.7531153, -6.2596697 ], [ 106.753368, -6.2596973 ], [ 106.7538949, -6.2597555 ], [ 106.7544208, -6.2598654 ], [ 106.7544615, -6.2576791 ], [ 106.7540431, -6.2559619 ], [ 106.7540965, -6.2556206 ], [ 106.7542918, -6.2553196 ], [ 106.7543649, -6.2541489 ], [ 106.7537238, -6.252301 ], [ 106.7539876, -6.2516908 ], [ 106.7531569, -6.2517774 ], [ 106.7529243, -6.2517442 ], [ 106.752724, -6.2517134 ], [ 106.752667, -6.2516584 ], [ 106.752623, -6.2515516 ], [ 106.752527, -6.2514998 ], [ 106.7524781, -6.2513816 ], [ 106.7524569, -6.2512537 ], [ 106.752413, -6.2512311 ], [ 106.7523413, -6.2512149 ], [ 106.7522045, -6.2510886 ], [ 106.7519815, -6.2510903 ], [ 106.7519066, -6.2508361 ], [ 106.7518772, -6.2504703 ], [ 106.7518805, -6.2500333 ], [ 106.7511127, -6.250084 ], [ 106.7506501, -6.2501016 ], [ 106.749848, -6.2501061 ], [ 106.7492104, -6.2501133 ], [ 106.7481212, -6.2501445 ], [ 106.748155, -6.2499741 ], [ 106.7481961, -6.249806 ], [ 106.7482106, -6.2496308 ], [ 106.7481905, -6.2495106 ], [ 106.7481036, -6.2493618 ], [ 106.7480142, -6.2492489 ], [ 106.7478693, -6.2491361 ], [ 106.7477051, -6.2490617 ], [ 106.7475433, -6.2489776 ], [ 106.7473757, -6.2488987 ], [ 106.747263, -6.2487697 ], [ 106.7472322, -6.2486203 ], [ 106.7472391, -6.2483827 ], [ 106.7472049, -6.2481858 ], [ 106.747099, -6.2479379 ], [ 106.7470478, -6.2477478 ], [ 106.7468702, -6.2475135 ], [ 106.7467711, -6.2474185 ], [ 106.7467848, -6.2470891 ], [ 106.7467775, -6.2469722 ], [ 106.7467655, -6.2466701 ], [ 106.7467722, -6.2464271 ], [ 106.7467985, -6.2460333 ], [ 106.7468087, -6.245687 ], [ 106.7468124, -6.2453587 ], [ 106.74688, -6.2448449 ], [ 106.7469621, -6.2445953 ], [ 106.7470152, -6.2443456 ], [ 106.7470491, -6.2441151 ], [ 106.7470491, -6.2438414 ], [ 106.7470346, -6.2436446 ], [ 106.7470829, -6.2434285 ], [ 106.7471601, -6.2432893 ], [ 106.7472229, -6.2432077 ], [ 106.7472133, -6.2431164 ], [ 106.7472374, -6.24303 ], [ 106.7472712, -6.2429148 ], [ 106.7473099, -6.2427755 ], [ 106.7473533, -6.2425931 ], [ 106.747392, -6.2424971 ], [ 106.7474982, -6.2423914 ], [ 106.7475599, -6.2423664 ], [ 106.7475744, -6.2422176 ], [ 106.7478014, -6.2419103 ], [ 106.7482027, -6.2415709 ], [ 106.7483814, -6.2414797 ], [ 106.7484056, -6.2414269 ], [ 106.7484297, -6.2413357 ], [ 106.748507, -6.2412732 ], [ 106.7486036, -6.2411436 ], [ 106.7486519, -6.2409611 ], [ 106.7486422, -6.2407451 ], [ 106.7485746, -6.2406058 ], [ 106.7484152, -6.2404474 ], [ 106.7482558, -6.2402217 ], [ 106.7481317, -6.2399509 ], [ 106.7480037, -6.2396916 ], [ 106.7478559, -6.2393959 ], [ 106.7478153, -6.2393147 ], [ 106.7476269, -6.2389522 ], [ 106.7474796, -6.2386041 ], [ 106.7473492, -6.2382199 ], [ 106.7472139, -6.237855 ], [ 106.7471125, -6.2376006 ], [ 106.7469869, -6.2374541 ], [ 106.7467817, -6.2373773 ], [ 106.7466826, -6.2371588 ], [ 106.7466343, -6.2369212 ], [ 106.7465716, -6.2366019 ], [ 106.7465474, -6.2364146 ], [ 106.7466187, -6.236345 ], [ 106.7465719, -6.2362538 ], [ 106.7451532, -6.236395 ], [ 106.7450616, -6.2364601 ], [ 106.7448798, -6.2364727 ], [ 106.7445804, -6.2364452 ], [ 106.7440991, -6.2363572 ], [ 106.7442312, -6.2356164 ], [ 106.744359, -6.2351803 ], [ 106.7444533, -6.2347502 ], [ 106.7446601, -6.2342744 ], [ 106.7447459, -6.2340668 ], [ 106.7448424, -6.2337924 ], [ 106.744854, -6.2334921 ], [ 106.74483, -6.2332005 ], [ 106.7447751, -6.2329609 ], [ 106.7447049, -6.2326542 ], [ 106.7445389, -6.2324262 ], [ 106.7445377, -6.2323293 ], [ 106.7445557, -6.2322538 ], [ 106.7446361, -6.2321624 ], [ 106.7448659, -6.2321365 ], [ 106.7449946, -6.2320531 ], [ 106.7450836, -6.2319548 ], [ 106.7451773, -6.2318992 ], [ 106.7452892, -6.2318714 ], [ 106.7454491, -6.231838 ], [ 106.7455125, -6.231128 ], [ 106.745574, -6.2308055 ], [ 106.7447377, -6.2306843 ], [ 106.7439796, -6.2305364 ], [ 106.7441787, -6.2298978 ], [ 106.7442483, -6.2297039 ], [ 106.7443237, -6.2294941 ], [ 106.7445157, -6.2290569 ], [ 106.7443474, -6.2289304 ], [ 106.7440524, -6.2288405 ], [ 106.7437831, -6.228802 ], [ 106.7436618, -6.2288098 ], [ 106.7435171, -6.2288572 ], [ 106.7433717, -6.2288387 ], [ 106.7432837, -6.2286625 ], [ 106.7433585, -6.2281623 ], [ 106.7434192, -6.2279002 ], [ 106.7434091, -6.2276184 ], [ 106.7431969, -6.2274674 ], [ 106.7430262, -6.2273785 ], [ 106.7428547, -6.2273226 ], [ 106.7426544, -6.2273182 ], [ 106.7424455, -6.2273829 ], [ 106.7423876, -6.2274061 ], [ 106.7416383, -6.2277318 ], [ 106.7409825, -6.2277245 ], [ 106.7403923, -6.2276638 ], [ 106.7404234, -6.2269485 ], [ 106.7404445, -6.226246 ], [ 106.7405635, -6.2261712 ], [ 106.7399871, -6.226178 ], [ 106.7397894, -6.225481 ], [ 106.7394873, -6.2253216 ], [ 106.738003, -6.2254217 ], [ 106.7377845, -6.2253202 ], [ 106.7377286, -6.225031 ], [ 106.7376114, -6.2245319 ], [ 106.737454, -6.223777 ], [ 106.737016, -6.223881 ], [ 106.736134, -6.22392 ], [ 106.735237, -6.22392 ], [ 106.734324, -6.223928 ], [ 106.7340439, -6.223928 ], [ 106.733562, -6.223928 ], [ 106.73303, -6.223928 ], [ 106.73241, -6.22392 ], [ 106.731747, -6.224002 ], [ 106.730987, -6.22412 ], [ 106.730482, -6.224115 ], [ 106.729129, -6.224221 ], [ 106.728169, -6.224288 ], [ 106.727287, -6.224388 ], [ 106.727079, -6.224411 ], [ 106.726024, -6.224372 ], [ 106.725199, -6.224349 ], [ 106.724358, -6.224302 ], [ 106.723818, -6.224287 ], [ 106.7206647, -6.2242079 ], [ 106.719315, -6.224174 ], [ 106.718238, -6.224135 ], [ 106.718264, -6.22281 ], [ 106.718277, -6.22211 ], [ 106.718286, -6.221807 ], [ 106.718265, -6.221798 ], [ 106.718074, -6.221743 ], [ 106.717928, -6.220961 ], [ 106.717984, -6.220492 ], [ 106.718085, -6.219521 ], [ 106.718175, -6.219231 ], [ 106.718365, -6.218625 ], [ 106.718456, -6.218301 ], [ 106.718585, -6.217901 ], [ 106.718262, -6.217818 ], [ 106.71825, -6.2178 ], [ 106.718399, -6.217368 ], [ 106.718665, -6.21674 ], [ 106.718673, -6.21659 ], [ 106.718728, -6.216065 ], [ 106.718778, -6.215962 ], [ 106.7191476, -6.2156158 ], [ 106.71931, -6.214538 ], [ 106.719534, -6.214227 ], [ 106.719828, -6.214174 ], [ 106.719703, -6.21388 ], [ 106.72007, -6.21284 ], [ 106.719891, -6.212458 ], [ 106.719963, -6.212147 ], [ 106.721742, -6.212174 ], [ 106.72268, -6.212165 ], [ 106.7235115, -6.2121357 ], [ 106.7235525, -6.2114737 ], [ 106.7235791, -6.2110627 ], [ 106.7236642, -6.2075803 ], [ 106.7243128, -6.207596 ], [ 106.724424, -6.2047123 ], [ 106.7240175, -6.2045262 ], [ 106.724757, -6.20281 ], [ 106.724742, -6.202141 ], [ 106.724362, -6.20196 ], [ 106.724531, -6.201114 ], [ 106.723771, -6.200369 ], [ 106.723091, -6.200106 ], [ 106.723473, -6.199791 ], [ 106.723192, -6.199459 ], [ 106.723074, -6.198928 ], [ 106.723204, -6.198432 ], [ 106.723911, -6.19761 ], [ 106.723245, -6.197219 ], [ 106.72397, -6.196199 ], [ 106.723975, -6.196202 ], [ 106.724337, -6.195528 ], [ 106.724577, -6.194809 ], [ 106.724773, -6.19405 ], [ 106.724214, -6.191619 ], [ 106.72402, -6.190742 ], [ 106.721947, -6.191171 ], [ 106.719654, -6.191924 ], [ 106.717707, -6.192554 ], [ 106.716648, -6.192406 ], [ 106.7148339, -6.191874 ], [ 106.7148764, -6.1915411 ], [ 106.714938, -6.191058 ], [ 106.714959, -6.189961 ], [ 106.715033, -6.189896 ], [ 106.715174, -6.189911 ], [ 106.715571, -6.190181 ], [ 106.715934, -6.190265 ], [ 106.716357, -6.190001 ], [ 106.716888, -6.189761 ], [ 106.717226, -6.189316 ], [ 106.717443, -6.188764 ], [ 106.717528, -6.188332 ], [ 106.718071, -6.187767 ], [ 106.719013, -6.187815 ], [ 106.72004, -6.187203 ], [ 106.720571, -6.187119 ], [ 106.721187, -6.186867 ], [ 106.721308, -6.187023 ], [ 106.722383, -6.186531 ], [ 106.722525, -6.186098 ], [ 106.722712, -6.185673 ], [ 106.723447, -6.185571 ], [ 106.724181, -6.185843 ], [ 106.724428, -6.185324 ], [ 106.724374, -6.184948 ], [ 106.723413, -6.184773 ], [ 106.7231247, -6.1846814 ], [ 106.7206426, -6.1841134 ], [ 106.718671, -6.183662 ], [ 106.7173568, -6.1830995 ], [ 106.715608, -6.182351 ], [ 106.7144365, -6.1820622 ], [ 106.712464, -6.181576 ], [ 106.7107266, -6.1810255 ], [ 106.7098636, -6.1808981 ], [ 106.7090183, -6.1805653 ], [ 106.7085374, -6.180376 ], [ 106.7069779, -6.1797839 ], [ 106.7037, -6.178593 ], [ 106.701039, -6.176548 ], [ 106.698774, -6.17623 ], [ 106.69791, -6.175896 ], [ 106.696497, -6.17547 ], [ 106.6958013, -6.1751675 ], [ 106.695768, -6.175153 ], [ 106.695157, -6.175425 ], [ 106.6945936, -6.1756491 ], [ 106.694018, -6.175878 ], [ 106.693434, -6.175234 ], [ 106.693053, -6.175043 ], [ 106.693034, -6.17516 ], [ 106.692939, -6.17515 ], [ 106.692846, -6.175113 ], [ 106.692686, -6.174994 ], [ 106.692492, -6.17484 ], [ 106.692257, -6.174723 ], [ 106.692035, -6.174592 ], [ 106.692067, -6.174517 ], [ 106.69222, -6.174125 ], [ 106.692239, -6.17406 ], [ 106.692333, -6.173725 ], [ 106.691879, -6.17371 ], [ 106.691345, -6.173487 ], [ 106.69121, -6.173522 ], [ 106.6909897, -6.1734637 ], [ 106.690121, -6.173214 ], [ 106.689281, -6.173015 ], [ 106.689221, -6.172757 ], [ 106.688232, -6.172493 ], [ 106.688247, -6.170229 ], [ 106.688254, -6.168547 ], [ 106.688254, -6.168534 ], [ 106.6882522, -6.1681952 ], [ 106.6884555, -6.1679665 ], [ 106.688758, -6.166987 ], [ 106.689252, -6.167017 ], [ 106.6890906, -6.1663637 ], [ 106.6888814, -6.1655174 ], [ 106.688844, -6.165366 ], [ 106.6890781, -6.1649329 ], [ 106.689305, -6.164513 ], [ 106.689294, -6.164342 ], [ 106.68908, -6.163457 ], [ 106.68923, -6.162945 ], [ 106.689305, -6.161814 ], [ 106.689906, -6.160854 ], [ 106.690089, -6.160332 ], [ 106.690073, -6.159949 ], [ 106.689358, -6.159886 ], [ 106.68868, -6.159897 ], [ 106.688101, -6.159887 ], [ 106.687913, -6.154343 ], [ 106.6874709, -6.1541183 ], [ 106.6875563, -6.1539393 ], [ 106.6876533, -6.153664 ], [ 106.6877634, -6.15338 ], [ 106.6877684, -6.153203 ], [ 106.6877429, -6.152068 ], [ 106.687448, -6.147587 ], [ 106.686965, -6.14742 ], [ 106.686544, -6.145158 ], [ 106.686334, -6.144024 ], [ 106.6863979, -6.1420453 ], [ 106.686436, -6.140865 ], [ 106.686537, -6.138113 ], [ 106.686548, -6.134853 ], [ 106.686366, -6.132833 ], [ 106.686365, -6.1317278 ], [ 106.68584, -6.1240553 ], [ 106.685589, -6.1203878 ], [ 106.685636, -6.1158278 ], [ 106.686248, -6.1149858 ], [ 106.687189, -6.1146588 ], [ 106.689368, -6.1141358 ], [ 106.691469, -6.1135598 ], [ 106.694501, -6.1127898 ], [ 106.695866, -6.1129308 ], [ 106.695787, -6.1121498 ], [ 106.696324, -6.1114808 ], [ 106.696843, -6.1108218 ], [ 106.696264, -6.109703 ], [ 106.695699, -6.109632 ], [ 106.694735, -6.109773 ], [ 106.693889, -6.109329 ], [ 106.693606, -6.108697 ], [ 106.693583, -6.10823 ], [ 106.693818, -6.107879 ], [ 106.694232, -6.106983 ], [ 106.694032, -6.106619 ], [ 106.692968, -6.106454 ], [ 106.691438, -6.107214 ], [ 106.691205, -6.108967 ], [ 106.68921, -6.108603 ], [ 106.688478, -6.107049 ], [ 106.688511, -6.105429 ], [ 106.688944, -6.104767 ], [ 106.6887763, -6.1043786 ], [ 106.6885221, -6.1040413 ], [ 106.6885686, -6.1038521 ], [ 106.6886228, -6.1036719 ], [ 106.6886332, -6.1034352 ], [ 106.6886104, -6.1034256 ], [ 106.6886597, -6.1028673 ], [ 106.6886683, -6.1028027 ], [ 106.6886568, -6.1027846 ], [ 106.6886302, -6.102758 ], [ 106.6886948, -6.1026192 ], [ 106.688765, -6.1025035 ], [ 106.6888372, -6.1022762 ], [ 106.6891064, -6.1016004 ], [ 106.6891958, -6.1013911 ], [ 106.6891937, -6.1013693 ], [ 106.6891784, -6.1013456 ], [ 106.6891239, -6.1013192 ], [ 106.689087, -6.1012812 ], [ 106.6891458, -6.1002973 ], [ 106.6891287, -6.1002853 ], [ 106.6890241, -6.1002824 ], [ 106.6890021, -6.1002724 ], [ 106.6889742, -6.1002165 ], [ 106.6889297, -6.1001955 ], [ 106.6888041, -6.1001946 ], [ 106.6885979, -6.1001846 ], [ 106.6885497, -6.1001228 ], [ 106.6885257, -6.0998418 ], [ 106.6884958, -6.099778 ], [ 106.6884515, -6.0996446 ], [ 106.6884009, -6.0995647 ], [ 106.6883316, -6.0993678 ], [ 106.6882987, -6.0992401 ], [ 106.6882476, -6.0990797 ], [ 106.6882002, -6.0989593 ], [ 106.6881783, -6.0988244 ], [ 106.6881746, -6.0987084 ], [ 106.6881367, -6.0985601 ], [ 106.6881138, -6.0984883 ], [ 106.6880827, -6.0983426 ], [ 106.6880216, -6.0981521 ], [ 106.687979, -6.0981635 ], [ 106.6873586, -6.0972705 ], [ 106.6873574, -6.0971012 ], [ 106.6874979, -6.096942 ], [ 106.687647, -6.096897 ], [ 106.690607, -6.096401 ], [ 106.691837, -6.095773 ], [ 106.694564, -6.09564 ], [ 106.695761, -6.096202 ], [ 106.69626, -6.095872 ], [ 106.697391, -6.096632 ], [ 106.700052, -6.095938 ], [ 106.70085, -6.096103 ], [ 106.701981, -6.096269 ], [ 106.7025763, -6.096146 ], [ 106.70316, -6.0959493 ], [ 106.7032929, -6.0962129 ], [ 106.704209, -6.095905 ], [ 106.704442, -6.096368 ], [ 106.706038, -6.096037 ], [ 106.707901, -6.096037 ], [ 106.710827, -6.096434 ], [ 106.711023, -6.096782 ], [ 106.712087, -6.096352 ], [ 106.713152, -6.096219 ], [ 106.7141305, -6.0961648 ], [ 106.7143173, -6.0960812 ], [ 106.7146561, -6.0958225 ], [ 106.7150927, -6.0954846 ], [ 106.7142049, -6.0943054 ], [ 106.7171773, -6.0921243 ], [ 106.717239, -6.0920791 ], [ 106.7174294, -6.0919394 ], [ 106.7186783, -6.091664 ], [ 106.7193081, -6.0926184 ], [ 106.7206334, -6.0917231 ], [ 106.7208719, -6.0915519 ], [ 106.7210491, -6.0914155 ], [ 106.7217567, -6.0916098 ], [ 106.7219487, -6.0916711 ], [ 106.7222334, -6.0917716 ], [ 106.7223272, -6.0917368 ], [ 106.7224146, -6.0917032 ], [ 106.7226606, -6.0916143 ], [ 106.7228897, -6.091343 ], [ 106.7229524, -6.091273 ], [ 106.7232876, -6.0908828 ], [ 106.7233719, -6.0907853 ], [ 106.7234713, -6.0906673 ], [ 106.7235037, -6.0906396 ], [ 106.7237982, -6.0904141 ], [ 106.7239339, -6.0903108 ], [ 106.7240354, -6.0902324 ], [ 106.7241318, -6.0901556 ], [ 106.7242897, -6.0900572 ], [ 106.7245896, -6.0898724 ], [ 106.7246941, -6.0898077 ], [ 106.7248114, -6.0897329 ], [ 106.7249632, -6.0896431 ], [ 106.725023, -6.0896016 ], [ 106.7251438, -6.0895309 ], [ 106.725342, -6.0894079 ], [ 106.7257187, -6.0891749 ], [ 106.7266632, -6.088301 ], [ 106.7430877, -6.0626157 ], [ 106.7324618, -6.0431809 ], [ 106.7294432, -6.0146741 ], [ 106.6635128, -5.972924 ], [ 106.5114255, -5.9713629 ], [ 106.4117064, -5.7499418 ], [ 106.3146732, -5.4996381 ], [ 106.1635177, -5.6417103 ], [ 105.9246742, -5.815233 ], [ 105.7957745, -5.9132875 ], [ 105.7502805, -6.0603366 ], [ 105.6877896, -6.1583045 ], [ 105.6541439, -6.2071141 ], [ 105.6345745, -6.2303227 ], [ 105.6062161, -6.2525709 ], [ 105.5782696, -6.2654749 ], [ 105.5463406, -6.2767367 ], [ 105.512695, -6.2876571 ], [ 105.4735252, -6.2940241 ], [ 105.2346817, -6.2902557 ], [ 105.1872247, -6.2927756 ], [ 105.1398461, -6.3009656 ], [ 105.0489145, -6.3241697 ], [ 104.6513179, -6.4550344 ] ] ] } }
]
}
