{
"type": "FeatureCollection",
"name": "kalimantan-utara",
"crs": { "type": "name", "properties": { "name": "urn:ogc:def:crs:EPSG::3857" } },
"features": [
{ "type": "Feature", "properties": { "place": "Kalimantan Utara, Kalimantan, Indonesia", "query": "Kalimantan Utara, Indonesia", "baselineYear": 1990, "comparisonYear": 2024, "forestLossHa": 616349.5945, "forestGainHa": 35254.3648, "forestLossPct": 8.7066, "forestGainPct": 0.498, "netForestChangeHa": -581095.2297, "baselineForestAreaHa": 6815340.6198000005, "comparisonForestAreaHa": 6234245.3902000003, "analyzedAreaHa": 7079144.2291000001, "aoiAreaHa": 8868414.7953999992, "coverageFraction": 0.798237, "validPixelCount": 3029097, "sourceFormat": "pmtiles_png", "zoom": 10, "forestClasses": "3,5,76", "baselinePmtiles": "landcover-processing/landcover-mapbiomas-pmtiles-values/1990_landcover.pmtiles", "comparisonPmtiles": "landcover-processing/landcover-mapbiomas-pmtiles-values/2024_landcover.pmtiles" }, "geometry": { "type": "Polygon", "coordinates": [ [ [ 12753335.71912787668407, 158819.786150395608274 ], [ 12753338.613434636965394, 158673.467030923377024 ], [ 12753360.766013303771615, 158573.582565813791007 ], [ 12753393.605263089761138, 158489.287679581553675 ], [ 12753407.631518928334117, 158466.348785345326178 ], [ 12753539.990393482148647, 158293.639021219511051 ], [ 12753806.823212914168835, 157986.414137592364568 ], [ 12753937.734934085980058, 157885.750464241224108 ], [ 12754307.538282502442598, 157718.274705426010769 ], [ 12754649.400438727810979, 157208.832822379859863 ], [ 12754666.766279293224216, 157111.732756579964189 ], [ 12754656.97016410343349, 157034.342248557222774 ], [ 12754635.819460850208998, 156979.55646404644358 ], [ 12754624.798831263557076, 156907.399594798567705 ], [ 12754596.523680603131652, 156867.312453892780468 ], [ 12754463.719528086483479, 156785.579246904002503 ], [ 12754390.137344669550657, 156725.225859900703654 ], [ 12754376.667686285451055, 156615.988492161879549 ], [ 12754468.506266187876463, 156271.907786784984637 ], [ 12754552.886440210044384, 156061.562233306001872 ], [ 12754603.64812801219523, 155831.173359658074332 ], [ 12754596.523680603131652, 155661.02646314210142 ], [ 12754535.186641175299883, 155483.864465419814223 ], [ 12754495.33426347002387, 155399.236526445194613 ], [ 12754436.446252839639783, 155248.799297182034934 ], [ 12754354.069829653948545, 155101.257316827162867 ], [ 12754245.867284601554275, 154971.197738055372611 ], [ 12754159.928637711331248, 154887.126726131740725 ], [ 12754089.686039021238685, 154720.209657678991789 ], [ 12754075.214505216106772, 154659.299986641271971 ], [ 12754131.542167557403445, 154681.793135912070284 ], [ 12754427.318054594099522, 154779.226354224985698 ], [ 12754605.763198336586356, 154785.016672335652402 ], [ 12754753.595482109114528, 154806.619014104682719 ], [ 12754875.37900503911078, 154848.598827671899926 ], [ 12754970.557169664651155, 154862.517865480971523 ], [ 12755129.410083027556539, 154914.519397259689867 ], [ 12755334.905863033607602, 154961.398731306369882 ], [ 12755542.294074380770326, 155005.494264556909911 ], [ 12755747.233256932348013, 155031.773424259008607 ], [ 12755959.630845366045833, 155086.892856758611742 ], [ 12756691.22253886051476, 155225.081222286476986 ], [ 12757046.443033980205655, 155209.825935811677482 ], [ 12757104.440488683059812, 155211.384870155248791 ], [ 12757128.37417920306325, 155177.311021616158541 ], [ 12757128.37417920306325, 155054.600662576500326 ], [ 12757165.777528109028935, 154822.87644774094224 ], [ 12757258.617983430624008, 154759.071594103792449 ], [ 12757641.779670743271708, 154697.382448416319676 ], [ 12758098.300902483984828, 154689.142383120401064 ], [ 12758191.363996786996722, 154717.203147077467293 ], [ 12758235.6691541261971, 154717.203147077467293 ], [ 12758275.076253863051534, 154699.275436426192755 ], [ 12758268.285764927044511, 154381.81040226839832 ], [ 12758378.714699793606997, 154174.027461788209621 ], [ 12758573.078530717641115, 153930.166663119860459 ], [ 12758739.612488945946097, 153693.878012535336893 ], [ 12758452.074244225397706, 153385.433672835322795 ], [ 12758372.035530345514417, 153313.38914410219877 ], [ 12758259.602844644337893, 153238.338141150947195 ], [ 12758199.490319617092609, 153114.40381624220754 ], [ 12758232.329569399356842, 153064.629669679037761 ], [ 12758303.57404350861907, 153025.656630777550163 ], [ 12758434.931042645126581, 153018.975538967963075 ], [ 12758583.319923870265484, 152924.883513810375007 ], [ 12758628.849595606327057, 152869.096423484210391 ], [ 12758872.861919425427914, 152734.138480865454767 ], [ 12758958.132649373263121, 152556.978447090834379 ], [ 12758975.164531463757157, 152154.889077126950724 ], [ 12758988.63418984785676, 152023.160677898646099 ], [ 12759084.257632441818714, 151769.725664396391949 ], [ 12759224.631510332226753, 151749.237079752754653 ], [ 12759510.166004218161106, 151732.311728401808068 ], [ 12759656.773773591965437, 151759.481371878850041 ], [ 12759743.936934882774949, 151759.147318868548609 ], [ 12759907.576586348935962, 151888.648567060095957 ], [ 12759997.522734908387065, 151878.849674208671786 ], [ 12760069.101167488843203, 151820.835781827569008 ], [ 12760178.305587958544493, 151760.372179908357793 ], [ 12760494.898219775408506, 151718.170152763341321 ], [ 12760647.071963686496019, 151669.509776145365322 ], [ 12761158.028426429256797, 151448.700901112810243 ], [ 12761329.794400721788406, 151360.845075448887656 ], [ 12761379.331574125215411, 151318.197707818093477 ], [ 12761462.709872731938958, 151224.55168408784084 ], [ 12761530.837401097640395, 151173.441680130228633 ], [ 12761598.185693027451634, 151145.49264067679178 ], [ 12761769.395069863647223, 151156.40501430130098 ], [ 12762188.512952700257301, 151067.769829083088553 ], [ 12762450.892992502078414, 150900.855156191566493 ], [ 12762546.293796112760901, 150825.91618056371226 ], [ 12762713.273032302036881, 150808.879536705993814 ], [ 12762934.331277118995786, 150809.837151953106513 ], [ 12762972.870084833353758, 150816.562728900753427 ], [ 12763190.611008824780583, 150842.396072377916425 ], [ 12763473.696473909541965, 151021.67063624234288 ], [ 12763513.99412957765162, 151142.820222713693511 ], [ 12763548.169213250279427, 151224.55168408784084 ], [ 12763589.802702810615301, 151284.681112938706065 ], [ 12763646.909601585939527, 151340.356522009096807 ], [ 12763704.239139342680573, 151308.621537426282885 ], [ 12763817.228422500193119, 151183.463248768646736 ], [ 12764123.913619635626674, 150818.901091786130564 ], [ 12764413.566934676840901, 150662.119472716556629 ], [ 12764570.304777717217803, 150597.424811267235782 ], [ 12764733.833109689876437, 150563.351553462067386 ], [ 12764802.071957547217607, 150556.55917251779465 ], [ 12765014.469545979052782, 150506.228748544381233 ], [ 12765295.551260232925415, 150514.134633105626563 ], [ 12765336.962110808119178, 150519.034054639923852 ], [ 12765394.959565512835979, 150542.863060641131597 ], [ 12765515.295935060828924, 150526.383187107829144 ], [ 12765604.574166676029563, 150537.072834690567106 ], [ 12765774.447709627449512, 150579.720078734186245 ], [ 12765933.30062298849225, 150638.290456197719323 ], [ 12766038.163583314046264, 150671.138867367932107 ], [ 12766157.609396936371922, 150721.357971491321223 ], [ 12766268.817568236961961, 150712.115874022274511 ], [ 12766297.983274826779962, 150699.644610469171312 ], [ 12766362.659898979589343, 150692.852226097747916 ], [ 12766383.587963245809078, 150741.178374359355075 ], [ 12766386.482270006090403, 150839.278254930482944 ], [ 12766468.190776249393821, 150976.462256720958976 ], [ 12766621.589034562930465, 151088.035660316498252 ], [ 12766757.955410785973072, 151152.841790212027263 ], [ 12766897.661371732130647, 151234.573254629678559 ], [ 12767006.865792198106647, 151275.995750163099729 ], [ 12767187.314686773344874, 151391.35520683490904 ], [ 12767244.087627079337835, 151396.922749432298588 ], [ 12767390.47275747358799, 151178.452464402798796 ], [ 12767463.275704450905323, 151077.791393788153073 ], [ 12767497.45078812353313, 151009.756111839291407 ], [ 12767592.851591734215617, 150934.705755279574078 ], [ 12767829.51682916097343, 150812.442756247386569 ], [ 12767889.295395718887448, 150774.583551026124042 ], [ 12768050.652997622266412, 150709.28756955883 ], [ 12768072.159923244267702, 150684.111207117093727 ], [ 12768213.179454181343317, 150651.541170731448801 ], [ 12768284.479588033631444, 150607.669059552019462 ], [ 12768474.947236780077219, 150594.529697691905312 ], [ 12768714.618100456893444, 150489.526176287821727 ], [ 12768811.020779486745596, 150458.013992773427162 ], [ 12768884.269004428759217, 150392.985328859038418 ], [ 12768858.776841035112739, 150190.661657679243945 ], [ 12768771.836318723857403, 150081.42698113899678 ], [ 12768569.012206498533487, 149914.290216689143563 ], [ 12768480.29057233966887, 149618.65548556871363 ], [ 12768304.962374338880181, 149479.801920558384154 ], [ 12768270.008054230362177, 149333.153925998427439 ], [ 12768367.635247657075524, 149197.084255249326816 ], [ 12768386.670880580320954, 149108.338360910420306 ], [ 12768452.34938014857471, 149035.849577791726915 ], [ 12768517.471282262355089, 148951.112330373522127 ], [ 12768607.306111333891749, 148770.614286493102554 ], [ 12768676.324195625260472, 148730.082971616240684 ], [ 12768764.934510296210647, 148702.802282291901065 ], [ 12768908.091375458985567, 148709.705966680165147 ], [ 12769204.535179441794753, 148791.436695097683696 ], [ 12769420.60631106980145, 148780.524416593863862 ], [ 12769507.769472360610962, 148757.363663661031751 ], [ 12769604.7287488412112, 148710.819464178464841 ], [ 12769736.085747975856066, 148665.388769927143585 ], [ 12769787.292713742703199, 148509.387840442825109 ], [ 12769788.18326967023313, 148443.246145553828683 ], [ 12769749.778045343235135, 148321.206965895427857 ], [ 12769739.536652192473412, 148266.645671386911999 ], [ 12769733.859358159825206, 148172.778000299207633 ], [ 12769829.594120243564248, 148099.510018356115324 ], [ 12769916.75728153437376, 148102.182406411855482 ], [ 12769945.143751688301563, 148061.539840872515924 ], [ 12770047.89164168946445, 147949.744979267852614 ], [ 12770065.368801744654775, 147916.785546673723729 ], [ 12770082.512003326788545, 147831.380548831279157 ], [ 12770053.123657757416368, 147718.026889883505646 ], [ 12770049.672753540799022, 147653.332926660805242 ], [ 12770109.673959080129862, 147573.161427044309676 ], [ 12770171.790234941989183, 147446.780013178271474 ], [ 12770175.79773661121726, 147377.298097529332153 ], [ 12770215.427475333213806, 147316.056038940732833 ], [ 12770279.881460500881076, 147193.349264224991202 ], [ 12770341.21849993057549, 147119.190749836066971 ], [ 12770498.846898891031742, 146901.837380735058105 ], [ 12770521.778713997453451, 146846.16287716611987 ], [ 12770568.087622165679932, 146799.28495383655536 ], [ 12770653.914949567988515, 146689.717582007986493 ], [ 12770682.190100230276585, 146607.430732641427312 ], [ 12770741.412069331854582, 146521.469395083346171 ], [ 12770781.153127545490861, 146451.430967445980059 ], [ 12770808.092444317415357, 146369.366886302566854 ], [ 12770848.167461002245545, 146211.697023615619401 ], [ 12771232.108384748920798, 146242.095231713261455 ], [ 12771508.8486388605088, 146190.429414796439232 ], [ 12772034.877760656177998, 146466.184688810724765 ], [ 12772708.739166224375367, 146707.822919123020256 ], [ 12772897.236459983512759, 146732.074719398457091 ], [ 12772948.220786767080426, 146859.33546370008844 ], [ 12772955.122595196589828, 146925.977848960552365 ], [ 12772953.597518170252442, 146969.170140303322114 ], [ 12772947.964751936495304, 146990.682776711066253 ], [ 12772910.08272922039032, 147078.526059397059726 ], [ 12772874.660867249593139, 147139.233589601470158 ], [ 12772837.691664358600974, 147270.6701148278662 ], [ 12772837.624872662127018, 147341.733162215474294 ], [ 12772845.239125832915306, 147408.030481139896438 ], [ 12772877.132159944623709, 147505.026805626112036 ], [ 12773212.315146723762155, 147667.284996962611331 ], [ 12773379.761924777179956, 147775.394079620658886 ], [ 12773390.771422414109111, 147786.60696146445116 ], [ 12773489.879165068268776, 147791.896056832250906 ], [ 12773639.147470271214843, 147779.235632931842702 ], [ 12773760.674958372488618, 147760.183756022277521 ], [ 12773911.568528143689036, 147720.999917474196991 ], [ 12774039.663866195827723, 147728.527133540163049 ], [ 12774158.875908888876438, 147714.87570337112993 ], [ 12774235.118628131225705, 147713.68426537050982 ], [ 12774252.606920136138797, 147718.728390772797866 ], [ 12774276.340235572308302, 147737.624375716957729 ], [ 12774341.261762604117393, 147823.2520432472229 ], [ 12774353.751809472218156, 147833.329163219284965 ], [ 12774381.247723696753383, 147835.867929414089303 ], [ 12774423.749505279585719, 147818.296995440527098 ], [ 12774451.356739, 147696.26922826768714 ], [ 12774457.624026332050562, 147679.912010917381849 ], [ 12774477.639270776882768, 147667.351806558726821 ], [ 12774497.632251320406795, 147664.846446715266211 ], [ 12774523.87025530077517, 147672.418200978485402 ], [ 12774662.563208881765604, 147725.398216777713969 ], [ 12774720.048593927174807, 147727.970386782719288 ], [ 12774772.557997733354568, 147719.207192968111485 ], [ 12774835.075023762881756, 147694.097916174156126 ], [ 12774891.34702636115253, 147662.697404734353768 ], [ 12774922.6166713219136, 147636.296481041121297 ], [ 12774942.620783817023039, 147626.252773071202682 ], [ 12774982.61787686124444, 147622.511436271306593 ], [ 12774998.859390567988157, 147628.813807219412411 ], [ 12775020.088017461821437, 147657.775764613208594 ], [ 12775062.47847955673933, 147769.804341275274055 ], [ 12775079.95563961006701, 147794.980434598925058 ], [ 12775114.932223618030548, 147813.887559714436065 ], [ 12775169.834996476769447, 147933.688390328316018 ], [ 12775037.387066328898072, 148231.78212337239529 ], [ 12775318.836134904995561, 148905.23619687941391 ], [ 12775378.124895701184869, 149091.936519358190708 ], [ 12775388.054594278335571, 149176.250680722645484 ], [ 12775431.714098567143083, 149274.439075289206812 ], [ 12775434.140863468870521, 149354.967392627586378 ], [ 12775409.004922445863485, 149504.677525952458382 ], [ 12775556.135893426835537, 149755.337793023703853 ], [ 12776196.801826840266585, 150476.821087015618104 ], [ 12776326.733936496078968, 150539.856597151374444 ], [ 12776384.185925694182515, 150582.693137512454996 ], [ 12776472.851900108158588, 150670.860490985331126 ], [ 12776499.056508241221309, 150712.405385504476726 ], [ 12776534.010828353464603, 150753.961421475512907 ], [ 12776613.949354689568281, 150816.952456046943553 ], [ 12776713.880861574783921, 150884.998824396141572 ], [ 12776806.33169868029654, 150937.934924493602011 ], [ 12776961.277297914028168, 150973.311032519879518 ], [ 12777071.238690922036767, 151011.15913057338912 ], [ 12777098.723473196849227, 151031.313606845884351 ], [ 12777118.694189846515656, 151053.984610686980886 ], [ 12777191.07412276044488, 151177.372362007299671 ], [ 12777211.055971356108785, 151200.032243069348624 ], [ 12777256.017913686111569, 151240.341225399664836 ], [ 12777320.96170461550355, 151288.222068612318253 ], [ 12777453.40963476151228, 151338.67512448632624 ], [ 12777603.379252759739757, 151356.435582294070628 ], [ 12777733.37815410643816, 151356.546933130419347 ], [ 12777813.350076293572783, 151374.240581612684764 ], [ 12777910.810290483757854, 151412.077600966673344 ], [ 12777955.783364763483405, 151442.320496076368727 ], [ 12777973.249392868950963, 151470.024594436923508 ], [ 12778000.678515402600169, 151550.57583556548343 ], [ 12778000.65625150129199, 151575.752279033564264 ], [ 12778033.061355272307992, 151673.930409537657397 ], [ 12778040.486365307122469, 151751.954044148034882 ], [ 12778070.397912483662367, 151852.648772696877131 ], [ 12778102.847544051706791, 151910.562456006853608 ], [ 12778240.249191535636783, 152003.807855140796164 ], [ 12778367.698876544833183, 152051.733375046402216 ], [ 12778597.618152832612395, 152124.93561463066726 ], [ 12778757.584261098876595, 152145.212660808698274 ], [ 12778872.566163139417768, 152152.87362099494203 ], [ 12778972.531065873801708, 152185.677676832681755 ], [ 12779058.736879542469978, 152228.547884860279737 ], [ 12779026.031213147565722, 152457.530587817891501 ], [ 12778978.341943291947246, 152673.919645364017924 ], [ 12778938.200134910643101, 152827.406437868747162 ], [ 12778913.142117533832788, 152892.814286804525182 ], [ 12778903.101099465042353, 152933.067848404869437 ], [ 12778903.045439720153809, 152998.509128769655945 ], [ 12778890.510865056887269, 153036.246161639486672 ], [ 12778890.499733109027147, 153051.345430348825175 ], [ 12778892.926498007029295, 153126.852921918267384 ], [ 12778903.846940053626895, 153212.426620281359646 ], [ 12778938.478433640673757, 153237.825923696247628 ], [ 12778989.251253390684724, 153260.252141006436432 ], [ 12779084.429418018087745, 153337.051371242880123 ], [ 12779255.772378247231245, 153442.679578936484177 ], [ 12779433.438285553827882, 153580.288053468277212 ], [ 12779592.024032140150666, 153740.244911116460571 ], [ 12779725.217802872881293, 153912.962793357408373 ], [ 12779982.243375165387988, 154053.845260132424301 ], [ 12780264.683187205344439, 154194.738937257177895 ], [ 12780553.445946322754025, 154351.62284914238262 ], [ 12780655.036113621667027, 154364.506286184187047 ], [ 12780810.549442257732153, 154415.78393078118097 ], [ 12781150.04049332998693, 154665.413223554758588 ], [ 12781251.575000884011388, 154723.038004720699973 ], [ 12781384.913486955687404, 154739.139540033764206 ], [ 12781600.851035198196769, 154681.815406357869506 ], [ 12781911.933352218940854, 154752.423864170588786 ], [ 12782289.618120580911636, 154883.819562371762004 ], [ 12782635.610229916870594, 154964.048917186504696 ], [ 12782775.238267218694091, 155044.088997465645662 ], [ 12782918.061173908412457, 155098.551453358726576 ], [ 12782971.995467197149992, 155143.348529929469805 ], [ 12783076.713712183758616, 155204.180366516491631 ], [ 12783279.89404678158462, 155213.95711184234824 ], [ 12783479.868380041792989, 155268.475279252423206 ], [ 12783590.831648465245962, 155434.791392736951821 ], [ 12783777.95971248857677, 155655.514507287007291 ], [ 12784114.122310787439346, 156068.143184788554208 ], [ 12784199.793790901079774, 156128.964101277058944 ], [ 12784425.148968061432242, 156196.288039669103455 ], [ 12784704.505230208858848, 156238.101046883093659 ], [ 12784939.411619680002332, 156286.261176693893503 ], [ 12785520.376910181716084, 156353.930349865579046 ], [ 12785609.254391629248857, 156376.379103647486772 ], [ 12785888.621785724535584, 156411.800479501398513 ], [ 12786117.205228120088577, 156427.991201161465142 ], [ 12786256.888925166800618, 156447.29980726481881 ], [ 12786352.133881490677595, 156450.584720210521482 ], [ 12786396.628281960263848, 156396.289011896064039 ], [ 12786428.454524379223585, 156313.208582694496727 ], [ 12786504.764035318046808, 156195.018616918590851 ], [ 12786590.513439074158669, 156175.921599970926763 ], [ 12786955.53004938736558, 156294.523562865360873 ], [ 12787006.258341338485479, 156364.887479445751524 ], [ 12787031.605789395049214, 156422.445823202899192 ], [ 12787091.863029759377241, 156508.800065671646735 ], [ 12787253.654777679592371, 156655.986511796392733 ], [ 12787298.048990609124303, 156716.76302446849877 ], [ 12787437.654764013364911, 156812.78281688914285 ], [ 12787526.465453764423728, 156915.149776088510407 ], [ 12787647.05785814486444, 156985.580672711512307 ], [ 12787745.453156055882573, 157011.236453880759655 ], [ 12787821.606819707900286, 157062.447805919568054 ], [ 12787875.518849099054933, 157139.214743985445239 ], [ 12787900.866297151893377, 157196.773259474663064 ], [ 12787919.82400643453002, 157302.269399447453907 ], [ 12787973.646980231627822, 157468.542271487851394 ], [ 12788097.356330350041389, 157590.117963156313635 ], [ 12788186.122492307797074, 157743.629904743924271 ], [ 12788243.173731340095401, 157858.74721784715075 ], [ 12788347.891976330429316, 157916.383841205009958 ], [ 12788506.644702149555087, 157922.920298338693101 ], [ 12788649.534400532022119, 157907.074679372512037 ], [ 12788928.846134880557656, 158006.424387966661016 ], [ 12789033.597775718197227, 158035.287256020033965 ], [ 12789132.026469476521015, 158032.180488817248261 ], [ 12789433.746817326173186, 157939.756965518230572 ], [ 12789532.153247185051441, 157955.836429116345244 ], [ 12789624.192202171310782, 157997.471554551884765 ], [ 12789690.839181311428547, 158035.888565805595135 ], [ 12789922.617493089288473, 158039.29598795005586 ], [ 12790186.177519492805004, 158004.375480789545691 ], [ 12790392.563855424523354, 158007.760631786630256 ], [ 12790811.692870208993554, 157979.376587468577782 ], [ 12791240.451020948588848, 157855.105955560167786 ], [ 12791336.88709582388401, 157834.249429751478601 ], [ 12791438.254624139517546, 157821.588528361782664 ], [ 12791446.859620777890086, 157820.129796579363756 ], [ 12791451.112025326117873, 157706.404419733065879 ], [ 12791442.395709196105599, 157670.537452866294188 ], [ 12791423.671770848333836, 157644.714576050959295 ], [ 12791343.076459512114525, 157602.489334146579495 ], [ 12791304.348408665508032, 157575.397034631518181 ], [ 12791275.004590891301632, 157543.282697252143407 ], [ 12791252.54031765088439, 157504.876894720917335 ], [ 12791239.449145533144474, 157465.847518757800572 ], [ 12791225.745716216042638, 157406.696589875937207 ], [ 12791222.038777174428105, 157367.678364077029983 ], [ 12791235.864657927304506, 157277.704852141439915 ], [ 12791251.527310281991959, 157230.535582892625825 ], [ 12791275.950806565582752, 157180.215023972617928 ], [ 12791294.129279408603907, 157122.344723007961875 ], [ 12791304.203693326562643, 157045.588925265794387 ], [ 12791307.365166865289211, 157003.430593108612811 ], [ 12791287.450109962373972, 156901.47560580787831 ], [ 12791286.303519207984209, 156793.87505488624447 ], [ 12791318.875602213665843, 156709.591885186528089 ], [ 12791346.416044235229492, 156662.422719317313749 ], [ 12791382.071677135303617, 156627.847592552629067 ], [ 12791440.859500225633383, 156590.778162237722427 ], [ 12791458.381188075989485, 156564.365222025662661 ], [ 12791470.292373590171337, 156524.734681439411361 ], [ 12791471.572547735646367, 156488.244301420781994 ], [ 12791487.246332036331296, 156438.547463144175708 ], [ 12791563.667162466794252, 156247.332201710552908 ], [ 12791590.561951445415616, 156226.587158208247274 ], [ 12791798.751663124188781, 156163.850949747604318 ], [ 12791851.261066930368543, 156152.570905348809902 ], [ 12791955.645353451371193, 156144.486688241944648 ], [ 12792000.028434427455068, 156134.464931846072432 ], [ 12792138.220450300723314, 156070.403647011204157 ], [ 12792457.718520825728774, 155941.702090183243854 ], [ 12792522.740235397592187, 155920.366901399043854 ], [ 12792685.300087803974748, 155849.401800105493749 ], [ 12792762.834113141521811, 155822.421036230196478 ], [ 12792852.212532298639417, 155814.949269261152949 ], [ 12792902.84063671156764, 155820.650528091558954 ], [ 12792951.576309781521559, 155837.687493697419995 ], [ 12793090.25813141092658, 155919.609702664223732 ], [ 12793152.118372444063425, 155937.281385474547278 ], [ 12793327.747133068740368, 155943.105135018267902 ], [ 12793423.35944371111691, 155955.14236919087125 ], [ 12793507.082832735031843, 155989.194048516685143 ], [ 12793545.187494436278939, 156018.179179973521968 ], [ 12793582.668766984716058, 156035.828598900348879 ], [ 12793790.134901976212859, 156090.758943180262577 ], [ 12793942.642604362219572, 156083.342844939004863 ], [ 12793987.036817291751504, 156069.53509502185625 ], [ 12794014.554995415732265, 156051.941350219247397 ], [ 12794062.745202979072928, 155976.477560818748316 ], [ 12794152.19041383266449, 155902.305485117278295 ], [ 12794177.860688410699368, 155846.963175439217594 ], [ 12794194.792382959276438, 155785.941889835172333 ], [ 12794211.82426505163312, 155611.029130447655916 ], [ 12794231.884037291631103, 155544.974762579193339 ], [ 12794258.166569067165256, 155499.687665993493283 ], [ 12794290.081867078319192, 155459.444848115090281 ], [ 12794333.240433659404516, 155428.655867391644279 ], [ 12794392.673909794539213, 155362.634951312851626 ], [ 12794502.112101191654801, 155293.518452683172654 ], [ 12794622.860352855175734, 155160.229558034392539 ], [ 12794697.321960248053074, 155054.578392099152552 ], [ 12794719.218504086136818, 155031.116445234423736 ], [ 12795135.909622024744749, 154745.920892338268459 ], [ 12795197.614015771076083, 154747.323930767946877 ], [ 12795278.877244047820568, 154736.066217864688952 ], [ 12795311.193292228505015, 154721.557019848609343 ], [ 12795370.192622346803546, 154669.455309242213843 ], [ 12795402.720177557319403, 154638.020578383526299 ], [ 12795423.381075048819184, 154599.648609495809069 ], [ 12795449.697002673521638, 154512.838453282049159 ], [ 12795467.229822473600507, 154481.392605912114959 ], [ 12795513.527598693966866, 154425.427024234784767 ], [ 12795538.541088275611401, 154412.242933504545363 ], [ 12795639.296359391883016, 154274.522673814557493 ], [ 12795705.598248107358813, 154205.996627024695044 ], [ 12795833.893961245194077, 154024.2590450628486 ], [ 12795942.719895446673036, 153931.224506280937931 ], [ 12795960.252715244889259, 153902.295281147991773 ], [ 12795993.403659604489803, 153865.827536501077702 ], [ 12796113.495126273483038, 153771.545912806148408 ], [ 12796157.288213949650526, 153726.916097219916992 ], [ 12796197.329834789037704, 153675.972641769854818 ], [ 12796232.350946594029665, 153647.689284943073289 ], [ 12796323.087463537231088, 153526.326994008035399 ], [ 12796375.663659039884806, 153447.723811286094133 ], [ 12796430.744543084874749, 153347.084156187484041 ], [ 12796458.952902050688863, 153255.87602198831155 ], [ 12796484.634308578446507, 153192.973494758014567 ], [ 12796534.806003076955676, 152985.369649711850798 ], [ 12796557.98272106051445, 152932.533361239999067 ], [ 12796583.007342590019107, 152897.947589895309648 ], [ 12796612.406820109114051, 152875.320970507862512 ], [ 12796708.063658548519015, 152840.790882325352868 ], [ 12796761.830972600728273, 152830.145683518057922 ], [ 12796814.952633608132601, 152826.415409978159005 ], [ 12796863.721702525392175, 152813.242533985176124 ], [ 12797011.732097484171391, 152766.007256196666276 ], [ 12797057.48440819978714, 152746.99956898362143 ], [ 12797138.836692072451115, 152694.553057696757605 ], [ 12797151.983523933216929, 152670.645914682012517 ], [ 12797158.896464312449098, 152617.174985901336186 ], [ 12797177.664930459111929, 152599.570336352655431 ], [ 12797210.793610919266939, 152593.935957931738812 ], [ 12797413.929417720064521, 152597.877795786829665 ], [ 12797493.945867700502276, 152577.188715265016071 ], [ 12797553.35707993619144, 152547.658340465393849 ], [ 12797620.271225852891803, 152504.932837916712742 ], [ 12797665.912217078730464, 152486.092196277168114 ], [ 12797723.4198660235852, 152476.705281346861739 ], [ 12797845.926965640857816, 152471.148851431004005 ], [ 12797890.94456771761179, 152463.00907154273591 ], [ 12797963.469215968623757, 152437.264653065241873 ], [ 12798023.470421506091952, 152429.770711648045108 ], [ 12798217.233127180486917, 152429.303036261990201 ], [ 12798256.005705825984478, 152414.860775338165695 ], [ 12798384.190099474042654, 152343.874346148193581 ], [ 12798447.352778548374772, 152303.019576867751312 ], [ 12798544.924312230199575, 152229.483234930230537 ], [ 12798627.456582704558969, 152198.716900416911812 ], [ 12798684.340842498466372, 152185.555190533894347 ], [ 12798744.987701082602143, 152162.950901806732873 ], [ 12798802.528745874762535, 152114.546552027924918 ], [ 12798823.401150397956371, 152084.593094049429055 ], [ 12798889.502664031460881, 152009.54243711248273 ], [ 12799004.662677258253098, 151824.009286172426073 ], [ 12799219.765329318121076, 151708.415806537057506 ], [ 12799327.956742417067289, 151634.256062580825528 ], [ 12799403.64286420866847, 151572.022022996941814 ], [ 12799424.303761702030897, 151532.392231468402315 ], [ 12799463.143132040277123, 151419.794215632573469 ], [ 12799488.190017469227314, 151364.441707545338431 ], [ 12799505.711705315858126, 151346.213575713423779 ], [ 12799550.729307394474745, 151322.963522977370303 ], [ 12799647.64405607804656, 151288.444770228583366 ], [ 12799682.030646784231067, 151270.216643548483262 ], [ 12799728.940680205821991, 151232.502130020409822 ], [ 12799787.750767190009356, 151162.083902791171568 ], [ 12799816.549119461327791, 151107.355011840729276 ], [ 12799857.225261393934488, 151044.464125049795257 ], [ 12800017.981738049536943, 150899.251706866489258 ], [ 12800073.641483446583152, 150861.537245282757794 ], [ 12800126.796540301293135, 150835.781845407211222 ], [ 12800251.830592358484864, 150791.842893924069358 ], [ 12800424.420330885797739, 150705.156463486346183 ], [ 12800511.316325398162007, 150678.799785530718509 ], [ 12800593.837463922798634, 150663.132762717898004 ], [ 12800686.967349922284484, 150660.05948756064754 ], [ 12800738.229975432157516, 150650.672636481554946 ], [ 12800818.257557364180684, 150621.164743755012751 ], [ 12800867.638883477076888, 150618.681626891484484 ], [ 12800926.393310718238354, 150621.87738716401509 ], [ 12800980.761750023812056, 150630.729754666856024 ], [ 12801178.264790587127209, 150637.188085858215345 ], [ 12801275.168407322838902, 150613.993769556604093 ], [ 12801315.187764262780547, 150592.625603780441452 ], [ 12801362.69892293214798, 150576.936315862840274 ], [ 12801402.707147926092148, 150575.08789733206504 ], [ 12801568.339418277144432, 150573.328559224231867 ], [ 12801634.596779195591807, 150580.310236466582865 ], [ 12801761.90174886956811, 150631.408992940065218 ], [ 12801809.412907538935542, 150644.503816377138719 ], [ 12801873.232371609658003, 150657.197778478235705 ], [ 12801935.805057385936379, 150649.492320710618515 ], [ 12801964.347374822944403, 150628.291177929553669 ], [ 12801974.199149759486318, 150582.92697359752492 ], [ 12801985.976751888170838, 150474.805643461120781 ], [ 12802011.669290360063314, 150385.046042708738241 ], [ 12802072.249357251450419, 150278.572777461697115 ], [ 12802127.909102648496628, 150207.642587396025192 ], [ 12802215.395090460777283, 150125.131981504586292 ], [ 12802246.453228393569589, 150107.048688778915675 ], [ 12802287.574648292735219, 150091.036513099097647 ], [ 12802337.423516269773245, 150079.478350713528926 ], [ 12802434.33826495334506, 150069.412282910168869 ], [ 12802474.580260876566172, 150071.372048293909756 ], [ 12802537.887655289843678, 150089.511013796465704 ], [ 12802579.599068492650986, 150091.192403539287625 ], [ 12802627.555505126714706, 150080.079642386175692 ], [ 12802786.308230945840478, 150024.515843452594709 ], [ 12802864.699416359886527, 150008.403457394160796 ], [ 12802964.976013669744134, 150019.093084527150495 ], [ 12803037.634245309978724, 150032.878250139474403 ], [ 12803175.82626117952168, 150061.305980791512411 ], [ 12803400.936535460874438, 150116.736166874761693 ], [ 12803453.557258758693933, 150118.417556786444038 ], [ 12803560.123407296836376, 150099.744107822974911 ], [ 12803623.263822473585606, 150076.393947154399939 ], [ 12803635.397646969184279, 150064.379249148652889 ], [ 12803660.945470107719302, 150028.646939133876003 ], [ 12803703.102161271497607, 149941.515352179150796 ], [ 12803787.15950877033174, 149798.341234645369695 ], [ 12803813.263929361477494, 149736.241238401154988 ], [ 12803829.672422302886844, 149715.474432710907422 ], [ 12803865.973708251491189, 149692.024089962535072 ], [ 12803902.709140211343765, 149658.4742916279356 ], [ 12803891.621718928217888, 149623.900076301855734 ], [ 12803847.349957440048456, 149552.825302208191715 ], [ 12803807.052301771938801, 149450.349830271326937 ], [ 12803765.975409671664238, 149382.415172159235226 ], [ 12803740.037968315184116, 149294.727042376209283 ], [ 12803677.186983814463019, 149151.163540446141269 ], [ 12803654.856293961405754, 149123.081089664250612 ], [ 12803637.490453397855163, 149089.319796594820218 ], [ 12803630.532985221594572, 149040.893727514630882 ], [ 12803638.748363642022014, 148986.655204144452 ], [ 12803660.600379684939981, 148944.531554440269247 ], [ 12803690.055516950786114, 148912.217831261310494 ], [ 12803886.768189130350947, 148794.766053625877248 ], [ 12803906.738905780017376, 148729.381468142382801 ], [ 12803919.529515272006392, 148702.935901988093974 ], [ 12803940.234940558671951, 148673.662055107794004 ], [ 12803961.541491094976664, 148658.941620545199839 ], [ 12803985.864799834787846, 148651.83750793064246 ], [ 12804021.720807818695903, 148654.365146723779617 ], [ 12804041.335302097722888, 148661.936928270268254 ], [ 12804058.122281307354569, 148682.915218237380031 ], [ 12804088.234203569591045, 148689.228748494526371 ], [ 12804141.879066182300448, 148669.297145533171715 ], [ 12804174.985482743009925, 148638.89867006870918 ], [ 12804173.115315299481153, 148584.248232558253221 ], [ 12804150.996132478117943, 148557.368416643526871 ], [ 12804123.143995881080627, 148540.777313688013237 ], [ 12804053.725161422044039, 148485.436527874058811 ], [ 12804014.106554647907615, 148431.309464270801982 ], [ 12803991.085683953016996, 148377.761429351026891 ], [ 12803982.50295121408999, 148338.377073473180644 ], [ 12803984.595757639035583, 148325.883648786752019 ], [ 12804003.52007107436657, 148296.732326731114881 ], [ 12804044.630359023809433, 148251.691424602584448 ], [ 12804148.213145207613707, 148194.491159797005821 ], [ 12804163.408255700021982, 148156.008761369826971 ], [ 12804160.89243520796299, 148043.17831117962487 ], [ 12804167.560472708195448, 148012.033863680815557 ], [ 12804190.113801542669535, 147966.191292211879045 ], [ 12804246.753158459439874, 147880.496770557540003 ], [ 12804298.249554898589849, 147756.665116129384842 ], [ 12804347.842388048768044, 147584.79742797272047 ], [ 12804375.282642526552081, 147465.96548752032686 ], [ 12804395.208831379190087, 147415.134561606333591 ], [ 12804429.829193014651537, 147366.385875186300837 ], [ 12804531.24124912917614, 147302.727541807369562 ], [ 12804590.262843148782849, 147234.236669855483342 ], [ 12804712.046366076916456, 147029.688353095407365 ], [ 12804813.925964049994946, 146869.39027869477286 ], [ 12804826.070920495316386, 146829.939328931242926 ], [ 12804834.041396034881473, 146687.980538656876888 ], [ 12804842.256774457171559, 146603.065855792287039 ], [ 12804852.453639812767506, 146549.88562704087235 ], [ 12804896.970304181799293, 146441.030986215104349 ], [ 12805015.948575941845775, 146240.736776921519777 ], [ 12805046.772942939773202, 146161.100160064408556 ], [ 12805056.335287200286984, 146113.197944288054714 ], [ 12805060.754670983180404, 146037.937366687692702 ], [ 12805048.309151913970709, 145915.008459864387987 ], [ 12805053.463244337588549, 145881.102806242153747 ], [ 12805098.40292277187109, 145775.911794777028263 ], [ 12805177.851643351837993, 145685.730604592361487 ], [ 12805220.075126208364964, 145647.081531999865547 ], [ 12805346.845762323588133, 145559.895657540095272 ], [ 12805391.796572705730796, 145537.225107666105032 ], [ 12805514.78234613314271, 145505.958458400215022 ], [ 12805526.682399701327085, 145490.057898789818864 ], [ 12805542.133545022457838, 145451.497932004451286 ], [ 12805575.885614631697536, 145401.691780058376025 ], [ 12805588.898863106966019, 145385.91370962766814 ], [ 12805630.933102827519178, 145361.906993021722883 ], [ 12805643.868427660316229, 145325.273371000221232 ], [ 12805643.812767915427685, 145269.699396105803316 ], [ 12805654.243404200300574, 145216.942545348923886 ], [ 12805675.483163045719266, 145167.682041917549213 ], [ 12805695.253504609689116, 145136.092523816885659 ], [ 12805723.528655270114541, 145107.576222377625527 ], [ 12805750.534763736650348, 145091.252561867178883 ], [ 12805795.229539290070534, 145075.09592473966768 ], [ 12805881.335165418684483, 145060.76540037515224 ], [ 12805900.515513682737947, 145020.0898756114766 ], [ 12805912.94990080408752, 144859.592529921297682 ], [ 12805927.655205538496375, 144788.463306843797909 ], [ 12805935.202667012810707, 144761.672937259398168 ], [ 12805956.33110636472702, 144720.808163966896245 ], [ 12806049.271749230101705, 144645.3586689925869 ], [ 12806139.607516009360552, 144561.947806055861292 ], [ 12806202.336049070581794, 144471.922893618815579 ], [ 12806287.573383171111345, 144365.975244413944893 ], [ 12806339.893543841317296, 144310.479402860539267 ], [ 12806388.195070898160338, 144284.746884531050455 ], [ 12806469.992632735520601, 144260.450757307204185 ], [ 12806507.251266300678253, 144238.170030194247374 ], [ 12806536.706403566524386, 144211.602408860548167 ], [ 12806567.99831242673099, 144167.141177245939616 ], [ 12806615.453811353072524, 144069.266364485258237 ], [ 12806646.322706148028374, 144033.367806851951173 ], [ 12806676.445760358124971, 144014.984273056092206 ], [ 12806765.011547233909369, 144007.869144306576345 ], [ 12806787.68732750788331, 143999.918906760896789 ], [ 12806845.996476788073778, 143964.042627509130398 ], [ 12806861.725920835509896, 143945.892928691348061 ], [ 12806876.653864551335573, 143908.769560628570616 ], [ 12806900.710006512701511, 143725.168187764793402 ], [ 12806939.827675575390458, 143594.212123331759358 ], [ 12806958.084072066470981, 143506.748515678336844 ], [ 12806973.835780011489987, 143254.078497241163859 ], [ 12806962.124969583004713, 143203.25947081123013 ], [ 12806879.548171311616898, 143040.747767838474829 ], [ 12806880.026845123618841, 142990.285091437079245 ], [ 12806929.152136407792568, 142922.875343056570273 ], [ 12807016.226242106407881, 142843.150586915027816 ], [ 12807027.347059238702059, 142803.599989915237529 ], [ 12807044.701767852529883, 142772.333643470075913 ], [ 12807022.716168420389295, 142614.732603233773261 ], [ 12807057.069363279268146, 142434.89560340179014 ], [ 12807051.681499924510717, 142386.604305232292973 ], [ 12807043.555177096277475, 142355.582968356960919 ], [ 12807010.315177146345377, 142309.507492880366044 ], [ 12806829.855150621384382, 142195.4100388015504 ], [ 12806622.93448113463819, 142073.284503543807659 ], [ 12806520.37583426758647, 141996.699972174683353 ], [ 12806487.269417705014348, 141961.904012010490987 ], [ 12806462.500831004232168, 141880.609530821966473 ], [ 12806467.977749949321151, 141852.717100113281049 ], [ 12806481.914950197562575, 141818.533565977675607 ], [ 12806511.303295766934752, 141784.350035914918408 ], [ 12806580.132136924192309, 141723.777276031760266 ], [ 12806659.792364537715912, 141622.796723673003726 ], [ 12806669.109805915504694, 141599.447272524266737 ], [ 12806684.58321513608098, 141548.973715794825694 ], [ 12806703.841487042605877, 141384.436440499295713 ], [ 12806708.850864129140973, 141277.66597362633911 ], [ 12806728.443094506859779, 141190.581654056382831 ], [ 12806743.137267293408513, 141150.051433746994007 ], [ 12806772.436557268723845, 141103.40828341624001 ], [ 12806802.971493594348431, 141081.339361730817473 ], [ 12806836.701299306005239, 141068.256121872080257 ], [ 12806896.980803567916155, 141057.410951579513494 ], [ 12806992.125572349876165, 141072.008506349608069 ], [ 12807047.596074612811208, 141072.108718398638302 ], [ 12807142.774239240214229, 141062.42155382008059 ], [ 12807204.222598161548376, 141050.396108588960487 ], [ 12807283.738110434263945, 141028.605557720526122 ], [ 12807373.32803662493825, 141013.996870476898039 ], [ 12807621.225410670042038, 140925.799163887277246 ], [ 12807647.686053631827235, 140910.110419256176101 ], [ 12807679.022490290924907, 140902.87288653413998 ], [ 12807744.62306621670723, 140900.300778795033693 ], [ 12807782.23792215436697, 140906.84796217593248 ], [ 12807867.018846342340112, 140957.421618396241684 ], [ 12808145.874170780181885, 141101.94964121436351 ], [ 12808288.919716447591782, 141167.087487193697598 ], [ 12808356.546307107433677, 141188.788971114554442 ], [ 12808496.753205759450793, 141220.533935914863832 ], [ 12808585.029561959207058, 141220.199895579600707 ], [ 12808678.092656262218952, 141194.367444156581769 ], [ 12808872.734785912558436, 141101.192483433085727 ], [ 12808905.418188411742449, 141088.69938032925711 ], [ 12808941.140613006427884, 141085.136285069020232 ], [ 12809005.038000723347068, 141099.054626179073239 ], [ 12809048.786560602486134, 141124.319200678612106 ], [ 12809068.579166067764163, 141144.740193760662805 ], [ 12809161.330565795302391, 141268.190361052867956 ], [ 12809181.034115666523576, 141276.875411343324231 ], [ 12809297.774865662679076, 141286.473505686910357 ], [ 12809366.637102665379643, 141299.278388429869665 ], [ 12809420.704979343339801, 141299.033425450325012 ], [ 12809481.541081063449383, 141291.428438506874954 ], [ 12809615.369372893124819, 141236.71262328454759 ], [ 12809740.38116105645895, 141206.136797815095633 ], [ 12809827.599982090294361, 141208.241251831204863 ], [ 12809891.274730825796723, 141202.67391319773742 ], [ 12810024.301522323861718, 141209.321315538574709 ], [ 12810157.962834918871522, 141185.615588294516783 ], [ 12810228.41694064065814, 141192.229586211498827 ], [ 12810322.94945222325623, 141212.516967974748695 ], [ 12810367.677623623982072, 141231.1118800661352 ], [ 12810436.32835359685123, 141225.533406312693842 ], [ 12810488.592854522168636, 141198.153234306490049 ], [ 12810540.033591220155358, 141150.162780498299981 ], [ 12810572.928500747308135, 141131.901913862471702 ], [ 12810628.443530809134245, 141113.952819247700972 ], [ 12810772.246049012988806, 141083.399276145588374 ], [ 12810819.27853387221694, 141066.029187487176387 ], [ 12810873.869612159207463, 141034.028142274386482 ], [ 12811056.099618587642908, 140907.939159420522628 ], [ 12811273.272813176736236, 140672.207246319128899 ], [ 12811510.617099497467279, 140469.72358508137404 ], [ 12811614.478184407576919, 140332.322050109971315 ], [ 12811696.075371159240603, 140215.185622770397458 ], [ 12811734.903609547764063, 140172.272726720373612 ], [ 12811797.164600748568773, 140124.694424634391908 ], [ 12811957.486931387335062, 140051.439665847166907 ], [ 12812037.035839509218931, 139968.598009218549123 ], [ 12812100.443421464413404, 139852.586325722164474 ], [ 12812121.761103952303529, 139825.473514529789099 ], [ 12812147.141947852447629, 139805.542537892790278 ], [ 12812238.056575983762741, 139773.107381624460686 ], [ 12812266.888324098661542, 139751.751177033118438 ], [ 12812291.745966391637921, 139709.896138271666132 ], [ 12812328.225363526493311, 139666.036874260142213 ], [ 12812372.675236199051142, 139537.866313458041986 ], [ 12812445.099696910008788, 139432.655372243287275 ], [ 12812468.63263726234436, 139381.647731998207746 ], [ 12812481.323059214279056, 139331.653349750005873 ], [ 12812489.58296543173492, 139316.788652001996525 ], [ 12812509.375570891425014, 139287.448969903198304 ], [ 12812601.492449523881078, 139196.21204181711073 ], [ 12812637.136950477957726, 139152.185836035612738 ], [ 12812665.334177495911717, 139090.81193554730271 ], [ 12812693.052730701863766, 139003.73940651115845 ], [ 12812706.58918078429997, 138939.091967565385858 ], [ 12812744.371015956625342, 138806.434487687132787 ], [ 12812788.67617329582572, 138688.185215123638045 ], [ 12812826.758571092039347, 138538.391737052152166 ], [ 12812818.164706407114863, 138166.241066485992633 ], [ 12812769.863179350271821, 137904.423113410040969 ], [ 12812717.87697714753449, 137732.951074792887084 ], [ 12812660.180085072293878, 137589.872209660650697 ], [ 12812623.522576754912734, 137326.35118446679553 ], [ 12812423.859938066452742, 136985.579107193771051 ], [ 12812191.01295917481184, 136492.687867779197404 ], [ 12812098.272691393271089, 136157.083146568766097 ], [ 12812060.201425544917583, 135779.847009941004217 ], [ 12812088.176013579592109, 135413.935091848950833 ], [ 12812171.843742858618498, 134924.63173053090577 ], [ 12812246.56138507835567, 134736.994206744973781 ], [ 12812370.059228166937828, 134493.885093717020936 ], [ 12812363.324398972094059, 134373.67787526306347 ], [ 12812374.411820255219936, 134332.914767653070157 ], [ 12812454.272422950714827, 134246.211065884999698 ], [ 12812554.426568817347288, 134153.65068837889703 ], [ 12812584.059817265719175, 134106.785953702725237 ], [ 12812591.618410693481565, 134074.84133352644858 ], [ 12812599.510962588712573, 133939.391282187425531 ], [ 12812632.472663814201951, 133858.867285228479886 ], [ 12812648.124184217303991, 133770.894397558324272 ], [ 12812672.09127058647573, 133682.966072910756338 ], [ 12812691.371806394308805, 133636.424308212241158 ], [ 12812731.446823075413704, 133562.99299775424879 ], [ 12812784.112074172124267, 133501.965412645513425 ], [ 12813029.237592898309231, 133458.986679143825313 ], [ 12813092.912341631948948, 133416.898702467617113 ], [ 12813117.402629606425762, 133367.907414181419881 ], [ 12813187.979186769574881, 133315.019100430799881 ], [ 12813296.627009784802794, 133288.519275093189208 ], [ 12813520.04522780328989, 133262.130795845529065 ], [ 12813779.419641353189945, 133181.851934181322576 ], [ 12813855.00557560287416, 133129.854402586061042 ], [ 12813916.787892993539572, 133068.169976148754358 ], [ 12814034.34127527102828, 132982.880699442466721 ], [ 12814160.688897321000695, 132915.295088442304404 ], [ 12814299.615621833130717, 132874.431966789939906 ], [ 12814580.586016593500972, 132844.146495950437384 ], [ 12814608.527208782732487, 132835.461692365148338 ], [ 12814652.275768663734198, 132812.970279096713057 ], [ 12814684.001823540776968, 132788.920056834584102 ], [ 12814723.965520735830069, 132746.27545440904214 ], [ 12814760.255674734711647, 132689.490222791646374 ], [ 12814797.436384657397866, 132600.638057948177448 ], [ 12814817.585212491452694, 132539.51045572196017 ], [ 12814832.724663238972425, 132445.647877089766553 ], [ 12814835.062372546643019, 132371.270433013793081 ], [ 12814831.50014884211123, 132337.087990950152744 ], [ 12814816.360698092728853, 132283.420451142766979 ], [ 12814791.202493174001575, 132235.988151971803745 ], [ 12814672.647235481068492, 132089.571593835542444 ], [ 12814646.153196671977639, 132046.370371731871273 ], [ 12814637.470276389271021, 132009.181695700186538 ], [ 12814631.570343377068639, 131894.943455469037872 ], [ 12814619.43651887960732, 131827.580770290165674 ], [ 12814597.617898683995008, 131771.575110996345757 ], [ 12814504.554804382845759, 131575.277025493269321 ], [ 12814501.860872704535723, 131557.183759565057699 ], [ 12814495.64924511872232, 131541.194880524330074 ], [ 12814517.879747431725264, 131529.303430631611263 ], [ 12814559.335125800222158, 131536.228975363686914 ], [ 12814657.107034565880895, 131540.927656926214695 ], [ 12814751.361247420310974, 131551.928361906175269 ], [ 12814829.496398007497191, 131599.661182480514981 ], [ 12814932.689565973356366, 131676.599334259313764 ], [ 12815044.009056767448783, 131727.149157867359463 ], [ 12815175.700014375150204, 131808.541071855433984 ], [ 12815183.381059240549803, 131816.112413782364456 ], [ 12815190.060228688642383, 131837.378978129534516 ], [ 12815183.158420257270336, 131869.891215461713728 ], [ 12815160.226605154573917, 131909.640770553553011 ], [ 12815163.454870386049151, 131956.516302888776409 ], [ 12815198.965787950903177, 132017.198415902385022 ], [ 12815236.703095328062773, 132051.158135738660349 ], [ 12815278.44790437631309, 132074.540240096772322 ], [ 12815319.747435461729765, 132091.130400931899203 ], [ 12815452.662907468155026, 132110.392803559545428 ], [ 12815516.671614674851298, 132115.625942053797189 ], [ 12815619.308185184374452, 132110.726833673543297 ], [ 12815656.043617147952318, 132115.069225188461132 ], [ 12815667.843483170494437, 132118.298183021310251 ], [ 12815717.269337082281709, 132155.375528838776518 ], [ 12815783.83839257620275, 132186.440335529099684 ], [ 12815946.253529645502567, 132233.204566566913854 ], [ 12816154.198338449001312, 132310.365563319297507 ], [ 12816254.385880159214139, 132338.53545584648964 ], [ 12816299.804232403635979, 132342.32113329981803 ], [ 12816401.884205462411046, 132328.514545165555319 ], [ 12816675.28487485088408, 132241.332636019884376 ], [ 12816804.192845188081264, 132214.164843072445365 ], [ 12816855.288491463288665, 132211.381257864908548 ], [ 12816919.297198669984937, 132198.465422831504839 ], [ 12816951.46853150986135, 132183.879437367984792 ], [ 12816979.743682170286775, 132129.543864013743587 ], [ 12816999.892510004341602, 132101.819364090944873 ], [ 12817045.199542757123709, 132086.565323029091815 ], [ 12817148.170071739703417, 132086.676666391751496 ], [ 12817217.299475520849228, 132102.487424300721614 ], [ 12817250.47268377803266, 132105.38235189311672 ], [ 12817397.080453151836991, 132112.50832762097707 ], [ 12817563.391772400587797, 132127.762369967793347 ], [ 12817632.743815161287785, 132124.64475541212596 ], [ 12817916.719836177304387, 132145.243280739610782 ], [ 12817950.004363926127553, 132156.93433626825572 ], [ 12818238.655803551897407, 132299.787936356995488 ], [ 12818266.708315232768655, 132307.359290356165729 ], [ 12818386.599406814202666, 132318.382291364716366 ], [ 12818528.643077068030834, 132303.239583009941271 ], [ 12818614.581723960116506, 132306.245855932793347 ], [ 12818672.690498154610395, 132312.035714978177566 ], [ 12818761.412132317200303, 132334.52709153489559 ], [ 12818828.426465775817633, 132362.362955888354918 ], [ 12819037.48446948453784, 132495.307078818092123 ], [ 12819105.834636829793453, 132520.582056772400392 ], [ 12819148.470001805573702, 132526.371919856639579 ], [ 12819245.985875740647316, 132499.983506300370209 ], [ 12819300.421106738969684, 132470.588820451957872 ], [ 12819349.5130021777004, 132453.664608663879335 ], [ 12819381.239057054743171, 132454.555356629483867 ], [ 12819407.844415351748466, 132473.149721001100261 ], [ 12819421.648032210767269, 132507.109491172188427 ], [ 12819422.093310175463557, 132538.062989878671942 ], [ 12819404.727469611912966, 132571.688736614829395 ], [ 12819400.831287432461977, 132590.505795170873171 ], [ 12819412.185875492170453, 132616.894216509768739 ], [ 12819517.939391747117043, 132700.624581103329547 ], [ 12819576.82740237750113, 132731.578099334437866 ], [ 12819630.706035923212767, 132748.168295644107275 ], [ 12819682.24696015752852, 132757.632501994870836 ], [ 12819730.114341201260686, 132760.193404940015171 ], [ 12819803.919163594022393, 132749.393075273052091 ], [ 12819892.195519793778658, 132747.500234030419961 ], [ 12819930.378105135634542, 132737.590653597930213 ], [ 12819984.034099698066711, 132704.410263021418359 ], [ 12820026.892103653401136, 132688.488130563433515 ], [ 12820145.113402875140309, 132664.77194878476439 ], [ 12820185.377662697806954, 132656.198493851319654 ], [ 12820210.713978800922632, 132652.223528463509865 ], [ 12820286.945566097274423, 132680.78315487364307 ], [ 12820402.339350253343582, 132767.453008187760133 ], [ 12820575.808512754738331, 132880.85649536413257 ], [ 12820679.346771143376827, 132928.912418749619974 ], [ 12820750.557849403470755, 132938.899945942248451 ], [ 12820858.370776236057281, 132951.381571799516678 ], [ 12820906.750226935371757, 132952.595217873487854 ], [ 12820978.551298497244716, 132968.428289113915525 ], [ 12821020.652329914271832, 133004.358897563186474 ], [ 12821061.462055239826441, 133062.112877906125505 ], [ 12821083.347467130050063, 133097.843078648409573 ], [ 12821183.056335031986237, 133156.576901658234419 ], [ 12821224.578505100682378, 133163.257526791479904 ], [ 12821297.826730040833354, 133160.585276720667025 ], [ 12821534.046689506620169, 133118.942716136749368 ], [ 12821740.288310099393129, 133112.662929418089334 ], [ 12821781.732556520029902, 133120.278840987186413 ], [ 12821839.730011222884059, 133141.990870625071693 ], [ 12821944.704291040077806, 133206.570249948854325 ], [ 12822003.48098217882216, 133231.177223938546376 ], [ 12822052.906836090609431, 133228.504973273578798 ], [ 12822085.412127403542399, 133218.818064809020143 ], [ 12822118.807974640280008, 133190.202716311468976 ], [ 12822154.986809151247144, 133144.885808026621817 ], [ 12822181.926125921308994, 133085.87362795023364 ], [ 12822255.730948317795992, 132958.941807512834202 ], [ 12822306.381316626444459, 132893.026356620393926 ], [ 12822417.032890476286411, 132779.010475062794285 ], [ 12822452.098530076444149, 132734.250345659238519 ], [ 12822560.857672581449151, 132657.200585974060232 ], [ 12822594.587478291243315, 132639.162928266217932 ], [ 12822635.553050903603435, 132621.459302288130857 ], [ 12822697.891965748742223, 132610.102259745704941 ], [ 12822734.404758729040623, 132596.072972479596501 ], [ 12822755.332822998985648, 132572.690828461549245 ], [ 12822803.311523526906967, 132539.733142775367014 ], [ 12822853.96189184114337, 132471.590911968640285 ], [ 12822934.22324470244348, 132390.532853180309758 ], [ 12823114.56081978790462, 132224.519780265371082 ], [ 12823176.343137178570032, 132175.417339247913333 ], [ 12823277.643873797729611, 132123.19729152196669 ], [ 12823351.337376706302166, 132098.701749797939556 ], [ 12823509.967651084065437, 132055.945899819897022 ], [ 12823569.412259168922901, 132027.553346472297562 ], [ 12823784.926793344318867, 132008.624979027197696 ], [ 12823871.310718201100826, 131988.805866124603199 ], [ 12823931.423243228346109, 131964.310335084330291 ], [ 12823980.069860706105828, 131928.791818532801699 ], [ 12824006.229941040277481, 131895.945545111666434 ], [ 12824053.429405139759183, 131777.698989748430904 ], [ 12824106.64012173563242, 131681.609778961370466 ], [ 12824118.551307249814272, 131671.700232851522742 ], [ 12824165.528132366016507, 131650.656366323935799 ], [ 12824216.846417620778084, 131619.034897622244898 ], [ 12824396.961353726685047, 131556.348685778590152 ], [ 12824446.721166109666228, 131531.519159556366503 ], [ 12824492.362157335504889, 131497.336810573760886 ], [ 12824568.282050058245659, 131407.928273923054803 ], [ 12824718.118084663525224, 131273.425816607108572 ], [ 12824794.928533310070634, 131227.99784752423875 ], [ 12824847.137374492362142, 131206.842668115190463 ], [ 12824946.323040790855885, 131152.729952614579815 ], [ 12825004.988412437960505, 131113.203180797019741 ], [ 12825089.925183914601803, 131045.952008767068037 ], [ 12825155.82632246427238, 131018.67297790820885 ], [ 12825228.740588933229446, 131009.542853829480009 ], [ 12825364.884326174855232, 130979.257566124186269 ], [ 12825402.176355589181185, 130980.482338731482741 ], [ 12825432.121298613026738, 130987.830974476441042 ], [ 12825548.550354031845927, 130987.040439410629915 ], [ 12825671.291224583983421, 130929.576339525665389 ], [ 12825838.882717970758677, 130918.018941917514894 ], [ 12826010.537372773513198, 130899.536014073324623 ], [ 12826144.120761726051569, 130897.865870045177871 ], [ 12826255.885530482977629, 130903.210330966860056 ], [ 12826446.909776685759425, 130929.264579276234144 ], [ 12826548.878430251032114, 130932.827553573835758 ], [ 12826667.990285400301218, 130964.448952254984761 ], [ 12826819.384792877361178, 130953.203313622856513 ], [ 12826882.391624668613076, 130937.50395740136446 ], [ 12826970.667980866506696, 130929.153236330108484 ], [ 12827103.583452874794602, 130949.194967278090189 ], [ 12827153.899862714111805, 130929.598608114902163 ], [ 12827235.16309099085629, 130873.259082403645152 ], [ 12827262.659005215391517, 130845.534695041395025 ], [ 12827324.99792006239295, 130763.697662423815927 ], [ 12827375.759607864543796, 130674.623365671199281 ], [ 12827409.823372045531869, 130637.880225685585174 ], [ 12827453.683251418173313, 130603.141260958553175 ], [ 12827485.186667313799262, 130585.215065932046855 ], [ 12827539.065300857648253, 130565.173358427928179 ], [ 12827580.476151432842016, 130560.162931753249723 ], [ 12827614.094637650996447, 130562.167102413470275 ], [ 12827655.505488226190209, 130571.965270271030022 ], [ 12827710.05203871615231, 130595.235920167557197 ], [ 12827784.97005601786077, 130648.680481534494902 ], [ 12827871.020022401586175, 130725.5070545693452 ], [ 12827964.305755686014891, 130788.861155875172699 ], [ 12828025.197517151013017, 130825.715656594868051 ], [ 12828149.764027347788215, 130878.714885830369894 ], [ 12828241.379968270659447, 130933.384268311463529 ], [ 12828289.024710331112146, 130979.480252052409924 ], [ 12828345.352372672408819, 131053.300646061295993 ], [ 12828412.811984093859792, 131127.121057623182423 ], [ 12828427.728795859962702, 131149.278318818600383 ], [ 12828479.492359079420567, 131178.784221862297272 ], [ 12828530.921963823959231, 131197.044480246346211 ], [ 12828543.612385777756572, 131209.069529037660686 ], [ 12828602.277757421135902, 131377.197574885300128 ], [ 12828635.45096568018198, 131423.293624585669022 ], [ 12828696.899324595928192, 131464.267896747944178 ], [ 12828746.213859019801021, 131472.507289087836398 ], [ 12828905.95732830837369, 131461.484318304341286 ], [ 12829006.812786966562271, 131480.301309070666321 ], [ 12829117.130402343347669, 131512.256793052802095 ], [ 12829152.975278377532959, 131518.157980351359583 ], [ 12829213.644400859251618, 131519.939470878656721 ], [ 12829292.347280850633979, 131492.660398303065449 ], [ 12829354.240917732939124, 131460.927602618612582 ], [ 12829509.642926879227161, 131344.462703177588992 ], [ 12829536.281681025400758, 131339.708353050547885 ], [ 12829559.970468668267131, 131326.870494641305413 ], [ 12829583.458881225436926, 131303.733401644189144 ], [ 12829601.748673561960459, 131272.702086655335734 ], [ 12829628.576670842245221, 131225.013853709620889 ], [ 12829685.327347250655293, 131076.983301070402376 ], [ 12829694.399885749444366, 130994.544955468081753 ], [ 12829695.379497267305851, 130823.121366824270808 ], [ 12829689.501828152686357, 130735.928747676342027 ], [ 12829727.383850870653987, 130685.824457086724578 ], [ 12829798.116255322471261, 130649.03677864104975 ], [ 12829932.334165370091796, 130585.894257153384387 ], [ 12830004.86994557082653, 130536.246496203049901 ], [ 12830049.21963070333004, 130497.176308183275978 ], [ 12830098.17794275470078, 130431.127771202547592 ], [ 12830144.164024401456118, 130385.688790884290938 ], [ 12830224.013495147228241, 130338.624213247385342 ], [ 12830296.471351705491543, 130296.826153322908795 ], [ 12830371.088806383311749, 130259.826969624453341 ], [ 12830456.014445908367634, 130241.477692064261646 ], [ 12830566.409984929487109, 130209.633681380902999 ], [ 12830632.266595680266619, 130184.570443086922751 ], [ 12830708.275543995201588, 130165.831470589051605 ], [ 12830831.61753979511559, 130165.530845370944007 ], [ 12830963.631323928013444, 130178.312984528325615 ], [ 12831103.092381991446018, 130164.406284372496884 ], [ 12831164.318101927638054, 130144.498215090177837 ], [ 12831199.03865110874176, 130103.446176897865371 ], [ 12831221.33594511449337, 130071.390629260073183 ], [ 12831228.34907303377986, 130001.467459286737721 ], [ 12831234.616360362619162, 129962.65342613721441 ], [ 12831239.981959819793701, 129942.077314130234299 ], [ 12831286.146152650937438, 129896.571599358023377 ], [ 12831314.232060180976987, 129872.911302511041868 ], [ 12831307.463835138827562, 129841.145269130764063 ], [ 12831288.561785602942109, 129814.979769115627278 ], [ 12831252.215971859171987, 129763.194354035847937 ], [ 12831234.326929690316319, 129704.082610316225328 ], [ 12831235.818610865622759, 129651.228325638003298 ], [ 12831241.818731417879462, 129621.666895810121787 ], [ 12831282.472609458491206, 129562.332493833950139 ], [ 12831315.489970425143838, 129519.510187044521444 ], [ 12831332.254685740917921, 129474.772796326782554 ], [ 12831357.334967015311122, 129437.150192189204972 ], [ 12831407.239494739100337, 129399.872753998730332 ], [ 12831463.266594452783465, 129393.192209987159004 ], [ 12831542.826634524390101, 129382.180446917918744 ], [ 12831643.069835985079408, 129376.791475040721707 ], [ 12831706.165723364800215, 129354.467325995938154 ], [ 12831839.337230201810598, 129306.21153990845778 ], [ 12831916.203338593244553, 129285.490725864918204 ], [ 12832022.468924503773451, 129296.279800819960656 ], [ 12832055.519681321457028, 129300.644421546676313 ], [ 12832091.331161510199308, 129289.109352614614181 ], [ 12832124.727008746936917, 129281.54920631411369 ], [ 12832144.374898873269558, 129272.218716726871207 ], [ 12832181.8450394757092, 129229.140362063539214 ], [ 12832183.314456753432751, 129220.021424471269711 ], [ 12832197.875046148896217, 129175.406552902932162 ], [ 12832201.125575279816985, 129132.873788786833757 ], [ 12832193.377738719806075, 129075.231881764309946 ], [ 12832189.16986196860671, 129005.186457071438781 ], [ 12832182.824650993570685, 128962.698252821341157 ], [ 12832174.041543168947101, 128914.431392514074105 ], [ 12832167.841047530993819, 128887.798332270860556 ], [ 12832126.318877466022968, 128847.269766646772041 ], [ 12832022.235153576359153, 128765.321913583218702 ], [ 12832014.108830748125911, 128752.740247807785636 ], [ 12831999.192018982023001, 128675.35744719322247 ], [ 12832010.880565514788032, 128507.676220467139501 ], [ 12832031.808629782870412, 128480.286068367349799 ], [ 12832046.502802565693855, 128472.71480722927663 ], [ 12832076.447745591402054, 128472.492123080868623 ], [ 12832106.247973276302218, 128491.932449824307696 ], [ 12832242.380578568205237, 128438.443718635753612 ], [ 12832274.162293190136552, 128400.097514741108171 ], [ 12832288.990049364045262, 128372.395614233930246 ], [ 12832305.96627170778811, 128306.336389394651633 ], [ 12832339.952112248167396, 128127.343015334612573 ], [ 12832359.099064663052559, 127961.109523048056872 ], [ 12832346.430906610563397, 127912.085690582927782 ], [ 12832297.762025237083435, 127875.821643130810116 ], [ 12832244.863003212958574, 127824.648926155336085 ], [ 12832236.413853859528899, 127796.93594165405375 ], [ 12832240.087397055700421, 127732.502426948645734 ], [ 12832259.189821677282453, 127673.99230867838196 ], [ 12832339.595889875665307, 127532.766408086186857 ], [ 12832373.726445753127337, 127440.909481705864891 ], [ 12832392.494911903515458, 127404.734561226083315 ], [ 12832438.792688123881817, 127344.342828687600559 ], [ 12832447.364288914948702, 127311.274351658896194 ], [ 12832523.150598246604204, 127234.147987722870312 ], [ 12832571.329673860222101, 127169.358293461133144 ], [ 12832644.845065580680966, 127037.296027218428208 ], [ 12832639.969271883368492, 126985.455395311189932 ], [ 12832644.978648969903588, 126974.13195943228493 ], [ 12832658.737738033756614, 126956.517726638208842 ], [ 12832705.90380628220737, 126922.970521093040588 ], [ 12832717.759332051500678, 126895.068334223411512 ], [ 12832723.403230233117938, 126868.012345283976174 ], [ 12832720.931937539950013, 126818.921875706771971 ], [ 12832698.467664295807481, 126755.357021632808028 ], [ 12832681.636157287284732, 126674.790340810301132 ], [ 12832679.164864594116807, 126621.624804487524671 ], [ 12832649.898970464244485, 126580.506417716183932 ], [ 12832658.036425238475204, 126558.483086807769723 ], [ 12832693.00187729857862, 126536.025525953838951 ], [ 12832744.899023905396461, 126463.386405801138608 ], [ 12832775.745654806494713, 126432.93454164051218 ], [ 12832894.87977385148406, 126345.264364529022714 ], [ 12832923.511146882548928, 126314.289207329784404 ], [ 12832978.736746268346906, 126283.224980060520465 ], [ 12833014.537094505503774, 126286.620890064208652 ], [ 12833117.507623491808772, 126350.96504080115119 ], [ 12833153.140992492437363, 126351.610820541493013 ], [ 12833183.01914381980896, 126336.334789789994829 ], [ 12833211.372218124568462, 126307.219033476518234 ], [ 12833229.87351749651134, 126273.760968763701385 ], [ 12833240.983202679082751, 126241.549930044886423 ], [ 12833245.925788069143891, 126206.221338566931081 ], [ 12833271.195312477648258, 126182.071414883772377 ], [ 12833318.016290307044983, 126178.998395679023815 ], [ 12833359.282425543293357, 126183.362973688737839 ], [ 12833399.301782485097647, 126201.355724475099123 ], [ 12833433.833088528364897, 126239.200628694961779 ], [ 12833467.718741526827216, 126296.263047843516688 ], [ 12833494.19051643460989, 126361.987833097969997 ], [ 12833515.741969853639603, 126376.874170364390011 ], [ 12833545.920683806762099, 126376.896438633091748 ], [ 12833577.59107893705368, 126368.067070223100018 ], [ 12833611.521259730681777, 126349.562139990433934 ], [ 12833640.130368866026402, 126317.763056587005849 ], [ 12833651.707595907151699, 126282.857553734414978 ], [ 12833658.498084846884012, 126184.342776923513156 ], [ 12833666.023282423615456, 126140.374109692973434 ], [ 12833687.853034568950534, 126087.509282983810408 ], [ 12833729.686899207532406, 126037.249849615458515 ], [ 12833764.574427623301744, 126019.001023175718728 ], [ 12833788.942264158278704, 126015.649652477339259 ], [ 12833830.241795241832733, 126026.327275521165575 ], [ 12833880.881031602621078, 126098.287115527346032 ], [ 12833895.964822607114911, 126135.241277570850798 ], [ 12833904.347180265933275, 126235.303683365622419 ], [ 12833913.942920370027423, 126280.274435332335997 ], [ 12833923.649979967623949, 126304.357561583165079 ], [ 12833948.596677852794528, 126314.433951048107701 ], [ 12833997.811024732887745, 126319.099152465132647 ], [ 12834021.811506949365139, 126305.90520591144741 ], [ 12834131.505733177065849, 126218.524550728572649 ], [ 12834203.306804738938808, 126169.590058078363654 ], [ 12834271.812819370999932, 126103.230666938368813 ], [ 12834337.012645129114389, 126064.261232194141485 ], [ 12834358.463911006227136, 126065.931350729515543 ], [ 12834388.152819199487567, 126075.90752562751004 ], [ 12834411.251613538712263, 126090.860654428295675 ], [ 12834449.645705915987492, 126126.601195918454323 ], [ 12834472.833555847406387, 126130.253189166003722 ], [ 12834494.062182741239667, 126127.503060100760194 ], [ 12834627.022182546555996, 126026.137995443263208 ], [ 12834667.208518719300628, 126017.008015347571927 ], [ 12834810.465571422129869, 126001.041684922660352 ], [ 12834847.490434059873223, 126002.166231182025513 ], [ 12834916.708893435075879, 126016.596052837165189 ], [ 12834941.176917511969805, 126040.456476942621521 ], [ 12835017.809254972264171, 126171.750078757715528 ], [ 12835060.121793422847986, 126208.359091234611697 ], [ 12835110.371411569416523, 126240.135895581057412 ], [ 12835160.364994883537292, 126254.632532661998994 ], [ 12835178.409884341061115, 126255.478726551664295 ], [ 12835184.643775826320052, 126262.604569921444636 ], [ 12835212.651759708300233, 126255.423055901002954 ], [ 12835285.465838637202978, 126272.146519805595744 ], [ 12835346.413259845227003, 126271.868166537751677 ], [ 12835404.878256410360336, 126242.952830385198467 ], [ 12835508.661417676135898, 126208.715383347254829 ], [ 12835621.1720270216465, 126075.551233661550214 ], [ 12835676.831772420555353, 126027.763577292309492 ], [ 12835726.235362434759736, 125997.578973198294989 ], [ 12835756.247097151353955, 125987.535995995553094 ], [ 12835803.123734725639224, 125986.934753467779956 ], [ 12835954.996916012838483, 126025.403143377290689 ], [ 12836020.886922614648938, 126027.963991493394133 ], [ 12836040.6350002810359, 126027.975125615688739 ], [ 12836083.771302962675691, 126017.308636639310862 ], [ 12836113.170780481770635, 125999.070945447965642 ], [ 12836158.822903657332063, 125954.411988033767557 ], [ 12836215.139434048905969, 125863.824802427494433 ], [ 12836288.309735346585512, 125793.390388291503768 ], [ 12836321.471811655908823, 125744.956995122585795 ], [ 12836399.061496736481786, 125598.365302632359089 ], [ 12836421.715013112872839, 125475.377974557224661 ], [ 12836436.097491323947906, 125430.919503239303594 ], [ 12836458.216674145311117, 125406.480150827992475 ], [ 12836501.319580979645252, 125380.938524352837703 ], [ 12836556.578576209023595, 125362.066225349946762 ], [ 12836607.407055705785751, 125353.203482362077921 ], [ 12836699.145448068156838, 125311.016383693378884 ], [ 12836727.88814059086144, 125293.24636435895809 ], [ 12836800.824670957401395, 125270.8668301145226 ], [ 12836837.281804192811251, 125267.73814908186614 ], [ 12836869.319553643465042, 125278.872245420847321 ], [ 12836959.02079932577908, 125333.418188901807298 ], [ 12837002.090310314670205, 125365.673673570039682 ], [ 12837051.850122697651386, 125419.106221502166591 ], [ 12837087.205192973837256, 125438.023060230858391 ], [ 12837120.345005383715034, 125445.828065819470794 ], [ 12837154.598012700676918, 125438.067596638822579 ], [ 12837188.873283917084336, 125418.070750079146819 ], [ 12837219.964817695319653, 125408.11686366541835 ], [ 12837253.115762051194906, 125402.572081433187122 ], [ 12837315.710711725056171, 125403.429407193834777 ], [ 12837339.588742500171065, 125414.908665324037429 ], [ 12837362.92130777053535, 125433.491480752738426 ], [ 12837384.060879070311785, 125439.581834513170179 ], [ 12837445.776404768228531, 125426.677410501884879 ], [ 12837477.49132769741118, 125427.557004529502592 ], [ 12837529.755828622728586, 125454.323385953248362 ], [ 12837553.745178887620568, 125486.24485953283147 ], [ 12837571.734408602118492, 125487.98177970618417 ], [ 12837597.460342923179269, 125476.780871572511387 ], [ 12837633.472198195755482, 125441.452363661795971 ], [ 12837713.978453937917948, 125390.636325624276651 ], [ 12837764.261467926204205, 125370.5615432903287 ], [ 12837791.100597158074379, 125366.820485821255716 ], [ 12837821.902700262144208, 125384.323290779720992 ], [ 12837877.506785912439227, 125455.503600825599278 ], [ 12837930.305620394647121, 125499.928673201633501 ], [ 12837998.77823918312788, 125525.926807353083859 ], [ 12838048.081641655415297, 125532.629538637309452 ], [ 12838123.745499547570944, 125527.541252583265305 ], [ 12838204.663637401536107, 125495.274617714865599 ], [ 12838283.822927305474877, 125435.940983165506623 ], [ 12838347.909558154642582, 125339.831429643716547 ], [ 12838375.906410090625286, 125314.57929495513963 ], [ 12838403.892130076885223, 125310.25926505526877 ], [ 12838427.569785768166184, 125313.165264543466037 ], [ 12838513.007494952529669, 125333.418188901807298 ], [ 12838594.838452635332942, 125370.238654399916413 ], [ 12838636.449678294360638, 125373.155788524862146 ], [ 12838685.964587796479464, 125368.84689194499515 ], [ 12838726.874500665813684, 125347.213337112858426 ], [ 12838829.511071173474193, 125277.970383603184018 ], [ 12838853.622872879728675, 125270.221052532389876 ], [ 12838884.536295475438237, 125268.684547255834332 ], [ 12838902.403073748573661, 125274.429740935811424 ], [ 12838922.89699200168252, 125289.650051040574908 ], [ 12838942.05507637001574, 125305.961503407772398 ], [ 12838959.599028116092086, 125329.632595467774081 ], [ 12838973.013026759028435, 125394.321712865421432 ], [ 12838967.235545186325908, 125448.823139340573107 ], [ 12838972.31171396560967, 125458.376199306439958 ], [ 12838987.017018700018525, 125460.736629084974993 ], [ 12839001.44402470625937, 125449.468917278092704 ], [ 12839088.429074812680483, 125278.972452289614012 ], [ 12839135.20552484318614, 125210.308486226480454 ], [ 12839164.660662105306983, 125171.083074798181769 ], [ 12839193.381090730428696, 125142.958357511117356 ], [ 12839234.613830121234059, 125126.691449692036258 ], [ 12839274.366020284593105, 125113.386210842058063 ], [ 12839338.831137401983142, 125111.259599494733266 ], [ 12839388.32378301024437, 125126.234951948426897 ], [ 12839433.697607453912497, 125153.658219976903638 ], [ 12839498.084800930693746, 125214.327894250207464 ], [ 12839517.053642163053155, 125245.057996019968414 ], [ 12839541.39921479858458, 125262.649867182059097 ], [ 12839585.615316541865468, 125269.085374718619278 ], [ 12839631.968752508983016, 125263.941422317555407 ], [ 12839691.246381357312202, 125238.655891244939994 ], [ 12839777.908604936674237, 125180.05715374785359 ], [ 12839940.924867255613208, 125094.647536464384757 ], [ 12840089.15790119767189, 125004.149663755510119 ], [ 12840123.577887749299407, 124977.528062536410289 ], [ 12840168.573225926607847, 124966.895010378502775 ], [ 12840285.681330243125558, 124984.509134665568126 ], [ 12840481.169488023966551, 125001.71129868501157 ], [ 12840525.81973578222096, 124952.676783061906463 ], [ 12840542.695770585909486, 124919.06298109141062 ], [ 12840550.777565617114305, 124890.270240592028131 ], [ 12840574.945027070119977, 124846.891855224501342 ], [ 12840613.806661304086447, 124782.570271327815135 ], [ 12840670.356962626799941, 124704.498114879461355 ], [ 12840693.233117986470461, 124689.545049967971863 ], [ 12840718.936788409948349, 124680.370571165607544 ], [ 12840750.796426676213741, 124676.106220062545617 ], [ 12840874.272005861625075, 124624.733597836486297 ], [ 12840955.468442445620894, 124606.629593751014909 ], [ 12841072.721262099221349, 124601.24070219990972 ], [ 12841121.868817284703255, 124604.948348650112166 ], [ 12841160.797243215143681, 124608.967749203802668 ], [ 12841310.210263758897781, 124662.611720333254198 ], [ 12841385.76280216127634, 124675.460443660151213 ], [ 12841417.099238818511367, 124676.31776750498102 ], [ 12841626.914215065538883, 124637.660258194518974 ], [ 12841653.085427351295948, 124616.861807498906273 ], [ 12841671.352955790236592, 124591.164365963777527 ], [ 12841687.193719329312444, 124550.769951555150328 ], [ 12841697.435112481936812, 124497.794042985973647 ], [ 12841716.314898120239377, 124455.540250693564303 ], [ 12841736.909003918990493, 124426.224249922248418 ], [ 12841781.525855828076601, 124380.530040516139707 ], [ 12841878.418340614065528, 124349.532802681540488 ], [ 12841974.442533373832703, 124347.862692967799376 ], [ 12842050.061863470822573, 124355.367052681816858 ], [ 12842078.849083788692951, 124349.287853256319067 ], [ 12842104.853316836059093, 124321.653105643359595 ], [ 12842116.786766251549125, 124286.179980177577818 ], [ 12842130.234160738065839, 124270.458684119570535 ], [ 12842170.854642929509282, 124248.257365051424131 ], [ 12842237.757656896486878, 124171.098329041720717 ], [ 12842322.438393542543054, 124112.388442675233819 ], [ 12842359.964193888008595, 124097.290662104467629 ], [ 12842414.96715428866446, 124085.444026509198011 ], [ 12842507.095164868980646, 124085.499696788276196 ], [ 12842666.738446615636349, 124024.173323113587685 ], [ 12842702.683510193601251, 124022.336204253369942 ], [ 12842770.310100849717855, 124034.349848380108597 ], [ 12842804.652163760736585, 124051.273611010357854 ], [ 12842849.046376690268517, 124084.575570157234324 ], [ 12842954.85555269010365, 124121.596307715706644 ], [ 12843168.633502805605531, 124162.948198160753236 ], [ 12843231.061473242938519, 124182.265790127232322 ], [ 12843266.349751822650433, 124200.803999050753191 ], [ 12843292.910582328215241, 124232.424730206184904 ], [ 12843306.179865632206202, 124270.113528194749961 ], [ 12843336.369711535051465, 124294.441454754312872 ], [ 12843366.57068938575685, 124310.26295853521151 ], [ 12843466.279557291418314, 124328.957051602643332 ], [ 12843512.83336834050715, 124351.982296943824622 ], [ 12843539.928532397374511, 124356.257777881837683 ], [ 12843573.791921496391296, 124354.576534068779438 ], [ 12843656.869657477363944, 124304.350770896358881 ], [ 12843687.360066005960107, 124290.744945888291113 ], [ 12843731.39805656298995, 124280.546144534586347 ], [ 12843799.97086289152503, 124286.547404244629433 ], [ 12843831.285035651177168, 124296.790742037293967 ], [ 12843860.061124024912715, 124313.836992922355421 ], [ 12843962.185624875128269, 124397.097530908125918 ], [ 12843999.177091667428613, 124415.936371808988042 ], [ 12844117.765745209529996, 124450.385177067058976 ], [ 12844130.656542243435979, 124461.686256505752681 ], [ 12844138.126080075278878, 124476.750651675349218 ], [ 12844141.821887169033289, 124569.263645073107909 ], [ 12844178.078645320609212, 124611.639926884541637 ], [ 12844222.194559521973133, 124648.783198912336957 ], [ 12844262.792777813971043, 124718.026018573116744 ], [ 12844268.403280148282647, 124746.35111256838718 ], [ 12844262.436555443331599, 124840.044395022996468 ], [ 12844272.321726225316525, 124872.967875715607079 ], [ 12844330.564083809033036, 124949.80418905139959 ], [ 12844376.995443416759372, 124998.237463547644438 ], [ 12844393.39280441403389, 125022.031008164063678 ], [ 12844421.400788296014071, 125041.515662280784454 ], [ 12844488.025503536686301, 125066.344680360285565 ], [ 12844511.146561773493886, 125082.043746581213782 ], [ 12844524.237733889371157, 125103.376663312868914 ], [ 12844539.321524893864989, 125165.22654201919795 ], [ 12844534.768557718023658, 125254.956206955350353 ], [ 12844543.462609952315688, 125295.662463421875145 ], [ 12844559.403561031445861, 125319.712114060414024 ], [ 12844599.311598481610417, 125355.56391137537139 ], [ 12844647.501806046813726, 125383.020601065189112 ], [ 12844675.554317727684975, 125423.281509531647316 ], [ 12844748.880466312170029, 125510.506072283591493 ], [ 12844770.097961258143187, 125557.837153877364472 ], [ 12844755.214545337483287, 125679.71110222300922 ], [ 12844732.427445571869612, 125718.80296582612209 ], [ 12844651.297800684347749, 125745.780919451528462 ], [ 12844605.411906579509377, 125749.688992986193625 ], [ 12844577.281471254304051, 125762.259406470431713 ], [ 12844542.249227501451969, 125798.745897268803674 ], [ 12844539.199073454365134, 125824.989005950992578 ], [ 12844570.446454519405961, 125844.518244765771669 ], [ 12844606.380386147648096, 125859.003729962176294 ], [ 12844637.004378063604236, 125865.316774059494492 ], [ 12844688.311531372368336, 125856.721236094948836 ], [ 12844729.1212566960603, 125863.66892479469243 ], [ 12844767.882703389972448, 125874.391079283057479 ], [ 12844794.120707370340824, 125894.543831672330271 ], [ 12844825.980345634743571, 125943.021783727890579 ], [ 12844860.311276597902179, 126019.824948203240638 ], [ 12844869.049856623634696, 126050.666467637594906 ], [ 12844869.038724675774574, 126075.840720883876202 ], [ 12844944.179380960762501, 126135.853654500853736 ], [ 12844981.037264360114932, 126178.040860715380404 ], [ 12845032.255362074822187, 126256.736883260236937 ], [ 12845087.859447726979852, 126310.893297034461284 ], [ 12845157.868275485932827, 126331.068344953979249 ], [ 12845254.760760271921754, 126331.124015617737314 ], [ 12845299.143841251730919, 126334.297243469016394 ], [ 12845345.3970896769315, 126344.384768003830686 ], [ 12845392.885984448716044, 126366.441486658251961 ], [ 12845419.892092915251851, 126390.435546274384251 ], [ 12845434.753244936466217, 126412.403194999249536 ], [ 12845451.595883894711733, 126471.569996843885747 ], [ 12845484.078911306336522, 126515.015404750563903 ], [ 12845567.190043134614825, 126570.441154060215922 ], [ 12845594.262943293899298, 126585.004610867879819 ], [ 12845635.55134242773056, 126588.044231523323106 ], [ 12845659.618616338819265, 126602.84150611392397 ], [ 12845670.2607596591115, 126615.17813586446573 ], [ 12845732.187792388722301, 126634.729690843640128 ], [ 12845872.828837055712938, 126646.131053749646526 ], [ 12845905.334128366783261, 126653.078759468960925 ], [ 12845939.086197974160314, 126670.715243892831495 ], [ 12845967.194369399920106, 126696.535326055454789 ], [ 12845996.560451071709394, 126740.6042766035971 ], [ 12846025.926532743498683, 126761.391729606155423 ], [ 12846082.810792539268732, 126767.715925537660951 ], [ 12846102.180383937433362, 126780.308647033001762 ], [ 12846097.772132100537419, 126840.722541468494455 ], [ 12846081.486090598627925, 126892.3181986179261 ], [ 12846078.335749009624124, 126936.37604190527054 ], [ 12846090.202406728640199, 126960.292205012548948 ], [ 12846162.048006085678935, 127040.892360026598908 ], [ 12846177.042741496115923, 127063.561505221063271 ], [ 12846197.61458339355886, 127154.82821260028868 ], [ 12846228.205179464071989, 127229.104211431113072 ], [ 12846228.171783614903688, 127295.185481075983262 ], [ 12846211.841214317828417, 127436.7787041831034 ], [ 12846219.945273246616125, 127477.062137939516106 ], [ 12846244.301977831870317, 127520.496548026305391 ], [ 12846300.518320685252547, 127591.009280198079068 ], [ 12846369.258106248453259, 127643.284243293324835 ], [ 12846491.130684768781066, 127695.592617502290523 ], [ 12846587.388648457825184, 127712.639047819204279 ], [ 12846769.919217512011528, 127721.546392567135626 ], [ 12846852.429224086925387, 127731.667363339249277 ], [ 12846957.436899753287435, 127776.404507524595829 ], [ 12847322.498037857934833, 127786.057844339229632 ], [ 12847374.996309718117118, 127811.889150749775581 ], [ 12847421.227294242009521, 127866.034693360052188 ], [ 12847481.228499783203006, 127955.353147143294336 ], [ 12847548.955277981236577, 127939.364451753324829 ], [ 12847567.078091081231833, 127939.375585942019825 ], [ 12847595.197394454851747, 127960.151982754963683 ], [ 12847615.190375002101064, 127982.197678606855334 ], [ 12847655.198599994182587, 127997.317909271965618 ], [ 12847767.720341289415956, 127992.975574913085438 ], [ 12847811.480033120140433, 127984.19069866076461 ], [ 12847852.735036404803395, 127993.031245866048266 ], [ 12847900.235063128173351, 128011.302453148862696 ], [ 12847935.222779085859656, 128045.940923952221056 ], [ 12847980.85263835825026, 128071.761117277419544 ], [ 12848012.088887475430965, 128107.657758660250693 ], [ 12848032.081868022680283, 128123.401510224066442 ], [ 12848170.83048134855926, 128176.344612616521772 ], [ 12848202.088994363322854, 128180.764888862293446 ], [ 12848284.064667383208871, 128211.339395764342044 ], [ 12848262.746984895318747, 128277.420869216992287 ], [ 12848225.677594462409616, 128316.613257616889314 ], [ 12848218.887105522677302, 128338.658978220642894 ], [ 12848246.049061277881265, 128528.942559707225882 ], [ 12848313.286033716052771, 128654.870493079331936 ], [ 12848321.968953998759389, 128707.869355359682231 ], [ 12848340.559308959171176, 128760.868226525781211 ], [ 12848331.653749696910381, 128825.112668408808531 ], [ 12848318.0727718193084, 128867.311364382083411 ], [ 12848317.961452329531312, 128902.606847931412631 ], [ 12848336.551807291805744, 128925.209320542271598 ], [ 12848365.717513881623745, 128981.103126758534927 ], [ 12848363.82508253492415, 129002.703524642551201 ], [ 12848354.028967346996069, 129028.200903430071776 ], [ 12848335.438612384721637, 129051.694123264533118 ], [ 12848313.95395066216588, 129097.233118356147315 ], [ 12848292.469288937747478, 129119.835604915817385 ], [ 12848256.401773920282722, 129139.431850732929888 ], [ 12848236.920863030478358, 129158.026016924981377 ], [ 12848218.330508068203926, 129193.321533015347086 ], [ 12848183.264868468046188, 129222.715909055885277 ], [ 12848160.778331328183413, 129254.114450130509795 ], [ 12848144.080407710745931, 129299.764816854585661 ], [ 12848147.976589890196919, 129350.759624587357393 ], [ 12848032.872236406430602, 129396.966717336254078 ], [ 12847912.424547368660569, 129426.695139634204679 ], [ 12847827.59909538552165, 129426.583797223356669 ], [ 12847762.477193271741271, 129450.411074045157875 ], [ 12847653.940689746290445, 129567.431978494903888 ], [ 12847563.215304750949144, 129640.806668702934985 ], [ 12847446.775117380544543, 129716.074198789312504 ], [ 12847306.401239490136504, 129855.809084349835757 ], [ 12847264.545110953971744, 129891.104678845455055 ], [ 12847222.577662922441959, 129938.091249298246112 ], [ 12847204.098627451807261, 129966.483611638424918 ], [ 12847178.71778355166316, 130032.175753984411131 ], [ 12847187.178064851090312, 130090.853323300616466 ], [ 12847198.866611383855343, 130126.037601642456139 ], [ 12847198.866611383855343, 130165.341562826361042 ], [ 12847141.314434645697474, 130292.717606978112599 ], [ 12847121.833523755893111, 130352.508652611839352 ], [ 12847127.510817786678672, 130414.637907695228932 ], [ 12847122.612760191783309, 130427.442325602998608 ], [ 12847105.024280646815896, 130436.238404296324006 ], [ 12846919.899967456236482, 130430.225894782954128 ], [ 12846907.209545508027077, 130439.021973554801662 ], [ 12846873.03446183167398, 130524.310547676403075 ], [ 12846849.657368766143918, 130555.709219221243984 ], [ 12846831.178333291783929, 130590.893549959248048 ], [ 12846819.489786760881543, 130626.189227508395561 ], [ 12846822.384093521162868, 130670.280994356056908 ], [ 12846854.889384832233191, 130741.317742966813967 ], [ 12846895.409679481759667, 130914.12193896737881 ], [ 12846918.118855603039265, 130945.186620985128684 ], [ 12846926.245178431272507, 131017.670891105939518 ], [ 12846873.591059286147356, 131180.454367401514901 ], [ 12846855.445982288569212, 131290.461306729732314 ], [ 12846847.097020478919148, 131375.193398967036046 ], [ 12846847.097020478919148, 131455.917161492223386 ], [ 12846863.572305113077164, 131508.805155251204269 ], [ 12846878.956658745184541, 131541.595715921925148 ], [ 12846885.724883783608675, 131542.208103335957276 ], [ 12846898.192666752263904, 131582.625675341754686 ], [ 12846900.864334532991052, 131616.028631399967708 ], [ 12846888.396551562473178, 131721.804682733578375 ], [ 12846961.644776504486799, 131931.241371267067734 ], [ 12846990.587844109162688, 132138.674021161161363 ], [ 12847062.500235162675381, 132229.641577285336098 ], [ 12847063.836069053038955, 132269.947895939782029 ], [ 12847055.598426735028625, 132311.701684645697242 ], [ 12847055.598426735028625, 132354.902943994384259 ], [ 12847070.737877480685711, 132396.656744237639941 ], [ 12847142.87290751747787, 132512.899354002351174 ], [ 12847156.676524372771382, 132561.667818328016438 ], [ 12847171.815975122153759, 132585.272648592683254 ], [ 12847274.229906653985381, 132624.354234768135939 ], [ 12847357.274246782064438, 132666.108071653114166 ], [ 12847387.664467770606279, 132695.391432646487374 ], [ 12847426.737609038129449, 132753.067414189194096 ], [ 12847461.357970675453544, 132775.336135835619643 ], [ 12847508.446115279570222, 132774.000012491189409 ], [ 12847717.392799500375986, 132722.670611753419507 ], [ 12847781.735465178266168, 132712.761032123642508 ], [ 12847922.777260012924671, 132751.73129094185424 ], [ 12848003.038612876087427, 132764.313118418387603 ], [ 12848048.679604100063443, 132785.245717488607625 ], [ 12848105.452544406056404, 132789.476774921175092 ], [ 12848167.680139757692814, 132771.43910943067749 ], [ 12848295.140956716611981, 132683.811700208374532 ], [ 12848422.490454183891416, 132589.169672631745925 ], [ 12848552.511619431897998, 132474.485843035246944 ], [ 12848587.911217501387, 132473.595095011842204 ], [ 12848676.855490645393729, 132516.239659530954668 ], [ 12848716.039951408281922, 132553.873770997772226 ], [ 12848721.160647980868816, 132580.039502103812993 ], [ 12848703.015570983290672, 132657.311929543444421 ], [ 12848699.453347278758883, 132727.68107348587364 ], [ 12848702.904251493513584, 132783.241532409301726 ], [ 12848688.098759219050407, 132909.0598433688574 ], [ 12848675.074378795921803, 132931.66260736429831 ], [ 12848634.442764652892947, 133075.852692842367105 ], [ 12848640.787975631654263, 133318.13672709238017 ], [ 12848585.462188705801964, 133484.595768324477831 ], [ 12848524.681746734306216, 133629.008802819356788 ], [ 12848524.681746734306216, 133683.12195443129167 ], [ 12848541.157031370326877, 133745.585913008195348 ], [ 12848571.658571846783161, 133829.873307034315076 ], [ 12848596.482818296179175, 133882.650366180605488 ], [ 12848642.012490028515458, 133929.860232761362568 ], [ 12848661.270761935040355, 133959.032370966655435 ], [ 12848690.213829539716244, 134038.197996782022528 ], [ 12848698.451471861451864, 134143.640852542972425 ], [ 12848716.373909877613187, 134192.298233399778837 ], [ 12848761.792262123897672, 134283.711777820746647 ], [ 12848767.246917171403766, 134326.245251251501031 ], [ 12848763.796012956649065, 134428.904601784568513 ], [ 12848752.886702857911587, 134473.442291803308763 ], [ 12848731.735999608412385, 134519.427463626750978 ], [ 12848733.071833498775959, 134532.454741176828975 ], [ 12848762.348859576508403, 134568.752970473055029 ], [ 12848821.682148169726133, 134618.189829652896151 ], [ 12848874.224947825074196, 134674.196010970976204 ], [ 12848935.22802877612412, 134748.351328651653603 ], [ 12848981.648256439715624, 134877.065406790352426 ], [ 12849110.890185248106718, 134971.151424255222082 ], [ 12849141.837003689259291, 134998.542152017500484 ], [ 12849167.997084027156234, 135030.720693097129697 ], [ 12849229.668081924319267, 135123.136591432325076 ], [ 12849294.344706077128649, 135233.924362363119144 ], [ 12849301.24651450663805, 135266.325617650756612 ], [ 12849298.129568764939904, 135290.932758877985179 ], [ 12849221.430439608171582, 135429.334047734504566 ], [ 12849209.185295620933175, 135516.294182194193127 ], [ 12849209.964532054960728, 135562.502202429022873 ], [ 12849227.441692112013698, 135685.315360677283024 ], [ 12849252.711216518655419, 135776.952047330240021 ], [ 12849270.967613011598587, 135933.168723578419304 ], [ 12849320.059508452191949, 136133.700727575167548 ], [ 12849345.440352352336049, 136171.223943705030251 ], [ 12849388.632314780727029, 136187.034914523916086 ], [ 12849506.185697058215737, 136177.236566312232753 ], [ 12849559.06245518475771, 136179.240773874829756 ], [ 12849696.208067839965224, 136275.888132298365235 ], [ 12849855.728898148983717, 136299.938631881726906 ], [ 12849891.017176728695631, 136329.556379401561571 ], [ 12849912.501838451251388, 136370.976692892814754 ], [ 12849904.598154608160257, 136422.195368065149523 ], [ 12849896.026553813368082, 136612.929338002984878 ], [ 12849915.507464703172445, 136635.086999169318005 ], [ 12849960.369219494983554, 136646.666883047873853 ], [ 12850027.383552951738238, 136681.96326264864183 ], [ 12850127.793733647093177, 136750.885858225548873 ], [ 12850204.715501787140965, 136814.352559710503556 ], [ 12850249.799895556643605, 136862.787683114001993 ], [ 12850265.941221721470356, 136894.632389237434836 ], [ 12850330.395206891000271, 136957.431050473387586 ], [ 12850418.003646144643426, 137005.866197196184658 ], [ 12850454.961717087775469, 137042.610106875974452 ], [ 12850498.598957479000092, 137061.761479784501716 ], [ 12850563.052942648530006, 137103.515930816502078 ], [ 12850624.946579528972507, 137130.795508663577493 ], [ 12850714.336130635812879, 137136.474114979733713 ], [ 12850844.357295881956816, 137103.2932403954037 ], [ 12850897.456692989915609, 137084.587245620787144 ], [ 12850988.070758497342467, 137064.87914525863016 ], [ 12851086.92246632091701, 137071.448511900642188 ], [ 12851171.302640343084931, 137101.400371822935995 ], [ 12851285.182479424402118, 137175.444945572555298 ], [ 12851442.588239405304193, 137253.609312654531095 ], [ 12851487.004716230556369, 137268.752269343909575 ], [ 12851623.927689908072352, 137301.042400162259582 ], [ 12851741.258433206006885, 137339.901907088235021 ], [ 12852081.450797069817781, 137505.361068151309155 ], [ 12852156.034855902194977, 137551.124015299312305 ], [ 12852219.264326669275761, 137577.401525863911957 ], [ 12852303.199222728610039, 137559.474918827356305 ], [ 12852392.922732308506966, 137549.565180000237888 ], [ 12852461.606858128681779, 137575.842690426303307 ], [ 12852527.396677186712623, 137591.208354384376435 ], [ 12852629.587969737127423, 137591.208354384376435 ], [ 12852656.304647523909807, 137586.309157093608519 ], [ 12852704.39466754719615, 137595.43947938256315 ], [ 12852735.564124971628189, 137615.592996652441798 ], [ 12852821.614091351628304, 137615.704342055483721 ], [ 12853010.634586721658707, 137656.011380731884856 ], [ 12853210.675711674615741, 137711.238713368802564 ], [ 12853278.691920552402735, 137711.238713368802564 ], [ 12853315.204713528975844, 137706.339514088700525 ], [ 12853350.826950585469604, 137676.387592983141076 ], [ 12853451.459770260378718, 137681.843518906331155 ], [ 12853529.494733307510614, 137721.371148501493735 ], [ 12853519.475979136303067, 137831.157775632687844 ], [ 12853554.87557720951736, 137880.261138303030748 ], [ 12853786.865396020933986, 137941.389825698308414 ], [ 12853891.394397877156734, 137946.289028879313264 ], [ 12853914.54885195940733, 137958.31434612328303 ], [ 12854000.821457326412201, 138041.82350717872032 ], [ 12854045.126614660024643, 138104.956448640965391 ], [ 12854131.733178498223424, 138288.119997369969497 ], [ 12854170.917639259248972, 138347.912621239898726 ], [ 12854212.217170342803001, 138379.757487330876756 ], [ 12854343.574169479310513, 138392.005513668846106 ], [ 12854433.631637530401349, 138392.33955075792619 ], [ 12854511.33264210447669, 138423.850384535617195 ], [ 12854567.103706993162632, 138585.524397559202043 ], [ 12854603.616499971598387, 138592.873218447639374 ], [ 12854675.929641189053655, 138628.147561272926396 ], [ 12855005.368542244657874, 138556.908536155387992 ], [ 12855128.153940588235855, 138435.987066997739021 ], [ 12855282.44275482930243, 138483.531690277915914 ], [ 12855465.563317185267806, 138677.273326084454311 ], [ 12855732.952734068036079, 138644.092278234136757 ], [ 12855860.52487051859498, 138770.692470895155566 ], [ 12855755.550590701401234, 139004.07344429686782 ], [ 12855865.200289132073522, 139059.857759852573508 ], [ 12855935.331568332388997, 139119.205157140328083 ], [ 12855978.412211267277598, 139259.50111607144936 ], [ 12856005.128889057785273, 139435.20519775908906 ], [ 12856200.049317438155413, 139489.319403917150339 ], [ 12856340.20055634714663, 139477.294023903436027 ], [ 12856410.109196564182639, 139540.093236107932171 ], [ 12856585.882672527804971, 139635.62823380655027 ], [ 12856686.292853221297264, 139532.744391427899245 ], [ 12856879.654808731749654, 139432.087507175077917 ], [ 12857239.662041956558824, 139438.211542282311711 ], [ 12857624.270882647484541, 139540.093236107932171 ], [ 12858314.674364546313882, 139522.055163132987218 ], [ 12858578.111939508467913, 140187.805546431307448 ], [ 12858962.442481473088264, 140101.166940431779949 ], [ 12859588.391978202387691, 140139.024701086134883 ], [ 12859788.09914468601346, 140182.115746426425176 ], [ 12859966.099010465666652, 140295.466382034617709 ], [ 12860236.204622926190495, 140272.606962467049016 ], [ 12860502.202546177431941, 140259.434682063409127 ], [ 12860660.988667843863368, 140275.513103870820487 ], [ 12860781.391829086467624, 140306.222446614265209 ], [ 12861150.516128607094288, 140452.977073604706675 ], [ 12861212.66580031812191, 140554.257851944654249 ], [ 12861356.835672844201326, 140680.380084452015581 ], [ 12861418.684781929478049, 140718.126574193243869 ], [ 12861577.326188258826733, 140656.89709376252722 ], [ 12861679.52861275523901, 140660.849896708619781 ], [ 12861761.760320603847504, 140704.586829813808436 ], [ 12861872.846040466800332, 140806.635987901361659 ], [ 12861965.497252654284239, 140812.348069500731071 ], [ 12862272.516408260911703, 140791.20334695186466 ], [ 12862408.982972025871277, 140758.968504336924525 ], [ 12862496.001417979598045, 140794.332186789164552 ], [ 12862550.425517028197646, 140780.703361553314608 ], [ 12862753.772830860689282, 140747.455266084289178 ], [ 12863427.355937700718641, 140875.804515761439689 ], [ 12865896.422243494540453, 141892.735223101830343 ], [ 12866182.402015343308449, 142033.032526449271245 ], [ 12866306.523247577250004, 142108.525865728006465 ], [ 12866441.442470420151949, 142124.782546112139244 ], [ 12866576.361693259328604, 142238.02259878948098 ], [ 12866627.67997851409018, 142380.212974243884673 ], [ 12866664.304090987890959, 142564.826738786272472 ], [ 12867078.18995775654912, 142664.259895457245875 ], [ 12867525.026393800973892, 142732.738517353136558 ], [ 12867953.829072335734963, 142747.993106909911148 ], [ 12868200.513063933700323, 142610.256441005971283 ], [ 12868816.666445475071669, 142552.578535994194681 ], [ 12869171.886940596625209, 142610.256441005971283 ], [ 12869840.917080264538527, 142546.565782088611741 ], [ 12870252.576557219028473, 142626.958539228828158 ], [ 12871109.180038873106241, 142925.814915497408947 ], [ 12873731.243852814659476, 142728.039658544614213 ], [ 12873921.700369611382484, 142876.788641218648991 ], [ 12874043.383704997599125, 142994.093174825044116 ], [ 12874434.938881915062666, 143335.373369779175846 ], [ 12874810.664427237585187, 143570.071942227339605 ], [ 12875048.843609740957618, 143628.818991712993011 ], [ 12875318.860166607424617, 143570.339176693203626 ], [ 12875467.137728344649076, 143453.168022319470765 ], [ 12875631.289449470117688, 143357.331117731169797 ], [ 12876060.047600209712982, 143426.834304750722367 ], [ 12876356.524800037965178, 143368.365666151570622 ], [ 12876721.931028565391898, 143096.766693808342097 ], [ 12877087.214805655181408, 143043.665071999508655 ], [ 12877394.267357110977173, 143017.175505925319158 ], [ 12877521.36081974953413, 142921.316478895692853 ], [ 12877786.111964704468846, 142798.87886046001222 ], [ 12878087.899104243144393, 142719.087330602487782 ], [ 12878119.72534666210413, 142580.537843319150852 ], [ 12878234.540269466117024, 142344.871366097358987 ], [ 12878331.132191628217697, 142218.180533223639941 ], [ 12878580.610302444547415, 141941.260266760917148 ], [ 12878711.043349806219339, 141739.933722316753119 ], [ 12878798.462545927613974, 141477.077027854684275 ], [ 12879327.786724649369717, 140970.894566616218071 ], [ 12879748.129121884703636, 140743.302038084424566 ], [ 12880040.342785216867924, 140745.640316575649194 ], [ 12880289.987875267863274, 140631.832983944477746 ], [ 12880364.894760625436902, 140685.435218780621653 ], [ 12880390.253340626135468, 140698.640922531660181 ], [ 12880495.027245361357927, 140786.627001201035455 ], [ 12880550.586803214624524, 140839.41643432690762 ], [ 12880645.831759538501501, 140911.413175165391294 ], [ 12880756.427673641592264, 140943.603496123076184 ], [ 12880780.227780774235725, 141003.563684994180221 ], [ 12880780.172121027484536, 141103.497360802866751 ], [ 12880792.016514848917723, 141235.398731227556709 ], [ 12880795.923828976228833, 141359.316594068397535 ], [ 12880756.049187373369932, 141707.03069173116819 ], [ 12880815.527191303670406, 141878.939325313956942 ], [ 12880898.070593727752566, 141977.904585807642434 ], [ 12881027.624217113479972, 141948.497825605794787 ], [ 12881073.075965205207467, 141921.206662362237694 ], [ 12881163.088905461132526, 141883.938807163649471 ], [ 12881274.29707675985992, 141809.391976594517473 ], [ 12881374.918764490634203, 141718.833470458426746 ], [ 12881480.850391929969192, 141612.296707971661817 ], [ 12881565.764899507164955, 141175.338282068027183 ], [ 12881714.587926747277379, 140974.903047199797584 ], [ 12881787.836151689291, 140894.399406146956608 ], [ 12882123.019138468429446, 140475.179563098674407 ], [ 12882446.179620238021016, 140343.902079717227025 ], [ 12882672.826103495433927, 140279.209804855607217 ], [ 12882935.874060239642859, 140488.875181839830475 ], [ 12883439.260797606781125, 140766.796170451416401 ], [ 12883675.480757068842649, 140786.170480096014217 ], [ 12884340.83735354244709, 140560.916374013380846 ], [ 12884744.704466139897704, 140287.67213258848642 ], [ 12885287.83226172067225, 140191.246149619517382 ], [ 12885882.612301031127572, 140110.297341079160105 ], [ 12886557.876332180574536, 140095.710969450272387 ], [ 12886842.631589628756046, 140169.756298659078311 ], [ 12887755.674053117632866, 140696.091085925669177 ], [ 12888196.833195131272078, 141993.281616860971553 ], [ 12887923.432525742799044, 142629.408180383703439 ], [ 12887613.073785411193967, 143325.218468663835665 ], [ 12887636.228239497169852, 143523.194566896825563 ], [ 12887693.001179799437523, 143894.093917369900737 ], [ 12887752.334468390792608, 144428.675314501335379 ], [ 12887821.241233192384243, 145305.987830877216766 ], [ 12887835.267489034682512, 145583.134086553996895 ], [ 12887958.275526359677315, 145630.011805011861725 ], [ 12888058.017790112644434, 145675.10795489398879 ], [ 12888610.273783937096596, 145668.092997767496854 ], [ 12889072.027031745761633, 145728.555253071943298 ], [ 12889795.603721903637052, 146150.009827645233599 ], [ 12890149.377063646912575, 146447.422409323713509 ], [ 12890993.512762330472469, 147153.708974779961864 ], [ 12891317.229841556400061, 147347.901907711726381 ], [ 12891579.053283900022507, 147468.938512392662233 ], [ 12891595.305929558351636, 147706.891955372062512 ], [ 12891656.531649492681026, 147869.350694533961359 ], [ 12891731.115708325058222, 148065.325723435991677 ], [ 12891692.82180349342525, 148222.217196728946874 ], [ 12891765.84738945402205, 148422.646462695061928 ], [ 12891927.038012122735381, 148610.604707477410557 ], [ 12892153.573175884783268, 148907.351843642973108 ], [ 12892579.926825625821948, 149128.604045656305971 ], [ 12892830.28436041995883, 149471.005265658779535 ], [ 12893049.361118299886584, 149668.206293771945639 ], [ 12893222.017648519948125, 149768.978190004447242 ], [ 12893408.143837125971913, 149912.731313308206154 ], [ 12893502.65408480912447, 150051.362398990662768 ], [ 12893622.656495885923505, 150135.765938073483994 ], [ 12893766.036000028252602, 150296.221815082157264 ], [ 12893853.867078263312578, 150417.705127340741456 ], [ 12894054.3534811809659, 150567.360171804379206 ], [ 12894128.269623069092631, 150782.71214464053628 ], [ 12894306.603447319939733, 151044.163478140428197 ], [ 12894268.977459428831935, 151488.564517162274569 ], [ 12894204.078196298331022, 151648.575795327284141 ], [ 12894107.007600327953696, 151794.222887221345445 ], [ 12894187.380272679030895, 152065.140050831396366 ], [ 12894220.10820297151804, 152325.590472070063697 ], [ 12894186.378397263586521, 152553.526555710122921 ], [ 12894356.029301231727004, 152848.607754523924086 ], [ 12894721.71382848918438, 153556.135856903565582 ], [ 12895136.156292710453272, 153772.269699797587236 ], [ 12895483.027826022356749, 153987.401551813090919 ], [ 12895685.295340793207288, 154595.04976391926175 ], [ 12895911.719185067340732, 154787.689126891229535 ], [ 12896066.898555234074593, 154810.516343994357157 ], [ 12896324.825815400108695, 155012.7321684496128 ], [ 12897129.109136382117867, 156020.250342006562278 ], [ 12897095.490650163963437, 156318.453305426373845 ], [ 12896693.849927378818393, 156912.521841027482878 ], [ 12896594.66426108404994, 157203.487863682239549 ], [ 12896519.078326834365726, 157473.297062530560652 ], [ 12896497.482345622032881, 157613.602411383180879 ], [ 12896520.191521743312478, 157790.209093824436422 ], [ 12896430.022734200581908, 158077.390079766337294 ], [ 12896440.598085826262832, 158349.872684090805706 ], [ 12896648.65421411767602, 159200.060356467176462 ], [ 12896842.90672555193305, 159653.383582788927015 ], [ 12897562.809872511774302, 159970.075600164593197 ], [ 12898073.209737800061703, 160225.411610115057556 ], [ 12898429.320788849145174, 160559.921101969754091 ], [ 12898936.492388902232051, 161013.24675397676765 ], [ 12899144.771156176924706, 161373.146253925544443 ], [ 12899483.293727677315474, 161393.412887073965976 ], [ 12899653.946507064625621, 161426.485363347717794 ], [ 12899877.921322541311383, 161424.480970722797792 ], [ 12900041.115696044638753, 161527.818566830013879 ], [ 12900280.897879213094711, 161615.009696518303826 ], [ 12900852.300825452432036, 161954.643376067193458 ], [ 12901472.68434764444828, 162459.529176747892052 ], [ 12901892.581466918811202, 162924.773323246976361 ], [ 12902160.750120239332318, 162997.600034429488005 ], [ 12902256.81884079426527, 163102.274549492751248 ], [ 12902333.072691988199949, 163199.37690486232168 ], [ 12902627.401425642892718, 163754.598209708667127 ], [ 12902870.968471499159932, 164043.567670651886147 ], [ 12903200.251525266095996, 164238.99807491368847 ], [ 12903490.7953962367028, 164466.944729824608658 ], [ 12903891.211604619398713, 164456.031792855967069 ], [ 12904116.52225398644805, 164452.35702847482753 ], [ 12904240.30952774733305, 164446.789203758962685 ], [ 12904444.914751823991537, 164480.975649491650984 ], [ 12904602.877109261229634, 164539.549179872323293 ], [ 12904674.455541841685772, 164617.498766535427421 ], [ 12904846.555474609136581, 164698.120936316408915 ], [ 12904946.409057848155499, 164764.712195836735191 ], [ 12905040.028749607503414, 164859.031284783297451 ], [ 12905171.942346194759011, 164879.520914537686622 ], [ 12905346.379988269880414, 164899.676475901476806 ], [ 12905629.688092337921262, 165050.230776412674459 ], [ 12905783.865587087348104, 165040.876808318396797 ], [ 12905977.561501068994403, 165121.499116404826054 ], [ 12906210.107917334884405, 165191.876622373791179 ], [ 12906520.355338174849749, 165271.496768085082294 ], [ 12906701.472149696201086, 165365.259266400622437 ], [ 12906790.527742331847548, 165403.009260963881388 ], [ 12906925.33564568310976, 165451.672241853520973 ], [ 12907087.194185296073556, 165504.566797220322769 ], [ 12907348.461030187085271, 165565.144996715214802 ], [ 12907555.737922044470906, 165645.767476557259215 ], [ 12907786.057948494330049, 165724.162841446726816 ], [ 12908060.349173808470368, 165813.80529930483317 ], [ 12908150.406641863286495, 165857.680004899390042 ], [ 12908320.280184810981154, 165947.322511537640821 ], [ 12908440.28259588778019, 166105.783817738789367 ], [ 12908543.364444361999631, 166371.148272702412214 ], [ 12908649.340599596500397, 166652.325778986793011 ], [ 12908648.672682652249932, 166704.552448469097726 ], [ 12908557.613339181989431, 166889.740068085637176 ], [ 12908539.91354014724493, 166974.371859288512496 ], [ 12908420.133768053725362, 167044.081751485762652 ], [ 12908366.143815018236637, 167235.617021279758774 ], [ 12908339.694304006174207, 167269.982028075755807 ], [ 12908258.163908949121833, 167375.927837849565549 ], [ 12908144.951986812055111, 167470.359290144202532 ], [ 12908258.497867420315742, 167558.666094188694842 ], [ 12908324.399005971848965, 167663.119833242555615 ], [ 12908422.80543583445251, 167739.622760195314186 ], [ 12908542.4738884344697, 167836.504230699094478 ], [ 12908692.532562024891376, 168088.284877101163147 ], [ 12908822.108449308201671, 168277.148373296135105 ], [ 12908844.594986449927092, 168408.105695460340939 ], [ 12908881.441737901419401, 168746.523798167210771 ], [ 12908929.977035885676742, 169064.8978268847859 ], [ 12908946.229681544005871, 169307.771057431702502 ], [ 12909015.693043798208237, 169428.70665026185452 ], [ 12909108.088221153244376, 169577.593370749149472 ], [ 12909139.480317559093237, 169684.720597010455094 ], [ 12909320.374490097165108, 169874.698935094987974 ], [ 12909461.082326462492347, 169981.714935132855317 ], [ 12909645.872681178152561, 170125.924917210038984 ], [ 12909982.836779808625579, 170448.966728622966912 ], [ 12910020.017489735037088, 170484.056028869614238 ], [ 12910270.764642745256424, 170375.647813874762505 ], [ 12910319.578239461407065, 170354.545244618988363 ], [ 12910401.954662645235658, 170284.054881674412172 ], [ 12910481.325459582731128, 170273.698479392071022 ], [ 12910600.103356258943677, 170295.190798607858596 ], [ 12910730.903757939115167, 170300.201961397193372 ], [ 12910802.816148992627859, 170294.745361920562573 ], [ 12910859.143811333924532, 170287.172938363451976 ], [ 12910937.290093870833516, 170316.79447893879842 ], [ 12910965.119966568425298, 170335.836899819463724 ], [ 12910975.361359722912312, 170389.846113499806961 ], [ 12911045.26999993994832, 170416.683686077420134 ], [ 12911100.261828392744064, 170397.084462653176161 ], [ 12911239.522511374205351, 170405.659122703305911 ], [ 12911385.239724824205041, 170395.079996711836429 ], [ 12911444.573013415560126, 170276.37109929297003 ], [ 12911465.723716665059328, 170183.831652622815454 ], [ 12911486.985739408060908, 170132.272385599877452 ], [ 12911548.434098325669765, 170090.067291925632162 ], [ 12911594.854325985535979, 170074.142944532184629 ], [ 12911663.09317384287715, 170049.755309669446433 ], [ 12911800.684064464643598, 170030.824270621989854 ], [ 12911843.09679045714438, 170050.980259306437802 ], [ 12911951.855932960286736, 170052.427927067386918 ], [ 12911982.023514965549111, 170048.641719095787266 ], [ 12912123.06530980207026, 170071.358967823995044 ], [ 12912205.441732987761497, 170059.220829754776787 ], [ 12912285.035168904811144, 170034.387760210607667 ], [ 12912335.240259254351258, 170021.692828793369699 ], [ 12912429.861826429143548, 170001.425483540428104 ], [ 12912517.024987718090415, 169980.935421952366596 ], [ 12912543.964304490014911, 169949.977614836127032 ], [ 12912589.827934695407748, 169875.701165882870555 ], [ 12912694.134297572076321, 169863.563037733983947 ], [ 12912750.461959911510348, 169859.554114810773171 ], [ 12912793.319963866844773, 169861.447217293898575 ], [ 12912832.838383099064231, 169860.444986565649742 ], [ 12912905.084732623770833, 169888.95288447252824 ], [ 12912991.91393544152379, 169924.365043629135471 ], [ 12913047.239722367376089, 169940.512099070969271 ], [ 12913097.222173733636737, 169936.280456849839538 ], [ 12913233.365910973399878, 169825.812349532003282 ], [ 12913345.464638199657202, 169779.041593637259211 ], [ 12913468.13871705532074, 169782.716438412870048 ], [ 12913661.611992053687572, 169760.110575989179779 ], [ 12913713.865361034870148, 169747.348843759536976 ], [ 12913745.992166075855494, 169739.509176129824482 ], [ 12913844.843873899430037, 169770.912391758145532 ], [ 12913853.393210792914033, 169786.669680582854198 ], [ 12913906.737510781735182, 169884.943961124343332 ], [ 12914040.432219224050641, 169979.4877546239004 ], [ 12914239.026190798729658, 170196.749310897168471 ], [ 12914299.695313280448318, 170306.99487112389761 ], [ 12914448.752111453562975, 170383.164560629957123 ], [ 12914504.96845430508256, 170533.94498256398947 ], [ 12914518.438112691044807, 170684.502781072544167 ], [ 12914585.341126658022404, 170925.15046567140962 ], [ 12914726.939518947154284, 171062.122648350865347 ], [ 12915199.379437875002623, 171090.073892065032851 ], [ 12915342.536303032189608, 171100.76440845761681 ], [ 12915499.162826579064131, 171437.627280679589603 ], [ 12915603.580508943647146, 171621.593586566974409 ], [ 12915862.064366567879915, 171844.090556454873877 ], [ 12915998.542062278836966, 172187.079288055683719 ], [ 12916071.790287218987942, 172421.826408132445067 ], [ 12916138.025384241715074, 172719.93776961020194 ], [ 12916309.234761081635952, 172789.20389264068217 ], [ 12916792.027392651885748, 172924.729468824603828 ], [ 12917031.920895313844085, 173202.239766556536779 ], [ 12917107.284190578386188, 173327.186323809874011 ], [ 12917441.687940923497081, 173347.342592838889686 ], [ 12917552.228195279836655, 173292.887262257747352 ], [ 12917671.451369917020202, 173306.139171808899846 ], [ 12917605.884189842268825, 173709.71028840294457 ], [ 12917595.642796687781811, 173870.515308840112993 ], [ 12917658.20435051433742, 173918.957286094228039 ], [ 12917764.403144732117653, 174019.627542172325775 ], [ 12917781.657665805891156, 174129.318080714176176 ], [ 12917594.640921272337437, 174341.906286298122723 ], [ 12917619.353848226368427, 174631.111191209842218 ], [ 12917773.976620938628912, 175079.340526917367242 ], [ 12917935.38988259062171, 175472.112633013020968 ], [ 12917949.750096902251244, 175608.196574234578293 ], [ 12918135.653646524995565, 175851.076540321286302 ], [ 12918084.669319745153189, 176148.52410883209086 ], [ 12918082.66556891053915, 176310.555798270914238 ], [ 12917896.762019284069538, 176522.366466957319062 ], [ 12917820.619487581774592, 176638.294470543332864 ], [ 12917784.218014093115926, 176757.563399672042578 ], [ 12917898.097853174433112, 176950.220157096191542 ], [ 12917847.11352639272809, 177125.170450635137968 ], [ 12917827.855254482477903, 177267.825753583834739 ], [ 12917780.878429370000958, 177330.522842951293569 ], [ 12917691.488878259435296, 177410.592507745575858 ], [ 12917379.905623532831669, 177593.449899907252984 ], [ 12917199.902006918564439, 177971.971847315871855 ], [ 12917052.181042635813355, 178122.088991985510802 ], [ 12917122.534960817545652, 178341.474017354164971 ], [ 12917117.414264241233468, 178813.765034367679618 ], [ 12917388.69986330345273, 179058.430207263387274 ], [ 12917528.405824249610305, 179153.868627850373741 ], [ 12917614.344471141695976, 179351.872853568289429 ], [ 12917631.821631196886301, 179460.34093348053284 ], [ 12917727.890351751819253, 179563.018157548853196 ], [ 12917835.313660368323326, 179644.202242917497642 ], [ 12917961.10468496195972, 179805.122772492788499 ], [ 12918041.588676806539297, 180057.361756752507063 ], [ 12918240.961884815245867, 180220.84395075548673 ], [ 12918579.15049784630537, 180376.419418319739634 ], [ 12918794.331073550507426, 180603.045291418849956 ], [ 12918779.970859238877892, 180866.86704952333821 ], [ 12918983.685527391731739, 181092.045679568342166 ], [ 12919111.368983328342438, 181384.600052813009825 ], [ 12919265.880436552688479, 181516.121575945027871 ], [ 12919375.752773962914944, 181610.892848317802418 ], [ 12919872.349022392183542, 181782.839889033493819 ], [ 12920214.322498111054301, 182049.669884761126013 ], [ 12920396.997782502323389, 182437.888051869027549 ], [ 12920571.658063556998968, 182968.765796145453351 ], [ 12920703.460340656340122, 183531.495361424167641 ], [ 12921434.161478223279119, 184160.377687869418878 ], [ 12921604.591618627309799, 184363.397811408067355 ], [ 12921809.864759648218751, 184303.817009778809734 ], [ 12922101.410506036132574, 184343.5746644079627 ], [ 12922426.018141193315387, 184562.186209859093651 ], [ 12922636.30065929889679, 184647.49265876528807 ], [ 12922811.517537808045745, 184799.618862403760431 ], [ 12922872.409299271181226, 184919.00348234269768 ], [ 12922955.676278384402394, 184994.175734282820486 ], [ 12923104.621757065877318, 185009.767019383056322 ], [ 12923301.32329729758203, 185043.622385120746912 ], [ 12923433.348213378340006, 185001.748644050647272 ], [ 12923538.990410143509507, 184935.374326133169234 ], [ 12923652.536290749907494, 184930.919674640987068 ], [ 12923802.483644850552082, 184973.016134842997417 ], [ 12923902.00326961837709, 185043.956484150723554 ], [ 12924008.536022307351232, 185113.894558931759093 ], [ 12924151.581567976623774, 185303.328850973339286 ], [ 12924296.519544988870621, 185518.823085584299406 ], [ 12924454.927180388942361, 185619.498500809713732 ], [ 12924640.274132559075952, 185482.963048403093126 ], [ 12925010.856717409566045, 185369.591913508047583 ], [ 12925110.487661670893431, 185330.613639006885933 ], [ 12925222.920347372069955, 185054.202187982649775 ], [ 12925347.709496552124619, 184912.989703297003871 ], [ 12925483.407955827191472, 184761.308886143378913 ], [ 12925676.881230825558305, 184690.591360258578788 ], [ 12925711.390272973105311, 184636.356044762796955 ], [ 12925733.876810112968087, 184455.386146070988616 ], [ 12925810.798578253015876, 184229.313188868691213 ], [ 12925863.452697396278381, 184207.930931006994797 ], [ 12925969.428852630779147, 184219.178889311588136 ], [ 12926034.884713215753436, 184427.210538280458422 ], [ 12926144.089133685454726, 184556.172440555179492 ], [ 12926527.807418448850513, 184713.087326660490362 ], [ 12926728.961738314479589, 184775.341027837304864 ], [ 12926785.400720147415996, 184817.77155697075068 ], [ 12926986.555040009319782, 184918.892116062575951 ], [ 12927074.720076717436314, 184970.67744239824242 ], [ 12927275.874396581202745, 184966.000057583325543 ], [ 12927346.116995271295309, 185009.210187753313221 ], [ 12927351.237691847607493, 185108.771705565246521 ], [ 12927385.190136538818479, 185182.384892583388137 ], [ 12927472.464617323130369, 185306.447112291294616 ], [ 12927561.297570975497365, 185352.330105375207495 ], [ 12927688.535748951137066, 185500.336233386187814 ], [ 12927918.521816929802299, 185714.716994699032512 ], [ 12927897.259794190526009, 185877.089679734461242 ], [ 12927851.952761435881257, 185985.11546968226321 ], [ 12927791.951555896550417, 186105.057569049735321 ], [ 12927783.268635617569089, 186301.508837744273478 ], [ 12927741.746465550735593, 186444.392722950724419 ], [ 12927652.134275462478399, 186650.978708361421013 ], [ 12927625.194958688691258, 186886.520380712638143 ], [ 12927773.472520427778363, 187037.088996943755774 ], [ 12927912.621883917599916, 187154.470224183984101 ], [ 12928211.069438733160496, 187206.478814764413983 ], [ 12928399.644656138494611, 187319.294065802940167 ], [ 12928577.978480391204357, 187465.296911037556129 ], [ 12928617.608219111338258, 187594.594707228912739 ], [ 12928667.368031498044729, 187674.668058067327365 ], [ 12928802.064615357667208, 187728.570024379878305 ], [ 12928855.052692975848913, 187809.645734490797622 ], [ 12928828.447334675118327, 187958.989944761880906 ], [ 12928834.681226158514619, 188113.34581397898728 ], [ 12928873.754367429763079, 188299.553040891099954 ], [ 12928810.413577167317271, 188791.243350066652056 ], [ 12928806.183436516672373, 188916.86678437324008 ], [ 12928874.422284374013543, 188973.330532698339084 ], [ 12928909.042646007612348, 189027.566928166605067 ], [ 12928870.080824231728911, 189393.746481613896322 ], [ 12928955.908151634037495, 189458.897106210468337 ], [ 12929095.28015410900116, 189827.638877221936127 ], [ 12929192.016791604459286, 189879.09126776267658 ], [ 12929330.164279678836465, 189870.404499661904993 ], [ 12929425.231124818325043, 189909.494958888419205 ], [ 12929502.041573466733098, 190001.374271477310685 ], [ 12929545.790133347734809, 190334.367504508671118 ], [ 12929582.080287346616387, 190548.641685169743141 ], [ 12929591.09716609865427, 190911.260019274952356 ], [ 12929517.181024212390184, 191011.49246855956153 ], [ 12929525.863944493234158, 191043.232753996300744 ], [ 12929555.697568025439978, 191076.420846985070966 ], [ 12929635.179684454575181, 191099.585693478176836 ], [ 12929691.841305268928409, 191202.602469226403628 ], [ 12929718.669302549213171, 191362.529151786118746 ], [ 12929740.487922744825482, 191764.016931735968683 ], [ 12929838.115116169676185, 191854.00375605316367 ], [ 12929837.224560244008899, 191940.760891387035372 ], [ 12929734.365350749343634, 192088.437431905360427 ], [ 12929714.661800881847739, 192262.063300131529104 ], [ 12929886.093816703185439, 192362.964607775531476 ], [ 12930045.280688535422087, 192573.231505090661813 ], [ 12930270.146059937775135, 192724.249596443667542 ], [ 12930283.059120869264007, 192776.25953933672281 ], [ 12930291.408082680776715, 192850.432199551054509 ], [ 12930294.191069951280951, 192997.107041336304974 ], [ 12930294.302389439195395, 193106.806970712088514 ], [ 12930368.663809292018414, 193132.756302458350547 ], [ 12930623.47412371635437, 193258.493667647300754 ], [ 12930639.949408354237676, 193422.319877902744338 ], [ 12930657.092609936371446, 193501.838560269359732 ], [ 12930691.71297157369554, 193848.758653867524117 ], [ 12930941.402589421719313, 193976.167011905316031 ], [ 12931064.521946238353848, 194181.53519248883822 ], [ 12931074.318061430007219, 194334.113634822657332 ], [ 12930993.500111112371087, 194484.019278409308754 ], [ 12930744.478410208597779, 194666.779573127540061 ], [ 12930632.157044, 194842.412255536619341 ], [ 12930537.424157332628965, 194936.632512541342294 ], [ 12930596.868765415623784, 195049.006373489508405 ], [ 12930650.079482017084956, 195238.003974857885623 ], [ 12930730.563473857939243, 195532.916308089275844 ], [ 12930726.222013719379902, 195711.668133382976521 ], [ 12930856.79977641813457, 195842.530158980371198 ], [ 12930842.105603635311127, 196026.405365708691534 ], [ 12930906.893547276034951, 196199.700379516580142 ], [ 12930858.69220776297152, 196311.295317227108171 ], [ 12930777.428979482501745, 196505.974054997263011 ], [ 12930765.963071931153536, 196635.94560250453651 ], [ 12930786.557177729904652, 196860.138360895623919 ], [ 12930778.987452354282141, 197052.812907879124396 ], [ 12930934.946058955043554, 197116.183939776878105 ], [ 12931005.633935607969761, 197220.094654569053091 ], [ 12931238.180351877585053, 197324.450912766362308 ], [ 12931338.924491044133902, 197350.178024020773591 ], [ 12931441.672381047159433, 197437.494304336374626 ], [ 12931488.092608707025647, 197599.764581705880119 ], [ 12931471.506004579365253, 197878.085691529529868 ], [ 12931586.944316532462835, 197957.383331560558872 ], [ 12931682.679078612476587, 197993.245476562733529 ], [ 12931823.275595486164093, 198180.018301872507436 ], [ 12932006.507477331906557, 198452.548781752411742 ], [ 12931961.311764070764184, 198640.658506910462165 ], [ 12931873.258046852424741, 198935.68707389687188 ], [ 12931847.988522443920374, 199058.420865031861467 ], [ 12931793.775930425152183, 199333.514112897886662 ], [ 12931755.927303556352854, 199530.200443669076776 ], [ 12931799.453224455937743, 199570.740571657603141 ], [ 12932038.122212717309594, 199598.584070823941147 ], [ 12932110.813840206712484, 199666.856346874061273 ], [ 12932183.728106675669551, 199905.308309427025961 ], [ 12932147.883230639621615, 200306.589846760325599 ], [ 12932293.043846633285284, 200428.767591226031072 ], [ 12932460.579680278897285, 200656.973985446878942 ], [ 12932564.218126207590103, 200881.059772253734991 ], [ 12932596.723417520523071, 201064.493997934070649 ], [ 12932548.076800040900707, 201299.94047905417392 ], [ 12932643.143645180389285, 201546.970241738075856 ], [ 12932581.25000829808414, 201737.310332646535244 ], [ 12932497.649070713669062, 201902.591165814490523 ], [ 12932528.261930679902434, 202061.857865085708909 ], [ 12932541.397630592808127, 202144.721148637821898 ], [ 12932620.991066511720419, 202326.931392127939034 ], [ 12932799.770168725401163, 202449.444484826875851 ], [ 12932968.753155749291182, 202578.64019074672251 ], [ 12932971.758782001212239, 202725.656095110898605 ], [ 12932978.660590428858995, 202866.880565240979195 ], [ 12933021.963872348889709, 202984.938952528958907 ], [ 12933134.396558050066233, 203198.112480799260084 ], [ 12933303.379545073956251, 203357.046079243504209 ], [ 12933402.676530860364437, 203370.299832817225251 ], [ 12933482.603925252333283, 203752.2087900165061 ], [ 12933525.239290224388242, 203943.441983392927796 ], [ 12933572.694789152592421, 204290.468883673485834 ], [ 12933614.740160824730992, 204529.728234096663073 ], [ 12933581.56695256754756, 204662.266588521859376 ], [ 12933542.560602992773056, 204988.600896677322453 ], [ 12933648.803925005719066, 205187.743051985133206 ], [ 12933634.443710694089532, 205561.524952877691248 ], [ 12933519.450676701962948, 205754.653303262864938 ], [ 12933313.843577207997441, 206027.194035559543408 ], [ 12933369.169364131987095, 206189.916736225684872 ], [ 12933336.998031293973327, 206362.774947135476395 ], [ 12933233.804863328114152, 206471.034161536459578 ], [ 12933124.489123370498419, 206537.303977468662197 ], [ 12932988.679344600066543, 206524.050012499385048 ], [ 12932915.765078131109476, 206629.970379307604162 ], [ 12932813.017188129946589, 206673.073636365239508 ], [ 12932624.219331743195653, 206815.526069844781887 ], [ 12932733.423752212896943, 207153.224510385218309 ], [ 12932667.299974681809545, 207232.859946187440073 ], [ 12932654.832191713154316, 207365.957005396019667 ], [ 12932667.299974681809545, 207504.511696820554789 ], [ 12932753.461260555312037, 207739.743037011474371 ], [ 12932807.117255117744207, 207856.467784140782896 ], [ 12932592.493276866152883, 208251.416729202348506 ], [ 12932548.076800040900707, 208432.073280823184177 ], [ 12932704.814643077552319, 209117.054943841794739 ], [ 12932746.893410598859191, 209405.973135252104839 ], [ 12932690.565748257562518, 209528.601996267272625 ], [ 12932601.176197148859501, 209673.952381399023579 ], [ 12932763.480014726519585, 209724.073229093366535 ], [ 12932819.696357576176524, 209796.915550823207013 ], [ 12932779.95529936440289, 209909.520478153630393 ], [ 12932896.618125716224313, 210067.679833719012095 ], [ 12932932.351682260632515, 210406.497704799898202 ], [ 12932899.178474005311728, 210674.812475462385919 ], [ 12932889.271039322018623, 210800.672168334102025 ], [ 12932673.422546673566103, 210986.677351417311002 ], [ 12932599.283765805885196, 211124.343578467378393 ], [ 12932525.924221372231841, 211243.854873098607641 ], [ 12932560.433263519778848, 211751.305334326869342 ], [ 12932595.83286159299314, 211858.89926089256187 ], [ 12932905.412365486845374, 212202.064143752242671 ], [ 12933031.759987538680434, 212649.148427519743564 ], [ 12933382.750342009589076, 213550.337189737911103 ], [ 12933698.897695863619447, 214278.442011793551501 ], [ 12933878.901312476024032, 214421.234197825542651 ], [ 12934037.420267364010215, 214567.256583412381588 ], [ 12934137.385170098394156, 215187.101143034029519 ], [ 12934320.283093471080065, 215416.88410748433671 ], [ 12934363.697694880887866, 215655.24385212699417 ], [ 12934387.186107436195016, 215764.399349693267141 ], [ 12934381.5088134072721, 215977.475518309947802 ], [ 12934348.446924639865756, 216110.021714426460676 ], [ 12934283.881619980558753, 216275.537515531294048 ], [ 12934319.281218053773046, 216460.211441236664541 ], [ 12934318.613301109522581, 216524.145641132432502 ], [ 12934338.539489960297942, 216568.810487063892651 ], [ 12934464.441834047436714, 216631.742270545917563 ], [ 12934668.601780161261559, 216802.048034593171906 ], [ 12934835.358377372846007, 217032.501273305184441 ], [ 12934904.933059114962816, 217065.025387793633854 ], [ 12935110.985436575487256, 217130.853321713890182 ], [ 12935227.982221398502588, 217176.632152333564591 ], [ 12935259.374317800626159, 217208.153835393022746 ], [ 12935239.559448441490531, 217280.999017240974354 ], [ 12935169.984766693785787, 217377.012128952308558 ], [ 12935122.451344126835465, 217529.719859350618208 ], [ 12935015.028035510331392, 217745.137103103246773 ], [ 12934843.707339180633426, 217892.164526804554043 ], [ 12934800.626696243882179, 218183.65787500407896 ], [ 12934750.978203348815441, 218505.671117498568492 ], [ 12934734.168960241600871, 218704.827285947307246 ], [ 12934860.627901781350374, 218952.547560285252985 ], [ 12935036.512697234749794, 219213.857164330634987 ], [ 12935078.3688257727772, 219333.59634275053395 ], [ 12935033.173112509772182, 219472.939428133046022 ], [ 12934993.988651750609279, 219583.545165172981797 ], [ 12934919.849870881065726, 219800.190027711651055 ], [ 12934974.841699335724115, 219954.904688798356801 ], [ 12934760.551679559051991, 220093.468541156500578 ], [ 12934738.176461908966303, 220164.644065166416112 ], [ 12934708.342838376760483, 220339.185724422975909 ], [ 12934634.983293943107128, 220532.217630284052575 ], [ 12934717.582356112077832, 220895.11370461891056 ], [ 12934707.897560412064195, 221092.044715661322698 ], [ 12934776.804325213655829, 221142.72552464203909 ], [ 12934959.590929096564651, 221300.671519974974217 ], [ 12935035.84478029049933, 221406.711502677615499 ], [ 12935178.222409015521407, 221443.134914211172145 ], [ 12935325.609414825215936, 221552.962125414167531 ], [ 12935532.774987190961838, 221856.045469894714188 ], [ 12935688.510954808443785, 221910.290869552292861 ], [ 12935957.904122529551387, 221837.33248153727618 ], [ 12936217.501175060868263, 221861.948972570302431 ], [ 12936426.55917876958847, 222059.215180684172083 ], [ 12936585.96868958696723, 222158.683767038892256 ], [ 12936822.856565993279219, 222269.625277572311461 ], [ 12936990.169760657474399, 222327.657961966615403 ], [ 12937079.559311762452126, 222476.693999670504127 ], [ 12937162.381012912839651, 222658.923579988477286 ], [ 12937330.918721972033381, 222684.208505544054788 ], [ 12937345.501575270667672, 222711.38701973381103 ], [ 12937444.01932462118566, 222812.192609718360472 ], [ 12937457.266344023868442, 222881.809762349817902 ], [ 12937457.266344023868442, 222951.315554015949601 ], [ 12937440.679739898070693, 223027.504625286615919 ], [ 12937400.938681684434414, 223060.69811950167059 ], [ 12937414.185701087117195, 223093.780232160876039 ], [ 12937450.587174575775862, 223116.948853352834703 ], [ 12937500.235667472705245, 223136.887236446142197 ], [ 12937609.551407430320978, 223189.907751813385403 ], [ 12937666.324347736313939, 223202.494557095429627 ], [ 12937699.052278028801084, 223222.989887909643585 ], [ 12937762.281748799607158, 223272.446021753916284 ], [ 12937808.368017986416817, 223315.775843740266282 ], [ 12937834.862056795507669, 223352.199635230819695 ], [ 12937897.757569093257189, 223401.878579705167795 ], [ 12937970.6718355640769, 223441.644022600405151 ], [ 12938046.814367264509201, 223517.83329878753284 ], [ 12938094.125150855630636, 223576.646095191157656 ], [ 12938173.161989316344261, 223676.004120164783671 ], [ 12938195.871165437623858, 223696.722280189977027 ], [ 12938229.044373694807291, 223709.977448325487785 ], [ 12938288.600301269441843, 223709.977448325487785 ], [ 12938361.51456773839891, 223716.549338767566951 ], [ 12938414.502645356580615, 223733.146147890132852 ], [ 12938484.077327102422714, 223762.886742521979613 ], [ 12938543.633254677057266, 223840.190033715975005 ], [ 12938623.226690594106913, 223915.265595817094436 ], [ 12938676.214768212288618, 224004.710259990213672 ], [ 12938729.202845828607678, 224051.159125380625483 ], [ 12938782.190923446789384, 224114.093458348506829 ], [ 12938793.768150489777327, 224166.334540688432753 ], [ 12938798.777527576312423, 224236.620540860050824 ], [ 12938772.28348876722157, 224306.238238227000693 ], [ 12938722.523676380515099, 224355.917443399841432 ], [ 12938702.708807021379471, 224395.57170662045246 ], [ 12938693.469289286062121, 224464.409745947632473 ], [ 12938725.863261107355356, 224561.206321191741154 ], [ 12938735.77069578692317, 224660.67627343404456 ], [ 12938765.60431931912899, 224740.09633050695993 ], [ 12938819.371633371338248, 224842.016931641090196 ], [ 12938851.765605192631483, 224918.98651654223795 ], [ 12938858.333455147221684, 225008.431675873958739 ], [ 12938855.10518991574645, 225137.642693986475933 ], [ 12938851.765605192631483, 225243.684908885799814 ], [ 12938884.938813449814916, 225303.277987639245111 ], [ 12938944.494741022586823, 225435.719498491584091 ], [ 12938964.420929877087474, 225518.592957559361821 ], [ 12938964.420929877087474, 225561.589148897473933 ], [ 12938934.587306343019009, 225674.203574259532616 ], [ 12938926.015705551952124, 225725.888160974398488 ], [ 12938927.908136893063784, 225786.818069945235038 ], [ 12938980.896214514970779, 225863.008332447061548 ], [ 12939037.223876854404807, 225965.70929282598081 ], [ 12939090.211954472586513, 226038.557948813016992 ], [ 12939153.21878626011312, 226104.834656854043715 ], [ 12939173.033655621111393, 226144.600693392101675 ], [ 12939207.097419805824757, 226186.928697120660217 ], [ 12939186.280675027519464, 226287.067882432020269 ], [ 12939169.805390389636159, 226359.916668515041238 ], [ 12939143.311351580545306, 226412.938127709610853 ], [ 12939136.632182132452726, 226436.107173612283077 ], [ 12939189.620259748771787, 226535.466769720951561 ], [ 12939192.959844471886754, 226588.488280712190317 ], [ 12939143.311351580545306, 226644.740110955201089 ], [ 12939071.62159951031208, 226680.83040340046864 ], [ 12938997.482818640768528, 226701.103348635195289 ], [ 12938951.173910470679402, 226724.27243170683505 ], [ 12938918.00070221349597, 226744.211212321242783 ], [ 12938815.364131703972816, 226764.038605296285823 ], [ 12938759.036469360813498, 226773.952302605146542 ], [ 12938653.060314126312733, 226823.632187255920144 ], [ 12938603.634460214525461, 226872.086796522751683 ], [ 12938530.497554762288928, 226903.164587286388269 ], [ 12938492.092330439016223, 226951.396438096009661 ], [ 12938507.2317811883986, 227115.139769741217606 ], [ 12938533.725819997489452, 227217.841445936239325 ], [ 12938537.065404718741775, 227300.715726490947418 ], [ 12938593.393067060038447, 227423.244975016947137 ], [ 12938629.794540548697114, 227482.838776213029632 ], [ 12938626.56627531722188, 227562.371468921599444 ], [ 12938573.466878209263086, 227701.498071056470508 ], [ 12938519.142966702580452, 227799.52168282342609 ], [ 12938384.669021824374795, 227963.265790631849086 ], [ 12938378.101171867921948, 228049.37074566289084 ], [ 12938397.916041227057576, 228165.328454504196998 ], [ 12938440.996684165671468, 228277.944514785252977 ], [ 12938401.366945441812277, 228343.776488012605114 ], [ 12938281.030575893819332, 228526.011992519081105 ], [ 12938172.716711353510618, 228648.876255132752704 ], [ 12938013.752478498965502, 228797.917514376458712 ], [ 12937811.707602711394429, 228937.045080579962814 ], [ 12937546.655895132571459, 229102.68388625656371 ], [ 12937432.998695030808449, 229200.151312139612855 ], [ 12937278.375922320410609, 229265.092495311080711 ], [ 12937059.744442401453853, 229291.492262671526987 ], [ 12936917.255494186654687, 229318.003425406903261 ], [ 12936835.101709982380271, 229361.111921167495893 ], [ 12936741.704657204449177, 229387.623094303591643 ], [ 12936718.550203118473291, 229420.929153564036824 ], [ 12936708.531448947265744, 229478.518575133522972 ], [ 12936708.531448947265744, 229594.254432487214217 ], [ 12936725.118053078651428, 229662.648901515465695 ], [ 12936728.457637801766396, 229697.514496047428111 ], [ 12936791.353150099515915, 229778.607662583119236 ], [ 12936857.588247120380402, 229824.946631558181252 ], [ 12936933.842098314315081, 229901.138616522570373 ], [ 12936998.073444502428174, 229966.080056494654855 ], [ 12937009.984630018472672, 230080.033961592067499 ], [ 12937069.651877084746957, 230176.1652211198234 ], [ 12937125.979539424180984, 230254.807982149563031 ], [ 12937217.038882894441485, 230377.339265953312861 ], [ 12937293.404053576290607, 230474.80739330308279 ], [ 12937370.993738660588861, 230519.809838255227078 ], [ 12937414.964937524870038, 230577.176832981989719 ], [ 12937491.99802515283227, 230700.265302070503822 ], [ 12937543.316310407593846, 230836.163983083271887 ], [ 12937591.295010939240456, 230980.194420826126589 ], [ 12937702.280543260276318, 231096.154046738491161 ], [ 12937705.620127983391285, 231132.579420491296332 ], [ 12937665.879069771617651, 231238.625199827394681 ], [ 12937652.63205036893487, 231337.987479623465333 ], [ 12937669.218654494732618, 231404.26616158473189 ], [ 12937665.879069771617651, 231497.056358293571975 ], [ 12937619.458842111751437, 231599.649177810526453 ], [ 12937592.964803302660584, 231659.355775696894852 ], [ 12937589.73653807118535, 231881.250623332685791 ], [ 12937619.458842111751437, 232026.952814402728109 ], [ 12937606.211822707206011, 232132.887740315461997 ], [ 12937608.326893029734492, 232189.475508248753613 ], [ 12937568.251876344904304, 232290.175045975338435 ], [ 12937546.655895132571459, 232381.406203685735818 ], [ 12937563.131179770454764, 232464.171507531951647 ], [ 12937569.810349216684699, 232540.364634760277113 ], [ 12937530.069291004911065, 232623.13001376518514 ], [ 12937506.91483691893518, 232689.409181306953542 ], [ 12937507.916712336242199, 232806.706660382798873 ], [ 12937539.976725684478879, 232990.840468634880381 ], [ 12937582.055493203923106, 233085.525200582720572 ], [ 12937659.199900321662426, 233169.7389582558244 ], [ 12937746.140422632917762, 233311.320645081141265 ], [ 12937811.596283219754696, 233451.342929887730861 ], [ 12937821.948995862156153, 233498.574020291911438 ], [ 12937840.561614725738764, 233554.081707284378354 ], [ 12938346.987374190241098, 233401.560928876511753 ], [ 12938762.665484761819243, 233657.979044910287485 ], [ 12939254.074244918301702, 233825.181816594151314 ], [ 12939468.475584188476205, 233848.240439280023566 ], [ 12939900.506527956575155, 234047.524991656653583 ], [ 12940277.656962763518095, 234181.309774551104056 ], [ 12940499.516707915812731, 234153.906721543229651 ], [ 12940652.58100775629282, 234211.831879329372896 ], [ 12940781.266339112073183, 234318.325104413146619 ], [ 12941154.075313778594136, 234528.304092057689559 ], [ 12941335.860042244195938, 234528.304092057689559 ], [ 12941608.592794690281153, 234473.49788086800254 ], [ 12941726.814093910157681, 234391.399991196609335 ], [ 12941890.453745376318693, 234263.518959501787322 ], [ 12942163.075178328901529, 234254.38460369760287 ], [ 12942617.703978730365634, 234363.996905049338238 ], [ 12942955.669952778145671, 234375.247765098814853 ], [ 12943108.622933128848672, 234345.72818335366901 ], [ 12943490.448786547407508, 234144.772371500643203 ], [ 12943685.925812380388379, 234180.195829222619068 ], [ 12944026.786093190312386, 234217.847185282997089 ], [ 12944265.789039922878146, 234214.728137725527631 ], [ 12944445.681337045505643, 234194.677119049651083 ], [ 12944576.259099746122956, 234154.463694122299785 ], [ 12944935.821055008098483, 234099.100628487882204 ], [ 12945099.460706474259496, 234153.906721543229651 ], [ 12945317.646908426657319, 234464.363514018798014 ], [ 12945309.520585600286722, 234970.430441316071665 ], [ 12945335.791985427960753, 235231.429216409218498 ], [ 12945426.740009404718876, 235487.192802633420797 ], [ 12945635.798013115301728, 235715.442071782425046 ], [ 12945785.300089251250029, 235812.801783496455755 ], [ 12946023.857758022844791, 235927.984854320820887 ], [ 12946168.461776562035084, 235988.584102338907542 ], [ 12946383.197074301540852, 236052.748035213880939 ], [ 12946626.764120157808065, 236016.767215748201124 ], [ 12946754.002298135310411, 235907.265263374923961 ], [ 12947408.560904, 235715.442071782425046 ], [ 12947590.345632463693619, 235624.097769746993436 ], [ 12947844.599349435418844, 235470.037916110188235 ], [ 12948056.440340414643288, 235441.743496603594394 ], [ 12948174.884278619661927, 235502.342573965957854 ], [ 12948283.532101636752486, 235767.686578449560329 ], [ 12948434.258692167699337, 235863.263989780651173 ], [ 12948440.492583651095629, 236154.452373573323712 ], [ 12948548.917767684906721, 236602.932461348857032 ], [ 12948727.251591935753822, 237020.445526419352973 ], [ 12948840.352194581180811, 237251.03615482558962 ], [ 12948879.536655340343714, 237385.937385954690399 ], [ 12948979.501558074727654, 237485.971563122206135 ], [ 12949292.75460516475141, 237464.249214565614238 ], [ 12949448.156614311039448, 237480.958713210944552 ], [ 12949650.424129083752632, 237572.526794716337463 ], [ 12949736.474095467478037, 237625.106055851181736 ], [ 12949736.474095467478037, 237686.040092655137414 ], [ 12949705.972554991021752, 237751.318627804837888 ], [ 12949692.948174567893147, 237894.909213380306028 ], [ 12949853.916158255189657, 238121.045135587017285 ], [ 12949962.563981266692281, 238160.2569121333363 ], [ 12950019.114282593131065, 238212.390765338699566 ], [ 12950062.640203492715955, 238325.458899074437795 ], [ 12950058.298743352293968, 238362.442777784162899 ], [ 12950008.31629198230803, 238432.066065163584426 ], [ 12949936.515220424160361, 238484.200001346151112 ], [ 12949899.557149481028318, 238606.068709172162926 ], [ 12950023.455742733553052, 238806.138549969036831 ], [ 12950047.38943325355649, 238993.175100183405448 ], [ 12949962.563981266692281, 239143.33919743806473 ], [ 12949977.814751507714391, 239315.114610629767412 ], [ 12950019.114282593131065, 239413.033357649284881 ], [ 12950160.490035898983479, 239419.494437365414342 ], [ 12950586.843685638159513, 239454.250594534853008 ], [ 12950791.226270735263824, 239567.43095047477982 ], [ 12950921.804033434018493, 239773.963014828361338 ], [ 12951122.958353295922279, 240068.722804111777805 ], [ 12951315.429752878844738, 240438.454345335543621 ], [ 12951719.964782422408462, 240738.673831698222784 ], [ 12951767.832163464277983, 240882.155540694569936 ], [ 12951854.884005263447762, 241251.88886028129491 ], [ 12951822.044755481183529, 241390.692237903713249 ], [ 12951846.201084982603788, 241621.622990183561342 ], [ 12951920.117226868867874, 242021.770031385211041 ], [ 12951937.928345395252109, 242525.185771303920774 ], [ 12951902.640066813677549, 242600.380772387754405 ], [ 12951759.14924318343401, 242848.357414859521668 ], [ 12951697.700884262099862, 242897.596306653693318 ], [ 12951557.660964846611023, 242945.721210352930939 ], [ 12951397.583537084981799, 243087.53379633082659 ], [ 12951232.830690709874034, 243318.132680450071348 ], [ 12951145.778848910704255, 243513.863480302883545 ], [ 12951050.155406318604946, 243692.215990968019469 ], [ 12950937.054803673177958, 243822.666323918063426 ], [ 12950862.470744840800762, 243853.969962959003169 ], [ 12950727.885480472818017, 243863.550437290803529 ], [ 12950405.838193608447909, 243820.326906289556064 ], [ 12950309.658153561875224, 243825.117142421251629 ], [ 12950247.37489846162498, 243830.241581225796835 ], [ 12950079.004168638959527, 243849.179725999303628 ], [ 12949891.54214614443481, 243839.599252492393134 ], [ 12949694.506647439673543, 243916.465857752074953 ], [ 12949319.582602446898818, 244243.316426957346266 ], [ 12949178.652127103880048, 244434.035255624039564 ], [ 12949036.051859397441149, 244594.118927049683407 ], [ 12948742.836320646107197, 244695.048586098448141 ], [ 12948616.043420633301139, 244880.309256531530991 ], [ 12948406.317499978467822, 245151.683648108504713 ], [ 12947997.774968767538667, 245541.144551806908567 ], [ 12947853.616228191182017, 245694.879370871232823 ], [ 12947695.431231772527099, 245762.389053884806344 ], [ 12947480.918573014438152, 245760.940826072619529 ], [ 12947339.320180727168918, 245810.291980965179391 ], [ 12947036.531165767461061, 245819.872568044171203 ], [ 12946791.405647039413452, 246055.376941061811522 ], [ 12946714.483878901228309, 246218.804250325978501 ], [ 12946488.616632083430886, 246636.898163672740338 ], [ 12946315.626143388450146, 246833.969709325494478 ], [ 12946233.917637148872018, 247006.978445242042653 ], [ 12946080.296739853918552, 247400.008624895737739 ], [ 12946000.258025974035263, 247462.95147044674377 ], [ 12945943.151127194985747, 247543.050453864358133 ], [ 12945903.29874949157238, 247734.664313853048952 ], [ 12945891.721522448584437, 247771.65027069314965 ], [ 12945771.607791883870959, 247977.412658554938389 ], [ 12945473.716834520921111, 248285.332599074987229 ], [ 12945434.42105427198112, 248377.463605385855772 ], [ 12945457.241549884900451, 248520.394882147491444 ], [ 12945440.098348302766681, 248640.377040081570158 ], [ 12945400.913887541741133, 248769.49442805928993 ], [ 12945308.630029674619436, 248857.615154280938441 ], [ 12945325.773231256753206, 248931.921795969188679 ], [ 12945469.04141590744257, 249060.036774742155103 ], [ 12945605.853070091456175, 249149.048893036757363 ], [ 12945713.276378709822893, 249197.621233360172482 ], [ 12945876.136793738231063, 249427.226000967842992 ], [ 12945926.007925612851977, 249537.739424936677096 ], [ 12945977.437530359253287, 249737.822387084219372 ], [ 12946023.189841076731682, 249817.811078754632035 ], [ 12946126.049050569534302, 249880.643449054448865 ], [ 12946229.798815988004208, 249887.439150131423958 ], [ 12946263.083343736827374, 249904.595511488907505 ], [ 12946324.309063671156764, 249987.369410187442554 ], [ 12946454.552867902442813, 250091.533124473760836 ], [ 12946503.64476334117353, 250171.187774498859653 ], [ 12946512.995600566267967, 250280.810461519635282 ], [ 12946479.15447536483407, 250414.830981111241272 ], [ 12946465.350858505815268, 250611.015831283322768 ], [ 12946494.405245603993535, 250719.858976423391141 ], [ 12946528.135051315650344, 250938.882353561901255 ], [ 12946583.349518749862909, 251010.961830748477951 ], [ 12946713.593322977423668, 251141.195155942637939 ], [ 12946738.083610951900482, 251197.900716893171193 ], [ 12946709.029223853722215, 251392.526830500573851 ], [ 12946758.009799802675843, 251579.466157038637903 ], [ 12946843.837127204984426, 251731.089929160254542 ], [ 12946951.149116327986121, 251898.087914728472242 ], [ 12947013.933309134095907, 251953.234051934530726 ], [ 12947139.613014241680503, 252029.881643600820098 ], [ 12947214.753670526668429, 252147.861074543005088 ], [ 12947386.297005841508508, 252270.408261252450757 ], [ 12947430.713482666760683, 252316.419183567195432 ], [ 12947493.608994964510202, 252350.175389156007441 ], [ 12947524.22185493260622, 252373.125156725873239 ], [ 12947636.097943179309368, 252357.75104022573214 ], [ 12947666.710803147405386, 252357.75104022573214 ], [ 12947708.121653722599149, 252377.692829301726306 ], [ 12947810.758224233984947, 252492.664532852621051 ], [ 12947858.291646804660559, 252532.436740087257931 ], [ 12947943.117098785936832, 252567.195651925663697 ], [ 12947973.173361301422119, 252609.084606923308456 ], [ 12947986.976978160440922, 252659.663306460483 ], [ 12947991.541077284142375, 252708.682325570407556 ], [ 12948101.858692659065127, 252939.963171578943729 ], [ 12948107.981264652684331, 252988.9822760366078 ], [ 12948132.582872118800879, 253057.943268729926785 ], [ 12948193.808592053130269, 253082.452837067015935 ], [ 12948235.219442630186677, 253077.885144502855837 ], [ 12948294.998009184375405, 253088.58022973491461 ], [ 12948357.782201994210482, 253157.541265133913839 ], [ 12948408.321250813081861, 253277.081223717483226 ], [ 12948426.243688831105828, 253285.213954791659489 ], [ 12948475.780862234532833, 253286.328027573559666 ], [ 12948544.687627032399178, 253309.27792859976762 ], [ 12948586.098477609455585, 253349.161744977725903 ], [ 12948601.460567338392138, 253396.73267857771134 ], [ 12948652.444894121959805, 253398.180974201008212 ], [ 12948736.26847068965435, 253419.682595375634264 ], [ 12948826.659897213801742, 253465.582438809826272 ], [ 12948883.321518028154969, 253461.014735356060555 ], [ 12948924.732368603348732, 253519.280815985257505 ], [ 12948944.658557455986738, 253598.937155459454516 ], [ 12948961.467800565063953, 253739.867699076043209 ], [ 12948927.849314345046878, 253854.840376562642632 ], [ 12948940.09445833414793, 253885.477489609154873 ], [ 12949005.550318917259574, 253944.857801748818019 ], [ 12949044.289501713588834, 254075.539129031734774 ], [ 12949087.926742104813457, 254123.3330937634164 ], [ 12949171.638999184593558, 254111.969492465053918 ], [ 12949257.24368760176003, 254116.871438024303643 ], [ 12949373.683874974027276, 254149.06831144914031 ], [ 12949466.858288764953613, 254191.960350115579786 ], [ 12949560.589300015941262, 254205.663523331895703 ], [ 12949624.931965693831444, 254234.740992333972827 ], [ 12949690.833104243502021, 254256.242725682270247 ], [ 12949785.899949379265308, 254237.860414609604049 ], [ 12949810.390237355604768, 254243.987851399258943 ], [ 12949844.120043065398932, 254268.497600903414423 ], [ 12949869.166928494349122, 254303.702520393999293 ], [ 12949876.291375905275345, 254337.459143506945111 ], [ 12949881.857350442558527, 254434.941180919937324 ], [ 12949897.776037627831101, 254555.039132689067628 ], [ 12949930.949245885014534, 254597.485647419496672 ], [ 12949994.290036143735051, 254657.757489536365028 ], [ 12950050.951656958088279, 254850.828072131233057 ], [ 12950058.632701825350523, 254892.160581477131927 ], [ 12950165.83337145857513, 254993.319436549878446 ], [ 12950340.604972003027797, 255063.841011104232166 ], [ 12950438.232165429741144, 255052.143117434694432 ], [ 12950528.846230935305357, 255000.783803946134867 ], [ 12950547.770544366911054, 254962.459294452506583 ], [ 12950611.779251575469971, 254870.324537470907671 ], [ 12950732.894857557490468, 254778.635466908919625 ], [ 12950881.395058277994394, 254740.422419016307686 ], [ 12950994.940938884392381, 254670.012395519734127 ], [ 12951098.134106850251555, 254673.911683984246338 ], [ 12951157.467395443469286, 254703.657687687373254 ], [ 12951313.871280008926988, 254732.178205800679279 ], [ 12951405.598540421575308, 254761.924220350279938 ], [ 12951516.472753250971437, 254806.821773398580262 ], [ 12951563.449578365311027, 254818.631057437858544 ], [ 12951624.786617793142796, 254863.194401299202582 ], [ 12951655.399477761238813, 254875.337914657255169 ], [ 12951859.11414591409266, 255060.721572708542226 ], [ 12952000.155940748751163, 255131.243177049647784 ], [ 12952037.559289656579494, 255131.800219862023368 ], [ 12952128.841272108256817, 255056.153823739092331 ], [ 12952222.349644372239709, 255014.709863454161678 ], [ 12952487.178712969645858, 255093.92131304947543 ], [ 12952579.351251346990466, 255135.810928168764804 ], [ 12952611.967862149700522, 255189.175639957364183 ], [ 12952630.558217111974955, 255231.622323251940543 ], [ 12952686.551920980215073, 255276.742825756256934 ], [ 12952738.649442670866847, 255307.380211278330535 ], [ 12952763.251050136983395, 255364.087242197361775 ], [ 12952781.618766117841005, 255429.372768396773608 ], [ 12952847.519904667511582, 255491.316056891344488 ], [ 12952896.500480616465211, 255489.75633350427961 ], [ 12952982.327808018773794, 255472.933603656099876 ], [ 12953034.425329709425569, 255488.308018944051582 ], [ 12953084.964378530159593, 255479.061087832174962 ], [ 12953120.252657109871507, 255466.806119715736713 ], [ 12953183.036849919706583, 255405.531293271749746 ], [ 12953218.325128501281142, 255408.539329656283371 ], [ 12953259.624659584835172, 255454.551152541855117 ], [ 12953433.839662672951818, 255535.656771000038134 ], [ 12953544.713875506073236, 255615.53693284309702 ], [ 12953628.982730034738779, 255620.104697841627058 ], [ 12953782.158349366858602, 255590.915567668678705 ], [ 12954002.23698266595602, 255629.017410411150195 ], [ 12954123.909186102449894, 255655.309915397985606 ], [ 12954235.785274349153042, 255658.429365430289181 ], [ 12954326.176700875163078, 255675.252114872593665 ], [ 12954472.561831267550588, 255652.190465426800074 ], [ 12954620.282795548439026, 255616.985248560114997 ], [ 12954664.81059186719358, 255623.11273827808327 ], [ 12954908.488957213237882, 255729.396870179771213 ], [ 12954963.592105155810714, 255728.839825278322678 ], [ 12955082.147362852469087, 255702.770126070798142 ], [ 12955109.197999114170671, 255702.88153503270587 ], [ 12955154.282392885535955, 255684.387648427073145 ], [ 12955266.381120113655925, 255684.164830529276514 ], [ 12955339.740664547309279, 255716.47342896804912 ], [ 12955392.172144711017609, 255752.792757801449625 ], [ 12955461.635506965219975, 255819.303942828148138 ], [ 12955477.665513638406992, 255853.395113770005992 ], [ 12955498.370938925072551, 255866.764202408056008 ], [ 12955720.008045095950365, 255841.808571192494128 ], [ 12955769.433899007737637, 255831.558938077359926 ], [ 12955856.81969928368926, 255841.14011683879653 ], [ 12956026.470603249967098, 255912.330521290539764 ], [ 12956062.315479284152389, 255911.105021100782324 ], [ 12956140.016483860090375, 255877.905110464722384 ], [ 12956219.832558760419488, 255815.738853478367673 ], [ 12956302.431620927527547, 255782.650371761614224 ], [ 12956510.599068712443113, 255663.554176330420887 ], [ 12956563.698465820401907, 255609.520852313289652 ], [ 12956665.555799894034863, 255569.747881195420632 ], [ 12956761.179242486134171, 255511.59246231400175 ], [ 12956906.562497463077307, 255525.51856643447536 ], [ 12957036.583662707358599, 255544.458069992251694 ], [ 12957068.309717584401369, 255576.3210045886226 ], [ 12957268.016884068027139, 255685.947373720497126 ], [ 12957301.078772833570838, 255712.796932953031501 ], [ 12957495.999201212078333, 255749.450487930560485 ], [ 12957578.041665928438306, 255781.536281587847043 ], [ 12957621.010989375412464, 255779.86514634185005 ], [ 12957689.806434685364366, 255788.443640790937934 ], [ 12957741.458678411319852, 255834.901209672854748 ], [ 12957826.061491413041949, 255871.777610937017016 ], [ 12957929.922576323151588, 255841.028707780089462 ], [ 12958021.093239285051823, 255786.883914493024349 ], [ 12958093.896186264231801, 255647.734108431002824 ], [ 12958170.706634910777211, 255568.856610247748904 ], [ 12958263.435770742595196, 255533.094367587327724 ], [ 12958370.970398848876357, 255448.980713228986133 ], [ 12958500.101008167490363, 255363.641607298137387 ], [ 12958582.588750844821334, 255251.787286990787834 ], [ 12958654.835100369527936, 255176.140833968704101 ], [ 12958692.683727238327265, 255105.619209781754762 ], [ 12958714.279708452522755, 255024.848035540315323 ], [ 12958730.532354110851884, 254906.086631509941071 ], [ 12958808.122039195150137, 254842.249628135701641 ], [ 12958869.79303709231317, 254763.261120010603918 ], [ 12958901.741730950772762, 254675.137174664065242 ], [ 12958911.649165630340576, 254597.819871989660896 ], [ 12958875.025053160265088, 254498.443797242944129 ], [ 12958819.921905217692256, 254384.807554261089535 ], [ 12958811.350304426625371, 254331.554519148310646 ], [ 12958848.085736388340592, 254261.367491569777485 ], [ 12958904.190759746357799, 254211.122511362569639 ], [ 12958940.369594255462289, 254168.119059672550065 ], [ 12959012.727263271808624, 254106.176284270302858 ], [ 12959059.036171440035105, 254092.473119566508103 ], [ 12959107.237510954961181, 254119.990858003817266 ], [ 12959177.257470663636923, 254174.023678002966335 ], [ 12959210.541998412460089, 254192.294573838647921 ], [ 12959246.498193936422467, 254224.937094149296172 ], [ 12959305.052246095612645, 254293.675802028999897 ], [ 12959363.494978761300445, 254324.647223005187698 ], [ 12959420.26791906543076, 254345.257704314484727 ], [ 12959544.166512317955494, 254369.321837202063762 ], [ 12959657.712392929941416, 254369.321837202063762 ], [ 12959717.824917957186699, 254384.807554261089535 ], [ 12959784.950570905581117, 254412.43675100983819 ], [ 12959808.105024989694357, 254435.163997073512292 ], [ 12959848.625319637358189, 254532.757502170104999 ], [ 12959922.54146152548492, 254596.371565523993922 ], [ 12959986.216210259124637, 254677.25393131520832 ], [ 12960015.49323633685708, 254704.771770330553409 ], [ 12960048.109847141429782, 254718.474987478053663 ], [ 12960201.285466469824314, 254706.442894310108386 ], [ 12960262.288547426462173, 254709.228100981330499 ], [ 12960296.018353134393692, 254736.968762076867279 ], [ 12960373.274079747498035, 254770.168435100727947 ], [ 12960426.596115836873651, 254783.871657856943784 ], [ 12960544.70609556697309, 254836.344985133851878 ], [ 12960665.710382059216499, 254842.361036496324232 ], [ 12960760.331949234008789, 254868.207778261683416 ], [ 12960796.399464251473546, 254864.754118559474591 ], [ 12960848.942263906821609, 254841.135544533783104 ], [ 12960877.217414567247033, 254819.967957572720479 ], [ 12960952.914668306708336, 254788.996440653136233 ], [ 12961025.161017831414938, 254747.775366297166329 ], [ 12961147.2784992326051, 254732.28961408464238 ], [ 12961354.555391089990735, 254737.637211801309604 ], [ 12961494.817949488759041, 254723.711176454409724 ], [ 12961572.184995589777827, 254682.378710691817105 ], [ 12961841.466843819245696, 254573.867112898005871 ], [ 12961918.499931449070573, 254520.056974163395353 ], [ 12961981.618082730099559, 254458.782511109980987 ], [ 12962052.305959379300475, 254451.318169032776495 ], [ 12962074.458538049831986, 254465.689813043834874 ], [ 12962100.841257367283106, 254497.886756639258238 ], [ 12962146.704887574538589, 254536.21115469725919 ], [ 12962188.004418658092618, 254580.885827981022885 ], [ 12962282.625985832884908, 254623.889390614436707 ], [ 12962335.948021924123168, 254635.921477567462716 ], [ 12962428.899796735495329, 254629.125576491933316 ], [ 12962471.646481199190021, 254609.740548782021506 ], [ 12962539.885329056531191, 254513.929526801774045 ], [ 12962624.933420021086931, 254477.721888092695735 ], [ 12962674.804551897570491, 254463.90728348394623 ], [ 12962755.733821704983711, 254374.446606710378546 ], [ 12962857.145877815783024, 254195.636811107280664 ], [ 12962918.03763928078115, 254064.064123305171961 ], [ 12962948.316540777683258, 254020.169448790780734 ], [ 12962979.374678708612919, 253990.869203205773374 ], [ 12962994.625448945909739, 253969.256097728473833 ], [ 12963087.24326528608799, 253939.621638255630387 ], [ 12963116.965569330379367, 253852.500815443258034 ], [ 12963138.784189524129033, 253840.691602695384063 ], [ 12963159.600934302434325, 253818.521479225397343 ], [ 12963281.941054683178663, 253772.621534848061856 ], [ 12963329.363157762214541, 253687.617546331457561 ], [ 12963357.193030459806323, 253659.097214272653218 ], [ 12963436.786466376855969, 253600.162637913919752 ], [ 12963584.284791678190231, 253557.716387439926621 ], [ 12963716.75498572178185, 253527.747781660349574 ], [ 12963849.113860273733735, 253570.194024209689815 ], [ 12964149.008568473160267, 253762.594849717686884 ], [ 12964255.096043199300766, 253807.269307179522002 ], [ 12964308.863357253372669, 253810.054498206416611 ], [ 12964373.873939875513315, 253795.125874867313541 ], [ 12964426.305420039221644, 253805.04115439276211 ], [ 12964537.847549814730883, 254014.042020563763799 ], [ 12964581.262151224538684, 254064.955385856417706 ], [ 12964721.190751150250435, 254092.361711728211958 ], [ 12964808.687870914116502, 254162.325849446671782 ], [ 12964813.029331054538488, 254195.859626927587669 ], [ 12964865.683450199663639, 254278.747133627010044 ], [ 12964906.092425357550383, 254279.861213310388848 ], [ 12965046.021025283262134, 254237.303374913113657 ], [ 12965088.433751275762916, 254247.887129478505813 ], [ 12965208.436162352561951, 254299.803240955166984 ], [ 12965310.961413374170661, 254364.754107996006496 ], [ 12965378.977622248232365, 254389.263875994598493 ], [ 12965403.356590732932091, 254447.196069826197345 ], [ 12965450.890013299882412, 254489.753964046598412 ], [ 12965548.294567743316293, 254517.160362654103665 ], [ 12965625.772933335974813, 254629.682617552869488 ], [ 12965670.746007615700364, 254749.557899022271158 ], [ 12965818.244332918897271, 254879.571433292730944 ], [ 12965949.601332053542137, 254952.098309454275295 ], [ 12966018.062818892300129, 254984.518167979025748 ], [ 12966105.559938654303551, 255069.411436962545849 ], [ 12966200.515464302152395, 255204.438619263848523 ], [ 12966219.328458247706294, 255367.540912708558608 ], [ 12966181.925109339877963, 255463.5752646420151 ], [ 12966178.251566143706441, 255614.311434939008905 ], [ 12966199.2909499052912, 255935.615026688290527 ], [ 12966160.55176710896194, 256003.463198221084895 ], [ 12966063.035893172025681, 256093.927471971779596 ], [ 12965893.162350222468376, 256223.830694044503616 ], [ 12965894.609503602609038, 256331.340730898373295 ], [ 12965919.099791577085853, 256527.644219168054406 ], [ 12965919.990347500890493, 256719.937201947876019 ], [ 12965868.226784285157919, 256853.517458770103985 ], [ 12965859.432544510811567, 256949.552708811301272 ], [ 12965878.134218964725733, 257068.427049073390663 ], [ 12965848.189275942742825, 257213.482831663714023 ], [ 12965773.271258637309074, 257438.308416462299647 ], [ 12965748.224373208358884, 257563.31068860203959 ], [ 12965712.824775137007236, 257679.511641666991636 ], [ 12965593.267642026767135, 257763.180837218504166 ], [ 12965513.340247634798288, 257783.12330182158621 ], [ 12965483.395304610952735, 257858.102534851233941 ], [ 12965483.395304610952735, 257923.054856146278325 ], [ 12965388.439778966829181, 258052.959578943555243 ], [ 12965213.445539439097047, 258382.846753026766237 ], [ 12965118.490013791248202, 258757.744701071322197 ], [ 12965043.571996487677097, 258847.65349480000441 ], [ 12965010.064829759299755, 258929.206497142498847 ], [ 12965038.117341440171003, 258982.015431063337019 ], [ 12965246.507428204640746, 259050.533378104359144 ], [ 12965305.61807781457901, 259109.581388954917202 ], [ 12965390.109571326524019, 259220.658556310605491 ], [ 12965433.190214263275266, 259286.94837767657009 ], [ 12965559.092558350414038, 259440.919129619549494 ], [ 12965645.031205242499709, 259515.67632922710618 ], [ 12965741.211245289072394, 259514.116566129174316 ], [ 12965824.255585420876741, 259537.290190895000705 ], [ 12965897.837768835946918, 259590.65638787401258 ], [ 12965968.970923451706767, 259652.824130849563517 ], [ 12966011.940246898680925, 259706.970249657897511 ], [ 12966082.294165080413222, 259766.241331198863918 ], [ 12966111.459871666505933, 259806.572418298543198 ], [ 12966130.161546120420098, 259859.493059386586538 ], [ 12966415.807359494268894, 259976.252768655336695 ], [ 12966475.029328599572182, 260033.741359787411056 ], [ 12966600.709033705294132, 260131.783967018272961 ], [ 12966780.156052863225341, 260220.579426807904383 ], [ 12966916.522429086267948, 260256.565555981360376 ], [ 12966999.900727689266205, 260272.720322544686496 ], [ 12967100.867505837231874, 260251.440595903084613 ], [ 12967200.387130606919527, 260114.626506318920292 ], [ 12967302.578423157334328, 260095.797866547654849 ], [ 12967349.109970308840275, 260041.205965223431122 ], [ 12967433.82410280033946, 259955.864378033962566 ], [ 12967474.233077958226204, 259865.732125619280851 ], [ 12967536.460673311725259, 259685.244952827517409 ], [ 12967583.437498426064849, 259657.61483608049457 ], [ 12967630.859601505100727, 259664.410953054524725 ], [ 12967670.044062262400985, 259649.258954958844697 ], [ 12967735.499922849237919, 259660.065894627332455 ], [ 12967785.25973523594439, 259689.144364857376786 ], [ 12967828.78565613552928, 259742.622025341697736 ], [ 12967873.981369398534298, 259783.175930042605614 ], [ 12967927.303405489772558, 259827.963496333075454 ], [ 12967992.536627091467381, 259872.305427811894333 ], [ 12968085.265762923285365, 259914.864780887175584 ], [ 12968170.647812362760305, 259942.717766910063801 ], [ 12968262.597711754962802, 259953.190490936307469 ], [ 12968323.934751184657216, 259952.187783286499325 ], [ 12968439.039104664698243, 259920.992437387205428 ], [ 12968504.828923722729087, 259889.017214289662661 ], [ 12968537.556854017078876, 259889.017214289662661 ], [ 12968550.69255392998457, 259915.087604755739449 ], [ 12968550.69255392998457, 259993.63303816653206 ], [ 12968530.98900406062603, 260093.903861488914117 ], [ 12968482.453706074506044, 260245.090102125948761 ], [ 12968479.002801857888699, 260329.317724773281952 ], [ 12968502.602533906698227, 260376.222280333866365 ], [ 12968515.738233821466565, 260425.132271311187651 ], [ 12968547.019010731950402, 260584.006288398260949 ], [ 12968553.698180181905627, 260698.649701237212867 ], [ 12968533.21539387665689, 260752.016294331027893 ], [ 12968546.128454806283116, 260816.078512642357964 ], [ 12968544.124703971669078, 260847.942512760055251 ], [ 12968572.065896160900593, 260897.521127280459041 ], [ 12968672.698715839534998, 260970.050769266701536 ], [ 12968733.701796794310212, 261020.186486206803238 ], [ 12968788.248347284272313, 261085.474355096230283 ], [ 12968873.18511875718832, 261159.675276824447792 ], [ 12968957.231334308162332, 261239.669703484134516 ], [ 12969032.038032118231058, 261323.117972278007073 ], [ 12969184.879692979156971, 261462.607034099579323 ], [ 12969174.081702372059226, 261504.052689968928462 ], [ 12969108.625841785222292, 261578.142397986521246 ], [ 12969072.001729317009449, 261630.952226437366335 ], [ 12968986.619679873809218, 261669.724010635458399 ], [ 12968851.477818051353097, 261780.914410874800524 ], [ 12968764.203337270766497, 261839.740626728103962 ], [ 12968735.928186608478427, 261874.612996256590122 ], [ 12968729.360336653888226, 262022.792800690658623 ], [ 12968711.994496088474989, 262127.410056008258834 ], [ 12968660.564891343936324, 262183.22823704010807 ], [ 12968598.559934969991446, 262208.073461798019707 ], [ 12968533.21539387665689, 262314.919114938355051 ], [ 12968521.638166833668947, 262368.286262251785956 ], [ 12968507.16663303039968, 262481.594024203659501 ], [ 12968556.592486942186952, 262652.280012672825251 ], [ 12968561.156586062163115, 262737.623077397525776 ], [ 12968581.305413899943233, 262796.003999928710982 ], [ 12968650.65745666064322, 262847.031618178356439 ], [ 12968671.140242967754602, 262912.877325090928935 ], [ 12968703.756853772327304, 262985.296493627596647 ], [ 12968693.626780109480023, 263029.639324318501167 ], [ 12968713.886927431449294, 263146.401411645696498 ], [ 12968709.322828311473131, 263445.214712199929636 ], [ 12968714.443524887785316, 263490.114747257845011 ], [ 12968756.410972915589809, 263629.38292909989832 ], [ 12968814.853705581277609, 263750.602056828211062 ], [ 12968996.749753540381789, 263959.504729265812784 ], [ 12969073.114924222230911, 264110.026243585976772 ], [ 12969197.792753910645843, 264223.112452089670114 ], [ 12969178.757120983675122, 264300.880158916523214 ], [ 12969104.61834011785686, 264348.120160458667669 ], [ 12969064.209364958107471, 264433.464162253658287 ], [ 12969046.286926943808794, 264523.264820975717157 ], [ 12968990.849820526316762, 264629.777829042868689 ], [ 12968960.904877500608563, 264729.940233418776188 ], [ 12968989.513986637815833, 264819.518234315561131 ], [ 12968991.183778997510672, 264920.015008903457783 ], [ 12968980.274468898773193, 264991.655210962053388 ], [ 12968938.529659854248166, 265088.921044218819588 ], [ 12968927.620349755510688, 265235.878359338268638 ], [ 12968868.398380653932691, 265312.643836150760762 ], [ 12968817.859331833198667, 265417.931816747121047 ], [ 12968791.58793200738728, 265521.102966265752912 ], [ 12968702.977617336437106, 265620.931704035087023 ], [ 12968692.847543673589826, 265639.538183554250281 ], [ 12968629.284114427864552, 265690.009663327597082 ], [ 12968508.613786410540342, 265768.892274289682973 ], [ 12968436.144797902554274, 265786.496026348380838 ], [ 12968278.29375995695591, 265803.988364259246737 ], [ 12968222.74533405341208, 265825.380270662193652 ], [ 12968010.570384601131082, 265938.467742197215557 ], [ 12967944.780565541237593, 265931.225684866134543 ], [ 12967854.834416979923844, 265961.976576818095054 ], [ 12967729.043392384424806, 265965.541898023802787 ], [ 12967648.670720031484962, 266016.793399535235949 ], [ 12967629.969045577570796, 266076.623978451883886 ], [ 12967629.969045577570796, 266138.237243393901736 ], [ 12967665.59128263220191, 266247.536785314441659 ], [ 12967687.966500282287598, 266366.752480788971297 ], [ 12967655.349889479577541, 266450.092106314608827 ], [ 12967484.808429583907127, 266642.285934785031714 ], [ 12967448.629595076665282, 266718.495032887032721 ], [ 12967411.560204643756151, 266746.794912339420989 ], [ 12967349.109970308840275, 266815.204878836520948 ], [ 12967295.453975742682815, 266897.7648303952883 ], [ 12967269.405214900150895, 266973.751222068967763 ], [ 12967236.565965114161372, 267043.164044041477609 ], [ 12967227.437766868621111, 267091.964730739709921 ], [ 12967272.856119113042951, 267197.365353968110867 ], [ 12967303.468979081138968, 267231.904686110676266 ], [ 12967527.889072520658374, 267396.802250762528274 ], [ 12967574.977217126637697, 267473.680230462807231 ], [ 12967662.140378419309855, 267510.002303945599124 ], [ 12967911.384718302637339, 267504.208598391676787 ], [ 12967999.21579653955996, 267512.787739386549219 ], [ 12968102.186325522139668, 267557.911800634639803 ], [ 12968190.796640193089843, 267563.037003499281127 ], [ 12968196.02865626104176, 267623.425276343303267 ], [ 12968213.283177334815264, 267687.601769704720937 ], [ 12968231.316934844478965, 267718.575850843975786 ], [ 12968276.957926068454981, 267769.15943576808786 ], [ 12968306.234952149912715, 267849.602968929917552 ], [ 12968322.264958821237087, 267960.129333249467891 ], [ 12968341.968508694320917, 268027.202831448987126 ], [ 12968344.974134942516685, 268079.903457958716899 ], [ 12968325.493224052712321, 268112.326051220938098 ], [ 12968249.350692352280021, 268167.366483129153494 ], [ 12968177.104342825710773, 268255.609484438842628 ], [ 12968174.321355558931828, 268304.521978229226079 ], [ 12968151.278220964595675, 268364.464873673510738 ], [ 12968135.804811745882034, 268493.487022683897521 ], [ 12968151.500859946012497, 268619.612407469889149 ], [ 12968148.049955729395151, 268693.25987592805177 ], [ 12968137.697243086993694, 268746.96349879814079 ], [ 12968150.610304020345211, 268847.351442410319578 ], [ 12968150.610304020345211, 268921.778950785170309 ], [ 12968163.634684443473816, 269001.888839766674209 ], [ 12968209.275675667449832, 269045.007810085313395 ], [ 12968223.635889979079366, 269071.414007277751807 ], [ 12968250.909165224060416, 269104.059649841103237 ], [ 12968257.143056707456708, 269186.509426934411749 ], [ 12968247.569580499082804, 269239.210456654021982 ], [ 12968187.679694453254342, 269311.075526787433773 ], [ 12968113.318274604156613, 269378.261041863472201 ], [ 12968057.658529207110405, 269470.070152226428036 ], [ 12968015.023164233192801, 269584.385942885128316 ], [ 12968000.328991446644068, 269660.485099073557649 ], [ 12968043.854912348091602, 269804.884189058095217 ], [ 12968062.11130883730948, 269892.459630399709567 ], [ 12968067.78860286809504, 269989.505757748556789 ], [ 12968035.839909011498094, 270161.871421537536662 ], [ 12968046.637899618595839, 270213.904275398643222 ], [ 12968031.832407344132662, 270276.410575427813455 ], [ 12968009.902467655017972, 270330.671858698420692 ], [ 12968006.340243950486183, 270385.713098256208468 ], [ 12967960.142655270174146, 270488.219104109157342 ], [ 12967932.980699518695474, 270535.461025962140411 ], [ 12967932.980699518695474, 270556.185081266856287 ], [ 12967955.13327818363905, 270574.346486918570008 ], [ 12967988.640444915741682, 270641.532564922468737 ], [ 12968007.230799878016114, 270703.259104168682825 ], [ 12967992.313988111913204, 270764.874248939508107 ], [ 12968022.258931133896112, 270885.987636051257141 ], [ 12968040.18136915192008, 271060.025627286115196 ], [ 12968058.215126661583781, 271114.064353175112046 ], [ 12968053.094430083408952, 271377.461637881526258 ], [ 12968060.998113930225372, 271457.349992026400287 ], [ 12968082.148817179724574, 271540.469580011558719 ], [ 12968077.362079076468945, 271574.007121188507881 ], [ 12968082.148817179724574, 271602.865011463465635 ], [ 12968063.001864764839411, 271629.160236784082372 ], [ 12968019.809902336448431, 271669.940129246911965 ], [ 12967952.684249388054013, 271761.082114822464064 ], [ 12967842.477953502908349, 271856.903822053107433 ], [ 12967789.489875886589289, 271920.970695395197254 ], [ 12967775.352300552651286, 271950.38575599208707 ], [ 12967746.743191422894597, 272049.8844697260065 ], [ 12967711.677551822736859, 272101.917977947217878 ], [ 12967700.990880707278848, 272137.349799042451195 ], [ 12967715.351095018908381, 272283.645425969560165 ], [ 12967741.733814336359501, 272369.88526092749089 ], [ 12967799.285991074517369, 272422.698827834916301 ], [ 12967897.581101445481181, 272564.092203288397286 ], [ 12967954.242722259834409, 272625.930955665535294 ], [ 12967991.089473713189363, 272650.332200136675965 ], [ 12968024.262681968510151, 272692.449426004081033 ], [ 12968053.428388554602861, 272770.221477489511017 ], [ 12968134.914255818352103, 272856.573014804802369 ], [ 12968245.899788139387965, 272932.896673270384781 ], [ 12968260.705280413851142, 273005.209197397809476 ], [ 12968348.091080686077476, 273077.076070453447755 ], [ 12968414.882775163277984, 273082.424304251966532 ], [ 12968563.382975878193974, 273127.215769848495256 ], [ 12968637.744395731016994, 273144.486114656727295 ], [ 12968783.35028968565166, 273198.414171973476186 ], [ 12968847.692955367267132, 273241.088660915498622 ], [ 12968972.370785055682063, 273308.164514196047094 ], [ 12969148.589538982138038, 273363.986800505546853 ], [ 12969328.481836101040244, 273364.098222255706787 ], [ 12969503.810034101828933, 273343.930886848189402 ], [ 12969748.267635881900787, 273328.66610993037466 ], [ 12970004.970381652936339, 273320.086637459055055 ], [ 12970068.42249140329659, 273336.577052517386619 ], [ 12970238.629992827773094, 273233.400566704629455 ], [ 12970428.763683101162314, 273206.213686010916717 ], [ 12970608.878619207069278, 273075.1819043623982 ], [ 12970796.563280683010817, 272969.108641678234562 ], [ 12970870.702061550691724, 272943.036023538210429 ], [ 12970993.710098879411817, 272806.210563741973601 ], [ 12971122.39543023519218, 272759.413611176481936 ], [ 12971240.060132004320621, 272699.803228564502206 ], [ 12971349.598510945215821, 272657.463158178143203 ], [ 12971513.906079357489944, 272563.089412920351606 ], [ 12971643.259327657520771, 272519.412327865487896 ], [ 12971721.628249173983932, 272530.443019059079234 ], [ 12971764.152294658124447, 272558.966830366640352 ], [ 12971858.996500814333558, 272608.437828521709889 ], [ 12971944.823828216642141, 272634.398966993612703 ], [ 12972099.669239910319448, 272624.816743684350513 ], [ 12972240.15443729236722, 272601.41829400183633 ], [ 12972336.779755299910903, 272579.356901945255231 ], [ 12972605.83896454796195, 272639.85860613087425 ], [ 12972690.441777549684048, 272689.329631087835878 ], [ 12972810.555508114397526, 272801.865131814149208 ], [ 12972870.556713653728366, 272887.548159079335164 ], [ 12973236.01860192604363, 273068.496612469025422 ], [ 12973379.50942556001246, 273092.229400047683157 ], [ 12973508.751354372128844, 273143.929006728460081 ], [ 12973670.943852458149195, 273149.054399747168645 ], [ 12973779.257716998457909, 273168.998865563014988 ], [ 12973884.56595528870821, 273233.400566704629455 ], [ 12973995.774126591160893, 273362.092630766914226 ], [ 12974183.013510106131434, 273350.393347620614804 ], [ 12974358.564347088336945, 273297.802295686560683 ], [ 12974504.949477478861809, 273297.802295686560683 ], [ 12974601.463475998491049, 273283.651740391913336 ], [ 12974636.529115598648787, 273299.919308011711109 ], [ 12974791.708485763520002, 273353.958843339292798 ], [ 12974899.911030815914273, 273431.285552741610445 ], [ 12974972.046060848981142, 273509.949364615080412 ], [ 12975044.181090882048011, 273536.244925731269177 ], [ 12975090.044721087440848, 273536.244925731269177 ], [ 12975155.611901167780161, 273503.375475062057376 ], [ 12975542.558451164513826, 273369.000779342022724 ], [ 12975696.735945913940668, 273303.373380817181896 ], [ 12975854.141705894842744, 273277.077860830468126 ], [ 12976011.324826896190643, 273244.319889035541564 ], [ 12976164.83440469764173, 273225.378207951202057 ], [ 12976228.509153431281447, 273205.322312957374379 ], [ 12976272.814310766756535, 273149.611507694644388 ], [ 12976293.519736055284739, 272942.590337797708344 ], [ 12976293.519736055284739, 272850.779103640059475 ], [ 12976332.926835795864463, 272623.479689318046439 ], [ 12976290.291470821946859, 272503.144845369679388 ], [ 12976256.450345620512962, 272362.53147461055778 ], [ 12976250.439093116670847, 272134.675699044426437 ], [ 12976253.110760897397995, 272008.881632312433794 ], [ 12976233.518530517816544, 271936.23532839253312 ], [ 12976096.818195823580027, 271811.221372586500365 ], [ 12976093.144652627408504, 271750.385742005135398 ], [ 12976107.727505922317505, 271694.006956236145925 ], [ 12976133.219669312238693, 271517.628401777823456 ], [ 12976123.089595649391413, 271432.057579624990467 ], [ 12976144.240298902615905, 271362.531322579481639 ], [ 12976227.952555978670716, 271204.537480062106624 ], [ 12976247.656105849891901, 271145.596237266960088 ], [ 12976311.887452038004994, 271016.460400572628714 ], [ 12976343.836145892739296, 270979.914644687261898 ], [ 12976430.442709732800722, 270968.772647710458841 ], [ 12976575.714645218104124, 270968.772647710458841 ], [ 12976773.863338828086853, 270828.383556597749703 ], [ 12976885.516788093373179, 270787.603892807732336 ], [ 12977014.0907999612391, 270725.654479365155566 ], [ 12977274.35576943680644, 270419.584640293789562 ], [ 12977396.695889819413424, 270289.4466519652633 ], [ 12977506.234268758445978, 270263.931597235496156 ], [ 12977649.836411880329251, 270243.430421021243092 ], [ 12977773.735005132853985, 270183.3753611043212 ], [ 12977862.790597768500447, 270180.144199004571419 ], [ 12977954.851816656067967, 270191.731815132021438 ], [ 12978098.676598757505417, 270272.28805573208956 ], [ 12978248.289994386956096, 270277.970447774569038 ], [ 12978340.351213270798326, 270260.700433407851961 ], [ 12978455.344247259199619, 270139.921807631966658 ], [ 12978535.93955859541893, 270116.858003572095186 ], [ 12978655.27405272424221, 270095.465492816991173 ], [ 12978691.230248251929879, 270019.03185940394178 ], [ 12978771.825559586286545, 269904.047224411624484 ], [ 12978864.999973380938172, 269861.262266330770217 ], [ 12978991.904192885383964, 269817.363129247387405 ], [ 12979235.916516702622175, 269524.888239872700069 ], [ 12979343.228505827486515, 269457.145565354381688 ], [ 12979444.974520413205028, 269345.949596390593797 ], [ 12979496.738083632662892, 269311.409783007402439 ], [ 12979789.397024925798178, 269317.537813838163856 ], [ 12979888.02609377168119, 269363.219506042427383 ], [ 12980106.657573690637946, 269386.171776118164416 ], [ 12980244.693742273375392, 269363.219506042427383 ], [ 12980436.831183383241296, 269242.441598608682398 ], [ 12980566.852348627522588, 269167.568257949373219 ], [ 12980724.81470606289804, 269104.059649841103237 ], [ 12980779.806534515693784, 269075.536494175263215 ], [ 12980917.84270309843123, 268943.171295292384457 ], [ 12980997.213500034064054, 268921.66753233212512 ], [ 12981102.967016289010644, 268963.003784047032241 ], [ 12981217.403452824801207, 269054.0327124047908 ], [ 12981332.953084267675877, 269128.683159644016996 ], [ 12981517.52080000191927, 269214.364091516530607 ], [ 12981696.745180180296302, 269257.705959810991772 ], [ 12981940.200906544923782, 269216.035371554666199 ], [ 12982085.584161520004272, 269217.483814269304276 ], [ 12982334.93982089869678, 269032.974607829994056 ], [ 12982515.166076490655541, 268986.067411878611892 ], [ 12982648.526826461777091, 268972.251518455916084 ], [ 12982735.500744618475437, 268969.922872027382255 ], [ 12982818.73432788439095, 268967.68336042430019 ], [ 12982927.716109370812774, 268955.761582796054427 ], [ 12983034.916779005900025, 268843.451798519236036 ], [ 12983025.788580762222409, 268696.268169651739299 ], [ 12982988.941829308867455, 268590.420833811629564 ], [ 12982965.898694712668657, 268369.590103751339484 ], [ 12983094.695345563814044, 268213.270664275914896 ], [ 12983108.498962419107556, 268075.223908987594768 ], [ 12983102.042431954294443, 267930.492215572739951 ], [ 12983102.042431954294443, 267804.033150595147163 ], [ 12983111.727227654308081, 267521.701133140304592 ], [ 12983199.335666906088591, 267404.935716343403328 ], [ 12983335.590723637491465, 267268.672370868793223 ], [ 12983345.38683882728219, 267064.221872686466668 ], [ 12983286.944106161594391, 266947.456806589558255 ], [ 12983195.662123709917068, 266739.44139985111542 ], [ 12983178.964200092479587, 266577.887048211356159 ], [ 12983033.914903588593006, 266558.054870619322173 ], [ 12983006.97558681666851, 266465.021937079261988 ], [ 12983082.56152106449008, 266334.218842518050224 ], [ 12983209.131782095879316, 266236.952218714810442 ], [ 12983374.552545413374901, 266149.267468850885052 ], [ 12983627.581747988238931, 266100.578499847673811 ], [ 12983818.761841477826238, 266160.308836746611632 ], [ 12984027.15192824229598, 266168.375386550731491 ], [ 12984104.585766036063433, 266168.765344079642091 ], [ 12984299.283555436879396, 266110.383142245060299 ], [ 12984474.500433944165707, 266149.267468850885052 ], [ 12984581.478464597836137, 266266.143341008108109 ], [ 12984785.972369182854891, 266801.389182804967277 ], [ 12985126.610011011362076, 267414.629025205911603 ], [ 12985330.992596108466387, 267687.15609951847 ], [ 12985451.662924127653241, 267763.811390751390718 ], [ 12985560.088108161464334, 267641.252077338227537 ], [ 12985781.725214328616858, 267263.881429624685552 ], [ 12985970.411751223728061, 266976.202396624430548 ], [ 12985918.536868514493108, 266806.402943317021709 ], [ 12985932.674443846568465, 266650.75361047295155 ], [ 12985965.736332612112164, 266476.163602779852226 ], [ 12985961.172233488410711, 266360.067486058280338 ], [ 12985918.536868514493108, 266287.535312029300258 ], [ 12985979.873907942324877, 266084.757373667962383 ], [ 12986022.286633932963014, 266018.687477093772031 ], [ 12986140.28529417514801, 265787.610187939193565 ], [ 12986342.998086910694838, 265565.892191017686855 ], [ 12986492.722802026197314, 265542.494833171425853 ], [ 12986852.396076779812574, 265509.292874357255641 ], [ 12987074.144502438604832, 265547.062888470420148 ], [ 12987126.01938514970243, 265575.36255116132088 ], [ 12987149.619117198511958, 265726.33131248166319 ], [ 12987149.619117198511958, 265844.20960741705494 ], [ 12987135.481541868299246, 266061.137103824934456 ], [ 12987200.269485507160425, 266236.729385741578881 ], [ 12987427.91784418001771, 266353.605324763397221 ], [ 12987739.167140439152718, 266315.835111626132857 ], [ 12988371.239209163933992, 266287.535312029300258 ], [ 12988484.451131301000714, 266259.235517671855632 ], [ 12988668.350930090993643, 266235.61522088071797 ], [ 12988795.700427558273077, 266278.064907822525129 ], [ 12988857.037466984242201, 266391.375547235831618 ], [ 12988857.037466984242201, 266546.913198944821488 ], [ 12989039.490112392231822, 266878.266862096381374 ], [ 12989242.759502584114671, 267062.884867606684566 ], [ 12989432.447914894670248, 267141.211101651249919 ], [ 12989479.64737899042666, 267131.85206161061069 ], [ 12989545.65983703173697, 267032.802256410999689 ], [ 12989597.534719742834568, 266914.811627578979824 ], [ 12989734.346373924985528, 266796.932506932760589 ], [ 12989894.646440669894218, 266726.182794896361884 ], [ 12989980.362448578700423, 266717.826531861093827 ], [ 12990259.551731491461396, 266637.383596443512943 ], [ 12990496.216968914493918, 266580.561049881507643 ], [ 12990661.860371217131615, 266471.706936402129941 ], [ 12990690.246841367334127, 266419.67536606208887 ], [ 12990695.033579474315047, 266291.88055650878232 ], [ 12990742.344363057985902, 266083.643209914094768 ], [ 12990912.774503462016582, 265941.587397768453229 ], [ 12991098.789372580125928, 265874.960481888963841 ], [ 12991225.136994631960988, 265695.469051760970615 ], [ 12991414.380128979682922, 265591.40645674004918 ], [ 12991594.272426100447774, 265378.379180640273262 ], [ 12991636.907791074365377, 265198.554084777308162 ], [ 12991674.756417945027351, 265089.70095378375845 ], [ 12991679.431836558505893, 264966.698122782632709 ], [ 12991703.142888095229864, 264895.72642543062102 ], [ 12991830.937663527205586, 264871.994923268444836 ], [ 12991935.021387420594692, 264924.025968011526857 ], [ 12991958.732438959181309, 265047.140180461341515 ], [ 12991911.421655371785164, 265241.114900077402126 ], [ 12991939.808125523850322, 265378.379180640273262 ], [ 12992124.375841258093715, 265473.082692572730593 ], [ 12992271.651527578011155, 265478.430657344171777 ], [ 12992455.662645859643817, 265383.170062780671287 ], [ 12992569.208526467904449, 265264.846459284075536 ], [ 12992810.660501997917891, 265264.846459284075536 ], [ 12992951.590977340936661, 265371.694229066488333 ], [ 12992966.841747580096126, 265463.612338747596368 ], [ 12992815.335920613259077, 265624.497017300862353 ], [ 12992715.927615331485868, 265799.64313363621477 ], [ 12992635.554942982271314, 266173.556250944850035 ], [ 12992583.457421291619539, 266282.410152032796759 ], [ 12992607.057153336703777, 266462.236520781123545 ], [ 12992744.314085485413671, 266708.356100974371657 ], [ 12992839.046972151845694, 267157.923674582270905 ], [ 12992885.467199811711907, 267632.672929098655004 ], [ 12992957.379590863361955, 267844.254921082756482 ], [ 12993170.333776751533151, 268000.351145059568807 ], [ 12993335.977179052308202, 268057.174221449356992 ], [ 12993392.750119358301163, 268109.206351224565879 ], [ 12993449.523059662431479, 268270.205238338443451 ], [ 12993605.704305242747068, 268360.119570047536399 ], [ 12993796.39459297247231, 268404.798210706270766 ], [ 12994055.43504804931581, 268440.563416330027394 ], [ 12994202.154136914759874, 268421.622340649890248 ], [ 12994520.19392211176455, 268236.222760055970866 ], [ 12994609.138195255771279, 268241.793657613568939 ], [ 12994661.235716946423054, 268251.264183930761646 ], [ 12994706.54274969920516, 268332.265062581398524 ], [ 12994727.804772440344095, 268565.240320593118668 ], [ 12994649.435850920155644, 268831.864285835530609 ], [ 12994578.859293758869171, 269137.708066955732647 ], [ 12994432.362843872979283, 269442.104021680133883 ], [ 12994367.129622269421816, 269741.709570188249927 ], [ 12994390.618034828454256, 269961.205273287487216 ], [ 12994533.329622026532888, 270134.462259492138401 ], [ 12995216.497337022796273, 270550.502678721793927 ], [ 12995474.480256935581565, 270745.988591574714519 ], [ 12995648.016211135312915, 270849.408485940133687 ], [ 12996139.55855467915535, 271051.446284964622464 ], [ 12996427.542077362537384, 271213.785352015169337 ], [ 12996528.397536022588611, 271223.590325310884509 ], [ 12996654.967797053977847, 271216.682275876752101 ], [ 12996806.250985039398074, 271514.174370250315405 ], [ 12996858.014548258855939, 271827.934462238103151 ], [ 12996751.370476080104709, 272047.43321282567922 ], [ 12996657.194186870008707, 272282.754058426071424 ], [ 12996680.793918918818235, 272518.075274442904629 ], [ 12996861.13149400241673, 272690.555264797236305 ], [ 12996915.010127548128366, 272965.988840976846404 ], [ 12996906.438526757061481, 273197.857063843577635 ], [ 12996785.100281789898872, 273376.577458792948164 ], [ 12996657.528145341202617, 273504.266849899664521 ], [ 12996657.528145341202617, 273702.152196034789085 ], [ 12996791.556812256574631, 273861.708590280497447 ], [ 12996925.585479171946645, 273976.584843299642671 ], [ 12996983.02633642219007, 273989.286975662515033 ], [ 12996995.71675837226212, 274136.141532203531824 ], [ 12996855.342880481854081, 274308.400552220642567 ], [ 12996778.755070816725492, 274506.286969499080442 ], [ 12996746.806376956403255, 274838.215286144637503 ], [ 12996817.048975646495819, 274997.772902100172359 ], [ 12996906.438526757061481, 275150.979573691671249 ], [ 12996906.438526757061481, 275253.043160779983737 ], [ 12996874.489832896739244, 275399.898969731701072 ], [ 12996880.83504387177527, 275521.127547148265876 ], [ 12996983.02633642219007, 275661.632484220026527 ], [ 12997302.179316524416208, 275846.706994743843097 ], [ 12997378.767126189544797, 275942.419912127545103 ], [ 12997455.354935856536031, 276178.6383209527703 ], [ 12997385.112337168306112, 276382.878410726145376 ], [ 12997274.12680484727025, 276514.581662997719832 ], [ 12997276.575833642855287, 276593.469961897819303 ], [ 12997365.965384749695659, 276650.964850447839126 ], [ 12997927.683535292744637, 276848.854406058671884 ], [ 12998023.418297376483679, 276906.237970018701162 ], [ 12998119.153059458360076, 277008.414196641067974 ], [ 12998208.431291073560715, 277155.160330164246261 ], [ 12998329.769536038860679, 277308.369244089117274 ], [ 12998521.239060200750828, 277480.743391505733598 ], [ 12998706.363373391330242, 277672.171415080199949 ], [ 12998821.245087891817093, 277755.183062947413418 ], [ 12999057.353727862238884, 278023.272007998486515 ], [ 12999115.239863075315952, 278083.218813472718466 ], [ 12999217.208516642451286, 278151.522545542859007 ], [ 12999430.830619474872947, 278194.867018479621038 ], [ 12999516.991905346512794, 278170.130582480225712 ], [ 12999778.592708712443709, 278265.845013459213078 ], [ 12999874.327470796182752, 278310.526626078004483 ], [ 13000002.010926734656096, 278444.571545841521583 ], [ 13000118.117155632004142, 278611.71002196072368 ], [ 13000154.986170982941985, 278669.216844515234698 ], [ 13000158.960276803001761, 278697.764126588648651 ], [ 13000216.189627019688487, 278769.711770524678286 ], [ 13000391.406505530700088, 278861.303835623257328 ], [ 13000522.65218517370522, 278895.288740574906114 ], [ 13000906.370469938963652, 279123.600651495507918 ], [ 13000993.867589702829719, 279249.95790955767734 ], [ 13001054.759351167827845, 279315.699383433326147 ], [ 13001175.763637660071254, 279381.886592174589168 ], [ 13001559.927200388163328, 279443.171071520831902 ], [ 13001848.912598485127091, 279368.292583885602653 ], [ 13001971.252718865871429, 279327.510566627897788 ], [ 13002144.688485523685813, 279256.086350784345996 ], [ 13002194.336978416889906, 279168.059674253629055 ], [ 13002375.787748411297798, 278939.970545683929231 ], [ 13002472.079107945784926, 278890.27457377302926 ], [ 13002528.852048251777887, 278882.140481327311136 ], [ 13002678.354124385863543, 278758.346335796930362 ], [ 13002833.644814044237137, 278116.534985492296983 ], [ 13003392.357338333502412, 278345.068530474673025 ], [ 13003638.173037905246019, 278467.625501617440023 ], [ 13003747.733680743724108, 278574.738974578096531 ], [ 13003901.532689223065972, 278714.333141030219849 ], [ 13004063.669527564197779, 278835.720450099324808 ], [ 13004197.00801363773644, 278945.809266364609357 ], [ 13004365.178368378430605, 279102.429693041311111 ], [ 13004671.306968057528138, 279342.330260103568435 ], [ 13005059.14407398365438, 279502.004195949586574 ], [ 13005279.111387791112065, 279585.351162908249535 ], [ 13005522.344475172460079, 279636.105923513357993 ], [ 13005659.712726810947061, 279748.925295603985433 ], [ 13006048.90793052315712, 280096.866361487424001 ], [ 13006145.310609551146626, 280279.216516150860116 ], [ 13006183.526590740308166, 280372.302653419435956 ], [ 13006266.760174006223679, 280446.267955628747586 ], [ 13006598.136034201830626, 280559.890232522331644 ], [ 13006831.350367411971092, 280550.530347568099387 ], [ 13007094.509643647819757, 280564.124466390348971 ], [ 13007355.442530065774918, 280410.912135333521292 ], [ 13007466.817680604755878, 280269.020946924923919 ], [ 13007811.295844864100218, 280122.204829416121356 ], [ 13007902.466507822275162, 280041.197517823195085 ], [ 13008008.676433987915516, 279924.723122650175355 ], [ 13008216.387471860274673, 279646.19002185476711 ], [ 13008297.005047094076872, 279520.489835975051392 ], [ 13008378.468650456517935, 279468.910560534335673 ], [ 13008504.927591998130083, 279466.682033167104237 ], [ 13008761.574678022414446, 279629.308907345694024 ], [ 13008890.248877428472042, 279666.280222069530282 ], [ 13009212.362955989316106, 279610.979250574077014 ], [ 13009335.59363229572773, 279575.211355555511545 ], [ 13009830.965366324409842, 279256.197776990884449 ], [ 13009897.757060801610351, 279205.49886182701448 ], [ 13009988.92772376164794, 279159.925566319900099 ], [ 13010254.758667776361108, 279148.560101199720521 ], [ 13010368.749826349318027, 279129.617661301279441 ], [ 13010537.05376448109746, 279177.419470245717093 ], [ 13010563.792706165462732, 279077.158258236246184 ], [ 13010633.0222974922508, 278920.471003118611407 ], [ 13010683.895304786041379, 278773.945952316047624 ], [ 13010736.994701894000173, 278716.561656902020331 ], [ 13010790.561640862375498, 278643.600064921600278 ], [ 13010875.92142640426755, 278541.400413048162591 ], [ 13010923.677487952634692, 278456.828360929444898 ], [ 13010763.488740703091025, 278191.301405825361144 ], [ 13010712.72705290094018, 278031.517477927496657 ], [ 13010694.359336918219924, 277921.429350131715182 ], [ 13010737.328660365194082, 277843.766014208667912 ], [ 13010817.81265220977366, 277763.539942854258697 ], [ 13010876.589343348518014, 277694.790691651520319 ], [ 13010976.665565570816398, 277630.498471323342528 ], [ 13011176.81801001727581, 277415.114167358377017 ], [ 13011316.969248926267028, 277275.721803936117794 ], [ 13011371.905417632311583, 277193.312120401009452 ], [ 13011396.952303061261773, 277073.029275641194545 ], [ 13011472.148619093000889, 276911.363493326120079 ], [ 13011497.084185028448701, 276817.878433267644141 ], [ 13011452.333749730139971, 276669.795545573811978 ], [ 13011382.514165107160807, 276559.563587570912205 ], [ 13011357.044265611097217, 276486.458217510546092 ], [ 13011420.385055873543024, 276372.404553080617916 ], [ 13011497.084185028448701, 276324.492235048790462 ], [ 13011583.690748866647482, 276235.353080173488706 ], [ 13011620.426180826500058, 276070.89148093177937 ], [ 13011717.274137817323208, 275932.503204183361959 ], [ 13011858.538571635261178, 275769.267601782281417 ], [ 13011901.44110338576138, 275768.119939141790383 ], [ 13011952.826180338859558, 275783.429536653507967 ], [ 13012002.508069077506661, 275893.939473222417291 ], [ 13012057.71140456199646, 276040.149661697156262 ], [ 13012102.328256472945213, 276236.244471455342136 ], [ 13012233.095262307673693, 276650.095741500146687 ], [ 13012257.719133671373129, 276843.071481146558654 ], [ 13012252.197686927393079, 277044.12575170682976 ], [ 13012237.759548971429467, 277210.315520761359949 ], [ 13012177.46891275793314, 277385.475172526726965 ], [ 13012101.549020037055016, 277585.259941508353222 ], [ 13012128.710975790396333, 277784.710707417805679 ], [ 13012261.403808817267418, 277920.31509824906243 ], [ 13012477.363620955497026, 278067.842121251975186 ], [ 13012760.560405533760786, 278227.626088806893677 ], [ 13012918.41144347935915, 278346.851338664942887 ], [ 13013060.967183386906981, 278541.745832597254775 ], [ 13013247.137899788096547, 278568.922553870419506 ], [ 13013385.06274888291955, 278474.545031827583443 ], [ 13013450.407289979979396, 278372.924910930742044 ], [ 13013711.896773852407932, 278263.950780806946568 ], [ 13013922.401930943131447, 278249.465473099902738 ], [ 13014125.782640621066093, 278249.465473099902738 ], [ 13014430.79804539680481, 278307.518138016806915 ], [ 13014597.777281584218144, 278481.787696649436839 ], [ 13014851.919679068028927, 278598.004659724188969 ], [ 13015128.437294198200107, 278696.95071839611046 ], [ 13015321.242652252316475, 278705.976206813298631 ], [ 13015448.258191246539354, 278737.286856139719021 ], [ 13015661.435016116127372, 278693.496519272972364 ], [ 13015938.531492598354816, 278936.839476102089975 ], [ 13016116.397774986922741, 278853.838300185627304 ], [ 13016223.264486148953438, 278830.104585584485903 ], [ 13016518.661886917427182, 278678.877458081813529 ], [ 13016644.397251768037677, 278551.306154633755796 ], [ 13016685.908289887011051, 278486.021870096272323 ], [ 13016668.097171358764172, 278403.009807783819269 ], [ 13016442.652938604354858, 278302.281140428152867 ], [ 13016276.608786137774587, 278195.591283560672309 ], [ 13016157.919945051893592, 278136.034420794399921 ], [ 13016146.120079029351473, 278053.022557089396287 ], [ 13016193.542182108387351, 277993.744315439951606 ], [ 13016282.48645525239408, 277952.18270543665858 ], [ 13016377.44198089838028, 277916.638067096762825 ], [ 13016442.675202503800392, 277780.14227901637787 ], [ 13016519.819609621539712, 277643.75804305204656 ], [ 13016680.030620772391558, 277578.407308283087332 ], [ 13016828.285918612033129, 277548.823992912482936 ], [ 13016929.297224557027221, 277620.069094738864806 ], [ 13016959.019528597593307, 277702.947003074281383 ], [ 13017059.60782047919929, 277839.531859344802797 ], [ 13017172.263145159929991, 277928.449137186922599 ], [ 13017326.551959400996566, 277916.638067096762825 ], [ 13017449.916219098493457, 277837.6933447708725 ], [ 13017492.64063966460526, 277738.692154662625398 ], [ 13017510.451758192852139, 277655.569091147917788 ], [ 13017510.451758192852139, 277578.463020747003611 ], [ 13017534.162809729576111, 277370.878526896180119 ], [ 13017563.773794282227755, 277281.961587158381008 ], [ 13017640.91820140182972, 277139.560886076302268 ], [ 13017706.151423005387187, 277050.532661880250089 ], [ 13017830.71793320402503, 276842.948914339649491 ], [ 13018060.815320674329996, 276658.653122131188866 ], [ 13018206.977812085300684, 276581.658999201667029 ], [ 13018445.424161363393068, 276553.357262258243281 ], [ 13018635.669171128422022, 276551.017355116666295 ], [ 13018806.767228480428457, 276527.841134009417146 ], [ 13018899.051086347550154, 276450.958503579604439 ], [ 13019068.256712352856994, 276351.011144033633173 ], [ 13019229.781293492764235, 276212.511180416448042 ], [ 13019422.030054094269872, 276020.305090959242079 ], [ 13019575.873590370640159, 275966.487430809182115 ], [ 13019822.000984515994787, 275904.870133878255729 ], [ 13020013.470508677884936, 275828.433522813778836 ], [ 13020106.533602980896831, 275712.66444528993452 ], [ 13020198.817460848018527, 275474.218315598089248 ], [ 13020306.463408445939422, 274928.244981271855067 ], [ 13020175.774326253682375, 274151.406392011849675 ], [ 13020337.298907395452261, 273882.210262292122934 ], [ 13020621.831525864079595, 273520.757285358908121 ], [ 13020638.863407954573631, 273331.117387870152015 ], [ 13020606.469436133280396, 272828.606253376638051 ], [ 13020821.761331329122186, 272374.899206350906752 ], [ 13021021.691136794164777, 272128.770395051222295 ], [ 13021206.370172020047903, 272090.241077739337925 ], [ 13021467.748336400836706, 272021.137914057762828 ], [ 13021621.680928271263838, 271998.006968622561544 ], [ 13021921.486580876633525, 271928.881563396542333 ], [ 13022182.976064749062061, 271852.001314613502473 ], [ 13022380.902119377627969, 271699.466561044799164 ], [ 13022421.299962587654591, 271536.725854950433131 ], [ 13022421.299962587654591, 271306.052404480346013 ], [ 13022390.586915077641606, 271121.30665812274674 ], [ 13022384.686982065439224, 270926.76732653810177 ], [ 13022429.103458892554045, 270798.411616833065636 ], [ 13022482.870772944763303, 270798.411616833065636 ], [ 13022513.87325113080442, 270844.461443477252033 ], [ 13022637.026003796607256, 270913.742336761555634 ], [ 13022913.565882826223969, 270967.54702809342416 ], [ 13023367.304127296432853, 271275.177865815698169 ], [ 13023574.914977626875043, 271313.617837334459182 ], [ 13023890.283095045015216, 271382.809810888546053 ], [ 13024165.765438910573721, 271304.771072002360597 ], [ 13024398.04468840174377, 271313.695831489632837 ], [ 13024460.461526889353991, 271360.191497181775048 ], [ 13024682.566174920648336, 271552.146437350602355 ], [ 13024959.428880469873548, 271821.193515854189172 ], [ 13024982.783709637820721, 271926.597439494042192 ], [ 13024979.811479235067964, 272006.084971800388303 ], [ 13024940.805129662156105, 272047.321792058472056 ], [ 13024886.392162561416626, 272148.046199512958992 ], [ 13024889.787407031282783, 272257.70663262961898 ], [ 13024968.211988294497132, 272328.559214943554252 ], [ 13025247.824285268783569, 272416.013565169181675 ], [ 13025440.985865693539381, 272434.944001393334474 ], [ 13025582.395014848560095, 272531.846925269346684 ], [ 13025626.555456846952438, 272591.356961765734013 ], [ 13025646.938055612146854, 272697.619372008775827 ], [ 13025741.203400414437056, 273027.82775991037488 ], [ 13025923.867552855983377, 273198.079907095350791 ], [ 13026092.739220390096307, 273319.195263724133838 ], [ 13026157.304525051265955, 273392.733614791941363 ], [ 13026390.084712248295546, 273482.238750788616017 ], [ 13026535.679474258795381, 273476.522810580849182 ], [ 13026757.093941442668438, 273598.864034894155338 ], [ 13026892.347122758626938, 273629.059379869548138 ], [ 13027057.099969133734703, 273774.799359891854692 ], [ 13027051.311355611309409, 273910.622910244623199 ], [ 13026881.827430879697204, 274195.028244567336515 ], [ 13026847.42970822378993, 274382.89762630162295 ], [ 13026789.254142332822084, 274534.220619599509519 ], [ 13026488.602461598813534, 274914.629100599675439 ], [ 13026457.176969349384308, 275006.018202569393907 ], [ 13026417.25779995135963, 275094.421223221928813 ], [ 13026453.859648523852229, 275234.101223355915863 ], [ 13026453.859648523852229, 275440.345625590533018 ], [ 13026432.964980101212859, 275632.105265891179442 ], [ 13026351.011570978909731, 275786.404545961297117 ], [ 13026299.236875809729099, 275948.436791429820005 ], [ 13026314.053500035777688, 276088.529867242905311 ], [ 13026408.218657296150923, 276195.909021351311821 ], [ 13026682.175924140959978, 276301.87316939298762 ], [ 13026797.324805418029428, 276317.283103893743828 ], [ 13026814.735173778608441, 276427.370029219076969 ], [ 13026689.033204773440957, 276687.500858159794006 ], [ 13026527.664470920339227, 276972.290379722311627 ], [ 13026306.851128980517387, 277214.995356068538968 ], [ 13026262.679555034264922, 277347.613036709022708 ], [ 13026321.712281001731753, 277583.933984810428228 ], [ 13026218.196286514401436, 277870.396622605330776 ], [ 13026137.411732045933604, 278032.364310000557452 ], [ 13026101.321953130885959, 278129.259759549284354 ], [ 13026173.557170705869794, 278223.057646586443298 ], [ 13026271.173232180997729, 278381.337538871797733 ], [ 13026399.758375996723771, 278519.672410797094926 ], [ 13026522.143024176359177, 278626.5964981719153 ], [ 13026632.304792266339064, 278681.68538740434451 ], [ 13026721.694343373179436, 278683.691051239264198 ], [ 13026841.474115466699004, 278734.94691414287081 ], [ 13027035.39266842789948, 278906.097056267259177 ], [ 13027126.897289859130979, 278932.170728345168754 ], [ 13027195.214061357080936, 278911.802064460527617 ], [ 13027323.153552128002048, 278916.236817077326123 ], [ 13027446.16158945672214, 278963.14714823605027 ], [ 13027509.034837853163481, 279037.624294051958714 ], [ 13027509.034837853163481, 279083.10841048147995 ], [ 13027449.579097820445895, 279149.841501634626184 ], [ 13027343.413699451833963, 279197.03047332027927 ], [ 13027263.597624553367496, 279345.338769489375409 ], [ 13027263.597624553367496, 279419.548687337664887 ], [ 13027320.916030362248421, 279510.28317729831906 ], [ 13027320.593203837051988, 279602.06513261346845 ], [ 13027258.065045859664679, 279710.494272020412609 ], [ 13027209.307108892127872, 279838.668293653463479 ], [ 13027276.577477181330323, 279941.269991242443211 ], [ 13027372.289975363761187, 280012.705685949476901 ], [ 13027571.885822355747223, 280109.624736387399025 ], [ 13027651.713029203936458, 280229.48665903339861 ], [ 13027615.200236223638058, 280306.426989654602949 ], [ 13027580.936096958816051, 280324.333311404334381 ], [ 13027560.419914804399014, 280343.833042019163258 ], [ 13027663.178936755284667, 280466.246839294908568 ], [ 13027699.279847620055079, 280597.586061016307212 ], [ 13027743.017275553196669, 280680.900228089012671 ], [ 13027783.782473081722856, 280738.708722012059297 ], [ 13027850.874730182811618, 280930.408449318725616 ], [ 13027845.776297502219677, 281002.669194712070748 ], [ 13027861.494609605520964, 281107.24398414226016 ], [ 13027931.136083044111729, 281182.90336209628731 ], [ 13027966.758320096880198, 281282.241176844167057 ], [ 13028028.028567830100656, 281346.122726265282836 ], [ 13028249.109076544642448, 281539.227250036608893 ], [ 13028358.424816505983472, 281613.326861663314048 ], [ 13028410.188379721716046, 281702.580730010871775 ], [ 13028467.773952312767506, 281782.508117330202367 ], [ 13028567.972625974565744, 281871.817804296384566 ], [ 13028646.675505965948105, 281915.709384980727918 ], [ 13028664.085874324664474, 281959.489550723985303 ], [ 13028699.752639174461365, 282013.053136286966037 ], [ 13028724.331982742995024, 282065.056744615489151 ], [ 13028763.405124012380838, 282101.605252789217047 ], [ 13028793.684025505557656, 282123.333790999662597 ], [ 13028823.751419972628355, 282118.887797530274838 ], [ 13028897.63416600972414, 282137.596628116618376 ], [ 13028940.525565810501575, 282150.344039982999675 ], [ 13028967.342431144788861, 282167.125162566488143 ], [ 13029042.015545567497611, 282190.302280632604379 ], [ 13029327.383060215041041, 282394.339080253324937 ], [ 13029391.803649537265301, 282482.913716597715393 ], [ 13029442.465149799361825, 282513.356037193327211 ], [ 13029496.889248849824071, 282566.81954259093618 ], [ 13029542.686087360605597, 282621.319355613668449 ], [ 13029583.829771159216762, 282773.631455203227233 ], [ 13029591.087801955640316, 282906.543923099117819 ], [ 13029565.239416195079684, 282966.96074779931223 ], [ 13029559.673441655933857, 282997.503456920385361 ], [ 13029566.886944659054279, 283076.138984126038849 ], [ 13029594.494178375229239, 283160.736017054936383 ], [ 13029591.087801955640316, 283272.94527742464561 ], [ 13029578.352852210402489, 283377.087138084112667 ], [ 13029589.818759763613343, 283412.800258764473256 ], [ 13029635.259375905618072, 283455.299441092065535 ], [ 13029676.870601562783122, 283546.693897294520866 ], [ 13029687.134258612990379, 283590.184842200949788 ], [ 13029673.898371160030365, 283645.309048800263554 ], [ 13029679.397554002702236, 283686.382000815996435 ], [ 13029774.965336851775646, 283737.550491395813879 ], [ 13029987.585564265027642, 283741.060525717271958 ], [ 13030053.041424850001931, 283762.566452164726797 ], [ 13030121.502911690622568, 283830.984291426662821 ], [ 13030214.053936334326863, 283873.149308295105584 ], [ 13030868.278583727777004, 283986.540281972032972 ], [ 13031074.063794407993555, 283929.488208535185549 ], [ 13031393.550732983276248, 283872.436157801072113 ], [ 13031701.605159858241677, 283895.256975370633882 ], [ 13032123.695273097604513, 283906.64509955921676 ], [ 13032363.254817282781005, 283918.010938692372292 ], [ 13032580.10518535040319, 283849.59305791388033 ], [ 13032768.235124789178371, 283757.886405720375478 ], [ 13033120.3609380684793, 283559.018001789809205 ], [ 13033435.706791585311294, 283512.518470200651791 ], [ 13033686.732243325561285, 283381.811743867292535 ], [ 13033971.932778738439083, 283130.872991316951811 ], [ 13034371.235792212188244, 282868.45749076071661 ], [ 13034587.952576888725162, 282606.020182957348879 ], [ 13035261.123801615089178, 282400.679368805722333 ], [ 13035888.631771216169, 282480.57371418265393 ], [ 13036333.6870954092592, 282480.618285656906664 ], [ 13036504.818548602983356, 282657.021145758917555 ], [ 13036858.224536024034023, 282885.171839580230881 ], [ 13037360.275439504534006, 282896.537597886461299 ], [ 13037884.935331560671329, 282713.983570833632257 ], [ 13038340.844306105747819, 282670.648891334829386 ], [ 13038843.385015344247222, 282451.602258858038113 ], [ 13039265.475128583610058, 282417.293377565336414 ], [ 13039805.207679694518447, 282503.572596710582729 ], [ 13039898.693788062781096, 282551.330946864269208 ], [ 13040120.720512449741364, 282587.311291582533158 ], [ 13040252.355810310691595, 282597.016737608879339 ], [ 13040381.709058614447713, 282684.4883530025254 ], [ 13040497.804155563935637, 282738.208208357857075 ], [ 13040601.899011401459575, 282802.60297530295793 ], [ 13040637.409928966313601, 282883.723262605722994 ], [ 13040720.120310626924038, 282949.243528041231912 ], [ 13040781.045467937365174, 282988.154556942172348 ], [ 13040828.612286351621151, 283096.118231486238074 ], [ 13040943.260229922831059, 283413.64712226431584 ], [ 13041016.675434097647667, 283552.521660861559212 ], [ 13041076.565320145338774, 283552.521660861559212 ], [ 13041229.963578458875418, 283603.556388248573057 ], [ 13041289.352526796981692, 283656.362864355905913 ], [ 13041333.524100745096803, 283703.542163306148723 ], [ 13041344.9788763448596, 283800.463691020559054 ], [ 13041353.472553495317698, 283977.715037877729628 ], [ 13041376.404368598014116, 284111.609203667379916 ], [ 13041367.554469080641866, 284191.348498328879941 ], [ 13041404.790838750079274, 284282.75456664635567 ], [ 13041493.189646389335394, 284356.877877371385694 ], [ 13041510.967369068413973, 284386.117149403202347 ], [ 13041723.776839619502425, 284551.267890669754706 ], [ 13041775.584930634126067, 284602.146971292211674 ], [ 13041838.101956663653255, 284644.869367028702982 ], [ 13041940.849846662953496, 284644.869367028702982 ], [ 13042089.127408403903246, 284576.451139000651892 ], [ 13042122.189297169446945, 284516.835934417962562 ], [ 13042251.653864957392216, 284419.557345508015715 ], [ 13042385.793851364403963, 284328.296049011813011 ], [ 13042454.166282610967755, 284237.01252467854647 ], [ 13042551.214614683762193, 284197.031429072725587 ], [ 13042602.532899940386415, 284191.348498328879941 ], [ 13042663.202022422105074, 284206.948700910725165 ], [ 13042679.655043162405491, 284251.465002620359883 ], [ 13042702.58685826510191, 284399.811917206621729 ], [ 13042759.493381960317492, 284562.188059755600989 ], [ 13042837.361365767195821, 284646.953114877920598 ], [ 13043053.410233501344919, 284829.565317069762386 ], [ 13043234.248746294528246, 284954.111251719470602 ], [ 13043298.802919004112482, 285095.661621350038331 ], [ 13043364.19198789820075, 285209.577288767555729 ], [ 13043420.61983778141439, 285259.966308090370148 ], [ 13043526.595993015915155, 285289.384054266673047 ], [ 13043950.277974974364042, 285231.440014559426345 ], [ 13044031.74157833494246, 285206.602086281054653 ], [ 13044145.554625723510981, 285246.561178037431091 ], [ 13044219.671142693608999, 285260.857754855183885 ], [ 13044296.704230323433876, 285163.912951814476401 ], [ 13044482.1625019852072, 285015.598673643020447 ], [ 13044550.512669330462813, 284970.023543219896965 ], [ 13044621.868462931364775, 285007.018513503600843 ], [ 13044698.868154712021351, 285061.229533954057842 ], [ 13044813.004028622061014, 285124.02074163814541 ], [ 13044932.850592410191894, 285129.659137148642913 ], [ 13045066.812467630952597, 285126.806510143156629 ], [ 13045246.671368904411793, 285078.23385827767197 ], [ 13045357.924068003892899, 285078.23385827767197 ], [ 13045437.506371971219778, 285092.597276665910613 ], [ 13045504.821268055588007, 285096.508494801528286 ], [ 13045548.82586276717484, 285071.982595954730641 ], [ 13045594.466853991150856, 285036.324776885681786 ], [ 13045635.766385074704885, 285019.27588528918568 ], [ 13045687.084670331329107, 285029.19321414019214 ], [ 13045731.478883260861039, 285100.564572981384117 ], [ 13045778.36665278300643, 285129.035124986316077 ], [ 13045808.478575041517615, 285166.219568777363747 ], [ 13045814.100209327414632, 285214.613961283059325 ], [ 13045798.715855699032545, 285243.162537617201451 ], [ 13045807.643678858876228, 285305.09580755000934 ], [ 13045891.289144242182374, 285502.874614429776557 ], [ 13045961.153256664052606, 285574.424499956192449 ], [ 13046036.516551930457354, 285699.450238809222355 ], [ 13046070.914274586364627, 285833.591166893660557 ], [ 13046181.72169572301209, 285944.498776613327209 ], [ 13046253.255600506439805, 285950.393496758653782 ], [ 13046410.10476303473115, 285916.184065668494441 ], [ 13046475.182137349620461, 285916.473787200229708 ], [ 13046521.891795689240098, 285936.029991954506841 ], [ 13046626.843811608850956, 285930.447280237858649 ], [ 13046764.713000955060124, 285930.926435127097648 ], [ 13046803.73048247769475, 285879.188859538524412 ], [ 13046829.333965359255672, 285816.341603687556926 ], [ 13046889.335170900449157, 285750.151438679313287 ], [ 13046969.151245797052979, 285772.994842319225427 ], [ 13047000.54334219917655, 285830.047651801083703 ], [ 13047072.233094271272421, 285890.666286917927209 ], [ 13047151.715210700407624, 285969.782559072074946 ], [ 13047189.018372064456344, 286035.504814079613425 ], [ 13047220.44386431388557, 286072.477774539031088 ], [ 13047282.960890343412757, 286078.205352757009678 ], [ 13047325.640783114358783, 286061.056048236147035 ], [ 13047354.205364452674985, 285989.72878110432066 ], [ 13047418.993308091536164, 285900.695107715378981 ], [ 13047533.875022592023015, 285878.520271564368159 ], [ 13047836.218759587034583, 285801.52124420349719 ], [ 13047924.517379684373736, 285787.258042547269724 ], [ 13047984.496321324259043, 285733.102461764414329 ], [ 13048027.910922732204199, 285684.184166777879 ], [ 13048295.411659108474851, 285596.153564342414029 ], [ 13048341.052650334313512, 285516.257482361106668 ], [ 13048349.590855278074741, 285415.735571685363539 ], [ 13048346.841263854876161, 285224.642734520253725 ], [ 13048300.710466871038079, 285054.387689745111857 ], [ 13048207.023983418941498, 284963.671998080739286 ], [ 13048175.631887014955282, 284878.093312159820925 ], [ 13048232.738785790279508, 284761.202715891529806 ], [ 13048324.02076824195683, 284661.361062067735475 ], [ 13048495.11882559210062, 284550.153587748704012 ], [ 13048542.095650708302855, 284552.270763306180015 ], [ 13048645.066179690882564, 284571.436775041394867 ], [ 13048772.115114534273744, 284521.805724355624989 ], [ 13048860.135435901582241, 284499.452814021147788 ], [ 13048942.845817562192678, 284519.398830552643631 ], [ 13049018.431751811876893, 284525.193204591341782 ], [ 13049112.274082550778985, 284520.067412160453387 ], [ 13049135.428536634892225, 284475.941032741742674 ], [ 13049129.639923112466931, 284333.310404451622162 ], [ 13049092.5705326795578, 284105.101694714685436 ], [ 13049041.285643270239234, 283948.297561487590428 ], [ 13048986.983995661139488, 283871.444432901102118 ], [ 13048964.219159793108702, 283665.845523338706698 ], [ 13048998.505562957376242, 283509.064156209526118 ], [ 13049044.146554185077548, 283386.380348663893528 ], [ 13049012.754457779228687, 283283.753919841721654 ], [ 13048944.292970942333341, 283105.467138482665177 ], [ 13048884.647987773641944, 283036.180497733061202 ], [ 13048798.865188172087073, 283008.557222636882216 ], [ 13048696.952194347977638, 283060.41633241076488 ], [ 13048644.298075204715133, 283249.567412379372399 ], [ 13048599.280473126098514, 283390.692666007729713 ], [ 13048576.348658023402095, 283490.589149241975974 ], [ 13048533.635369405150414, 283487.669697212520987 ], [ 13048367.847251767292619, 283410.248525354312733 ], [ 13048289.678705330938101, 283411.117674720240757 ], [ 13048160.191873641684651, 283487.613982479728293 ], [ 13048067.195571033284068, 283521.18768438952975 ], [ 13047914.699000595137477, 283507.61557294765953 ], [ 13047809.168123325332999, 283520.429963848320767 ], [ 13047706.665136201307178, 283549.245633129379712 ], [ 13047611.542631316930056, 283556.042833609506488 ], [ 13047469.710468098521233, 283574.751851019333117 ], [ 13047284.56389101035893, 283440.84704338334268 ], [ 13047265.261091308668256, 283340.360019181505777 ], [ 13047298.579014901071787, 283166.686337103659753 ], [ 13047352.758211068809032, 282999.943753915838897 ], [ 13047387.044614234939218, 282803.160119977488648 ], [ 13047404.187815817072988, 282589.216723529272713 ], [ 13047398.62184127792716, 282459.290836818749085 ], [ 13047375.690026175230742, 282372.48792975168908 ], [ 13047402.963301420211792, 282183.7280015720753 ], [ 13047612.355263600125909, 281782.028976301371586 ], [ 13047643.74736000597477, 281738.572005877038464 ], [ 13047639.405899865552783, 281681.520823521947023 ], [ 13047622.374017771333456, 281630.263921082485467 ], [ 13047596.25846523232758, 281576.511049876105972 ], [ 13047548.268632750958204, 281556.108586788352113 ], [ 13047432.763529105111957, 281546.32521118974546 ], [ 13047351.656148111447692, 281506.378291497996543 ], [ 13047274.378157602623105, 281477.89731449005194 ], [ 13047221.623850917443633, 281451.979184575611725 ], [ 13047180.213000340387225, 281424.67935370397754 ], [ 13047089.231580514460802, 281390.760713871975895 ], [ 13046966.368258526548743, 281324.951443897734862 ], [ 13046758.423449724912643, 281226.683305925806053 ], [ 13046293.553256172686815, 281116.915902419073973 ], [ 13046266.257717030122876, 281072.812851740804035 ], [ 13046223.143678246065974, 280978.411420034768526 ], [ 13046150.752613384276628, 280968.67265449493425 ], [ 13046053.926920291036367, 280970.366352802608162 ], [ 13046033.733564661815763, 280947.100288307352457 ], [ 13046033.733564661815763, 280870.103904187679291 ], [ 13046114.996792942285538, 280777.396300594555214 ], [ 13046171.99237222597003, 280674.660299513838254 ], [ 13046217.633363451808691, 280472.197048347210512 ], [ 13046196.193229524418712, 280378.252858620951883 ], [ 13046186.252398997545242, 280278.369671029446181 ], [ 13046159.190630786120892, 280278.42538452410372 ], [ 13046099.367536433041096, 280262.647323684999719 ], [ 13046050.899030141532421, 280202.265057250333484 ], [ 13045995.328340338543057, 280185.283593964937609 ], [ 13045949.698481064289808, 280183.601047513948288 ], [ 13045869.626371335238218, 280195.055734996276442 ], [ 13045841.150845589116216, 280192.180920348677319 ], [ 13045828.349104149267077, 280180.703947710047942 ], [ 13045808.311595806851983, 280109.390739981783554 ], [ 13045781.260959541425109, 279966.875856250175275 ], [ 13045785.491100190207362, 279919.742348432482686 ], [ 13045826.901950769126415, 279884.085804204863962 ], [ 13045905.304268134757876, 279858.413097773853224 ], [ 13045911.059485806152225, 279832.829537192301359 ], [ 13045896.810590986162424, 279730.094204206427094 ], [ 13045859.741200551390648, 279576.102767162723467 ], [ 13045871.095788612961769, 279444.95389312406769 ], [ 13045888.238990195095539, 279362.164137940562796 ], [ 13045888.238990195095539, 279313.771709285792895 ], [ 13045833.959606483578682, 279219.549702263495419 ], [ 13045828.349104149267077, 279139.646011529257521 ], [ 13045865.418494582176208, 278948.550345238065347 ], [ 13045965.183022230863571, 278629.148147315485403 ], [ 13045993.769867466762662, 278557.891411784803495 ], [ 13045993.769867466762662, 278426.63202742888825 ], [ 13045953.717114679515362, 278332.455163149395958 ], [ 13045848.275293, 278275.539028005325235 ], [ 13045782.708112923428416, 278212.806508464564104 ], [ 13045731.389827666804194, 278147.17695641919272 ], [ 13045725.679137786850333, 278038.748978288029321 ], [ 13045771.353524861857295, 277904.715572783083189 ], [ 13045885.34468343295157, 277844.880265508953016 ], [ 13046087.834837188944221, 277696.684916941507254 ], [ 13046384.501280149444938, 277645.317992746015079 ], [ 13046544.244749438017607, 277548.266868386417627 ], [ 13046698.088285716250539, 277463.80681472166907 ], [ 13046909.261359751224518, 277434.279234872665256 ], [ 13046992.528338864445686, 277394.94627924694214 ], [ 13047114.701480010524392, 277367.156939616485033 ], [ 13047245.780180418863893, 277361.518846492399462 ], [ 13047394.16906164586544, 277388.59506643761415 ], [ 13047479.773750064894557, 277420.016858809802216 ], [ 13047747.831083895638585, 277454.224278723122552 ], [ 13047810.604144755750895, 277431.382189622730948 ], [ 13047850.467654408887029, 277362.967368420562707 ], [ 13047924.717754766345024, 277334.442631542391609 ], [ 13048375.339053496718407, 277311.600561086204834 ], [ 13048472.29832997918129, 277277.393174416094553 ], [ 13048717.535168197005987, 277180.453718028147705 ], [ 13049031.344812741503119, 276986.463572716980707 ], [ 13049168.156466929242015, 276935.096897057839669 ], [ 13049316.545348154380918, 276963.621556378609966 ], [ 13049402.038717083632946, 277003.622943423630204 ], [ 13049732.991563212126493, 276979.332406259491108 ], [ 13049861.342936098575592, 276948.022132626676466 ], [ 13049881.269124949350953, 276956.490391029394232 ], [ 13049933.990035789087415, 276925.425256013520993 ], [ 13050006.726191073656082, 276674.141090945107862 ], [ 13050006.726191073656082, 276494.525322560453787 ], [ 13049929.715367341414094, 276263.732752755400725 ], [ 13049926.910116173326969, 276160.810503309301566 ], [ 13049941.159010995179415, 276120.809345318353735 ], [ 13050088.868843330070376, 276088.106456807639915 ], [ 13050266.45682699047029, 276149.389558764640242 ], [ 13050314.869673538953066, 276189.34615496150218 ], [ 13050642.360483504831791, 276262.763364555779845 ], [ 13050786.296585097908974, 276274.685725614137482 ], [ 13050907.25634379312396, 276335.133225265424699 ], [ 13051010.271400574594736, 276371.178888936701696 ], [ 13051146.192498832941055, 276387.112523602845613 ], [ 13051294.692699551582336, 276371.513160974951461 ], [ 13051362.70890842564404, 276343.100040433520917 ], [ 13051556.293502917513251, 276316.35828493029112 ], [ 13051728.282116193324327, 276274.57430167455459 ], [ 13051911.959276, 276206.49429033783963 ], [ 13052060.604192055761814, 276246.306050922721624 ], [ 13052231.446214577183127, 276280.591194532986265 ], [ 13052306.475551372393966, 276341.517819764325395 ], [ 13052537.574814258143306, 276378.644297971273772 ], [ 13052610.956622587516904, 276429.49822868744377 ], [ 13052659.358337186276913, 276487.305040671781171 ], [ 13052722.098002197220922, 276544.153627716121264 ], [ 13052774.86344083212316, 276583.363789041701239 ], [ 13052830.50092233158648, 276650.095741500146687 ], [ 13052870.353300036862493, 276729.886649747204501 ], [ 13052927.304351525381207, 276775.425761732272804 ], [ 13052998.660145124420524, 276775.425761732272804 ], [ 13053144.043400099501014, 276718.37652164400788 ], [ 13053221.076487729325891, 276669.906969812465832 ], [ 13053303.786869388073683, 276598.595474306144752 ], [ 13053388.066855868324637, 276542.983674213872291 ], [ 13053508.280773976817727, 276472.351927145966329 ], [ 13053603.236299620941281, 276453.186985056148842 ], [ 13053757.302474880591035, 276450.28995914326515 ], [ 13054104.363251328468323, 276492.397122152207885 ], [ 13054148.033887565135956, 276490.179782492399681 ], [ 13054213.044470187276602, 276431.79356427420862 ], [ 13054423.32698829472065, 276476.808890780201182 ], [ 13054577.393163552507758, 276630.863921741780359 ], [ 13054771.311716513708234, 276739.212862626940478 ], [ 13055042.152037616819143, 276748.683927685779054 ], [ 13055352.956055911257863, 276955.933268751134165 ], [ 13055489.99034907668829, 277087.191335897427052 ], [ 13055720.243583833798766, 277147.405177753418684 ], [ 13055915.453442888334394, 277299.009567671513651 ], [ 13056163.139309905469418, 277406.645882509881631 ], [ 13056493.980836542323232, 277475.060724077338818 ], [ 13056705.042591085657477, 277589.159814218524843 ], [ 13056755.114098044112325, 277721.655265552049968 ], [ 13056710.953656047582626, 277937.151445098628756 ], [ 13056416.246436120942235, 278275.929017109621782 ], [ 13056053.166784951463342, 278478.255504683824256 ], [ 13055895.193295566365123, 278519.059569754870608 ], [ 13055862.576684761792421, 278647.923383650602773 ], [ 13055904.922619059681892, 278807.941979518043809 ], [ 13056015.863623587414622, 278892.948796045908239 ], [ 13056180.560810213908553, 278946.656103734625503 ], [ 13056382.271727530285716, 278967.069342878297903 ], [ 13056560.43857254460454, 279092.289919291157275 ], [ 13056789.200126126408577, 279120.369294480187818 ], [ 13057164.4803934879601, 279187.670676069334149 ], [ 13057567.045068042352796, 279378.944937814376317 ], [ 13057640.938946032896638, 279506.88467211171519 ], [ 13057649.855637246742845, 279779.779319853812922 ], [ 13057593.795141680166125, 279907.71940644888673 ], [ 13057462.582857884466648, 280135.977191146230325 ], [ 13057542.410064732655883, 280255.415713039867114 ], [ 13057718.940513230860233, 280398.098020428500604 ], [ 13057798.867907620966434, 280506.405183773371391 ], [ 13057873.218195524066687, 280723.40974865242606 ], [ 13057906.402535727247596, 280917.237720579432789 ], [ 13057997.23924021422863, 281349.354132793901954 ], [ 13058066.925241451710463, 281504.684586918097921 ], [ 13058281.727330885827541, 281695.950759118539281 ], [ 13058491.052501372992992, 281867.605817818723153 ], [ 13058605.733840787783265, 282098.485257827676833 ], [ 13058688.755917022004724, 282149.296612741774879 ], [ 13059065.238434884697199, 282157.319459890248254 ], [ 13059207.838702589273453, 282214.370830257947091 ], [ 13059510.182439584285021, 282391.207936097402126 ], [ 13059772.562479386106133, 282391.207936097402126 ], [ 13059869.521755866706371, 282265.739368586160708 ], [ 13059989.301527958363295, 282048.899632671906147 ], [ 13060126.224501637741923, 281980.482640762813389 ], [ 13060382.904983507469296, 282031.750810318859294 ], [ 13060491.352431435137987, 282014.691132663807366 ], [ 13060668.127782817929983, 281957.639841238385998 ], [ 13060730.911975624039769, 281815.011711298080627 ], [ 13060888.540374588221312, 281716.732097470783629 ], [ 13060926.277681969106197, 281617.226842274772935 ], [ 13060999.191948438063264, 281461.004844078910537 ], [ 13061095.59462746232748, 281343.225603232102003 ], [ 13061072.52922897040844, 281217.757945979537908 ], [ 13060992.401459498330951, 281119.590165651112329 ], [ 13061013.552162749692798, 281023.428147971513681 ], [ 13061108.173729924485087, 280994.902694982010871 ], [ 13061267.872671414166689, 281199.049234469363 ], [ 13061316.675136180594563, 281401.948069888981991 ], [ 13061375.307111978530884, 281575.22962802456459 ], [ 13061506.953541794791818, 281854.925287841877434 ], [ 13061603.656783444806933, 281980.482640762813389 ], [ 13061674.266736455261707, 282184.775429063301999 ], [ 13061700.616059923544526, 282282.787933072831947 ], [ 13061940.175604112446308, 282402.57365542196203 ], [ 13062148.454371385276318, 282395.776509443647228 ], [ 13062312.094022853299975, 282302.845070343639236 ], [ 13062630.567954061552882, 282345.455353449273389 ], [ 13062864.550391759723425, 282413.883661325613502 ], [ 13063036.338629953563213, 282494.948015332396608 ], [ 13063163.510016236454248, 282572.435551812523045 ], [ 13063320.626345541328192, 282767.547436723078135 ], [ 13063514.901120873168111, 282837.368807119724806 ], [ 13063646.592078482732177, 282838.371667777537368 ], [ 13063834.054100977256894, 282853.19172053510556 ], [ 13064064.819405391812325, 282956.040700143261347 ], [ 13064216.993149306625128, 282972.755059137009084 ], [ 13064471.859123475849628, 283046.387405081070028 ], [ 13064581.241655129939318, 283024.324440325552132 ], [ 13064632.660127930343151, 282898.877607060887385 ], [ 13064826.244722418487072, 282734.408483435225207 ], [ 13064883.763503313064575, 282699.107817980053369 ], [ 13065031.963141404092312, 282813.300153429037891 ], [ 13065260.012250244617462, 282915.892817774030846 ], [ 13065507.575665820389986, 283110.570594525081106 ], [ 13065653.682497484609485, 283255.339449248567689 ], [ 13065792.052624540403485, 283496.461482320737559 ], [ 13066123.317165242508054, 283794.089911835733801 ], [ 13066440.822616886347532, 283905.642231443664059 ], [ 13066708.991270205006003, 284116.690409493399784 ], [ 13066982.83721755631268, 284396.268437698134221 ], [ 13067232.504571506753564, 284640.401009443623479 ], [ 13067483.051349436864257, 284897.571373147540726 ], [ 13067581.057029131799936, 285050.888766286021564 ], [ 13068087.349205207079649, 285233.557200211565942 ], [ 13068414.717563733458519, 285237.635568451019935 ], [ 13068642.755540622398257, 285112.142225342686288 ], [ 13068608.54706110060215, 284895.365048028237652 ], [ 13068515.595286289229989, 284823.380923930963036 ], [ 13068405.812004467472434, 284550.287304098717868 ], [ 13068418.969968279823661, 284238.706261416606139 ], [ 13068439.230115605518222, 283971.385822750802618 ], [ 13068510.274214629083872, 283677.612489998165984 ], [ 13068518.04431508667767, 283499.035503157763742 ], [ 13068473.627838261425495, 283121.512939750449732 ], [ 13068471.635219376534224, 282944.374078716384247 ], [ 13068626.63647835701704, 282591.567870585888159 ], [ 13068740.571977181360126, 282359.227926727617159 ], [ 13068756.82462283782661, 282259.945085689949337 ], [ 13068939.388587737455964, 281678.066553438547999 ], [ 13069280.805466001853347, 281311.468681478349026 ], [ 13069726.528707139194012, 280776.839163732889574 ], [ 13069863.117722341790795, 280672.988890119653661 ], [ 13070125.831720612943172, 280383.278219383617397 ], [ 13070215.443910701200366, 280053.565893976658117 ], [ 13070222.790997095406055, 279698.67191511054989 ], [ 13070219.072926102206111, 279415.069348882010672 ], [ 13070205.759115004912019, 279265.111873787420336 ], [ 13070171.472711840644479, 279042.705321543326136 ], [ 13070187.614038003608584, 278849.604116077302024 ], [ 13070428.175457607954741, 278768.820363847422414 ], [ 13070615.080882651731372, 278541.73469003115315 ], [ 13070821.244579600170255, 278539.617602485464886 ], [ 13071361.144109947606921, 278510.869785163609777 ], [ 13071648.904993647709489, 278523.572308399190661 ], [ 13071781.931785143911839, 278578.728014201216865 ], [ 13071960.132026009261608, 278637.215370228514075 ], [ 13072064.349333288148046, 278657.394572035002057 ], [ 13072219.30606447160244, 278589.202029372099787 ], [ 13072533.115709019824862, 278554.994344304432161 ], [ 13072829.81554782949388, 278760.48571167816408 ], [ 13072961.038963574916124, 279057.179565301164985 ], [ 13072932.585701728239655, 279467.785154209646862 ], [ 13073075.263893079012632, 280237.988535707292613 ], [ 13073280.403450714424253, 280477.434123931976501 ], [ 13073536.994876990094781, 280477.434123931976501 ], [ 13073924.943302407860756, 280157.972858946712222 ], [ 13074717.092798890545964, 279600.83944143645931 ], [ 13074888.970092676579952, 279604.516514998220373 ], [ 13075043.036267934367061, 279518.941008902795147 ], [ 13075248.198089467361569, 278834.450195011566393 ], [ 13075306.273467814549804, 277845.994516817736439 ], [ 13075311.049073969945312, 277625.172357974865008 ], [ 13075308.499857628718019, 277422.223070016363636 ], [ 13075293.950400182977319, 277214.438232809887268 ], [ 13075305.416307734325528, 276917.826109925110359 ], [ 13075467.608805818483233, 276553.80295886087697 ], [ 13075482.191659113392234, 276410.065874474006705 ], [ 13075573.473641565069556, 276159.139145515800919 ], [ 13075796.001303659752011, 276045.041164945112541 ], [ 13075921.347050292417407, 276106.435672813619021 ], [ 13075967.099361009895802, 276233.23602590081282 ], [ 13076033.80199989117682, 276327.066128947015386 ], [ 13076075.413225552067161, 276498.536590429313947 ], [ 13076109.822080155834556, 276709.60743142827414 ], [ 13076121.287987707182765, 276903.853487497370224 ], [ 13075995.586018705740571, 277160.586708603310399 ], [ 13075872.01025197468698, 277394.366870347643271 ], [ 13075841.887197764590383, 277745.221662721014582 ], [ 13075893.250010818243027, 277901.874230823421385 ], [ 13075967.132756859064102, 278098.651219970488455 ], [ 13076505.173251708969474, 279204.674308187619317 ], [ 13077073.726418986916542, 279798.398707100714091 ], [ 13077376.125815726816654, 280286.024705398653168 ], [ 13076980.774644171819091, 281139.54685657954542 ], [ 13076813.461449511349201, 281856.630139346932992 ], [ 13076805.824932442978024, 282248.111377883178648 ], [ 13076868.341958472505212, 282650.613988636177965 ], [ 13077210.938823336735368, 282867.432344096305314 ], [ 13077640.253571530804038, 283201.541400312969927 ], [ 13077769.773799067363143, 283506.300705076486338 ], [ 13078237.460375739261508, 283620.382252128561959 ], [ 13078962.038941310718656, 283439.866464408754837 ], [ 13079366.8856654278934, 283072.718109368463047 ], [ 13079469.544499838724732, 282673.45689794246573 ], [ 13079501.715832676738501, 281941.482741318177432 ], [ 13079606.356154022738338, 281779.688985253276769 ], [ 13079815.41415773332119, 281277.148928260896355 ], [ 13079879.311545448377728, 280941.528913264162838 ], [ 13079960.352134747430682, 280792.88470620411681 ], [ 13080174.196876559406519, 280838.235658764722757 ], [ 13081469.176512958481908, 280979.637122837943025 ], [ 13083141.974501106888056, 280859.295442542235833 ], [ 13083684.54569923505187, 280786.087635912641417 ], [ 13084445.525738298892975, 280770.487803661962971 ], [ 13085079.824196837842464, 280503.508077529142611 ], [ 13085276.637056559324265, 280268.28552884462988 ], [ 13085725.254604456946254, 280126.104769903002307 ], [ 13086423.673089694231749, 280018.800731250375975 ], [ 13086699.411468388512731, 279725.525714944698848 ], [ 13086801.936719408258796, 279441.499676287581678 ], [ 13087314.451655022799969, 278950.89029065851355 ], [ 13087827.523188086226583, 278642.686373866396025 ], [ 13088064.299745004624128, 278559.228519872063771 ], [ 13088249.980655649676919, 278669.874256490904372 ], [ 13088416.959891838952899, 278821.30194124369882 ], [ 13089822.591102086007595, 280324.556165453686845 ], [ 13090558.746894702315331, 280614.378146209346596 ], [ 13091700.32827278599143, 280904.20070600125473 ], [ 13092132.359216554090381, 280855.284054920077324 ], [ 13092600.346355849877, 280606.466811868303921 ], [ 13094249.878570424392819, 278885.817536760296207 ], [ 13094599.087813043966889, 278227.514663385110907 ], [ 13095504.003953700885177, 276152.899409920733888 ], [ 13096636.457133539021015, 274902.729133901593741 ], [ 13097181.143401991575956, 274171.016725163673982 ], [ 13098256.823641527444124, 273265.712849391682539 ], [ 13098930.863158281892538, 272604.649508263682947 ], [ 13099461.300531910732388, 270970.555367171240505 ], [ 13100426.997114542871714, 268819.831100525625516 ], [ 13100966.228727947920561, 267959.460826772032306 ], [ 13101258.331071788445115, 267846.149021340417676 ], [ 13101580.823636617511511, 267780.858284898102283 ], [ 13101900.755853155627847, 267809.269779391062912 ], [ 13102128.849489789456129, 267663.981251637334935 ], [ 13102447.891150403767824, 267451.173919342109002 ], [ 13102710.716468166559935, 267129.066633138048928 ], [ 13102895.506822884082794, 266928.62733388406923 ], [ 13103009.164022982120514, 266742.449654917174485 ], [ 13103102.561075758188963, 266566.52254163561156 ], [ 13103269.095033986493945, 266295.445885404711589 ], [ 13103338.224437767639756, 265922.200967748533003 ], [ 13103524.907223828136921, 265301.613670936843846 ], [ 13103640.011577310040593, 264720.804171583789866 ], [ 13103672.628188110888004, 264264.670261884573847 ], [ 13103671.403673712164164, 264037.049473285384011 ], [ 13103705.022159932181239, 263992.037864249374252 ], [ 13103992.56040465272963, 263844.413248603639659 ], [ 13104158.760404406115413, 263002.677099118067417 ], [ 13104046.995635647326708, 262420.539290665125009 ], [ 13104425.481904348358512, 262347.897558710479643 ], [ 13104410.542828682810068, 262323.564814384561032 ], [ 13104413.570718832314014, 262322.383829637954477 ], [ 13104318.949151657521725, 262174.983634187432472 ], [ 13104669.605547657236457, 261267.188687051762827 ], [ 13104939.777951810508966, 261238.444161818915745 ], [ 13105216.852164397016168, 261002.137626251613256 ], [ 13105472.664354240521789, 260908.996629066386959 ], [ 13106650.090608360245824, 260374.551096402225085 ], [ 13107234.406615534797311, 259899.044287032302236 ], [ 13107525.952361920848489, 259097.548962301923893 ], [ 13108033.903198409825563, 259208.180475418776041 ], [ 13108666.197906117886305, 259377.191708900267258 ], [ 13109096.893015995621681, 260002.657409635256045 ], [ 13109469.813310153782368, 259736.494375818845583 ], [ 13110053.016122419387102, 259857.710469080077019 ], [ 13110227.11980602145195, 259460.973218417057069 ], [ 13110610.504132313653827, 259413.17764434198034 ], [ 13111135.932128855958581, 259387.107337346882559 ], [ 13111774.126769574359059, 259580.295099774608389 ], [ 13112443.156909240409732, 258921.853355851810193 ], [ 13113259.796693701297045, 258762.646790110971779 ], [ 13113877.84250658378005, 258853.112642542953836 ], [ 13114096.807944975793362, 258995.496195518964669 ], [ 13114727.655499301850796, 259046.968215895496542 ], [ 13115092.338151140138507, 259530.271256109263049 ], [ 13115127.292471248656511, 259759.668033456488047 ], [ 13115224.029108747839928, 259918.207138948404463 ], [ 13115516.465411063283682, 260318.399326685583219 ], [ 13115816.24879976734519, 260629.908208412060048 ], [ 13115859.663401179015636, 260833.347462947509484 ], [ 13115787.528371142223477, 261007.708261817431776 ], [ 13115800.664071056991816, 261125.137305860203924 ], [ 13115878.921673085540533, 261210.925183328130515 ], [ 13116042.450005061924458, 261361.109789035195718 ], [ 13116142.080949319526553, 261475.530947111314163 ], [ 13116015.62200777977705, 261686.77022916029091 ], [ 13115872.242503637447953, 262019.56181096661021 ], [ 13115865.452014699578285, 262498.974573182989843 ], [ 13115858.438886778429151, 262627.768958385277074 ], [ 13115872.799101090058684, 262935.494384857243858 ], [ 13116214.104659862816334, 263071.196812856884208 ], [ 13116533.925556911155581, 263121.110379528428894 ], [ 13116766.249334197491407, 263299.373249131778721 ], [ 13117247.149534424766898, 263640.970047488808632 ], [ 13117459.881081331521273, 264013.206688644248061 ], [ 13117672.056030783802271, 264267.567053333797958 ], [ 13118065.347791757434607, 264454.298801730910782 ], [ 13118471.663933150470257, 264858.179402570764069 ], [ 13119108.077462015673518, 265375.036704817030113 ], [ 13120533.96881958656013, 266453.211772323935293 ], [ 13122610.633920336142182, 266868.907838198239915 ], [ 13123777.262183848768473, 267064.778958139882889 ], [ 13123805.203376037999988, 267234.35586481844075 ], [ 13123884.908131446689367, 267337.305406167637557 ], [ 13124248.588907867670059, 267480.253856616152916 ], [ 13124581.211546359583735, 267764.702731574478094 ], [ 13125745.724739545956254, 266887.737303530215286 ], [ 13126600.769748331978917, 266533.877444117330015 ], [ 13128628.008995164185762, 267779.966943980369251 ], [ 13128717.39854627288878, 267831.107637591601815 ], [ 13128811.908793956041336, 267865.090025215933565 ], [ 13128937.922457534819841, 267950.658825092599727 ], [ 13129109.354473358020186, 268098.955908830626868 ], [ 13129228.688967486843467, 268113.551647665677592 ], [ 13129303.829623771831393, 268174.385810900537763 ], [ 13129368.728886906057596, 268213.493500140670221 ], [ 13130007.034847112372518, 268500.729201832495164 ], [ 13130298.691912993788719, 268772.366878905741032 ], [ 13130782.152461504563689, 268979.605138991551939 ], [ 13130886.347504889592528, 269324.334357413637917 ], [ 13131038.521248802542686, 269695.024992285296321 ], [ 13130989.874631328508258, 269991.399884851067327 ], [ 13131107.873291568830609, 270243.319001592870336 ], [ 13131373.036318635568023, 270346.939105541852769 ], [ 13131755.864047475159168, 270287.329682194394991 ], [ 13132447.826002245768905, 269990.285692434932571 ], [ 13133394.820910423994064, 270199.976850226870738 ], [ 13134374.877707367762923, 271053.451845463423524 ], [ 13134446.278028763830662, 271154.988951723615173 ], [ 13220867.962455620989203, 282002.690302497241646 ], [ 13171296.870003771036863, 437510.137246344063897 ], [ 13166138.124425325542688, 453690.385128112859093 ], [ 13166071.889328304678202, 453891.22293612541398 ], [ 13165935.522952081635594, 454292.074045528832357 ], [ 13165865.024318562820554, 454493.080603503563907 ], [ 13165779.853776156902313, 454721.017295559344348 ], [ 13165603.668418077751994, 455177.394633144605905 ], [ 13165417.653548963367939, 455629.801207205804531 ], [ 13165362.160782800987363, 455756.85089315258665 ], [ 13147181.984748050570488, 464240.45109386817785 ], [ 13134386.1766356844455, 464240.45109386817785 ], [ 13130142.755570290610194, 466965.304698572435882 ], [ 13130137.033748462796211, 466968.976929922762793 ], [ 13125464.709816988557577, 464550.617167775984854 ], [ 13124664.723428353667259, 464237.906283372547477 ], [ 13124631.772859076038003, 464240.864067508315202 ], [ 13124612.047045309096575, 464240.864067508315202 ], [ 13124573.43031395226717, 464240.864067508315202 ], [ 13124556.420695759356022, 464240.864067508315202 ], [ 13124536.349791567772627, 464240.875228958146181 ], [ 13124525.718780199065804, 464240.875228958146181 ], [ 13124515.28814391233027, 464240.875228958146181 ], [ 13124513.184205535799265, 464240.875228958146181 ], [ 13124512.6943997759372, 464240.875228958146181 ], [ 13124511.792711898684502, 464240.875228958146181 ], [ 13124511.78157995082438, 464240.585031264985446 ], [ 13124509.744433270767331, 464240.585031264985446 ], [ 13107674.441430689767003, 464240.841744608769659 ], [ 13103380.759615201503038, 464240.908713307289872 ], [ 13103092.586849385872483, 464240.908713307289872 ], [ 13102935.771082704886794, 464240.886390407860745 ], [ 13100662.103879097849131, 464240.60735416423995 ], [ 13100659.72164199501276, 464240.60735416423995 ], [ 13100469.320784941315651, 464240.585031264985446 ], [ 13100464.76781776919961, 464240.585031264985446 ], [ 13100370.179646441712976, 464234.825723397661932 ], [ 13098468.553313016891479, 464113.712923959887121 ], [ 13095840.745413349941373, 464106.01153511920711 ], [ 13095825.494643112644553, 463944.728981964522973 ], [ 13095764.157603684812784, 463675.85097554360982 ], [ 13095672.207704288884997, 463437.779106041649356 ], [ 13095549.644944926723838, 463192.006572333280928 ], [ 13095365.856465628370643, 462923.130867483443581 ], [ 13095135.981717137619853, 462669.658507951186039 ], [ 13094867.813063818961382, 462439.17899035627488 ], [ 13094538.418690560385585, 462224.102521776338108 ], [ 13094178.411457335576415, 462070.524627639155369 ], [ 13093856.586809450760484, 461970.632172896817792 ], [ 13093511.941665954887867, 461909.245804312580731 ], [ 13093320.360822301357985, 461893.843413080030587 ], [ 13093081.469195056706667, 461798.862059892970137 ], [ 13092945.548096800222993, 461673.076100848440547 ], [ 13092599.455799922347069, 461490.033854196430184 ], [ 13092253.474822537973523, 461432.777424466330558 ], [ 13092080.37301435507834, 461409.897185150184669 ], [ 13091895.026062183082104, 461444.273351823620033 ], [ 13091783.817890882492065, 461490.033854196430184 ], [ 13091561.401548275724053, 461684.460448237485252 ], [ 13091395.702486230060458, 462734.081268354901113 ], [ 13091298.164348397403955, 463151.066872762923595 ], [ 13091175.757436320185661, 463539.760399430000689 ], [ 13091044.61194421723485, 463937.719615435635205 ], [ 13090863.628716085106134, 464437.964330067683477 ], [ 13090634.689051320776343, 464602.674368638196029 ], [ 13090535.703760106116533, 464692.993238977913279 ], [ 13090189.611463230103254, 465093.357418972649612 ], [ 13089917.769266711547971, 465310.784843474684749 ], [ 13089608.746360272169113, 465539.486038285831455 ], [ 13089200.98306549526751, 465699.655361595912836 ], [ 13088793.108451230451465, 465814.06220058404142 ], [ 13088409.946763917803764, 465871.321484466199763 ], [ 13088039.252859577536583, 465859.824978067888878 ], [ 13087717.984809149056673, 465825.558700968744233 ], [ 13087359.536048794165254, 465756.914570605265908 ], [ 13087001.087288437411189, 465642.50780633505201 ], [ 13086445.046431925147772, 465253.525926256319508 ], [ 13086123.778381496667862, 464979.063137035700493 ], [ 13085555.269742013886571, 464521.441039978177287 ], [ 13085436.413921697065234, 464460.052891522471327 ], [ 13085239.345027144998312, 464411.076341338979546 ], [ 13085137.821651540696621, 464434.973054866131861 ], [ 13084973.013145422562957, 464511.406865139375441 ], [ 13084860.747438956052065, 464603.366381379251834 ], [ 13084763.999669509008527, 464726.388475094514433 ], [ 13084682.792100975289941, 464892.393793116672896 ], [ 13084566.530024791136384, 465024.713862625707407 ], [ 13084517.104170879349113, 465070.476227549195755 ], [ 13084442.965390007942915, 465070.476227549195755 ], [ 13084319.400755230337381, 464921.80443659843877 ], [ 13084201.390963038429618, 464813.00184728653403 ], [ 13084096.939884828403592, 464689.153680560353678 ], [ 13084005.713562119752169, 464522.646480414317921 ], [ 13084007.082791859284043, 464511.65241779142525 ], [ 13084029.970079166814685, 464328.459168904926628 ], [ 13084011.591231236234307, 464183.940692204923835 ], [ 13083960.15049454011023, 464090.664566617691889 ], [ 13083856.400729121640325, 464029.935243383981287 ], [ 13083724.642979817464948, 463984.709169261390343 ], [ 13083592.284105265513062, 463979.396334837016184 ], [ 13083509.506931912153959, 463955.577875210845377 ], [ 13083429.62406531907618, 463892.270360685128253 ], [ 13083392.554674882441759, 463812.131506103207357 ], [ 13083380.198211407288909, 463732.104338465200271 ], [ 13083306.059430537745357, 463663.461846881138626 ], [ 13083170.138332279399037, 463686.342671452381182 ], [ 13082997.036524096503854, 463754.985180907649919 ], [ 13082762.263718010857701, 463835.012369384639896 ], [ 13082539.84737540781498, 463926.535882100113668 ], [ 13081773.635320279747248, 464326.896564393537119 ], [ 13081254.552534708753228, 464658.615803317516111 ], [ 13081056.737799568101764, 464738.755430733726826 ], [ 13080871.390847397968173, 464795.902396410587244 ], [ 13080723.113285660743713, 464784.517646371212322 ], [ 13080611.90511435829103, 464750.140174831321929 ], [ 13080550.122796969488263, 464692.993238977913279 ], [ 13080401.845235230401158, 464647.231071101617999 ], [ 13080179.317573135718703, 464647.231071101617999 ], [ 13080068.109401835128665, 464670.112152054964099 ], [ 13079969.257694007828832, 464761.636535566998646 ], [ 13079882.762449663132429, 464853.161014611076098 ], [ 13079771.554278358817101, 464933.189204466412775 ], [ 13079660.346107060089707, 464978.951521598908585 ], [ 13079549.026616264134645, 464967.566747786942869 ], [ 13079400.749054528772831, 464910.30805485957535 ], [ 13079264.827956270426512, 464841.664641874434892 ], [ 13079042.4116136636585, 464876.042149301210884 ], [ 13079017.698686709627509, 464990.447912340983748 ], [ 13079017.698686709627509, 465127.62340949854115 ], [ 13078968.272832794114947, 465219.148270743666217 ], [ 13078857.064661493524909, 465253.525926256319508 ], [ 13078708.675780266523361, 465219.148270743666217 ], [ 13078510.97236461751163, 465104.85382472386118 ], [ 13078325.625412447378039, 464978.951521598908585 ], [ 13078300.912485489621758, 464887.426911225717049 ], [ 13078313.268948968499899, 464761.636535566998646 ], [ 13078263.843095056712627, 464681.496887241199147 ], [ 13078164.991387231275439, 464647.231071101617999 ], [ 13077991.889579050242901, 464704.377977134543471 ], [ 13077781.829699922353029, 464784.517646371212322 ], [ 13077670.621528618037701, 464750.140174831321929 ], [ 13077386.422868624329567, 464750.140174831321929 ], [ 13077349.353478191420436, 464784.517646371212322 ], [ 13077324.640551233664155, 464864.545773564081173 ], [ 13077262.74691435135901, 464921.80443659843877 ], [ 13077176.251670004799962, 464956.07036004611291 ], [ 13077065.043498704209924, 464967.566747786942869 ], [ 13076953.83532740175724, 464990.447912340983748 ], [ 13076854.983619574457407, 465047.595042100234423 ], [ 13076817.914229141548276, 465093.357418972649612 ], [ 13076681.993130883201957, 465116.238616371527314 ], [ 13076620.21081349439919, 465093.357418972649612 ], [ 13076484.178395746275783, 465093.357418972649612 ], [ 13076422.396078355610371, 465139.11981974565424 ], [ 13076397.68315139785409, 465230.644693001231644 ], [ 13076348.257297486066818, 465287.791979431291111 ], [ 13076199.979735748842359, 465356.435741916997358 ], [ 13076101.128027925267816, 465390.813451317371801 ], [ 13075989.919856620952487, 465447.960842264234088 ], [ 13075841.642294883728027, 465550.982502599305008 ], [ 13075730.322804093360901, 465619.626471428608056 ], [ 13075569.688778877258301, 465653.892667883075774 ], [ 13075483.193534532561898, 465631.011330000183079 ], [ 13075359.628899749368429, 465585.248672180168796 ], [ 13075273.133655404672027, 465631.011330000183079 ], [ 13075273.133655404672027, 465699.655361595912836 ], [ 13075334.915972793474793, 465802.565701710060239 ], [ 13075322.559509316459298, 465939.854087940009777 ], [ 13075236.064264971762896, 466100.024144242051989 ], [ 13075161.925484102219343, 466203.0465724413516 ], [ 13075087.786703234538436, 466271.691052998008672 ], [ 13074902.328431570902467, 466305.957504928461276 ], [ 13074840.5461141820997, 466340.335587467008736 ], [ 13074828.18965070322156, 466431.861717303807382 ], [ 13074828.18965070322156, 466546.157896993914619 ], [ 13074766.407333312556148, 466626.299252805416472 ], [ 13074630.486235054209828, 466706.329064515652135 ], [ 13074469.852209839969873, 466786.470567316689994 ], [ 13074408.069892447441816, 466855.115506341098808 ], [ 13074358.644038535654545, 466980.908892428851686 ], [ 13074309.218184627592564, 467061.05064733006293 ], [ 13074222.722940277308226, 467095.317409007286187 ], [ 13074111.403449486941099, 467072.435693690902553 ], [ 13074099.046986008062959, 466992.405546339869034 ], [ 13074074.334059054031968, 466935.145527795713861 ], [ 13073963.12588774971664, 466923.760499346302822 ], [ 13073864.274179922416806, 466969.52385800954653 ], [ 13073753.066008621826768, 467083.932359660742804 ], [ 13073641.857837319374084, 467163.962590963230468 ], [ 13073543.006129493936896, 467243.992895685660187 ], [ 13073493.468956090509892, 467381.283547635364812 ], [ 13073444.04310217872262, 467552.952975927095395 ], [ 13073406.973711745813489, 467793.156800743716303 ], [ 13073419.330175224691629, 467930.448317745991517 ], [ 13073468.867348624393344, 468021.976115978497546 ], [ 13073505.936739061027765, 468044.858080568257719 ], [ 13073543.006129493936896, 468102.007208637602162 ], [ 13073505.936739061027765, 468216.417196896625683 ], [ 13073406.973711745813489, 468433.740779007144738 ], [ 13073357.547857834026217, 468525.269106495252345 ], [ 13073246.339686529710889, 468605.412282088596839 ], [ 13073196.913832617923617, 468662.561778316739947 ], [ 13073196.913832617923617, 468731.208195509854704 ], [ 13073184.557369142770767, 468845.619011278206017 ], [ 13073085.705661317333579, 468937.147772315714974 ], [ 13072925.071636099368334, 468971.415272284299135 ], [ 13072751.96982791647315, 468994.297486628172919 ], [ 13072381.275923576205969, 469154.473155764455441 ], [ 13072270.067752273753285, 469268.884528826456517 ], [ 13072183.572507929056883, 469417.563728590903338 ], [ 13072072.253017133101821, 469532.087069569795858 ], [ 13071837.480211051180959, 469795.178786844655406 ], [ 13071775.697893660515547, 469909.591004453308415 ], [ 13071800.410820614546537, 470035.388807197276037 ], [ 13071788.054357139393687, 470184.069320492679253 ], [ 13071713.915576269850135, 470275.599493039597291 ], [ 13071627.420331923291087, 470355.744284481741488 ], [ 13071577.994478011503816, 470447.274638366128784 ], [ 13071627.420331923291087, 470573.073221566854045 ], [ 13071676.846185836941004, 470664.603805107297376 ], [ 13071763.341430181637406, 470698.983610261406284 ], [ 13071849.836674528196454, 470676.100946220743936 ], [ 13071923.975455397740006, 470664.603805107297376 ], [ 13071973.401309309527278, 470664.603805107297376 ], [ 13072047.54009017907083, 470744.637333660561126 ], [ 13072096.965944090858102, 470824.782559128885623 ], [ 13072146.503117494285107, 470984.961609561636578 ], [ 13072134.146654015406966, 471179.409329174901359 ], [ 13072109.322407569736242, 471282.437775680155028 ], [ 13072059.896553657948971, 471408.237572906597052 ], [ 13071825.123747572302818, 471637.066422313859221 ], [ 13071577.994478011503816, 471751.481074238370638 ], [ 13071417.360452797263861, 471820.129938125086483 ], [ 13071268.971571568399668, 471831.515608629677445 ], [ 13071071.268155923113227, 471854.398578398511745 ], [ 13070935.347057661041617, 471934.544832515297458 ], [ 13070601.611224263906479, 472163.375076100288425 ], [ 13070403.907808614894748, 472254.795718605222646 ], [ 13070206.204392965883017, 472231.912642713868991 ], [ 13070119.709148621186614, 472243.409992281347513 ], [ 13069958.963803917169571, 472460.743674709461629 ], [ 13069921.89441348053515, 472689.575313742563594 ], [ 13069971.320267392322421, 472826.87458866398083 ], [ 13070070.171975217759609, 473009.940628776559606 ], [ 13070206.204392965883017, 473181.509581645659637 ], [ 13070230.917319923639297, 473284.540418291056994 ], [ 13070119.709148621186614, 473421.840641392569523 ], [ 13069958.963803917169571, 473581.912885289173573 ], [ 13069761.260388264432549, 473799.361570848734118 ], [ 13069625.339290007948875, 473959.546144102874678 ], [ 13069477.061728270724416, 474028.196766838198528 ], [ 13069316.316383564844728, 474051.080319931032136 ], [ 13069019.761260094121099, 474165.498176765046082 ], [ 13068698.493209663778543, 474314.185804637498222 ], [ 13068599.530182346701622, 474394.222719854558818 ], [ 13068550.104328434914351, 474485.75735864561284 ], [ 13068426.539693655446172, 474520.138687195780221 ], [ 13068129.984570182859898, 474531.524714619328734 ], [ 13067956.994081489741802, 474497.255009194195736 ], [ 13067573.832394178956747, 474474.371337288990617 ], [ 13067413.198368962854147, 474508.641033584135585 ], [ 13067289.633734181523323, 474577.292094982112758 ], [ 13067215.494953313842416, 474668.826928882917855 ], [ 13067128.88838947750628, 474760.361860367178451 ], [ 13066881.759119916707277, 474920.548225331178401 ], [ 13066758.194485135376453, 475137.888670376327354 ], [ 13066684.055704267695546, 475286.689611077308655 ], [ 13066560.491069488227367, 475401.10911468102131 ], [ 13066375.032797824591398, 475538.301091549976263 ], [ 13066189.685845654457808, 475709.986722676316276 ], [ 13066029.051820438355207, 475870.174861713778228 ], [ 13065930.200112614780664, 476030.363300362136215 ], [ 13065843.704868268221617, 476442.166174574405886 ], [ 13065744.853160444647074, 476579.471449896809645 ], [ 13065695.315987041220069, 476808.314065360871609 ], [ 13065757.209623923525214, 477025.659302039595786 ], [ 13065856.061331747099757, 477197.347917874867562 ], [ 13065831.348404791206121, 477311.76997638028115 ], [ 13065744.853160444647074, 477471.961115888843779 ], [ 13065645.890133129432797, 477540.502921764738858 ], [ 13065448.186717480421066, 477586.27191073592985 ], [ 13065089.849276619032025, 477563.387413182063028 ], [ 13064879.678078, 477597.769977676856797 ], [ 13064669.618198871612549, 477689.308041596959811 ], [ 13064558.410027569159865, 477780.846203726017848 ], [ 13064298.924294529482722, 477826.615321624849457 ], [ 13063582.138093313202262, 477975.309308311261702 ], [ 13063446.216995054855943, 477998.193916371441446 ], [ 13063075.411771222949028, 477963.922822686668951 ], [ 13062914.777746008709073, 477998.193916371441446 ], [ 13062432.764350874349475, 478124.115186706592795 ], [ 13062272.130325658246875, 478215.653815586701967 ], [ 13062012.644592618569732, 478433.00263684237143 ], [ 13061781.066655920818448, 478560.755330643092748 ], [ 13061382.810045661404729, 478651.390200513240416 ], [ 13061205.867715043947101, 478691.667434391973075 ], [ 13061151.2321089617908, 478723.918259845697321 ], [ 13061052.992658337578177, 478856.795361846568994 ], [ 13060955.654895586892962, 478994.729671205685008 ], [ 13060919.531720824539661, 479040.108723608602304 ], [ 13060848.765920529142022, 479094.753395708103199 ], [ 13060798.004232728853822, 479129.103088046715129 ], [ 13060744.259182572364807, 479098.336837127339095 ], [ 13060698.284232873469591, 479065.795622301578987 ], [ 13060668.127782817929983, 479042.799093773006462 ], [ 13060659.32241109572351, 479033.84607803664403 ], [ 13060632.294038731604815, 479030.262639333843254 ], [ 13060564.222170108929276, 479044.294984274718445 ], [ 13060521.820576068013906, 479075.641710688592866 ], [ 13060507.783188277855515, 479095.947876164456829 ], [ 13060504.198700675740838, 479122.516698125633411 ], [ 13060505.701513802632689, 479155.370509194035549 ], [ 13060509.274869456887245, 479177.473997787223198 ], [ 13060507.193194977939129, 479241.06063134665601 ], [ 13060473.151694690808654, 479301.376437418861315 ], [ 13060422.089444266632199, 479324.361872460576706 ], [ 13060385.665706878527999, 479391.844645042554475 ], [ 13060340.28075048327446, 479454.248116818373092 ], [ 13060256.980375522747636, 479485.594994344224688 ], [ 13060126.202237736433744, 479527.993674005323555 ], [ 13060054.534749563783407, 479531.577133682148997 ], [ 13060027.21694652363658, 479524.566502430825494 ], [ 13060002.581943213939667, 479469.475017420540098 ], [ 13059945.552968077361584, 479463.201176812697668 ], [ 13059913.904836846515536, 479430.659822370274924 ], [ 13059896.884086702018976, 479382.590180587838404 ], [ 13059864.189552256837487, 479318.244330133136827 ], [ 13059846.723524153232574, 479264.347461639961693 ], [ 13059615.023136015981436, 479135.957399455131963 ], [ 13059103.844034291803837, 479064.29973142198287 ], [ 13058974.145695567131042, 479259.982575898000505 ], [ 13058967.255019089207053, 479269.203536833403632 ], [ 13058982.027115516364574, 479286.43981516151689 ], [ 13058982.928803391754627, 479300.181954077503178 ], [ 13058970.68365940451622, 479345.56116944225505 ], [ 13058932.167115591466427, 479403.488080039038323 ], [ 13058915.747490698471665, 479418.714971549401525 ], [ 13058888.574402995407581, 479439.612879880471155 ], [ 13058852.45122823305428, 479471.261164297524374 ], [ 13058829.452621437609196, 479480.515638404700439 ], [ 13058762.449419926851988, 479840.257587209460326 ], [ 13058799.518810359761119, 480000.453483660006896 ], [ 13058737.625173481181264, 480126.266082512331195 ], [ 13058614.06053869985044, 480206.420080348034389 ], [ 13058404.000659573823214, 480332.23298448609421 ], [ 13058193.940780445933342, 480389.501919223228469 ], [ 13057983.769581828266382, 480389.501919223228469 ], [ 13057637.788604442030191, 480240.692077454528771 ], [ 13057483.833748675882816, 480223.031391875294503 ], [ 13057376.855718025937676, 480257.437357946648262 ], [ 13057242.270453654229641, 480412.387176857970189 ], [ 13057143.418745828792453, 480561.085684165067505 ], [ 13057019.854111049324274, 480664.013782595284283 ], [ 13056822.150695402175188, 480744.168288511049468 ], [ 13056624.447279753163457, 480847.096609195810743 ], [ 13056550.308498883619905, 480904.365891632856801 ], [ 13056513.12778895907104, 481041.678363883518614 ], [ 13056513.12778895907104, 481155.993957682512701 ], [ 13056463.701935045421124, 481281.919907548173796 ], [ 13056462.599872088059783, 481297.694155421399046 ], [ 13056436.473187599331141, 481367.556358610920142 ], [ 13056377.206690700724721, 481476.391024259035476 ], [ 13056191.85973853059113, 481751.129683661216404 ], [ 13056093.008030705153942, 481922.716206729004625 ], [ 13056117.720957661047578, 482208.731731437088456 ], [ 13056130.077421139925718, 482506.246955675189383 ], [ 13056093.008030705153942, 482769.378554393013474 ], [ 13056006.51278636045754, 482952.465937609144021 ], [ 13055882.948151579126716, 483101.168909449072089 ], [ 13055598.638172091916203, 483307.143053409527056 ], [ 13055079.666706012561917, 483707.705593538295943 ], [ 13054894.208434352651238, 483913.569579485047143 ], [ 13054783.00026304833591, 484108.158397540973965 ], [ 13054610.00977435708046, 484462.840377896209247 ], [ 13054486.445139575749636, 484600.158637657063082 ], [ 13054399.949895229190588, 484668.817851605010219 ], [ 13054338.056258350610733, 484886.183244958519936 ], [ 13054325.699794871732593, 484966.341759905510116 ], [ 13054239.2045505233109, 485057.887789711472578 ], [ 13054115.639915743842721, 485103.549200392619241 ], [ 13054029.144671399146318, 485195.095379686681554 ], [ 13053893.223573137074709, 485435.460396071837749 ], [ 13053794.371865313500166, 485549.893588031467516 ], [ 13053658.450767055153847, 485641.440253914392088 ], [ 13053435.923104960471392, 485778.648797456349712 ], [ 13053213.50676235370338, 485893.082457362208515 ], [ 13053015.803346704691648, 485950.355167226574849 ], [ 13052817.988611565902829, 485984.62949768215185 ], [ 13052533.78995157033205, 486167.723878123273607 ], [ 13052237.234828097745776, 486373.705534086446278 ], [ 13052125.915337303653359, 486476.640730189275928 ], [ 13052064.133019914850593, 486636.849231681961101 ], [ 13052088.845946870744228, 486785.558721240435261 ], [ 13052076.489483391866088, 486991.541896449052729 ], [ 13052002.350702524185181, 487174.638477761414833 ], [ 13051841.716677308082581, 487323.46056740329368 ], [ 13051755.221432963386178, 487380.622610702295788 ], [ 13051644.013261660933495, 487380.622610702295788 ], [ 13051508.092163402587175, 487392.122010851919185 ], [ 13051359.703282173722982, 487392.122010851919185 ], [ 13051174.356330003589392, 487266.186918668972794 ], [ 13051100.217549134045839, 487174.638477761414833 ], [ 13050605.847690520808101, 486957.26715409377357 ], [ 13050377.27538007684052, 486909.204387557459995 ], [ 13050334.005494005978107, 486900.105400019150693 ], [ 13050161.015005310997367, 486900.105400019150693 ], [ 13049938.487343216314912, 486957.26715409377357 ], [ 13049740.783927567303181, 486980.154195477545727 ], [ 13049506.011121485382318, 486888.606067489541601 ], [ 13049370.090023225173354, 486785.670365100493655 ], [ 13049295.951242357492447, 486591.075342847441789 ], [ 13049271.238315401598811, 486430.866928890754934 ], [ 13049184.63175156340003, 486339.431044571858365 ], [ 13049048.710653305053711, 486179.223111702012829 ], [ 13048678.016748966649175, 485950.355167226574849 ], [ 13048467.84555034711957, 485847.308974668965675 ], [ 13048331.924452088773251, 485732.875377195421606 ], [ 13048319.56798860989511, 485584.167754906695336 ], [ 13048331.924452088773251, 485412.573776396166068 ], [ 13048245.429207740351558, 485286.641658744832966 ], [ 13047936.517620790749788, 485183.70792268338846 ], [ 13047812.952986009418964, 485046.388709759165067 ], [ 13047763.41581260599196, 484886.183244958519936 ], [ 13047726.346422173082829, 484703.091659054916818 ], [ 13047664.564104782417417, 484577.272245463100262 ], [ 13047553.355933481827378, 484439.954023061261978 ], [ 13047454.50422565639019, 484291.248688638152089 ], [ 13047417.434835223481059, 484142.431976616149768 ], [ 13047405.078371744602919, 484005.114463697071187 ], [ 13047293.870200442150235, 483867.7971746919211 ], [ 13047170.305565658956766, 483787.751346089062281 ], [ 13047009.560220956802368, 483627.548277364345267 ], [ 13046737.718024438247085, 483307.143053409527056 ], [ 13046478.232291400432587, 483204.211738109705038 ], [ 13046255.815948793664575, 483124.05490060831653 ], [ 13045872.654261484742165, 483192.712911337439436 ], [ 13045650.237918877974153, 483249.983782548399176 ], [ 13045563.742674531415105, 483295.75585182744544 ], [ 13045501.960357140749693, 483375.801213179598562 ], [ 13045254.719768088310957, 483433.072208729339764 ], [ 13045081.729279397055507, 483433.072208729339764 ], [ 13044884.025863748043776, 483375.801213179598562 ], [ 13044735.748302012681961, 483307.143053409527056 ], [ 13044562.646493826061487, 483272.869814082863741 ], [ 13044340.230151223018765, 483261.370977950224187 ], [ 13044117.813808619976044, 483204.211738109705038 ], [ 13043882.929683046415448, 483204.211738109705038 ], [ 13043697.582730872556567, 483238.484949536097702 ], [ 13043104.361164435744286, 483330.02910045493627 ], [ 13042906.657748786732554, 483410.186133716371842 ], [ 13042721.310796616598964, 483536.003803399566095 ], [ 13042622.459088793024421, 483696.206698093563318 ], [ 13042560.676771402359009, 483856.409897363046184 ], [ 13042523.607380967587233, 483982.228233314934187 ], [ 13042573.033234879374504, 484119.545708910736721 ], [ 13042736.672886345535517, 484365.489682359911967 ], [ 13042662.534105477854609, 484405.568682134267874 ], [ 13042563.682397654280066, 484376.98866920027649 ], [ 13042440.117762874811888, 484268.250739959243219 ], [ 13042322.675700087100267, 484233.977109657076653 ], [ 13042242.414347222074866, 484256.863408473611344 ], [ 13042205.344956789165735, 484331.216012457793113 ], [ 13042214.584474524483085, 484417.067674451740459 ], [ 13042140.445693658664823, 484531.499479756748769 ], [ 13042041.593985833227634, 484600.158637657063082 ], [ 13041967.455204967409372, 484623.045036078430712 ], [ 13041880.848641127347946, 484668.817851605010219 ], [ 13041843.77925069257617, 484760.363557401753496 ], [ 13041856.13571417145431, 484863.296774914371781 ], [ 13041843.77925069257617, 484989.228258007846307 ], [ 13041806.709860259667039, 485035.001272910332773 ], [ 13041658.432298520579934, 485069.275229661376216 ], [ 13041547.224127219989896, 485057.887789711472578 ], [ 13041411.303028961643577, 485080.662671154830605 ], [ 13041225.844757301732898, 485149.322277570317965 ], [ 13041052.854268606752157, 485115.048288167279679 ], [ 13040991.071951216086745, 485057.887789711472578 ], [ 13040830.437926003709435, 484954.842692479607649 ], [ 13040694.516827743500471, 484886.183244958519936 ], [ 13040533.882802531123161, 484874.795829816197511 ], [ 13040249.572823042050004, 484897.682302991161123 ], [ 13040175.434042174369097, 484886.183244958519936 ], [ 13040113.651724783703685, 484829.022902159311343 ], [ 13040113.651724783703685, 484748.86451815161854 ], [ 13040138.364651737734675, 484668.817851605010219 ], [ 13040212.503432609140873, 484600.158637657063082 ], [ 13040261.929286520928144, 484531.499479756748769 ], [ 13040261.929286520928144, 484417.067674451740459 ], [ 13040224.859896086156368, 484268.362380471779034 ], [ 13040163.077578695490956, 484153.930932982417289 ], [ 13040039.512943917885423, 484028.000700298987795 ], [ 13039903.591845659539104, 484005.114463697071187 ], [ 13039792.38367435336113, 484016.613401309936307 ], [ 13039606.925402691587806, 484096.65944742661668 ], [ 13039310.370279220864177, 484199.70349331072066 ], [ 13039125.023327048867941, 484188.204530692251865 ], [ 13039001.347372777760029, 484165.318250543205068 ], [ 13038914.852128433063626, 484119.545708910736721 ], [ 13038704.792249305173755, 483959.342009152635001 ], [ 13038556.514687567949295, 483879.296093556506094 ], [ 13038371.167735397815704, 483833.523707387619652 ], [ 13038123.927146343514323, 483810.63752362964442 ], [ 13037876.797876784577966, 483764.865174765349366 ], [ 13037765.589705482125282, 483730.591749335930217 ], [ 13037654.381534179672599, 483673.320551635173615 ], [ 13037580.131433820351958, 483558.889912569546141 ], [ 13037555.418506862595677, 483513.117700443661306 ], [ 13037505.992652950808406, 483398.68727885937551 ], [ 13037419.497408606112003, 483284.257012574584223 ], [ 13037308.289237305521965, 483158.439718508801889 ], [ 13037221.793992957100272, 483089.78173567308113 ], [ 13037160.01167556643486, 483055.508584660536144 ], [ 13036912.882406007498503, 483055.508584660536144 ], [ 13036739.780597822740674, 483021.12380870920606 ], [ 13036603.859499560669065, 482986.85068558412604 ], [ 13036492.651328260079026, 482941.078783900127746 ], [ 13036406.156083915382624, 482883.808122364804149 ], [ 13036332.017303045839071, 482849.535055002663285 ], [ 13036196.096204787492752, 482838.036276562255807 ], [ 13036109.489640951156616, 482838.036276562255807 ], [ 13036010.637933125719428, 482860.922196361178067 ], [ 13035874.716834869235754, 482906.694054573890753 ], [ 13035751.152200086042285, 482929.579992988554295 ], [ 13035602.87463835068047, 482975.351888435950968 ], [ 13035380.346976255998015, 483055.508584660536144 ], [ 13035256.782341472804546, 483078.394563433830626 ], [ 13034836.662583220750093, 483124.05490060831653 ], [ 13034614.134921124204993, 483078.394563433830626 ], [ 13034564.709067210555077, 483009.736645735916682 ], [ 13034441.144432432949543, 482963.964731639134698 ], [ 13034268.153943737968802, 482975.351888435950968 ], [ 13034132.232845479622483, 482998.237845469149761 ], [ 13033996.311747223138809, 482998.237845469149761 ], [ 13033749.071158170700073, 482975.351888435950968 ], [ 13033613.150059908628464, 482998.237845469149761 ], [ 13033452.516034696251154, 483066.895753810938913 ], [ 13033279.525546003133059, 483112.667723743303213 ], [ 13032921.076785650104284, 483158.439718508801889 ], [ 13032463.776317469775677, 483192.712911337439436 ], [ 13032315.498755734413862, 483215.598927331971936 ], [ 13032253.716438341885805, 483272.869814082863741 ], [ 13032167.221193997189403, 483307.143053409527056 ], [ 13031981.874241827055812, 483352.915153711452149 ], [ 13031796.527289656922221, 483410.186133716371842 ], [ 13031660.494871905073524, 483433.072208729339764 ], [ 13031549.28670060262084, 483467.345513171632774 ], [ 13031487.504383213818073, 483513.117700443661306 ], [ 13031401.009138867259026, 483593.27490778430365 ], [ 13031252.731577131897211, 483787.751346089062281 ], [ 13031116.810478871688247, 483844.910981622524559 ], [ 13030758.361718518659472, 483810.63752362964442 ], [ 13030474.163058523088694, 483810.63752362964442 ], [ 13030251.746715918183327, 483867.7971746919211 ], [ 13029992.14966338686645, 484005.114463697071187 ], [ 13029745.020393826067448, 484119.545708910736721 ], [ 13029534.960514700040221, 484233.977109657076653 ], [ 13029300.187708616256714, 484337.021323641587514 ], [ 13029040.590656086802483, 484348.408665973227471 ], [ 13028879.956630872562528, 484302.636024776031263 ], [ 13028734.684695387259126, 484222.47814235673286 ], [ 13028536.981279738247395, 484142.431976616149768 ], [ 13028348.517381824553013, 484039.499641036905814 ], [ 13028200.239820089191198, 483993.7271678026882 ], [ 13028051.962258351966739, 483902.182295968348626 ], [ 13027804.832988791167736, 483799.138614136900287 ], [ 13027681.157034518197179, 483764.865174765349366 ], [ 13027594.661790171638131, 483650.434411392139737 ], [ 13027483.453618869185448, 483444.45942885504337 ], [ 13027396.9583745226264, 483318.641895782784559 ], [ 13027322.819593656808138, 483158.439718508801889 ], [ 13027248.680812787264585, 482952.465937609144021 ], [ 13027211.611422354355454, 482757.991425383021124 ], [ 13027211.611422354355454, 482529.132785549678374 ], [ 13027186.898495396599174, 482391.817899303103331 ], [ 13027137.472641482949257, 482266.001935217704158 ], [ 13027050.977397138252854, 482105.80175512569258 ], [ 13026939.657906344160438, 481991.373240923276171 ], [ 13026865.51912547647953, 481796.789303504163399 ], [ 13026840.80619852244854, 481568.044902920955792 ], [ 13026791.380344610661268, 481407.846044662699569 ], [ 13026692.528636783361435, 481281.919907548173796 ], [ 13026531.894611570984125, 481213.263448904559482 ], [ 13026247.695951573550701, 481270.532978849951178 ], [ 13026000.45536252297461, 481362.074997983465437 ], [ 13025815.108410350978374, 481396.347462316043675 ], [ 13025605.048531223088503, 481384.960518230160233 ], [ 13025431.946723040193319, 481362.074997983465437 ], [ 13025271.31269782781601, 481373.461938991618808 ], [ 13025135.391599567607045, 481419.23299182660412 ], [ 13025024.183428263291717, 481545.15933317883173 ], [ 13024937.688183918595314, 481670.974224806588609 ], [ 13024925.331720441579819, 481854.059228270489257 ], [ 13024950.044647397473454, 482071.417365801637061 ], [ 13025085.965745655819774, 482632.063277550216299 ], [ 13025110.678672609850764, 482826.64913829107536 ], [ 13025123.035136088728905, 483032.622612094623037 ], [ 13025110.678672609850764, 483249.983782548399176 ], [ 13025073.609282176941633, 483570.388789278280456 ], [ 13025085.965745655819774, 483810.63752362964442 ], [ 13025061.252818699926138, 484016.613401309936307 ], [ 13024962.401110876351595, 484165.318250543205068 ], [ 13024838.836476093158126, 484279.749713513127062 ], [ 13024715.271841311827302, 484314.135003027855419 ], [ 13024529.813569650053978, 484302.636024776031263 ], [ 13024381.536007916554809, 484279.749713513127062 ], [ 13023571.90935137681663, 483973.185383024741895 ], [ 13023051.379412425681949, 483878.068053602997679 ], [ 13022493.22348559089005, 483876.281813702429645 ], [ 13021748.162133710458875, 484060.488002937519923 ], [ 13021431.569501895457506, 484134.058951124141458 ], [ 13021061.320875518023968, 483703.463282414770219 ], [ 13020727.251083645969629, 483497.041612326342147 ], [ 13020485.91042760387063, 483365.530395479407161 ], [ 13020205.830588767305017, 483607.229861142870504 ], [ 13020036.624962763860822, 484017.394882563967258 ], [ 13019811.870910853147507, 484352.762650213029701 ], [ 13019177.68377180211246, 484724.080186474369839 ], [ 13019083.173524118959904, 485059.78569626249373 ], [ 13019156.644388042390347, 485284.07389589905506 ], [ 13017927.276459518820047, 485728.666456634819042 ], [ 13017593.273459343239665, 485390.803582981461659 ], [ 13017331.67265597730875, 485632.620509806030896 ], [ 13017107.363882029429078, 485874.661418641218916 ], [ 13016605.312978552654386, 485798.2978830820648 ], [ 13016250.649080883711576, 486058.425416339363437 ], [ 13015990.495430899783969, 485982.843213012558408 ], [ 13015318.125706510618329, 486559.368566221382935 ], [ 13014946.65256573073566, 486427.405983955832198 ], [ 13014443.154508873820305, 486668.444393933343235 ], [ 13014107.748883113265038, 486797.951190624211449 ], [ 13013679.836760506033897, 486777.855295250483323 ], [ 13013122.348750611767173, 486607.93352826446062 ], [ 13012641.225911401212215, 486008.8559872675105 ], [ 13012346.00662182085216, 485466.385253055545036 ], [ 13011789.965765306726098, 484960.313122418068815 ], [ 13011382.425109513103962, 484566.889640326029621 ], [ 13010936.256590411067009, 484471.99492157343775 ], [ 13010434.31700642593205, 484376.98866920027649 ], [ 13010323.999391049146652, 484077.792241417744663 ], [ 13010158.244669260457158, 483703.909841470478568 ], [ 13009693.708434177562594, 483552.861375892651267 ], [ 13009360.306559251621366, 483234.354301166895311 ], [ 13008912.913525754585862, 483419.563841750903521 ], [ 13008726.564698165282607, 483474.825356709887274 ], [ 13008355.202876880764961, 483324.223858665209264 ], [ 13007982.393902214244008, 483472.257649151899386 ], [ 13007703.761216757819057, 483377.922360469412524 ], [ 13007461.30736580863595, 483507.870643568458036 ], [ 13007182.452041374519467, 483450.822876065794844 ], [ 13007221.525182642042637, 483040.21405596495606 ], [ 13007370.915939286351204, 482910.043215905549005 ], [ 13007037.84802283346653, 482498.209007141820621 ], [ 13006592.792698642238975, 482160.615859231504146 ], [ 13005921.64748864993453, 482475.658100061584264 ], [ 13005306.829940997064114, 482660.196145349473227 ], [ 13004896.394978443160653, 482901.447035421559121 ], [ 13004467.035702453926206, 483217.273514111991972 ], [ 13004185.174751764163375, 483832.407308035588358 ], [ 13003941.05110845528543, 484335.569995808124077 ], [ 13003679.005027128383517, 484670.7157493722043 ], [ 13003324.786407424136996, 484837.507638087146915 ], [ 13002784.998196564614773, 484891.653670428320765 ], [ 13002285.396321887150407, 484273.721125240379479 ], [ 13001804.718760641291738, 483599.973285108222626 ], [ 13000968.598065292462707, 483354.254825314099435 ], [ 13000519.757878415286541, 483856.744817262573633 ], [ 13000161.531757041811943, 484882.275798412272707 ], [ 13000121.456740356981754, 485516.959141188999638 ], [ 12999597.25325820967555, 486224.550203112245072 ], [ 12998888.148101856932044, 486670.007405802898575 ], [ 12998698.459689544513822, 487472.171277070825454 ], [ 12997914.770474361255765, 487954.813037990767043 ], [ 12997298.394453840330243, 488456.660713209595997 ], [ 12996836.641206027939916, 489060.66825806099223 ], [ 12996779.089029289782047, 489060.66825806099223 ], [ 12996721.425533056259155, 489048.275453007954638 ], [ 12996511.58829291164875, 488907.935437875275966 ], [ 12996437.449512042105198, 488845.971544564061332 ], [ 12996384.016156462952495, 488763.464738281036261 ], [ 12996301.639733275398612, 488499.309531271224841 ], [ 12996219.374629579484463, 488387.886748846794944 ], [ 12996137.109525883570313, 488305.380395597079769 ], [ 12996087.683671969920397, 488272.333218794257846 ], [ 12996038.369137551635504, 488247.547844777582213 ], [ 12995955.992714360356331, 488222.762478119577281 ], [ 12995849.014683710411191, 488202.10801152541535 ], [ 12995676.246833998709917, 488185.696087658638135 ], [ 12995593.870410811156034, 488169.17252131033456 ], [ 12995532.199412912130356, 488127.863619745126925 ], [ 12995507.486485954374075, 488078.292964841937646 ], [ 12995491.01120132021606, 487983.394270645221695 ], [ 12995478.654737841337919, 487248.770378291723318 ], [ 12995482.773559, 487162.022663880314212 ], [ 12995511.60530711710453, 487058.974981013278011 ], [ 12995532.199412912130356, 486931.030797279381659 ], [ 12995536.318234071135521, 486654.488932105305139 ], [ 12995519.842949433252215, 486604.919150490488391 ], [ 12995474.535916682332754, 486518.283746752946172 ], [ 12995437.466526249423623, 486472.84485303319525 ], [ 12995330.488495595753193, 486361.424770759709645 ], [ 12995277.05514001660049, 486270.658821244898718 ], [ 12995244.104570738971233, 486184.02376308006933 ], [ 12995231.748107260093093, 486113.800308691279497 ], [ 12995207.035180306062102, 486051.950128895987291 ], [ 12995157.720645884051919, 485985.857568414416164 ], [ 12995112.413613131269813, 485940.530606030661147 ], [ 12995046.623794073238969, 485903.353583738964517 ], [ 12995001.316761318594217, 485870.307355534343515 ], [ 12994976.603834364563227, 485828.999588584818412 ], [ 12994931.296801609918475, 485725.841902636864688 ], [ 12994803.835984652861953, 485531.919193407404236 ], [ 12994783.241878854110837, 485453.434770044346806 ], [ 12994737.934846103191376, 485321.473927713232115 ], [ 12994717.34074030444026, 485197.663139812706504 ], [ 12994713.221919149160385, 485148.094219076563604 ], [ 12994725.578382624313235, 485057.329581910395063 ], [ 12994713.221919149160385, 484933.519183261378203 ], [ 12994668.026205886155367, 484859.277688135101926 ], [ 12994486.909394362941384, 484681.76821369008394 ], [ 12994441.713681099936366, 484669.376056826324202 ], [ 12994318.260365812107921, 484694.160372380167246 ], [ 12994268.834511898458004, 484690.029652613855433 ], [ 12994211.282335160300136, 484652.853183848259505 ], [ 12994145.381196610629559, 484549.69694216438802 ], [ 12994120.668269654735923, 484500.240044318779837 ], [ 12994079.59137755073607, 484458.932951020251494 ], [ 12994038.403165958821774, 484450.671534794324543 ], [ 12993980.739669727161527, 484450.671534794324543 ], [ 12993927.306314144283533, 484438.279411976283882 ], [ 12993902.593387190252542, 484413.495171815971844 ], [ 12993877.880460232496262, 484372.299761755217332 ], [ 12993832.684746969491243, 484330.992731266480405 ], [ 12993643.330293131992221, 484265.013165164447855 ], [ 12993507.52051436342299, 484227.836884204065427 ], [ 12993421.136589508503675, 484215.444794199429452 ], [ 12993194.824064726009965, 484227.836884204065427 ], [ 12993046.657822480425239, 484227.836884204065427 ], [ 12992947.917434144765139, 484219.575490664923564 ], [ 12992865.652330448850989, 484198.922010364651214 ], [ 12992812.107655378058553, 484178.268535131704994 ], [ 12992775.038264945149422, 484120.550471752649173 ], [ 12992663.941413132473826, 483868.801934529969003 ], [ 12992618.745699871331453, 483835.75650613574544 ], [ 12992544.606919003650546, 483798.580414686992299 ], [ 12992170.128151973709464, 483720.209248618513811 ], [ 12992050.793657843023539, 483666.510528766724747 ], [ 12991943.815627191215754, 483600.531483242521062 ], [ 12991898.508594436571002, 483546.832839646900538 ], [ 12991873.906986974179745, 483484.984548250329681 ], [ 12991845.075238857418299, 483324.000580142717808 ], [ 12991824.481133060529828, 483266.283101931505371 ], [ 12991795.649384945631027, 483208.45402411086252 ], [ 12991733.978387044742703, 483146.605980896332767 ], [ 12991684.552533132955432, 483121.822120709693991 ], [ 12991614.643892915919423, 483109.430193346634042 ], [ 12991478.834114149212837, 483117.691478053166065 ], [ 12991412.932975597679615, 483109.430193346634042 ], [ 12991359.499620016664267, 483076.385062610148452 ], [ 12991310.073766104876995, 483018.667753820307553 ], [ 12991277.034141236916184, 482948.257156108331401 ], [ 12991269.586867304518819, 482932.359797638142481 ], [ 12991244.283947046846151, 482878.337827292212751 ], [ 12991182.501629656180739, 482841.162157925078645 ], [ 12991120.830631755292416, 482837.031529006024357 ], [ 12991067.285956684499979, 482845.292787046229932 ], [ 12990939.713820235803723, 482915.401874312374275 ], [ 12990865.686358857899904, 482981.492022640421055 ], [ 12990808.022862628102303, 483055.731862472253852 ], [ 12990783.421255161985755, 483130.083406629622914 ], [ 12990680.450726179406047, 483290.955365346861072 ], [ 12990598.185622483491898, 483369.437771630939096 ], [ 12990536.514624582603574, 483410.632691218168475 ], [ 12990462.375843713060021, 483435.416636276524514 ], [ 12990371.873097700998187, 483439.547294494463131 ], [ 12990289.607994005084038, 483464.331248052825686 ], [ 12990108.4911824837327, 483588.139485530031379 ], [ 12989947.968476757407188, 483584.008820030780043 ], [ 12989816.388838641345501, 483600.531483242521062 ], [ 12989598.202636687085032, 483658.249190288421232 ], [ 12989441.910071613267064, 483662.379859426349867 ], [ 12989359.533648425713181, 483654.118521352938842 ], [ 12989223.723869659006596, 483604.662149551440962 ], [ 12989190.884619873017073, 483600.531483242521062 ], [ 12989124.983481323346496, 483604.662149551440962 ], [ 12988923.383883498609066, 483633.576819383364636 ], [ 12988878.076850743964314, 483625.315484133432619 ], [ 12988845.237600961700082, 483600.531483242521062 ], [ 12988709.427822194993496, 483443.677952914964408 ], [ 12988655.883147120475769, 483398.240721420792397 ], [ 12988602.449791541323066, 483398.240721420792397 ], [ 12988540.667474150657654, 483431.285978260799311 ], [ 12987857.611078640446067, 484207.183401876536664 ], [ 12987623.060911541804671, 484483.717204565589782 ], [ 12987433.706457700580359, 484747.85974780638935 ], [ 12987347.322532847523689, 484830.362597248808015 ], [ 12987310.253142412751913, 484875.800601678551175 ], [ 12987285.540215454995632, 484875.800601678551175 ], [ 12987236.225681034848094, 484863.408416216552723 ], [ 12987141.492794368416071, 484772.532445311371703 ], [ 12986985.08890980668366, 484648.722466111008544 ], [ 12986898.7049849499017, 484566.219794877222739 ], [ 12986701.22420828230679, 484471.213436098536476 ], [ 12986614.728963937610388, 484438.279411976283882 ], [ 12986413.129366109147668, 484396.972349098185077 ], [ 12986326.745441254228354, 484351.53460335341515 ], [ 12986240.250196905806661, 484260.770825966552366 ], [ 12986104.551737628877163, 484161.745758593489882 ], [ 12986026.294135602191091, 484091.635634762700647 ], [ 12985948.147853065282106, 484013.152555843757 ], [ 12985894.60317799448967, 483951.303922142018564 ], [ 12985808.21925313770771, 483909.997098215972073 ], [ 12985705.36004364490509, 483872.820974002766889 ], [ 12985618.976118788123131, 483848.036900309321936 ], [ 12985565.431443717330694, 483819.233796799904667 ], [ 12985528.362053284421563, 483761.404339642787818 ], [ 12985516.005589805543423, 483658.249190288421232 ], [ 12985536.599695604294538, 483596.400817135814577 ], [ 12985639.458905095234513, 483402.371377817587927 ], [ 12985680.6471166908741, 483307.477971126209013 ], [ 12985688.88475900888443, 483249.648865060007665 ], [ 12985684.765937846153975, 483200.192730515904259 ], [ 12985668.290653211995959, 483154.755630206258502 ], [ 12985618.976118788123131, 483129.971767625364009 ], [ 12985561.312622558325529, 483134.102410883235279 ], [ 12985483.166340021416545, 483163.016919351241086 ], [ 12985240.378530601039529, 483262.040813021652866 ], [ 12985116.925215311348438, 483319.869927585241385 ], [ 12985005.828363502398133, 483377.58744247269351 ], [ 12984861.780942415818572, 483522.048861833522096 ], [ 12984808.236267341300845, 483567.486160058120731 ], [ 12984763.040554080158472, 483567.486160058120731 ], [ 12984721.852342486381531, 483555.094167204049882 ], [ 12984651.943702267482877, 483447.808611537911929 ], [ 12984590.161384876817465, 483286.824714407732245 ], [ 12984544.854352125898004, 483204.32337721233489 ], [ 12984503.777460025623441, 483163.016919351241086 ], [ 12984433.757500313222408, 483125.841124569647945 ], [ 12984236.276723647490144, 483097.038267803785857 ], [ 12984158.13044111058116, 483097.038267803785857 ], [ 12984067.516375603154302, 483117.57983906508889 ], [ 12983688.9187874160707, 483241.387567430327181 ], [ 12983606.65368372015655, 483249.648865060007665 ], [ 12983524.388580022379756, 483237.256918918748852 ], [ 12983479.081547271460295, 483208.45402411086252 ], [ 12983409.172907054424286, 483150.624985937087331 ], [ 12983256.887843647971749, 482981.492022640421055 ], [ 12983199.335666906088591, 482948.446942006819881 ], [ 12983141.672170676290989, 482956.708210952347144 ], [ 12983100.483959082514048, 483002.145204607280903 ], [ 12983042.931782344356179, 483051.601223051315174 ], [ 12982993.505928428843617, 483088.776985119737219 ], [ 12982890.646718937903643, 483150.624985937087331 ], [ 12982730.124013213440776, 483282.694063670933247 ], [ 12982598.433055605739355, 483365.195477531931829 ], [ 12982425.665205894038081, 483435.416636276524514 ], [ 12982355.645246185362339, 483431.285978260799311 ], [ 12982318.687175240367651, 483402.371377817587927 ], [ 12982215.827965747565031, 483191.9314377301489 ], [ 12982149.926827197894454, 483125.841124569647945 ], [ 12982121.095079084858298, 483113.449196616245899 ], [ 12982108.849935095757246, 483113.449196616245899 ], [ 12982067.661723501980305, 483125.841124569647945 ], [ 12982014.117048431187868, 483167.147564227227122 ], [ 12981536.779071910306811, 483736.620298726658802 ], [ 12981449.838549600914121, 483927.971146137395408 ], [ 12981409.20693545974791, 484100.901778353960253 ], [ 12981409.20693545974791, 484236.321559493720997 ], [ 12981449.838549600914121, 484349.078509687853511 ], [ 12981539.116781216114759, 484514.530070506385528 ], [ 12981615.036673936992884, 484628.068880467908457 ], [ 12981791.923344807699323, 484912.865527657791972 ], [ 12981861.943304516375065, 485065.591057743877172 ], [ 12981911.257838936522603, 485181.14016298414208 ], [ 12981931.851944737136364, 485408.108095235598739 ], [ 12981903.020196620374918, 485564.965288353560027 ], [ 12981870.180946834385395, 485651.599707137385849 ], [ 12981779.566881328821182, 485829.111231170885731 ], [ 12981717.895883429795504, 485878.568911365175154 ], [ 12981590.323746982961893, 485948.680526032287162 ], [ 12981540.897893067449331, 485989.988351918524131 ], [ 12981487.464537488296628, 486047.707699462887831 ], [ 12981421.563398938626051, 486171.5197414602153 ], [ 12981376.367685677483678, 486291.201167756924406 ], [ 12981364.011222200468183, 486365.555572768731508 ], [ 12981405.088114300742745, 486947.442474834097084 ], [ 12981396.961791472509503, 487046.470828778634313 ], [ 12981376.367685677483678, 487182.676873438816983 ], [ 12981339.298295242711902, 487368.453344304638449 ], [ 12981261.152012705802917, 487574.772889352228958 ], [ 12981182.8944106772542, 487686.194586995290592 ], [ 12980853.722676403820515, 487880.233930082817096 ], [ 12980730.269361112266779, 487917.300184972293209 ], [ 12980627.410151621326804, 487921.431063794705551 ], [ 12980413.34277082234621, 487892.626561664626934 ], [ 12980170.55496140383184, 487822.401673673128244 ], [ 12980030.626361474394798, 487760.550231385859661 ], [ 12979915.410688506439328, 487669.78276448789984 ], [ 12979829.026763649657369, 487541.837646442698315 ], [ 12979754.999302273616195, 487368.453344304638449 ], [ 12979717.929911838844419, 487339.537388132419437 ], [ 12979664.385236768051982, 487306.602237874467392 ], [ 12979573.882490754127502, 487281.817150300194044 ], [ 12979471.023281259462237, 487261.162916264904197 ], [ 12979401.114641042426229, 487228.116152415983379 ], [ 12979326.975860172882676, 487203.442732513416559 ], [ 12979252.948398794978857, 487215.723619338183198 ], [ 12979014.279410533607006, 487290.078845342271961 ], [ 12978812.679812708869576, 487339.537388132419437 ], [ 12978610.968895392492414, 487331.275688204972539 ], [ 12978516.347328217700124, 487343.668238401936833 ], [ 12978421.725761042907834, 487376.715047904464882 ], [ 12978339.349337853491306, 487418.023578146239743 ], [ 12978215.896022565662861, 487545.968506706354674 ], [ 12978150.106203505769372, 487649.128434619517066 ], [ 12978125.393276549875736, 487727.503270156041253 ], [ 12978121.274455390870571, 487843.056046366982628 ], [ 12978092.442707274109125, 488103.078288615273777 ], [ 12978059.603457489982247, 488226.893372051592451 ], [ 12978018.415245898067951, 488301.137851897336077 ], [ 12977977.22703430429101, 488342.446839200041723 ], [ 12977874.36782481148839, 488400.1678097549011 ], [ 12977800.340363433584571, 488462.131371899275109 ], [ 12977771.508615316823125, 488515.833162975904997 ], [ 12977759.152151837944984, 488590.077899873198476 ], [ 12977759.152151837944984, 488718.024624077486806 ], [ 12977746.795688362792134, 488804.662307939317543 ], [ 12977713.956438578665257, 488874.776375726854894 ], [ 12977384.673384813591838, 489345.36834112595534 ], [ 12977261.220069522038102, 489551.692774132126942 ], [ 12977187.192608144134283, 489716.819677318737376 ], [ 12977133.647933073341846, 489902.490142965747509 ], [ 12977096.689862128347158, 489989.240706990181934 ], [ 12977051.382829377427697, 490059.355772077222355 ], [ 12976771.525629522278905, 490344.170919725089334 ], [ 12976681.022883508354425, 490492.663720023643691 ], [ 12976623.359387276694179, 490608.220330905576702 ], [ 12976578.16367401368916, 490736.170157127315179 ], [ 12976487.660927997902036, 490934.347633066645358 ], [ 12976388.809220174327493, 491091.103560350893531 ], [ 12976368.215114377439022, 491144.807047964830417 ], [ 12976310.662937635555863, 491161.331204990856349 ], [ 12976248.880620248615742, 491161.331204990856349 ], [ 12976183.090801190584898, 491132.413932354189456 ], [ 12976117.300982130691409, 491115.889781085425057 ], [ 12975977.372382203117013, 491103.496669792977627 ], [ 12975923.827707132324576, 491082.841488417587243 ], [ 12975886.758316695690155, 491033.380723636306357 ], [ 12975878.52067437954247, 490983.80833884346066 ], [ 12975890.87713785842061, 490847.596082581381779 ], [ 12975878.52067437954247, 490781.611373203922994 ], [ 12975816.849676478654146, 490587.676921669743024 ], [ 12975730.465751625597477, 490364.714268766401801 ], [ 12975709.871645826846361, 490261.550980280502699 ], [ 12975693.396361188963056, 490129.582544604374561 ], [ 12975685.158718870952725, 489943.799924076709431 ], [ 12975713.990466983988881, 489716.819677318737376 ], [ 12975759.186180246993899, 489543.430855192884337 ], [ 12975775.66146488673985, 489415.482863835059106 ], [ 12975763.30500140786171, 489357.76119036792079 ], [ 12975713.990466983988881, 489275.142230247729458 ], [ 12975574.061867060139775, 489126.651602477766573 ], [ 12975310.679951842874289, 488961.525869229400996 ], [ 12975133.793280970305204, 488817.05507677787682 ], [ 12974882.767829233780503, 488668.453618636180181 ], [ 12974812.747869525104761, 488643.779773305461276 ], [ 12974734.601586988195777, 488643.779773305461276 ], [ 12974644.098840972408652, 488656.172518238076009 ], [ 12974467.10085061006248, 488693.239117674180306 ], [ 12974323.053429523482919, 488713.89370583218988 ], [ 12974224.313041189685464, 488722.155542527500074 ], [ 12974166.649544961750507, 488722.155542527500074 ], [ 12974113.216189378872514, 488709.762787791434675 ], [ 12974067.909156624227762, 488656.172518238076009 ], [ 12974047.315050829201937, 488606.601549554965459 ], [ 12974018.594622204080224, 488379.624945252551697 ], [ 12973993.881695250049233, 488284.614262700080872 ], [ 12973965.049947133287787, 488206.238904435536824 ], [ 12973923.973055029287934, 488148.406422293337528 ], [ 12973862.190737640485168, 488103.078288615273777 ], [ 12973705.786853075027466, 488024.591455234389286 ], [ 12973068.03749031946063, 487810.009052507404704 ], [ 12972919.871248075738549, 487739.895879085641354 ], [ 12972837.6061443798244, 487690.325454392586835 ], [ 12972775.823826987296343, 487632.604974399786443 ], [ 12972730.516794238239527, 487570.64202766539529 ], [ 12972693.558723293244839, 487426.173641928297002 ], [ 12972598.937156118452549, 486988.750793126295321 ], [ 12972368.39449068531394, 486039.557769838080276 ], [ 12972327.317598581314087, 485915.74592267209664 ], [ 12972269.654102351516485, 485771.280391532811336 ], [ 12972228.577210249379277, 485684.645849203399848 ], [ 12972179.151356335729361, 485490.611593017762061 ], [ 12972179.151356335729361, 485350.27754565741634 ], [ 12972187.388998657464981, 485288.427928597026039 ], [ 12972207.983104452490807, 485218.205223644559737 ], [ 12972216.220746770501137, 485139.832735130621586 ], [ 12972199.745462132617831, 484962.434309632924851 ], [ 12972179.151356335729361, 484871.558231675066054 ], [ 12972142.08196590282023, 484780.793893152673263 ], [ 12971948.72001039609313, 484421.756584391463548 ], [ 12971932.244725758209825, 484376.318825263588224 ], [ 12971932.244725758209825, 484335.123433402914088 ], [ 12971944.601189233362675, 484260.770825966552366 ], [ 12971973.432937350124121, 484227.725243745371699 ], [ 12972039.222756408154964, 484186.529924616566859 ], [ 12972068.05450452491641, 484145.22298529848922 ], [ 12972096.886252639815211, 484091.635634762700647 ], [ 12972125.606681264936924, 483988.368440856051166 ], [ 12972211.990606119856238, 483810.972443347214721 ], [ 12972257.29763887450099, 483744.993284707248677 ], [ 12972331.325100252404809, 483666.510528766724747 ], [ 12972549.399982715025544, 483484.984548250329681 ], [ 12972726.397973075509071, 483357.045807887858246 ], [ 12973026.737959237769246, 483208.45402411086252 ], [ 12973109.114382423460484, 483125.95276356843533 ], [ 12973125.589667061343789, 483084.646344080800191 ], [ 12973129.708488220348954, 483035.078667389752809 ], [ 12973096.757918944582343, 482766.810868305678014 ], [ 12973043.213243873789907, 482428.435180479194969 ], [ 12972985.661067133769393, 482160.169308341806754 ], [ 12972911.522286266088486, 481850.71010879566893 ], [ 12972882.801857640966773, 481772.229113728913944 ], [ 12972841.613646047189832, 481718.643269876542035 ], [ 12972763.467363510280848, 481689.729255728074349 ], [ 12972660.496834525838494, 481689.729255728074349 ], [ 12972479.491342497989535, 481718.643269876542035 ], [ 12971936.252227425575256, 481850.71010879566893 ], [ 12971779.959662351757288, 481904.296036306070164 ], [ 12971582.36756619438529, 481982.777153914561495 ], [ 12971372.53032604791224, 482023.971396999782883 ], [ 12971113.267231991514564, 482019.840808034641668 ], [ 12970977.457453224807978, 482007.560679869900923 ], [ 12970866.360601410269737, 481978.646566961484496 ], [ 12970672.998645905405283, 481900.165453186491504 ], [ 12970533.070045975968242, 481834.187787993985694 ], [ 12970459.042584598064423, 481792.882000108365901 ], [ 12970372.54734025336802, 481706.251548317435663 ], [ 12970327.351626990363002, 481669.076394528383389 ], [ 12970282.044594237580895, 481644.404604783980176 ], [ 12970216.254775177687407, 481636.143464124121238 ], [ 12970142.115994311869144, 481636.143464124121238 ], [ 12970072.207354091107845, 481648.423538369475864 ], [ 12970006.306215541437268, 481669.076394528383389 ], [ 12969940.516396483406425, 481697.990401619463228 ], [ 12969779.993690758943558, 481731.034993250854313 ], [ 12969648.302733151242137, 481731.034993250854313 ], [ 12969582.512914093211293, 481722.773844132956583 ], [ 12969524.849417861551046, 481726.904418591118883 ], [ 12969467.297241123393178, 481747.557293905992992 ], [ 12969401.396102569997311, 481784.620844951481558 ], [ 12969335.606283511966467, 481801.143156072008424 ], [ 12969240.984716337174177, 481813.534891529998276 ], [ 12969183.321220107376575, 481830.057208297774196 ], [ 12969109.293758729472756, 481863.101851515064482 ], [ 12969022.798514382913709, 481883.754760081297718 ], [ 12968582.08465033210814, 482205.829149042780045 ], [ 12968468.316130742430687, 482653.386204268434085 ], [ 12968280.85410824790597, 482932.705877741565928 ], [ 12967982.295233940705657, 483118.249672994890716 ], [ 12967796.725642785429955, 483005.494369726977311 ], [ 12967498.389407459646463, 483134.99552296550246 ], [ 12967125.803071774542332, 483245.518216143886093 ], [ 12967053.111444288864732, 482890.506443344580475 ], [ 12966774.924036795273423, 482721.374001328658778 ], [ 12966888.581236893311143, 482292.460112643078901 ], [ 12966929.435490015894175, 481564.584157831093762 ], [ 12966577.99985758215189, 481152.421593041275628 ], [ 12966262.075142711400986, 481076.508880029956345 ], [ 12966507.868578381836414, 480293.38390456273919 ], [ 12966248.605484325438738, 480031.041445287002716 ], [ 12965990.455585174262524, 479581.935363376862369 ], [ 12965246.952706167474389, 479429.666278639866505 ], [ 12964745.569719634950161, 479259.647674187959637 ], [ 12964375.209773764014244, 478903.536268600611947 ], [ 12963892.417142193764448, 478733.518715611309744 ], [ 12963556.343599488958716, 478974.870064003858715 ], [ 12963166.057464769110084, 478879.981616896460764 ], [ 12962610.684525199234486, 478336.440303179144394 ], [ 12962147.929401973262429, 477867.807548731972929 ], [ 12961663.355658551678061, 478033.916243669169489 ], [ 12961307.021968521177769, 478611.168802212516312 ], [ 12961377.821164663881063, 479339.465952391037717 ], [ 12961375.594774847850204, 479787.566041312355082 ], [ 12961300.008840601891279, 480011.282067355583422 ], [ 12961276.520428040996194, 480981.841356752207503 ], [ 12961366.243937620893121, 481635.585278973390814 ], [ 12961234.330341033637524, 481989.81031594745582 ], [ 12960717.151118757203221, 482311.058988314587623 ], [ 12960637.10127292573452, 482360.782533170247916 ], [ 12960504.853717865422368, 482752.297861453669611 ], [ 12960188.261086048558354, 482825.644390870525967 ], [ 12959406.909580169245601, 482803.874866356898565 ], [ 12959069.500203577801585, 483306.473217979772016 ], [ 12958602.626259187236428, 483659.365587332751602 ], [ 12958284.029876537621021, 484106.037231867783703 ], [ 12957609.767720803618431, 484999.387632333615329 ], [ 12957552.326863555237651, 485316.561683778534643 ], [ 12957550.211793227121234, 485745.937545797089115 ], [ 12957008.308512046933174, 486210.483172120817471 ], [ 12956710.194915702566504, 486283.94435999012785 ], [ 12956264.694313548505306, 486076.734852505964227 ], [ 12955892.998533790931106, 486000.482775790151209 ], [ 12955689.729143602773547, 485738.34585781529313 ], [ 12955353.655600894242525, 485960.961228900414426 ], [ 12955109.086679622530937, 486501.425579377042595 ], [ 12955105.079177955165505, 487285.501419609994628 ], [ 12954786.148836832493544, 487788.238235991331749 ], [ 12954357.568797277286649, 487917.188539601513185 ], [ 12953909.841805307194591, 488158.007951304316521 ], [ 12953724.494853137061, 488007.844629779516254 ], [ 12953221.219435259699821, 488192.506477443035692 ], [ 12953089.194519180804491, 488546.647511923569255 ], [ 12952360.831090919673443, 489085.118932894372847 ], [ 12951857.22171456925571, 489325.7184217828908 ], [ 12951373.42720758356154, 489323.708771202364005 ], [ 12950630.592245519161224, 489059.216848365031183 ], [ 12950408.621180878952146, 488796.958695805689786 ], [ 12949831.652260094881058, 488850.549055828072596 ], [ 12949311.2336406391114, 488736.334642547706608 ], [ 12948808.848778687417507, 488734.213359714078251 ], [ 12948289.432034645229578, 488451.971577475196682 ], [ 12948254.255075555294752, 488059.759799619961996 ], [ 12948051.876241294667125, 487610.834204097103793 ], [ 12947811.314821690320969, 487367.113608662737533 ], [ 12947290.562243759632111, 487327.591416878800374 ], [ 12946919.534380946308374, 487102.069662851979956 ], [ 12946454.552867902442813, 487081.415473191009369 ], [ 12945802.443290833383799, 487265.293762664136011 ], [ 12945336.459902372211218, 487412.664632530708332 ], [ 12944761.71737140789628, 487036.869427438068669 ], [ 12944373.546307008713484, 486549.878864282974973 ], [ 12943928.936260782182217, 486174.534103644604329 ], [ 12943315.009269056841731, 486171.966313628829084 ], [ 12942551.357562215998769, 486336.75160624308046 ], [ 12941937.764528963714838, 486259.494504600123037 ], [ 12941488.590383613482118, 486780.199816128995735 ], [ 12941150.95836803689599, 487282.821951005142182 ], [ 12941050.993465304374695, 488036.314235050813295 ], [ 12941005.686432551592588, 488007.956275271368213 ], [ 12940946.353143958374858, 487939.852552922035102 ], [ 12940895.480136664584279, 487871.748886096174829 ], [ 12940864.31067924387753, 487843.390982182521839 ], [ 12940785.162521289661527, 487812.241957086138427 ], [ 12940700.337069304659963, 487809.33918114536209 ], [ 12940598.479735229164362, 487820.726995029777754 ], [ 12940451.315368400886655, 487849.084891250939108 ], [ 12940143.071698393672705, 487973.904407155932859 ], [ 12939795.198289662599564, 488095.932969295361545 ], [ 12939616.975784903392196, 488135.567170108552091 ], [ 12938717.736938277259469, 488300.133038947242312 ], [ 12938021.990120818838477, 488439.132278598903213 ], [ 12937917.34979947283864, 488453.31133051548386 ], [ 12937832.524347487837076, 488447.617380243667867 ], [ 12937705.286169512197375, 488416.356483712908812 ], [ 12937572.370697505772114, 488359.640315616561566 ], [ 12937470.513363430276513, 488294.439099125913344 ], [ 12937396.931180015206337, 488257.595968491979875 ], [ 12937309.322740761563182, 488234.82022314221831 ], [ 12936879.406867317855358, 488203.671052061952651 ], [ 12936763.523277401924133, 488178.104178389825393 ], [ 12936435.353418542072177, 488042.008157269679941 ], [ 12936342.067685257643461, 487979.598325120052323 ], [ 12936274.162795873358846, 487908.703491861408111 ], [ 12936175.199768558144569, 487857.681578227085993 ], [ 12936067.776459943503141, 487846.293759306136053 ], [ 12935903.691530514508486, 487860.472710552392527 ], [ 12935838.680947890505195, 487886.039486991299782 ], [ 12935782.1306465677917, 487931.367502880049869 ], [ 12935731.257639275863767, 487999.47121831116965 ], [ 12935685.95060652308166, 488183.798110276693478 ], [ 12935643.537880528718233, 488237.723013870592695 ], [ 12935606.802448568865657, 488260.387114182871301 ], [ 12935555.818121783435345, 488271.774989568628371 ], [ 12935482.347257860004902, 488268.87219765613554 ], [ 12935394.627499116584659, 488251.902031572011765 ], [ 12935321.156635191291571, 488226.335143129865173 ], [ 12935258.929039839655161, 488217.850063980033156 ], [ 12935188.241163186728954, 488223.543998577399179 ], [ 12935072.246253779157996, 488260.387114182871301 ], [ 12934967.605932433158159, 488305.826979156816378 ], [ 12934775.357171833515167, 488342.670131078921258 ], [ 12934667.822543725371361, 488339.767336700984742 ], [ 12934591.457373043522239, 488325.588304074830376 ], [ 12934503.848933788016438, 488320.006008426367771 ], [ 12934317.166147729381919, 488356.849166606727522 ], [ 12934206.848532352596521, 488359.640315616561566 ], [ 12934028.737347081303596, 488396.483491292747203 ], [ 12933912.742437675595284, 488410.774181993445382 ], [ 12933706.244782255962491, 488382.304449031420518 ], [ 12933482.826564233750105, 488314.312067249265965 ], [ 12933352.805398985743523, 488308.618126460642088 ], [ 12933239.593476848676801, 488317.103214836446568 ], [ 12933129.387180963531137, 488339.767336700984742 ], [ 12933027.529846888035536, 488379.513299263780937 ], [ 12932894.614374881610274, 488490.154547546233516 ], [ 12932812.571910165250301, 488572.437790987081826 ], [ 12932756.021608842536807, 488688.661615045100916 ], [ 12932713.608882850036025, 488821.967526196618564 ], [ 12932699.471307519823313, 488935.400529640726745 ], [ 12932654.164274767041206, 489094.273981938138604 ], [ 12932600.508280204609036, 489233.274545252730604 ], [ 12932532.603390822187066, 489329.737723089638166 ], [ 12932430.74605674482882, 489420.506995913223363 ], [ 12932360.058180091902614, 489465.835845700406935 ], [ 12932272.449740836396813, 489502.679510256799404 ], [ 12932102.687517376616597, 489514.067555326910224 ], [ 12932060.274791387841105, 489491.403114222048316 ], [ 12932029.2166534550488, 489420.506995913223363 ], [ 12932023.539359424263239, 489343.916926470352337 ], [ 12931995.264208761975169, 489185.042998218152206 ], [ 12931941.496894707903266, 489040.348524616041686 ], [ 12931910.438756776973605, 488978.04959251236869 ], [ 12931760.491402680054307, 488813.482386473333463 ], [ 12931715.295689417049289, 488728.407743813935667 ], [ 12931602.083767279982567, 488314.312067249265965 ], [ 12931486.088857874274254, 487973.792761709541082 ], [ 12931415.400981217622757, 487681.728784633160103 ], [ 12931372.988255228847265, 487474.62746218329994 ], [ 12931370.205267956480384, 487264.735540165740531 ], [ 12931319.332260666415095, 487043.56807941995794 ], [ 12931319.332260666415095, 486947.10754260700196 ], [ 12931330.575529236346483, 486776.962144457153045 ], [ 12931313.654966635629535, 486683.293007871776354 ], [ 12931274.025227913632989, 486547.199419224343728 ], [ 12931191.982763199135661, 486164.262944053974934 ], [ 12931163.707612536847591, 485883.481188190635294 ], [ 12931163.707612536847591, 485591.312859861878678 ], [ 12931149.570037206634879, 485409.782725642959122 ], [ 12931078.882160551846027, 484890.760539715003688 ], [ 12931084.559454580768943, 484768.848286400432698 ], [ 12931124.189193304628134, 484669.487697870819829 ], [ 12931242.967089980840683, 484266.799413311644457 ], [ 12931257.10466531291604, 484144.776423903123941 ], [ 12931254.210358548909426, 484039.834561664494686 ], [ 12931228.829514650627971, 483929.199186818557791 ], [ 12931180.739494627341628, 483849.823139611049555 ], [ 12931112.834605244919658, 483787.416426463751122 ], [ 12931036.469434561207891, 483747.784280219231732 ], [ 12930951.643982576206326, 483725.009759543871041 ], [ 12930728.22576455399394, 483710.831507134484127 ], [ 12930527.405403161421418, 483659.812146154697984 ], [ 12930411.410493755713105, 483637.149288931454066 ], [ 12930193.847680948674679, 483647.978338174289092 ], [ 12930139.390186052769423, 483653.549158893874846 ], [ 12930055.076803725212812, 483642.73127290350385 ], [ 12929944.759188348427415, 483611.583807063754648 ], [ 12929741.155839689075947, 483529.305431159562431 ], [ 12929577.070910260081291, 483452.720746379753109 ], [ 12929475.324895674362779, 483384.620720681617968 ], [ 12929413.097300322726369, 483327.907954370020889 ], [ 12929362.112973539158702, 483245.741494458576199 ], [ 12929319.700247544795275, 483146.382702844159212 ], [ 12929263.14994622208178, 483067.007392731728032 ], [ 12929192.462069569155574, 482996.116707727022003 ], [ 12929116.096898883581161, 482945.09777915145969 ], [ 12929045.409022230654955, 482919.532507066789549 ], [ 12928963.366557514294982, 482896.869848767877556 ], [ 12928802.175934849306941, 482896.869848767877556 ], [ 12928697.535613503307104, 482916.741538967238739 ], [ 12928615.493148786947131, 482945.09777915145969 ], [ 12928544.805272134020925, 482996.116707727022003 ], [ 12928431.704669486731291, 483112.444445780885871 ], [ 12928372.371380897238851, 483154.978908280550968 ], [ 12928304.46649151109159, 483177.641635902575217 ], [ 12928262.053765520453453, 483183.335228528128937 ], [ 12928208.28645146638155, 483180.432612631761003 ], [ 12928148.841843383386731, 483163.463475544296671 ], [ 12928078.153966728597879, 483118.026395017630421 ], [ 12928035.741240737959743, 483061.313807956932578 ], [ 12927942.455507451668382, 482913.838932241778821 ], [ 12927880.227912096306682, 482800.414070669619832 ], [ 12927823.677610773593187, 482726.732647759257816 ], [ 12927764.233002690598369, 482684.086762665014248 ], [ 12927670.947269404307008, 482641.552537466748618 ], [ 12927597.365085991099477, 482624.583508720330428 ], [ 12927512.539634007960558, 482630.277064038033132 ], [ 12927433.391476053744555, 482655.730610152357258 ], [ 12927280.661134684458375, 482755.088824116101023 ], [ 12926963.845863888040185, 483001.810288102657069 ], [ 12926797.089266680181026, 483112.444445780885871 ], [ 12926700.909226635470986, 483160.560860331635922 ], [ 12926647.141912581399083, 483200.304369613004383 ], [ 12926610.406480617821217, 483242.838876414578408 ], [ 12926573.559729168191552, 483339.295160293579102 ], [ 12926536.824297204613686, 483413.088757520192303 ], [ 12926517.009427845478058, 483441.445164554519579 ], [ 12926477.4910086132586, 483466.898955369426403 ], [ 12926401.125837927684188, 483461.205343598965555 ], [ 12926369.956380506977439, 483430.057944835803937 ], [ 12926336.003935813903809, 483353.473350210231729 ], [ 12926302.162810614332557, 483242.838876414578408 ], [ 12926270.993353189900517, 483169.157067212916445 ], [ 12926225.797639928758144, 483098.266296379792038 ], [ 12926101.342449221760035, 482993.32573709503049 ], [ 12925824.15691714733839, 482740.910734747245442 ], [ 12925750.574733730405569, 482655.730610152357258 ], [ 12925716.733608528971672, 482593.324780481401831 ], [ 12925722.299583069980145, 482511.159035710967146 ], [ 12925739.331465160474181, 482434.575274913047906 ], [ 12925795.993085974827409, 482238.873939115845133 ], [ 12925861.0036685988307, 482060.141968451091088 ], [ 12925866.680962627753615, 481972.171593224979006 ], [ 12925861.0036685988307, 481932.5402992615127 ], [ 12925838.405811969190836, 481872.925937123131007 ], [ 12925781.855510644614697, 481807.729753972496837 ], [ 12925716.733608528971672, 481765.1959697882412 ], [ 12925629.125169277191162, 481751.018046479090117 ], [ 12925484.855109207332134, 481762.293402618204709 ], [ 12925269.8971724845469, 481767.986899853509385 ], [ 12925207.66957713291049, 481742.533621068112552 ], [ 12925142.658994508907199, 481691.40381226252066 ], [ 12925091.785987216979265, 481617.723356097063515 ], [ 12925054.93923576362431, 481541.14040449692402 ], [ 12925029.55839186348021, 481444.686173377733212 ], [ 12924806.140173843130469, 480849.106057047320064 ], [ 12924758.050153819844127, 480758.346043266355991 ], [ 12924701.499852497130632, 480687.457293198502157 ], [ 12924613.780093749985099, 480644.924071606073994 ], [ 12924444.129189781844616, 480625.052915024571121 ], [ 12924333.811574405059218, 480602.390871347859502 ], [ 12924226.276946298778057, 480559.857692421646789 ], [ 12924019.890610367059708, 480412.275541439943481 ], [ 12923881.297844331711531, 480304.547431455168407 ], [ 12923802.149686375632882, 480210.997121506195981 ], [ 12923476.874134281650186, 479745.814712475810666 ], [ 12923423.106820227578282, 479646.57166291156318 ], [ 12923403.403270356357098, 479575.572207013494335 ], [ 12923270.376478858292103, 478614.182894682278857 ], [ 12923242.101328196004033, 478299.378257356060203 ], [ 12923194.01130817271769, 478021.413427412451711 ], [ 12923103.619881648570299, 477632.933978420565836 ], [ 12923046.958260836079717, 477465.598117158049718 ], [ 12922987.624972240999341, 477312.439764491049573 ], [ 12922874.524369595572352, 477060.041650011145975 ], [ 12922761.312447462230921, 476940.819801300764084 ], [ 12922515.185053316876292, 476728.163264978502411 ], [ 12922351.211443377658725, 476617.53742297750432 ], [ 12922088.163486633449793, 476523.991161703655962 ], [ 12921989.200459318235517, 476507.023354392615147 ], [ 12921856.284987311810255, 476492.846307443978731 ], [ 12921655.464625919237733, 476507.023354392615147 ], [ 12921511.305885341018438, 476529.684308331925422 ], [ 12920875.00367596745491, 476756.517439253744669 ], [ 12919964.187602298334241, 477315.230548343039118 ], [ 12919641.806356960907578, 477530.790968725166749 ], [ 12919559.763892246410251, 477596.095501812291332 ], [ 12919494.753309620544314, 477686.852141038980335 ], [ 12919446.663289600983262, 477769.01321626448771 ], [ 12919384.435694245621562, 477828.62469809531467 ], [ 12919327.885392922908068, 477868.365709127509035 ], [ 12919243.059940939769149, 477896.720262025715783 ], [ 12919050.699860846623778, 477933.558868454245385 ], [ 12918954.519820801913738, 477944.945350024441723 ], [ 12918844.313524916768074, 477933.558868454245385 ], [ 12918759.376753441989422, 477944.945350024441723 ], [ 12918575.69959363155067, 477984.574783029849641 ], [ 12918386.233820304274559, 478015.720181331620552 ], [ 12918281.593498958274722, 478058.363720039953478 ], [ 12918134.42913212813437, 478146.218407603912055 ], [ 12917964.778228159993887, 478268.23275540972827 ], [ 12917820.508168090134859, 478361.780928126652725 ], [ 12917730.00542207621038, 478407.21545956900809 ], [ 12917548.999930048361421, 478452.538382397673558 ], [ 12917464.174478061497211, 478503.554607631871477 ], [ 12917407.624176738783717, 478554.682496400724631 ], [ 12917368.105757508426905, 478648.230983695189934 ], [ 12917311.444136694073677, 478835.439899976248853 ], [ 12917260.571129400283098, 478954.55276407423662 ], [ 12917139.010245455428958, 479164.424008120258804 ], [ 12917076.782650101929903, 479292.02151226013666 ], [ 12917037.152911379933357, 479433.796741415455472 ], [ 12917017.338042015209794, 479530.248685996280983 ], [ 12917020.232348779216409, 479601.136469677439891 ], [ 12917099.380506731569767, 479915.945924320549238 ], [ 12917133.332951422780752, 480721.506212998996489 ], [ 12917201.237840808928013, 480968.221745360759087 ], [ 12917215.375416139140725, 481036.319824208854698 ], [ 12917254.893835371360183, 481348.34368880459806 ], [ 12917252.110848100855947, 481422.023910482763313 ], [ 12917229.512991469353437, 481475.944476981065236 ], [ 12917189.883252747356892, 481535.446922524250112 ], [ 12917090.920225432142615, 481660.257066146528814 ], [ 12916949.433152632787824, 481824.810256001655944 ], [ 12916915.592027433216572, 481887.103880864626262 ], [ 12916907.020426642149687, 481924.055855643528048 ], [ 12916912.697720672935247, 481963.687145630945452 ], [ 12916932.51259003393352, 482017.608057326579001 ], [ 12917071.105356073006988, 482176.468417350610252 ], [ 12917085.242931401357055, 482207.615353581262752 ], [ 12917082.459944132715464, 482255.842890390136745 ], [ 12917062.645074771717191, 482329.635540490562562 ], [ 12917023.015336049720645, 482394.832126117660664 ], [ 12916952.327459396794438, 482468.624897599744145 ], [ 12916892.994170801714063, 482505.465488423011266 ], [ 12916813.734693357720971, 482542.306095313746482 ], [ 12916709.094372011721134, 482567.871253175777383 ], [ 12916562.041324673220515, 482579.146718272648286 ], [ 12916497.030742051079869, 482613.196399236680008 ], [ 12916341.517413411289454, 482718.136485941591673 ], [ 12916157.617614621296525, 482803.205034922575578 ], [ 12915951.231278691440821, 482840.157410331477877 ], [ 12915829.559075254946947, 482871.304591291234829 ], [ 12915526.992699276655912, 482962.066872322233394 ], [ 12915362.796450356021523, 482996.116707727022003 ], [ 12915184.685265088453889, 483024.472974581993185 ], [ 12915088.505225041881204, 483035.860139544063713 ], [ 12915009.357067089527845, 483035.860139544063713 ], [ 12914774.584261003881693, 483004.601259015325923 ], [ 12914460.663296969607472, 482945.09777915145969 ], [ 12914344.668387563899159, 482939.404202602047008 ], [ 12914146.742332931607962, 482979.147607709572185 ], [ 12914059.022574186325073, 483030.166556870914064 ], [ 12913937.461690239608288, 483135.107161976397038 ], [ 12913849.741931496188045, 483228.660705097543541 ], [ 12913793.19163017347455, 483330.810575341805816 ], [ 12913764.916479511186481, 483407.395149383693933 ], [ 12913753.673210941255093, 483483.979792988509871 ], [ 12913762.133492240682244, 483549.177270358020905 ], [ 12913815.789486803114414, 483631.455665660847444 ], [ 12913917.64682088047266, 483747.784280219231732 ], [ 12913948.816278301179409, 483807.288326528039761 ], [ 12913957.276559602469206, 483858.3077768109506 ], [ 12913957.276559602469206, 483974.636704610893503 ], [ 12913945.921971540898085, 484133.500749454426114 ], [ 12913923.324114909395576, 484295.156107727321796 ], [ 12913903.509245550259948, 484371.741558505338617 ], [ 12913852.636238258332014, 484434.148704775958322 ], [ 12913798.868924204260111, 484470.990154535742477 ], [ 12913736.641328848898411, 484502.13793828204507 ], [ 12913581.128000209107995, 484530.494712008279748 ], [ 12913383.758543035015464, 484555.613909317122307 ], [ 12913238.931885512545705, 484564.098617658310104 ], [ 12913017.294779341667891, 484542.775207533326466 ], [ 12912910.762026652693748, 484542.775207533326466 ], [ 12912829.832756847143173, 484564.098617658310104 ], [ 12912655.172475792467594, 484623.938163948070724 ], [ 12912569.901745844632387, 484641.019236278138123 ], [ 12912386.781183490529656, 484649.615594253176823 ], [ 12912312.820513805374503, 484663.537230396352243 ], [ 12912241.843206476420164, 484722.182287502917461 ], [ 12912177.945818761363626, 484829.022902159311343 ], [ 12912152.453655371442437, 484897.45902029593708 ], [ 12911909.554526459425688, 485038.46216041687876 ], [ 12911837.085537953302264, 485064.028075767273549 ], [ 12911722.09250396117568, 485059.78569626249373 ], [ 12911658.195116247981787, 485034.108140673779417 ], [ 12911619.789891922846437, 485012.78461134393001 ], [ 12911538.860622119158506, 484948.702414401515853 ], [ 12911496.225257143378258, 484901.701391606533434 ], [ 12911445.129610870033503, 484863.185133612365462 ], [ 12911377.00208250246942, 484846.104016150406096 ], [ 12911313.104694787412882, 484867.539144500857219 ], [ 12911240.635706283152103, 484918.782520365901291 ], [ 12911129.872812941670418, 484961.541178167448379 ], [ 12911031.911661045625806, 484982.864694495452568 ], [ 12910882.743543384596705, 485004.299857722711749 ], [ 12910763.409049252048135, 485012.78461134393001 ], [ 12910686.709920095279813, 485038.46216041687876 ], [ 12910652.646155910566449, 485068.382097060559317 ], [ 12910644.185874611139297, 485136.706768444157206 ], [ 12910622.812532380223274, 485222.224327590549365 ], [ 12910605.780650287866592, 485324.711543190816883 ], [ 12910575.947026757523417, 485393.148065078014042 ], [ 12910516.279779691249132, 485487.150686880922876 ], [ 12910469.41427406668663, 485551.233294617210049 ], [ 12910414.088487144559622, 485602.477087571693119 ], [ 12910362.992840869352221, 485623.800766624568496 ], [ 12910269.261829622089863, 485632.397225157183129 ], [ 12910179.760959023609757, 485623.800766624568496 ], [ 12910090.260088425129652, 485606.719494490826037 ], [ 12910022.132560059428215, 485568.314555459364783 ], [ 12909945.433430902659893, 485508.474336637940723 ], [ 12909851.702419655397534, 485478.554243222635705 ], [ 12909694.074020693078637, 485452.876559614611324 ], [ 12909536.445621728897095, 485410.2292937572347 ], [ 12909242.45084654353559, 485277.710310054244474 ], [ 12909067.790565488860011, 485205.143137148057576 ], [ 12908922.852588474750519, 485149.545560934755486 ], [ 12908816.319835787639022, 485123.867977915389929 ], [ 12908739.6207066308707, 485132.464385269791819 ], [ 12908697.096661146730185, 485162.384355387475807 ], [ 12908671.493178265169263, 485222.224327590549365 ], [ 12908645.889695381745696, 485307.630331906373613 ], [ 12908607.595790551975369, 485393.148065078014042 ], [ 12908522.436380092054605, 485568.314555459364783 ], [ 12908471.229414328932762, 485640.882042234530672 ], [ 12908394.53028517216444, 485713.561234185996 ], [ 12908317.831156015396118, 485769.159183886891697 ], [ 12908258.275228440761566, 485786.240489084331784 ], [ 12908164.544217193499207, 485790.482905293290969 ], [ 12907827.914077034220099, 485679.398656857782044 ], [ 12907751.214947877451777, 485670.802193510869984 ], [ 12907636.110594395548105, 485670.802193510869984 ], [ 12907516.776100266724825, 485653.720911811455153 ], [ 12907452.878712549805641, 485615.315951274009421 ], [ 12907423.045089017599821, 485581.153413936204743 ], [ 12907401.783066278323531, 485534.152037250692956 ], [ 12907380.521043533459306, 485465.715400436951313 ], [ 12907342.115819212049246, 485401.632857974560466 ], [ 12907299.480454239994287, 485367.470407587941736 ], [ 12907235.583066523075104, 485350.389187606633641 ], [ 12907141.852055272087455, 485346.146793639985844 ], [ 12907048.121044024825096, 485363.228012758481782 ], [ 12906933.128010038286448, 485397.39046141912695 ], [ 12906818.134976049885154, 485448.634160470101051 ], [ 12906609.299611318856478, 485491.393087971606292 ], [ 12906571.005706485360861, 485478.554243222635705 ], [ 12906511.338459422811866, 485444.391761539911386 ], [ 12906468.703094447031617, 485410.2292937572347 ], [ 12906417.607448171824217, 485346.146793639985844 ], [ 12906370.74194254912436, 485264.871497975254897 ], [ 12906306.844554834067822, 485209.385523992590606 ], [ 12906217.343684235587716, 485153.787944971641991 ], [ 12906132.072954287752509, 485115.383213077671826 ], [ 12906059.715285273268819, 485093.948021514166612 ], [ 12905970.214414674788713, 485102.544425807252992 ], [ 12905859.451521337032318, 485140.949151832668576 ], [ 12905769.950650738552213, 485179.465537135547493 ], [ 12905710.283403672277927, 485183.70792268338846 ], [ 12905659.187757398933172, 485179.465537135547493 ], [ 12905539.853263268247247, 485128.222002309688833 ], [ 12905467.495594253763556, 485128.222002309688833 ], [ 12905254.430088873952627, 485179.465537135547493 ], [ 12905199.104301951825619, 485213.627911051327828 ], [ 12905147.897336184978485, 485260.629108328488655 ], [ 12905066.96806637942791, 485422.956486012495589 ], [ 12905024.332701405510306, 485487.150686880922876 ], [ 12904981.808655921369791, 485525.555588779679965 ], [ 12904934.943150296807289, 485555.475698946393095 ], [ 12904700.61562217772007, 485662.31737340852851 ], [ 12904577.050987398251891, 485807.564214831974823 ], [ 12904466.288094056770205, 485957.165375094686169 ], [ 12904389.588964901864529, 486072.49242181883892 ], [ 12904355.413881227374077, 486170.738240170932841 ], [ 12904244.650987889617682, 486546.752845056238584 ], [ 12904206.357083054259419, 486610.836262519762386 ], [ 12904167.95185873284936, 486636.514300697250292 ], [ 12904087.022588925436139, 486649.353322737966664 ], [ 12903997.521718328818679, 486653.595782627584413 ], [ 12903972.0295549351722, 486666.434807286830619 ], [ 12903929.394189963117242, 486713.436818700865842 ], [ 12903908.132167218253016, 486756.196391192788724 ], [ 12903873.95708354562521, 486803.198452988057397 ], [ 12903771.765790998935699, 486867.282066687999759 ], [ 12903652.431296866387129, 486978.367889583401848 ], [ 12903575.732167713344097, 487072.372289052116685 ], [ 12903541.668403528630733, 487127.859496018209029 ], [ 12903537.438262877985835, 487183.458384170895442 ], [ 12903541.668403528630733, 487260.381404807034414 ], [ 12903631.169274125248194, 487640.643414098653011 ], [ 12903635.399414775893092, 487734.648557963198982 ], [ 12903622.597673336043954, 487828.765452823776286 ], [ 12903601.335650594905019, 487901.334898470551707 ], [ 12903401.071886654943228, 488174.866452588059474 ], [ 12903354.206381034106016, 488251.790385753964074 ], [ 12903277.507251877337694, 488465.480754947464447 ], [ 12902953.67885315977037, 489196.207705696288031 ], [ 12902923.845229623839259, 489277.375174038344994 ], [ 12902838.685819167643785, 489392.706802214961499 ], [ 12902774.788431452587247, 489414.143095332139637 ], [ 12902715.121184388175607, 489409.788847846211866 ], [ 12902565.953066725283861, 489409.788847846211866 ], [ 12902489.253937568515539, 489414.143095332139637 ], [ 12902374.260903580114245, 489431.225145359989256 ], [ 12902259.267869589850307, 489461.146653198986314 ], [ 12902216.632504617795348, 489490.95652431162307 ], [ 12902182.568740433081985, 489538.071773076022509 ], [ 12902165.536858342587948, 489627.724796373513527 ], [ 12902110.099751928821206, 489713.246948427928146 ], [ 12902084.640984382480383, 489721.654026343254372 ], [ 12902046.202364211902022, 489721.732179794111289 ], [ 12901990.765257796272635, 489704.650070162839256 ], [ 12901568.975707180798054, 489546.556986587063875 ], [ 12901394.31542612798512, 489439.71034798346227 ], [ 12901279.322392135858536, 489379.867358458635863 ], [ 12901219.655145073309541, 489362.785318964335602 ], [ 12901189.821521539241076, 489367.139563992852345 ], [ 12901125.924133822321892, 489418.385695665667299 ], [ 12901040.653403878211975, 489473.874462031526491 ], [ 12900976.756016161292791, 489499.5533805101295 ], [ 12900925.660369887948036, 489508.150237596011721 ], [ 12900865.993122821673751, 489495.310776041529607 ], [ 12900797.865594455972314, 489443.952949619386345 ], [ 12900721.166465301066637, 489367.139563992852345 ], [ 12900631.665594700723886, 489320.136059178796131 ], [ 12900533.704442802816629, 489290.571873063687235 ], [ 12900452.775172997266054, 489290.214601996704005 ], [ 12900359.044161750003695, 489294.457196017785463 ], [ 12899894.619246158748865, 489371.382161931949668 ], [ 12899822.150257652625442, 489367.139563992852345 ], [ 12899592.052870184183121, 489328.62125048507005 ], [ 12899523.925341818481684, 489311.539221499930136 ], [ 12899468.488235402852297, 489285.860360988881439 ], [ 12899430.194330571219325, 489247.453732214751653 ], [ 12899387.558965595439076, 489179.014056801970582 ], [ 12899349.153741274029016, 489076.522119464003481 ], [ 12899229.930566633120179, 488798.745040584995877 ], [ 12899033.896943347528577, 488482.562610584951472 ], [ 12898965.769414979964495, 488409.881013752892613 ], [ 12898880.498685033991933, 488350.03876341477735 ], [ 12898825.172898108139634, 488290.196555981994607 ], [ 12898803.799555877223611, 488247.547844777582213 ], [ 12898795.339274575933814, 488166.269732965098228 ], [ 12898803.799555877223611, 488072.264103414840065 ], [ 12898816.601297317072749, 487597.99503452522913 ], [ 12898803.799555877223611, 487486.908388827752788 ], [ 12898782.537533136084676, 487427.066799651365727 ], [ 12898739.902168160304427, 487380.064387434278615 ], [ 12898586.503909846767783, 487264.623895666503813 ], [ 12898509.804780693724751, 487187.812515525904018 ], [ 12898492.772898599505424, 487127.971140335022938 ], [ 12898492.772898599505424, 487098.050468788831495 ], [ 12898522.60652213357389, 487072.372289052116685 ], [ 12898573.813487896695733, 487046.805761403404176 ], [ 12898667.544499143958092, 486978.479533700738102 ], [ 12898701.608263328671455, 486892.96018350427039 ], [ 12898722.87028606981039, 486700.709430582879577 ], [ 12898718.640145419165492, 486615.190364091249648 ], [ 12898693.03666253760457, 486521.186477901763283 ], [ 12898624.909134171903133, 486427.18269719084492 ], [ 12898586.503909846767783, 486358.856975018745288 ], [ 12898565.241887105628848, 486307.501076723914593 ], [ 12898569.472027756273746, 486247.771973723371048 ], [ 12898595.075510641559958, 486192.173706747009419 ], [ 12898612.107392732053995, 486128.090609428181779 ], [ 12898616.337533380836248, 486046.926199327455834 ], [ 12898586.503909846767783, 485940.084035094478168 ], [ 12898552.44014566577971, 485841.726844341959804 ], [ 12898548.210005015134811, 485756.320296648598742 ], [ 12898561.011746456846595, 485670.802193510869984 ], [ 12898658.972898354753852, 485529.797991811239626 ], [ 12898748.473768955096602, 485440.149362824216951 ], [ 12898855.006521642208099, 485303.387940099579282 ], [ 12898906.102167915552855, 485222.112685811705887 ], [ 12898927.364190658554435, 485162.384355387475807 ], [ 12898918.903909359127283, 485089.705640498781577 ], [ 12898884.840145174413919, 485029.865762679546606 ], [ 12898837.974639549851418, 484991.461087424831931 ], [ 12898752.703909602016211, 484957.187162409711163 ], [ 12898646.171156913042068, 484901.701391606533434 ], [ 12898569.472027756273746, 484829.022902159311343 ], [ 12898531.178122924640775, 484730.778653774934355 ], [ 12898471.510875858366489, 484388.934220300463494 ], [ 12898450.248853119090199, 484324.852498735592235 ], [ 12898411.843628792092204, 484282.094164624577388 ], [ 12898356.517841868102551, 484265.013165164447855 ], [ 12898207.34972420707345, 484265.013165164447855 ], [ 12898109.388572309166193, 484235.09351433312986 ], [ 12897862.259302746504545, 484068.526100369985215 ], [ 12897721.66278587654233, 483983.009714250045363 ], [ 12897713.091185085475445, 483965.928775469306856 ], [ 12897717.321325734257698, 483944.605516885756515 ], [ 12897734.464527316391468, 483914.685979912581388 ], [ 12897764.186831356957555, 483889.008773820474744 ], [ 12897926.156690461561084, 483846.25066104560392 ], [ 12898007.085960268974304, 483812.088842415076215 ], [ 12898036.919583803042769, 483782.169352509954479 ], [ 12898062.523066684603691, 483739.522933772532269 ], [ 12898070.983347984030843, 483688.168636190297548 ], [ 12898075.213488634675741, 483598.521969976078253 ], [ 12898066.75320733524859, 483316.520749984309077 ], [ 12898036.919583803042769, 483213.924340585188475 ], [ 12898007.085960268974304, 483132.762742777355015 ], [ 12897985.823937527835369, 483038.762750466354191 ], [ 12897964.450595295056701, 482731.086548234452493 ], [ 12897930.386831112205982, 481927.739890267781448 ], [ 12897913.354949021711946, 481641.502041757456027 ], [ 12897921.926549812778831, 481504.746781233116053 ], [ 12897964.450595295056701, 481269.751523015031125 ], [ 12898049.721325242891908, 480953.597410975897219 ], [ 12898105.047112168744206, 480786.924831711978186 ], [ 12898159.927621128037572, 480237.008116189681459 ], [ 12898535.630902554839849, 479604.262231578701176 ], [ 12898538.079931352287531, 479174.917583913716953 ], [ 12897815.282477632164955, 478723.471727045660373 ], [ 12897053.968480097129941, 478477.209244614758063 ], [ 12896384.381742976605892, 478473.971891246794257 ], [ 12896069.90418148599565, 478173.903258025588002 ], [ 12895887.67417505569756, 477519.739437300304417 ], [ 12895891.681676723062992, 476829.189007601118647 ], [ 12896077.139948384836316, 476488.715987121511716 ], [ 12896068.568347593769431, 476326.29408931202488 ], [ 12896047.306324852630496, 476206.738373909611255 ], [ 12896004.670959878712893, 476091.313126458087936 ], [ 12895855.502842217683792, 475813.690368739305995 ], [ 12895778.80371306091547, 475715.344927362864837 ], [ 12895714.906325343996286, 475651.269751609070227 ], [ 12895642.548656329512596, 475629.948580058291554 ], [ 12895259.053010547533631, 475600.031971328950021 ], [ 12895173.782280597835779, 475587.194623770774342 ], [ 12895007.582280842587352, 475488.961071329540573 ], [ 12894769.024612072855234, 475177.070288386952598 ], [ 12894671.063460174947977, 475087.320967603416648 ], [ 12894611.396213112398982, 475053.162668691191357 ], [ 12894564.53070748783648, 475048.920789383584633 ], [ 12894530.466943304985762, 475061.758056352671701 ], [ 12894457.997954798862338, 475100.158240318705793 ], [ 12894423.934190614148974, 475108.753632688662037 ], [ 12894372.838544338941574, 475095.916358687216416 ], [ 12894321.631578575819731, 475065.999936295091175 ], [ 12894274.766072953119874, 475027.488139246124774 ], [ 12894215.098825884982944, 474997.571740715357009 ], [ 12894138.511016221717, 475001.92524582304759 ], [ 12894070.272168366238475, 475023.24626120791072 ], [ 12893925.445510841906071, 475023.24626120791072 ], [ 12893793.309275269508362, 475006.167122807353735 ], [ 12893563.211887802928686, 474954.929728003335185 ], [ 12893503.655960228294134, 474916.417980807193089 ], [ 12893473.822336692363024, 474826.668932668457273 ], [ 12893456.790454601868987, 474741.273470259737223 ], [ 12893452.448994461447001, 474668.60367307177512 ], [ 12893486.624078137800097, 474591.69208067713771 ], [ 12893533.489583758637309, 474450.706278121448122 ], [ 12893635.68087630905211, 474190.167802929179743 ], [ 12893652.712758399546146, 474066.26160729478579 ], [ 12893737.983488347381353, 473715.864782647113316 ], [ 12893767.817111879587173, 473549.206328689469956 ], [ 12893780.618853319436312, 473446.733306915033609 ], [ 12893780.618853319436312, 473365.469385089236312 ], [ 12893814.68261750228703, 473233.0807975816424 ], [ 12893878.580005217343569, 472908.361253616458271 ], [ 12893951.048993725329638, 472737.462596991448663 ], [ 12894078.843769155442715, 472617.91187660547439 ], [ 12894091.645510597154498, 472558.080765984719619 ], [ 12894083.073909806087613, 472528.165226239827462 ], [ 12894044.780004974454641, 472472.575929940037895 ], [ 12893993.573039209470153, 472421.340043992036954 ], [ 12893797.650735411792994, 472284.599538741982542 ], [ 12893648.482617750763893, 472194.853235115879215 ], [ 12893558.981747150421143, 472135.134042497724295 ], [ 12893439.75857251137495, 471985.557180628180504 ], [ 12893350.25770191475749, 471917.243058270250913 ], [ 12893222.462926482781768, 471831.73885708587477 ], [ 12893132.962055884301662, 471746.346364660770632 ], [ 12893069.064668169245124, 471660.842332633212209 ], [ 12892971.103516271337867, 471562.613261892751325 ], [ 12892838.967280700802803, 471400.200668231584132 ], [ 12892783.641493776813149, 471348.965418491337914 ], [ 12892698.370763828977942, 471319.050297605514061 ], [ 12892626.013094812631607, 471306.213588458485901 ], [ 12892527.940623424947262, 471331.887008658202831 ], [ 12892314.986437536776066, 471451.547572072420735 ], [ 12892195.65194340609014, 471472.867708497447893 ], [ 12892080.658909415826201, 471472.867708497447893 ], [ 12891957.094274636358023, 471455.789274188224226 ], [ 12891871.823544688522816, 471408.795691314502619 ], [ 12891773.862392788752913, 471293.488504749780986 ], [ 12891691.575025195255876, 471229.483594562567305 ], [ 12891390.366747008636594, 471101.161371085734572 ], [ 12891288.175454460084438, 471049.926298498467077 ], [ 12891104.943572616204619, 470930.26629071548814 ], [ 12891036.704724758863449, 470874.789645484066568 ], [ 12890968.577196393162012, 470849.116360933985561 ], [ 12890917.481550117954612, 470853.358033508295193 ], [ 12890874.846185142174363, 470883.272993357153609 ], [ 12890836.552280310541391, 470951.697921736107673 ], [ 12890810.94879742898047, 471015.769600296160206 ], [ 12890751.281550362706184, 471233.658311711042188 ], [ 12890644.748797675594687, 471413.037391332560219 ], [ 12890563.819527868181467, 471601.01188534416724 ], [ 12890533.985904334113002, 471840.333923091006 ], [ 12890533.985904334113002, 472105.218649391259532 ], [ 12890525.52562303468585, 472194.853235115879215 ], [ 12890499.922140153124928, 472276.116053310513962 ], [ 12890384.817786671221256, 472728.979067018139176 ], [ 12890337.952281048521399, 472775.973368551582098 ], [ 12890201.697224317118526, 472831.451234927517362 ], [ 12890073.791129395365715, 472861.366879904642701 ], [ 12889869.297224810346961, 472925.551600995473564 ], [ 12889818.201578535139561, 472955.355652954545803 ], [ 12889720.240426637232304, 473075.018467227870133 ], [ 12889652.001578781753778, 473122.0129574657185 ], [ 12889566.84216832369566, 473156.170489025069401 ], [ 12889473.111157074570656, 473169.007473341596778 ], [ 12889366.578404385596514, 473169.007473341596778 ], [ 12889225.981887513771653, 473156.170489025069401 ], [ 12889004.456100834533572, 473169.007473341596778 ], [ 12888731.723348390311003, 473186.086246746126562 ], [ 12888586.896690871566534, 473211.760226210113615 ], [ 12888484.594078829512, 473220.243803715216927 ], [ 12888271.639892945066094, 473181.844459571409971 ], [ 12888156.535539463162422, 473186.086246746126562 ], [ 12888101.209752541035414, 473211.760226210113615 ], [ 12888058.574387565255165, 473258.754791055049282 ], [ 12887990.446859199553728, 473314.232968309661373 ], [ 12887837.048600886017084, 473412.575660098984372 ], [ 12887521.680483469739556, 473600.554511847789399 ], [ 12887410.917590130120516, 473643.195852452714462 ], [ 12887240.487449726089835, 473651.791099060326815 ], [ 12887146.756438476964831, 473638.954042755009141 ], [ 12887018.961663046851754, 473613.279935889644548 ], [ 12886929.460792448371649, 473566.285177513374947 ], [ 12886895.397028267383575, 473515.048641209083144 ], [ 12886882.595286825671792, 473459.458708213525824 ], [ 12886882.595286825671792, 473344.148780938936397 ], [ 12886895.397028267383575, 473241.564377186994534 ], [ 12886921.000511148944497, 473156.170489025069401 ], [ 12886921.000511148944497, 473087.743813597364351 ], [ 12886857.103123432025313, 472647.715822199243121 ], [ 12886776.062534134835005, 472352.913951827213168 ], [ 12886529.044584065675735, 471921.484783248219173 ], [ 12886396.908348495140672, 471767.666573817143217 ], [ 12886230.708348738029599, 471605.253594795125537 ], [ 12886205.216185348108411, 471524.103031671140343 ], [ 12886188.184303255751729, 471430.115817195852287 ], [ 12886166.810961024835706, 471237.900003137881868 ], [ 12886149.779078930616379, 471152.396474017295986 ], [ 12886154.009219583123922, 471045.684616289043333 ], [ 12886124.28691554069519, 470947.344621255528182 ], [ 12886060.278208333998919, 470840.52139345993055 ], [ 12885945.285174345597625, 470601.313744949176908 ], [ 12885842.982562307268381, 470353.511838034086395 ], [ 12885753.593011200428009, 470208.291320163698401 ], [ 12885668.322281252592802, 470148.461877044057474 ], [ 12885548.987787120044231, 470084.502462064265274 ], [ 12885497.892140848562121, 470067.424301648512483 ], [ 12885433.994753133505583, 470037.50962353736395 ], [ 12885357.295623976737261, 469986.163558302912861 ], [ 12885272.024894028902054, 469905.014512851194013 ], [ 12885225.159388406202197, 469840.943655778304674 ], [ 12885186.86548356898129, 469772.63122615031898 ], [ 12885139.999977946281433, 469729.880174190388061 ], [ 12885071.872449580579996, 469729.880174190388061 ], [ 12885025.006943957880139, 469759.794746194791514 ], [ 12884995.173320427536964, 469793.950949230289552 ], [ 12884901.442309176549315, 469819.623921149061061 ], [ 12884794.909556487575173, 469828.107165714260191 ], [ 12884705.408685890957713, 469828.107165714260191 ], [ 12884411.413910703733563, 469759.794746194791514 ], [ 12884313.452758807688951, 469708.448845364619046 ], [ 12884215.491606909781694, 469644.378133464604616 ], [ 12884117.419135520234704, 469571.824248532997444 ], [ 12884045.061466505751014, 469499.158803033002187 ], [ 12883998.195960879325867, 469469.24432087194873 ], [ 12883742.495090527459979, 469392.337359946628567 ], [ 12883652.994219930842519, 469345.34489630832104 ], [ 12883627.50205654092133, 469289.869265315704979 ], [ 12883614.700315095484257, 469183.048079697531648 ], [ 12883610.470174448564649, 469024.881528867175803 ], [ 12883602.009893147274852, 468909.577513419964816 ], [ 12883469.873657573014498, 468422.578794438042678 ], [ 12883265.379752987995744, 467756.09929014876252 ], [ 12883180.109023040160537, 467538.219305620354135 ], [ 12883120.441775973886251, 467328.934484934026841 ], [ 12883077.917730493471026, 467281.943135585752316 ], [ 12883031.052224867045879, 467273.348520985629875 ], [ 12882468.666157379746437, 467465.667177556140814 ], [ 12881944.462675234302878, 467726.185407551296521 ], [ 12881838.041242038831115, 467743.263107925420627 ], [ 12881765.572253530845046, 467734.780066798324697 ], [ 12881646.237759398296475, 467713.349229734973051 ], [ 12881492.839501088485122, 467653.633123015402816 ], [ 12881356.584444353356957, 467619.366141936916392 ], [ 12881092.423292705789208, 467606.641598647693172 ], [ 12881015.724163545295596, 467636.555440207303036 ], [ 12880934.794893739745021, 467687.788498671725392 ], [ 12880866.556045884266496, 467739.021587258612271 ], [ 12880836.722422353923321, 467747.61624777194811 ], [ 12880696.12590547837317, 467734.780066798324697 ], [ 12880632.228517765179276, 467734.780066798324697 ], [ 12880572.561270698904991, 467751.857768857269548 ], [ 12880530.037225214764476, 467790.254705971456133 ], [ 12880517.235483773052692, 467841.599473907030188 ], [ 12880478.830259451642632, 467888.591124998114537 ], [ 12880423.504472525790334, 467909.910385990689974 ], [ 12880355.265624668449163, 467897.074181103031151 ], [ 12880214.669107798486948, 467790.254705971456133 ], [ 12880176.375202964991331, 467704.866191520239227 ], [ 12880167.803602173924446, 467627.960790648357943 ], [ 12880125.279556689783931, 467538.219305620354135 ], [ 12879933.476074054837227, 467230.710315621981863 ], [ 12879665.084781752899289, 466863.263608378416393 ], [ 12879613.989135477691889, 466765.039963262097444 ], [ 12879596.957253387197852, 466696.61833031475544 ], [ 12879579.925371296703815, 466594.153407658857759 ], [ 12879541.631466461345553, 466457.42208044504514 ], [ 12879516.027983579784632, 466397.595216003421228 ], [ 12879447.900455214083195, 466333.526940176088829 ], [ 12879319.994360294193029, 466162.641228601743933 ], [ 12879222.033208396285772, 466042.987944217922632 ], [ 12878957.872056741267443, 465808.034909723966848 ], [ 12878821.505680520087481, 465671.30481193884043 ], [ 12878761.83843345567584, 465598.75423456041608 ], [ 12878740.57641071267426, 465517.497659289510921 ], [ 12878723.544528622180223, 465402.198280132492073 ], [ 12878689.48076444119215, 465295.381856215186417 ], [ 12878638.273798674345016, 465222.71997458441183 ], [ 12878519.050624035298824, 465145.816758448898327 ], [ 12878476.415259061381221, 465103.179590782849118 ], [ 12878446.581635529175401, 465060.430828323645983 ], [ 12878420.978152647614479, 464987.769141548022162 ], [ 12878420.978152647614479, 464919.460513985482976 ], [ 12878442.351494878530502, 464842.557563974754885 ], [ 12878476.415259061381221, 464757.06031412264565 ], [ 12878502.018741944804788, 464671.674762679380365 ], [ 12878514.709163894876838, 464573.453577558218967 ], [ 12878497.677281804382801, 464487.956590041285381 ], [ 12878463.613517619669437, 464419.648351794865448 ], [ 12878352.850624278187752, 464372.658565179852303 ], [ 12878208.023966759443283, 464321.427448822651058 ], [ 12878135.554978251457214, 464274.43771479674615 ], [ 12878092.919613279402256, 464184.699670299421996 ], [ 12878059.501502143219113, 464050.059291256882716 ], [ 12877973.696438638493419, 463919.839036473131273 ], [ 12877943.862815108150244, 463830.101354324317072 ], [ 12877922.489472875371575, 463697.727279067912605 ], [ 12877884.195568041875958, 463531.088022609357722 ], [ 12877786.234416143968701, 463018.448271190747619 ], [ 12877756.400792611762881, 462924.470221387338825 ], [ 12877756.400792611762881, 462843.32773415412521 ], [ 12877764.861073913052678, 462757.944042225310113 ], [ 12877760.630933258682489, 462676.690095932804979 ], [ 12877735.027450377121568, 462531.482337369932793 ], [ 12877747.829191818833351, 462407.592740244814195 ], [ 12877794.694697443395853, 462339.286117937357631 ], [ 12877845.790343716740608, 462117.178349171997979 ], [ 12877841.56020306609571, 462006.124674585764296 ], [ 12877820.298180324956775, 461894.959528296312783 ], [ 12877786.234416143968701, 461852.212325595610309 ], [ 12877747.829191818833351, 461826.541691628808621 ], [ 12877577.39905141480267, 461779.553289669624064 ], [ 12877526.30340513959527, 461732.564912729314528 ], [ 12877504.930062906816602, 461689.929399956308771 ], [ 12877504.930062906816602, 461625.864558228349779 ], [ 12877534.763686442747712, 461544.611655107582919 ], [ 12877585.970652207732201, 461463.470437736541498 ], [ 12877756.400792611762881, 461305.429436071484815 ], [ 12877858.592085160315037, 461173.059153673180845 ], [ 12877943.862815108150244, 460993.589475314831361 ], [ 12877965.124837847426534, 460891.131202927906998 ], [ 12877960.89469719864428, 460827.066940435557626 ], [ 12877935.291214317083359, 460728.73843271099031 ], [ 12877760.630933258682489, 460468.240962149051484 ], [ 12877624.264557039365172, 460284.531553237116896 ], [ 12877547.56542788259685, 460130.733811471320223 ], [ 12877513.501663697883487, 460049.593891330761835 ], [ 12877475.207758866250515, 459985.530237978498917 ], [ 12877432.572393894195557, 459951.377856342762243 ], [ 12877326.039641203358769, 459938.542814360116608 ], [ 12877206.705147074535489, 459938.542814360116608 ], [ 12877023.584584716707468, 459917.225487871561199 ], [ 12876968.147478304803371, 459878.720382343162782 ], [ 12876955.345736863091588, 459831.733015365083702 ], [ 12876951.115596210584044, 459759.075639462680556 ], [ 12876955.345736863091588, 459699.253328588150907 ], [ 12876955.345736863091588, 459515.657122822420206 ], [ 12876951.115596210584044, 459190.988531792594586 ], [ 12876955.345736863091588, 459105.496759389643557 ], [ 12876980.94921974465251, 458891.990904068225063 ], [ 12876963.917337654158473, 458840.65136043226812 ], [ 12876929.853573469445109, 458768.106403716315981 ], [ 12876887.218208497390151, 458708.284760904498398 ], [ 12876840.352702872827649, 458665.539096780586988 ], [ 12876801.947478549554944, 458609.958603426755872 ], [ 12876755.638570377603173, 458462.123588903050404 ], [ 12876759.423433065414429, 458430.605722394015174 ], [ 12876780.685455806553364, 458392.10126183135435 ], [ 12876827.550961431115866, 458353.708425005432218 ], [ 12876946.885455563664436, 458276.811194127018098 ], [ 12876980.94921974465251, 458229.824675044277683 ], [ 12877015.012983925640583, 458118.775874690385535 ], [ 12877053.418208252638578, 457828.263940070057288 ], [ 12877100.28371387347579, 457674.582059282285627 ], [ 12877134.347478058189154, 457619.002185143181123 ], [ 12877189.673264980316162, 457572.016013382351957 ], [ 12877206.705147074535489, 457525.029866410768591 ], [ 12877219.506888514384627, 457460.968033753335476 ], [ 12877215.276747865602374, 457375.477924651815556 ], [ 12877172.641382889822125, 457247.466126146086026 ], [ 12876938.313854770734906, 456704.952601862372831 ], [ 12876934.083714120090008, 456640.891358478344046 ], [ 12876959.68719700537622, 456593.905702234071214 ], [ 12877040.61646680906415, 456508.416424389812164 ], [ 12877108.743995176628232, 456423.038833060476463 ], [ 12877151.37936014868319, 456341.790691246103961 ], [ 12877168.411242239177227, 456264.895196548197418 ], [ 12877168.411242239177227, 456179.517838051600847 ], [ 12877147.149219499900937, 456047.043588425265625 ], [ 12877155.609500799328089, 455978.74186165019637 ], [ 12877176.982843030244112, 455906.087631152011454 ], [ 12877176.982843030244112, 455812.117116467154119 ], [ 12877159.839641449972987, 455713.905757749336772 ], [ 12877049.076748110353947, 455393.491949832241517 ], [ 12876968.147478304803371, 455226.979898081917781 ], [ 12876887.218208497390151, 455090.266146132838912 ], [ 12876857.384584963321686, 454940.82988379849121 ], [ 12876865.844866262748837, 454812.59836827754043 ], [ 12876891.448349148035049, 454731.463291812804528 ], [ 12876891.448349148035049, 454675.996851278818212 ], [ 12876878.646607706323266, 454624.659733687760308 ], [ 12876836.122562222182751, 454590.509406532393768 ], [ 12876759.423433065414429, 454543.524827362794895 ], [ 12876661.350961677730083, 454466.630877999123186 ], [ 12876563.389809779822826, 454364.180116138071753 ], [ 12876499.492422064766288, 454257.376995527534746 ], [ 12876473.888939181342721, 454184.724161703488789 ], [ 12876456.857057090848684, 454103.589653374045156 ], [ 12876448.396775789558887, 454018.102754224673845 ], [ 12876452.626916442066431, 453680.73162175953621 ], [ 12876444.055315647274256, 453616.672542300075293 ], [ 12876409.991551466286182, 453561.095189813000616 ], [ 12876354.665764542296529, 453514.111149568285327 ], [ 12876243.791551711037755, 453450.052188912581187 ], [ 12876179.894163995981216, 453424.383977074408904 ], [ 12876145.830399814993143, 453381.752441438438836 ], [ 12876133.02865837328136, 453330.416064105462283 ], [ 12876141.6002591624856, 453296.26622933591716 ], [ 12876167.092422554269433, 453279.191316815966275 ], [ 12876179.894163995981216, 453240.689074995927513 ], [ 12876098.964894188567996, 453180.98273260955466 ], [ 12876069.131270658224821, 453146.721354039735161 ], [ 12876043.639107264578342, 453087.015074046154041 ], [ 12876039.297647124156356, 453022.844817311910447 ], [ 12876043.639107264578342, 452967.379432289802935 ], [ 12876060.670989355072379, 452916.154891789599787 ], [ 12876060.670989355072379, 452856.337164633558132 ], [ 12876030.837365822866559, 452783.685463673260529 ], [ 12875979.630400059744716, 452711.033821362652816 ], [ 12875898.70113025419414, 452646.975432703387924 ], [ 12875830.573601888492703, 452608.585061344841961 ], [ 12875775.136495471000671, 452565.842312492488418 ], [ 12875753.874472731724381, 452523.099583930685185 ], [ 12875753.874472731724381, 452480.468475391273387 ], [ 12875770.906354822218418, 452420.651037747447845 ], [ 12875817.77186044678092, 452347.999688362993766 ], [ 12875834.803742537274957, 452309.609444454603363 ], [ 12875843.375343328341842, 452258.273678745259531 ], [ 12875839.033883187919855, 452215.642695538583212 ], [ 12875813.541719796136022, 452147.232285579899326 ], [ 12875775.136495471000671, 452087.415069181879517 ], [ 12875711.239107757806778, 452014.875587630085647 ], [ 12875655.913320830091834, 451942.224565380602144 ], [ 12875600.476214418187737, 451856.85131911735516 ], [ 12875553.61070879176259, 451741.458066339604557 ], [ 12875519.546944610774517, 451596.268119508808013 ], [ 12875468.339978843927383, 451335.685672439460177 ], [ 12875425.815933363512158, 451079.456299394834787 ], [ 12875344.77534406632185, 450797.560189391719177 ], [ 12875285.219416489824653, 450639.426454028638545 ], [ 12875216.980568634346128, 450425.940770082641393 ], [ 12875161.654781708493829, 450280.752937257464509 ], [ 12875093.415933854877949, 450139.806017229042482 ], [ 12874982.653040517121553, 450020.174282630905509 ], [ 12874816.453040760010481, 449900.542706090898719 ], [ 12874663.166101936250925, 449806.578462930105161 ], [ 12874582.125512639060616, 449738.281473248323891 ], [ 12874488.394501391798258, 449682.70650983141968 ], [ 12874441.528995769098401, 449631.48383277101675 ], [ 12874433.068714469671249, 449597.335397481976543 ], [ 12874433.068714469671249, 449546.001172563119326 ], [ 12874454.330737210810184, 449469.111485709319822 ], [ 12874496.966102184727788, 449362.425758261815645 ], [ 12874569.435090688988566, 449157.312756221217569 ], [ 12874599.157394733279943, 449050.627395525458269 ], [ 12874616.300596315413713, 448901.08954876055941 ], [ 12874590.697113430127501, 448691.848572193935979 ], [ 12874556.633349249139428, 448533.718511356797535 ], [ 12874522.458265576511621, 448431.274483371991664 ], [ 12874505.281668147072196, 448232.959689399518538 ], [ 12874475.592759950086474, 448046.83142117888201 ], [ 12874450.100596560165286, 447944.387941876833793 ], [ 12874420.266973026096821, 447875.980759047437459 ], [ 12874364.829866612330079, 447807.685221626481507 ], [ 12874271.09885536506772, 447747.87087148235878 ], [ 12874215.773068439215422, 447692.408720001869369 ], [ 12874190.1695855576545, 447641.075571685330942 ], [ 12874185.939444905146956, 447598.446761824423447 ], [ 12874198.741186348721385, 447555.706378260452766 ], [ 12874228.574809880927205, 447495.892193696636241 ], [ 12874245.606691971421242, 447427.596941454161424 ], [ 12874249.83683262206614, 447354.949596999620553 ], [ 12874237.035091180354357, 447252.395303072989918 ], [ 12874168.90756281465292, 446991.936929612536915 ], [ 12874053.803209334611893, 446765.515066530322656 ], [ 12874019.739445153623819, 446671.554064149328042 ], [ 12874011.279163852334023, 446611.740459841850679 ], [ 12874015.509304501116276, 446556.278999840083998 ], [ 12874070.835091426968575, 446342.691317824937869 ], [ 12874062.374810125678778, 446235.897664226242341 ], [ 12874079.40669221803546, 445992.515729077800643 ], [ 12874096.438574308529496, 445941.295129308418836 ], [ 12874143.304079933091998, 445851.575455115409568 ], [ 12874139.0739392824471, 445774.688888980483171 ], [ 12874066.604950776323676, 445642.229891162074637 ], [ 12874053.803209334611893, 445595.249955729465 ], [ 12874057.810711005702615, 445543.360031343821902 ], [ 12874107.125245423987508, 445430.318211975449231 ], [ 12874142.413524009287357, 445278.442897668282967 ], [ 12874138.851300301030278, 445221.977929592540022 ], [ 12874124.825044462457299, 445147.770069979655091 ], [ 12874103.674341209232807, 445080.704071166517679 ], [ 12874093.098989585414529, 445020.668326883052941 ], [ 12874054.359806789085269, 444660.34309752844274 ], [ 12874057.810711005702615, 444572.075349421240389 ], [ 12874100.112117504701018, 444448.433690957608633 ], [ 12874103.674341209232807, 444384.939077365153935 ], [ 12874089.536765879020095, 444331.933941519295331 ], [ 12873916.880235658958554, 444081.192166733380873 ], [ 12873821.813390523195267, 443901.087015734345187 ], [ 12873709.046746347099543, 443660.947364089137409 ], [ 12873687.896043099462986, 443593.770863907586318 ], [ 12873691.458266803994775, 443547.907866256718989 ], [ 12873716.059874268248677, 443484.302286973746959 ], [ 12873730.197449600324035, 443410.095833463012241 ], [ 12873719.622097974643111, 443350.06118259410141 ], [ 12873694.909171018749475, 443261.794694630661979 ], [ 12873628.006157053634524, 443155.897338609269354 ], [ 12873585.704750549048185, 443071.090271052962635 ], [ 12873543.403344050049782, 442943.991404395201243 ], [ 12873497.651033334434032, 442852.15449238603469 ], [ 12873335.56985473819077, 442626.189212100405712 ], [ 12873226.36543426848948, 442495.520159943320323 ], [ 12873194.63937939144671, 442445.97532443376258 ], [ 12873184.064027767628431, 442357.709703789150808 ], [ 12873177.050899848341942, 442216.44025181554025 ], [ 12873201.652507310733199, 441842.066092735971324 ], [ 12873187.62625147216022, 441803.233927190769464 ], [ 12873127.736365426331758, 441764.401777995924931 ], [ 12872944.50448358245194, 441679.595991765265353 ], [ 12872898.640853375196457, 441637.304714344441891 ], [ 12872877.601469613611698, 441566.670513224846218 ], [ 12872891.627725452184677, 441464.234279700787738 ], [ 12872870.477022202685475, 441382.999526102619711 ], [ 12872859.901670578867197, 441315.936273771978449 ], [ 12872817.711583567783237, 441276.992743611219339 ], [ 12872539.301537092775106, 441185.157492533675395 ], [ 12872387.795710124075413, 441125.124291493732017 ], [ 12872317.330472450703382, 441093.322332774929237 ], [ 12872275.140385441482067, 441047.460580006765667 ], [ 12872264.565033815801144, 440973.256089075352065 ], [ 12872243.414330564439297, 440906.193134251690935 ], [ 12872197.550700357183814, 440807.328367807902396 ], [ 12872077.770928265526891, 440584.827237303776201 ], [ 12871915.689749669283628, 440341.125510024139658 ], [ 12871795.90997757576406, 440146.856415225774981 ], [ 12871750.157666860148311, 440051.563165677362122 ], [ 12871746.595443155616522, 439977.359473702206742 ], [ 12871721.882516199722886, 439913.756356475583743 ], [ 12871661.992630152031779, 439832.522965005249716 ], [ 12871552.788209684193134, 439730.20023673644755 ], [ 12871323.804017120972276, 439497.101226369966753 ], [ 12870908.025719009339809, 439211.000609291892033 ], [ 12870784.683723211288452, 439133.338503589853644 ], [ 12870709.531934974715114, 439075.125441983633209 ], [ 12870674.811385797336698, 439048.055320733808912 ], [ 12870640.302343649789691, 439020.304549231834244 ], [ 12870605.014065068215132, 438956.702088550839107 ], [ 12870559.261754352599382, 438900.240993304469157 ], [ 12870474.65894134901464, 438815.437831763294525 ], [ 12870393.618352053686976, 438751.947094416129403 ], [ 12870340.741593925282359, 438702.515847414324526 ], [ 12870298.551506914198399, 438755.406166861706879 ], [ 12870256.25010041333735, 438794.237053480523173 ], [ 12870213.948693910613656, 438819.008489634550642 ], [ 12870118.770529283210635, 438854.268743486900348 ], [ 12869998.990757189691067, 438907.270732540695462 ], [ 12869805.294843211770058, 438977.902903935348149 ], [ 12869696.090422742068768, 439013.274801435181871 ], [ 12869583.323778565973043, 439037.93471271492308 ], [ 12869477.570262314751744, 439041.505379144567996 ], [ 12869354.228266516700387, 439037.93471271492308 ], [ 12869259.161421377211809, 439023.875214983185288 ], [ 12869167.545480456203222, 438995.533059363835491 ], [ 12868861.082922302186489, 438921.44179579342017 ], [ 12868755.3294060472399, 438914.300472309114411 ], [ 12868688.426392082124949, 438928.471536634955555 ], [ 12868575.659747906029224, 438935.501278008974623 ], [ 12868357.250906970351934, 438928.471536634955555 ], [ 12868269.197189753875136, 438949.672345571452752 ], [ 12868050.677029326558113, 439020.304549231834244 ], [ 12867821.6928367651999, 439087.366138315410353 ], [ 12867744.21447117254138, 439119.16740798210958 ], [ 12867691.337713045999408, 439161.569117825827561 ], [ 12867624.434699079021811, 439260.432127097214106 ], [ 12867560.982589328661561, 439366.325015754438937 ], [ 12867532.818758156150579, 439401.697061349928845 ], [ 12867501.092703279107809, 439408.726838580332696 ], [ 12867437.640593528747559, 439394.667284652590752 ], [ 12867268.546287013217807, 439327.493889752775431 ], [ 12867169.917218171060085, 439295.69254867156269 ], [ 12867071.288149327039719, 439249.831686522928067 ], [ 12867000.822911655530334, 439203.970847047923598 ], [ 12866824.604157730937004, 439052.105795917159412 ], [ 12866775.289623308926821, 439041.505379144567996 ], [ 12866722.412865182384849, 439041.505379144567996 ], [ 12866637.921371670439839, 439059.135546655103099 ], [ 12866504.004024244844913, 439101.537229066248983 ], [ 12866419.401211241260171, 439115.59673856414156 ], [ 12866387.786475855857134, 439076.765717515023425 ], [ 12866352.49819727614522, 439002.674389097897802 ], [ 12865929.706771243363619, 438229.182303750072606 ], [ 12865728.886409850791097, 437847.794605657749344 ], [ 12865690.147227054461837, 437745.474064404843375 ], [ 12865566.805231254547834, 437628.8711855992442 ], [ 12865302.64407960511744, 437356.94714463915443 ], [ 12865274.36892894282937, 437286.316204377042595 ], [ 12865263.793577319011092, 437212.22630246198969 ], [ 12865084.123919175937772, 436820.242605584382545 ], [ 12865034.809384753927588, 436767.241805194411427 ], [ 12864823.413671737536788, 436640.040007111267187 ], [ 12864679.032292179763317, 436580.009745086194016 ], [ 12864597.991702882573009, 436562.38004721730249 ], [ 12864446.48587591201067, 436576.550753469637129 ], [ 12864139.911998270079494, 436590.609881484007929 ], [ 12864020.132226176559925, 436601.210019085905515 ], [ 12863896.901549868285656, 436622.41029790166067 ], [ 12864013.11909825541079, 436463.519904404412955 ], [ 12864301.993176862597466, 436145.739928643335588 ], [ 12864513.388889878988266, 435898.479290827817749 ], [ 12864879.852653572335839, 435517.101123692526016 ], [ 12865168.726732179522514, 435206.353825186437462 ], [ 12865235.741065638139844, 435125.124539858195931 ], [ 12865397.710924739018083, 435015.665957756340504 ], [ 12865471.738386118784547, 434969.695622990606353 ], [ 12865577.491902373731136, 434913.236941744398791 ], [ 12865654.970267966389656, 434863.807728983461857 ], [ 12865725.435505636036396, 434803.778607241285499 ], [ 12865950.857474492862821, 434538.892198344168719 ], [ 12866137.651580044999719, 434341.176293286203872 ], [ 12866218.692169342190027, 434242.206919453572482 ], [ 12866246.856000510975718, 434143.349227486527525 ], [ 12866341.922845648601651, 433754.948852100991644 ], [ 12866408.937179107218981, 433461.836503802740481 ], [ 12866458.251713529229164, 433271.152181766112335 ], [ 12866504.004024244844913, 433133.355384580325335 ], [ 12866708.386609341949224, 432773.187867040222045 ], [ 12866814.028806105256081, 432865.014832451299299 ], [ 12866902.193842811509967, 432925.042714883980807 ], [ 12866954.959281450137496, 432932.072004736226518 ], [ 12867043.124318154528737, 432928.613147759169806 ], [ 12867113.589555827900767, 432918.013425556768198 ], [ 12867187.505697716027498, 432900.384416537592188 ], [ 12867236.820232139900327, 432903.843272477039136 ], [ 12867272.108510717749596, 432914.442993083619513 ], [ 12867307.285469809547067, 432939.212871155526955 ], [ 12867331.998396763578057, 432985.070635605079588 ], [ 12867346.024652605876327, 433038.069296323868912 ], [ 12867377.750707479193807, 433073.327369254548103 ], [ 12867413.038986062631011, 433122.867215572216082 ], [ 12867627.885603295639157, 433200.524324466008693 ], [ 12867733.639119548723102, 433324.151003677339759 ], [ 12867768.816078638657928, 433387.638052830356173 ], [ 12867807.666580926626921, 433433.607612545485608 ], [ 12867863.994243267923594, 433444.207392853626516 ], [ 12867955.61018418893218, 433440.636940405762289 ], [ 12868036.650773487985134, 433423.007833432639018 ], [ 12868117.580043293535709, 433398.237827955046669 ], [ 12868181.032153045758605, 433359.409183854062576 ], [ 12868205.745080003514886, 433302.951471328211483 ], [ 12868212.758207922801375, 433207.553634901065379 ], [ 12868240.922039093449712, 432985.070635605079588 ], [ 12868240.922039093449712, 432865.014832451299299 ], [ 12868205.745080003514886, 432571.905257385515142 ], [ 12868202.182856297120452, 432501.27792480197968 ], [ 12868216.320431627333164, 432437.679898116213735 ], [ 12868286.785669296979904, 432331.794857692089863 ], [ 12868321.962628388777375, 432289.396244726551231 ], [ 12868378.401610219851136, 432257.597297519154381 ], [ 12868427.716144643723965, 432239.968412110756617 ], [ 12868487.606030689552426, 432225.798361040011514 ], [ 12868540.482788816094398, 432190.540605414134916 ], [ 12868624.974282328039408, 432091.573494727374054 ], [ 12868741.303150208666921, 431893.86273455870105 ], [ 12868797.630812551826239, 431819.66551897698082 ], [ 12868829.356867425143719, 431795.007509874354582 ], [ 12868899.822105098515749, 431773.808321679884102 ], [ 12869181.683055784553289, 431756.179526702850126 ], [ 12869241.572941834107041, 431759.638340647565201 ], [ 12869294.449699960649014, 431780.837525658716913 ], [ 12869551.597723692655563, 431957.46039436274441 ], [ 12869597.461353899911046, 431968.060008499014657 ], [ 12869657.351239947602153, 431960.919215686793905 ], [ 12869837.020898085087538, 431915.061949729279149 ], [ 12870421.893502714112401, 431787.978304840042256 ], [ 12870467.64581342972815, 431763.208729368576314 ], [ 12870478.221165057271719, 431738.439160398964304 ], [ 12870481.783388759940863, 431699.611200502666179 ], [ 12870520.522571556270123, 431494.872078428103123 ], [ 12870531.097923183813691, 431406.505248464993201 ], [ 12870566.274882271885872, 431328.849617664527614 ], [ 12870675.590622233226895, 431123.999725475034211 ], [ 12870710.767581323161721, 431007.516651494370308 ], [ 12870707.205357618629932, 430905.0919981438783 ], [ 12870686.165973857045174, 430739.182146921230014 ], [ 12870622.713864106684923, 430340.084792744135484 ], [ 12870619.151640400290489, 430234.202103672781959 ], [ 12870643.864567356184125, 429835.106877946120221 ], [ 12870640.302343649789691, 429785.680328720191028 ], [ 12870559.261754352599382, 429655.1408079409739 ], [ 12870414.880374794825912, 429400.8681889072177 ], [ 12870383.154319917783141, 429280.816939092008397 ], [ 12870365.45452088303864, 429114.909932076232508 ], [ 12870379.592096213251352, 429047.74389601428993 ], [ 12870404.305023169144988, 428973.660482765117195 ], [ 12870400.742799464613199, 428867.667748024337925 ], [ 12870369.016744587570429, 428758.216427102102898 ], [ 12870344.415137121453881, 428712.249141331994906 ], [ 12870330.277561791241169, 428666.393448796996381 ], [ 12870333.839785497635603, 428620.537778386089485 ], [ 12870347.866041338071227, 428567.541593180969357 ], [ 12870379.592096213251352, 428489.888288850081153 ], [ 12870527.535699475556612, 428200.250948687084019 ], [ 12870608.576288776472211, 428062.573107749572955 ], [ 12870636.740119945257902, 427974.32104703609366 ], [ 12870647.315471572801471, 427836.531962854263838 ], [ 12870615.700736183673143, 427667.057241226721089 ], [ 12870555.810850137844682, 427448.157487392716575 ], [ 12870506.38499622605741, 427363.364649549708702 ], [ 12870418.331279009580612, 427243.315971259551588 ], [ 12870358.441392963752151, 427172.69260937999934 ], [ 12870337.290689710527658, 427091.470229410449974 ], [ 12870256.25010041333735, 426589.968192042317241 ], [ 12870231.648492949083447, 426522.91550527792424 ], [ 12870164.634159490466118, 426395.839078289922327 ], [ 12870147.04567994736135, 426247.453297543397639 ], [ 12870094.168921820819378, 426024.98662623873679 ], [ 12870062.554186431691051, 425972.103451530158054 ], [ 12869984.964501351118088, 425887.311924416164402 ], [ 12869942.663094848394394, 425827.288494076696225 ], [ 12869911.048359462991357, 425756.666179088002536 ], [ 12869903.923912052065134, 425682.473755816288758 ], [ 12869911.048359462991357, 425615.421705465007108 ], [ 12869903.923912052065134, 425530.63049440132454 ], [ 12869886.335432508960366, 425477.747592892672401 ], [ 12869851.158473417162895, 425431.781887880992144 ], [ 12869752.418085081502795, 425350.560987328877673 ], [ 12869572.74842694401741, 425216.457398411992472 ], [ 12869498.832285057753325, 425149.294107454421464 ], [ 12869435.380175303667784, 425008.050529553322122 ], [ 12869428.367047384381294, 424951.597783332690597 ], [ 12869435.380175303667784, 424866.807159767427947 ], [ 12869467.106230180710554, 424771.529364324640483 ], [ 12869481.132486019283533, 424690.309023269161116 ], [ 12869474.119358099997044, 424623.146100878540892 ], [ 12869364.914937634021044, 424383.16733865509741 ], [ 12869238.010718125849962, 424132.367302150814794 ], [ 12869185.13396000303328, 423924.074353239848278 ], [ 12869097.080242782831192, 423532.145673644146882 ], [ 12868973.738246984779835, 423097.824069035472348 ], [ 12868927.985936269164085, 423027.203762160381302 ], [ 12868695.439520001411438, 422790.687471679819282 ], [ 12868403.003217685967684, 422532.863063524884637 ], [ 12868170.456801420077682, 422303.376491765026003 ], [ 12868135.279842330142856, 422243.355300551571418 ], [ 12868047.226125111803412, 421922.052904310403392 ], [ 12868018.950974451377988, 421759.617099815804977 ], [ 12867994.34936698526144, 421703.166259196703322 ], [ 12867941.472608858719468, 421639.57543081312906 ], [ 12867906.295649768784642, 421611.350041450641584 ], [ 12867885.14494651556015, 421572.526199195825029 ], [ 12867871.007371187210083, 421480.710105577192735 ], [ 12867835.830412095412612, 421402.950979069923051 ], [ 12867786.515877675265074, 421335.901911594264675 ], [ 12867737.090023761615157, 421297.078179968520999 ], [ 12867606.73490004427731, 421233.487618737737648 ], [ 12867564.54481303319335, 421201.692353801801801 ], [ 12867543.394109779968858, 421138.213417526276316 ], [ 12867448.215945152565837, 420672.107494794414379 ], [ 12867427.065241903066635, 420604.947372079885099 ], [ 12867434.189689313992858, 420548.497205287392717 ], [ 12867458.791296780109406, 420509.673789510095958 ], [ 12867508.105831198394299, 420492.047071390144993 ], [ 12867603.28399582952261, 420484.90713584900368 ], [ 12867642.02317862585187, 420474.308795000542887 ], [ 12867687.775489341467619, 420449.65371182753006 ], [ 12867719.501544218510389, 420417.858704327838495 ], [ 12867751.227599091827869, 420326.04370614036452 ], [ 12867811.117485141381621, 420092.992418398382142 ], [ 12867828.705964684486389, 419969.382867446925957 ], [ 12867818.130613060668111, 419884.708184732473455 ], [ 12867775.94052604958415, 419789.323749232746195 ], [ 12867737.090023761615157, 419725.845738266361877 ], [ 12867645.585402330383658, 419630.461458895122632 ], [ 12867585.584196791052818, 419556.273750842199661 ], [ 12867455.229073071852326, 419446.833039885736071 ], [ 12867370.737579559907317, 419365.617179155407939 ], [ 12867310.847693514078856, 419273.803176607063506 ], [ 12867268.546287013217807, 419182.100820806284901 ], [ 12867194.518825635313988, 418994.90333630569512 ], [ 12867169.917218171060085, 418913.687853233423084 ], [ 12867169.917218171060085, 418857.238670064078178 ], [ 12867191.067921420559287, 418786.621457404922694 ], [ 12867293.259213970974088, 418585.368260502524208 ], [ 12867349.586876310408115, 418490.096659442875534 ], [ 12867356.600004229694605, 418454.73240034369519 ], [ 12867353.149100016802549, 418412.451489132770803 ], [ 12867286.13476655818522, 418366.489147377724294 ], [ 12867138.191163294017315, 418292.3024036619463 ], [ 12867018.411391200497746, 418246.45167753129499 ], [ 12866877.480915857478976, 418200.600972983811516 ], [ 12866828.166381435468793, 418151.068849254806992 ], [ 12866792.878102853894234, 418087.591907687019557 ], [ 12866761.152047976851463, 417999.348987315839622 ], [ 12866715.399737261235714, 417914.564461461675819 ], [ 12866648.496723296120763, 417843.947932399809361 ], [ 12866511.017152164131403, 417734.509147179545835 ], [ 12866426.525658652186394, 417681.518953818245791 ], [ 12866267.895384272560477, 417469.67002625670284 ], [ 12866243.29377680644393, 417406.081970293598715 ], [ 12866236.28064888715744, 417332.007515236153267 ], [ 12866236.28064888715744, 417226.027594442653935 ], [ 12866260.882256353273988, 416975.357650064572226 ], [ 12866324.334366103634238, 416696.464386777370237 ], [ 12866486.415544699877501, 416212.642240588378627 ], [ 12866482.853320995345712, 416173.820553433324676 ], [ 12866465.264841448515654, 416131.429073550389148 ], [ 12866458.251713529229164, 416082.009555702214129 ], [ 12866493.42867261916399, 415986.74039755522972 ], [ 12866521.592503791674972, 415940.890753777930513 ], [ 12866518.141599576920271, 415746.671454511350021 ], [ 12866525.15472749620676, 415661.888882837432902 ], [ 12866574.469261918216944, 415397.166930330509786 ], [ 12866567.456133998930454, 415330.010442459315527 ], [ 12866546.305430745705962, 415262.965556080976967 ], [ 12866493.42867261916399, 415199.378934131294955 ], [ 12866363.073548899963498, 415079.34535307972692 ], [ 12866176.390762841328979, 414927.518701074761339 ], [ 12866116.500876793637872, 414863.932296446699183 ], [ 12865912.118291696533561, 414443.816839943465311 ], [ 12865897.980716366320848, 414362.605137291364372 ], [ 12865919.13141961582005, 414267.226094147597905 ], [ 12865947.295250786468387, 414171.958697788300924 ], [ 12865979.021305663511157, 414111.942516544600949 ], [ 12866042.473415413871408, 414048.356639559729956 ], [ 12866134.08935634046793, 414005.966077733202837 ], [ 12866239.731553101912141, 413945.949997745803557 ], [ 12866352.49819727614522, 413825.917947565554641 ], [ 12866387.786475855857134, 413734.109145516471472 ], [ 12866394.799603777006269, 413642.300429071416147 ], [ 12866377.21112423017621, 413515.240876411902718 ], [ 12866380.662028444930911, 413455.225095531030092 ], [ 12866401.812731696292758, 413398.779059883905575 ], [ 12866440.551914492622018, 413335.193643433391117 ], [ 12866539.292302826419473, 413225.759891173336655 ], [ 12866578.031485622748733, 413151.577039512456395 ], [ 12866602.633093087002635, 413084.533638129534665 ], [ 12866630.796924257650971, 412943.419140212237835 ], [ 12866648.496723296120763, 412911.62657368381042 ], [ 12866704.82438563555479, 412879.834017400396988 ], [ 12866828.166381435468793, 412833.874269934429321 ], [ 12866863.343340523540974, 412809.221113245701417 ], [ 12866884.494043776765466, 412770.400770401523914 ], [ 12866891.507171696051955, 412728.010758299438749 ], [ 12866877.480915857478976, 412685.620764402789064 ], [ 12866810.577901888638735, 412622.035807688371278 ], [ 12866743.56356843188405, 412569.159927502332721 ], [ 12866729.537312591448426, 412530.339679061959032 ], [ 12866725.975088885053992, 412470.2129450776265 ], [ 12866750.688015842810273, 412283.139834286470432 ], [ 12866792.878102853894234, 411866.493480898498092 ], [ 12866792.878102853894234, 411781.825802023755386 ], [ 12866750.688015842810273, 411608.809466159844305 ], [ 12866725.975088885053992, 411548.794843915966339 ], [ 12866669.647426545619965, 411471.043612326204311 ], [ 12866549.756334960460663, 411386.376271766435821 ], [ 12866429.97656286880374, 411280.402759108517785 ], [ 12866348.935973567888141, 411216.930256873660255 ], [ 12866303.183662852272391, 411153.34624444344081 ], [ 12866243.29377680644393, 411040.345284450275358 ], [ 12866208.005498226732016, 410990.928320723061915 ], [ 12866063.6241186670959, 410835.649895248294342 ], [ 12865862.803757278248668, 410634.412987211951986 ], [ 12865831.077702401205897, 410577.857011715648696 ], [ 12865771.187816351652145, 410447.231795070169028 ], [ 12865690.147227054461837, 410253.023315103549976 ], [ 12865654.858948474749923, 410125.968116469099186 ], [ 12865633.819564713165164, 409935.329848486115225 ], [ 12865630.257341008633375, 409861.149462720844895 ], [ 12865644.283596847206354, 409730.525188677711412 ], [ 12865644.283596847206354, 409635.262162797676865 ], [ 12865633.819564713165164, 409564.651571356924251 ], [ 12865637.270468927919865, 409494.041030043968931 ], [ 12865704.284802386537194, 409257.445884845568798 ], [ 12865834.639926105737686, 408982.14399096154375 ], [ 12865975.570401448756456, 408734.952987438009586 ], [ 12866109.376429382711649, 408537.289864403603133 ], [ 12866151.677835883572698, 408466.680051453760825 ], [ 12866176.390762841328979, 408406.667327142728027 ], [ 12866179.841667056083679, 408357.25167233531829 ], [ 12866172.828539133071899, 408328.918553983967286 ], [ 12866141.102484259754419, 408272.475436682405416 ], [ 12866105.925525167956948, 408233.656868611054961 ], [ 12866031.898063790053129, 408201.865811179857701 ], [ 12865771.187816351652145, 408124.228745070227887 ], [ 12865739.461761478334665, 408074.813230132567696 ], [ 12865721.873281931504607, 407997.064715518034063 ], [ 12865718.311058225110173, 407919.427808682492469 ], [ 12865753.599336808547378, 407626.393648037104867 ], [ 12865750.037113102152944, 407531.021086030697916 ], [ 12865728.886409850791097, 407432.190667489892803 ], [ 12865697.160354973748326, 407315.624441611056682 ], [ 12865630.257341008633375, 407107.367225988884456 ], [ 12865612.668861461803317, 407008.537226053886116 ], [ 12865587.955934507772326, 406542.498202492890414 ], [ 12865598.531286131590605, 406362.463602568837814 ], [ 12865612.668861461803317, 406291.855325450247619 ], [ 12865647.845820555463433, 406221.247098056774121 ], [ 12865809.926999147981405, 405952.980905318108853 ], [ 12865880.392236821353436, 405847.01316818385385 ], [ 12865922.693643324077129, 405801.168213422235567 ], [ 12865961.432826120406389, 405783.432579605607316 ], [ 12866035.460287494584918, 405762.239059028332122 ], [ 12866137.540260553359985, 405709.366821933770552 ], [ 12866183.403890760615468, 405674.007134603103623 ], [ 12866222.143073556944728, 405606.968771036830731 ], [ 12866285.595183307304978, 405525.764290741353761 ], [ 12866426.525658652186394, 405328.107505891122855 ], [ 12866644.934499589726329, 404865.645689163997304 ], [ 12866673.09833075851202, 404717.292493613087572 ], [ 12866673.09833075851202, 404646.685372837120667 ], [ 12866651.947627510875463, 404576.078301583649591 ], [ 12866602.633093087002635, 404484.278028634376824 ], [ 12866539.292302826419473, 404399.616611714824103 ], [ 12866461.70261774212122, 404314.843722723308019 ], [ 12866363.073548899963498, 404258.51440829958301 ], [ 12866285.595183307304978, 404198.392659922305029 ], [ 12866095.35017354413867, 404092.538314414385241 ], [ 12866067.075022879987955, 404050.151990162092261 ], [ 12866067.075022879987955, 403993.711280794581398 ], [ 12866074.199470290914178, 403937.159060209814925 ], [ 12866109.376429382711649, 403838.332178870681673 ], [ 12866239.731553101912141, 403626.512812387023587 ], [ 12866285.595183307304978, 403499.466022837324999 ], [ 12866299.621439149603248, 403432.317564764874987 ], [ 12866271.457607978954911, 403337.060526430606842 ], [ 12865964.995049824938178, 402952.240852713643108 ], [ 12865926.144547536969185, 402885.204299992357846 ], [ 12865908.556067993864417, 402821.625580575200729 ], [ 12865901.542940070852637, 402733.396230906248093 ], [ 12865908.556067993864417, 402588.615492646291386 ], [ 12865908.556067993864417, 402458.000690045009833 ], [ 12865876.830013116821647, 402288.569783912214916 ], [ 12865873.379108900204301, 402217.964361627353355 ], [ 12865880.392236821353436, 402161.524675581196789 ], [ 12865894.529812151566148, 402115.569855625682976 ], [ 12865919.13141961582005, 402062.699530300975312 ], [ 12865943.844346571713686, 402034.36818589019822 ], [ 12865979.021305663511157, 402013.175453124393243 ], [ 12866105.925525167956948, 401960.305181230534799 ], [ 12866158.690963802859187, 401921.489049804746173 ], [ 12866197.430146599188447, 401886.130690151883755 ], [ 12866267.895384272560477, 401773.140178737405222 ], [ 12866296.170534932985902, 401684.911742571101058 ], [ 12866317.321238184347749, 401593.114095904806163 ], [ 12866324.334366103634238, 401487.150937557511497 ], [ 12866331.458813514560461, 400982.321662222442683 ], [ 12866363.184868391603231, 400827.058721985551529 ], [ 12866412.499402813613415, 400668.115224997280166 ], [ 12866468.827065153047442, 400583.45700066460995 ], [ 12866673.209650250151753, 400375.213684172835201 ], [ 12867120.602683750912547, 399948.020640830916818 ], [ 12867272.108510717749596, 399789.190055134531576 ], [ 12867420.052113983780146, 399616.194382891175337 ], [ 12867458.902616268023849, 399545.590817662538029 ], [ 12867479.942000029608607, 399457.364314355130773 ], [ 12867448.32726464420557, 399316.157452737737913 ], [ 12867437.751913020387292, 399241.984890464518685 ], [ 12867420.052113983780146, 399072.559345197456423 ], [ 12867416.6012097671628, 398963.141153710195795 ], [ 12867437.751913020387292, 398740.735935244825669 ], [ 12867444.765040939673781, 398705.490217896236572 ], [ 12867465.915744189172983, 398663.106143516255543 ], [ 12867490.517351655289531, 398631.318099269410595 ], [ 12867564.54481303319335, 398581.907229071599431 ], [ 12867680.762361422181129, 398521.900380458100699 ], [ 12867719.612863706424832, 398497.139200406090822 ], [ 12867814.67970884591341, 398419.50959371618228 ], [ 12867892.158074436709285, 398387.721625228878111 ], [ 12867983.774015361443162, 398373.66800020611845 ], [ 12868110.678234864026308, 398373.66800020611845 ], [ 12868325.524852093309164, 398408.913603122287896 ], [ 12868392.539185553789139, 398405.344427590549458 ], [ 12868498.181382317095995, 398391.290800145536195 ], [ 12868702.563967412337661, 398412.482778778590728 ], [ 12868896.371200883761048, 398444.270754964498337 ], [ 12869005.575621351599693, 398451.29757208697265 ], [ 12869065.4655073992908, 398433.674761804344598 ], [ 12869157.081448322162032, 398380.694812475994695 ], [ 12869199.271535333245993, 398345.337682619050611 ], [ 12869213.40911066159606, 398292.469315671070945 ], [ 12869216.971334367990494, 398214.728327837423421 ], [ 12869157.081448322162032, 397830.039574435097165 ], [ 12869149.957000911235809, 397695.861726506904233 ], [ 12869157.081448322162032, 397600.498524991970044 ], [ 12869174.6699278652668, 397522.869598424062133 ], [ 12869488.256933432072401, 396883.9946882512304 ], [ 12869526.996116228401661, 396792.201360985112842 ], [ 12869558.722171103581786, 396661.59398577734828 ], [ 12869576.310650646686554, 396421.459766081534326 ], [ 12869593.899130193516612, 396340.262627877935302 ], [ 12869710.22799807228148, 396008.448066232609563 ], [ 12869745.404957162216306, 395930.820343490282539 ], [ 12869777.131012039259076, 395888.437416139466222 ], [ 12869847.596249712631106, 395814.267335284152068 ], [ 12869911.048359462991357, 395726.044045559654478 ], [ 12869992.088948762044311, 395546.028616869822145 ], [ 12870013.128332519903779, 395478.996929845889099 ], [ 12870020.252779932692647, 395390.66239393572323 ], [ 12870044.854387396946549, 395274.221530506096315 ], [ 12870104.744273444637656, 395041.228665246861055 ], [ 12870150.607903651893139, 394910.623512481455691 ], [ 12870171.758606901392341, 394804.778808890667278 ], [ 12870168.196383194997907, 394748.231682983634528 ], [ 12870154.05880786664784, 394670.604909721703734 ], [ 12870101.293369229882956, 394564.648919762752485 ], [ 12870069.56731435470283, 394476.426699516247027 ], [ 12870062.554186431691051, 394419.879753487592097 ], [ 12870069.56731435470283, 394356.41783318069065 ], [ 12870168.196383194997907, 393985.796535885485355 ], [ 12870175.209511114284396, 393904.601316289103124 ], [ 12870161.183255275711417, 393735.184572989004664 ], [ 12870136.470328319817781, 393611.607558015210088 ], [ 12870006.11520460061729, 393279.80177211354021 ], [ 12869717.241125993430614, 392619.762363294663373 ], [ 12869689.077294822782278, 392503.213089981814846 ], [ 12869685.515071116387844, 392436.18337581702508 ], [ 12869692.528199035674334, 392386.775477782299276 ], [ 12869738.391829242929816, 392256.173675440601073 ], [ 12869791.268587369471788, 392076.164287115505431 ], [ 12869826.445546463131905, 391984.375233348633628 ], [ 12869833.458674382418394, 391917.345854058454279 ], [ 12869826.445546463131905, 391853.773936937737744 ], [ 12869738.280509751290083, 391564.354910844762344 ], [ 12869727.705158127471805, 391476.023715315037407 ], [ 12869727.705158127471805, 391405.425730383140035 ], [ 12869752.418085081502795, 391260.772504846856464 ], [ 12869787.595044173300266, 391158.388924677215982 ], [ 12869865.184729255735874, 390974.812517728307284 ], [ 12869981.402277644723654, 390773.614931716932915 ], [ 12870154.05880786664784, 390434.791936645633541 ], [ 12870199.811118582263589, 390371.220924586115871 ], [ 12870277.400803664699197, 390318.245110790303443 ], [ 12870425.344406928867102, 390258.243063644622453 ], [ 12870474.65894134901464, 390223.000241625239141 ], [ 12870523.973475772887468, 390099.427402723988052 ], [ 12870573.288010191172361, 390035.856594919692725 ], [ 12870700.192229699343443, 389947.638222236128058 ], [ 12870745.944540414959192, 389922.879096896271221 ], [ 12870786.7765296343714, 389871.085702325275633 ], [ 12870802.27220275439322, 389771.090172956057359 ], [ 12870805.945745950564742, 389536.548279468610417 ], [ 12870781.789416449144483, 389424.686591661011335 ], [ 12870724.348559200763702, 389343.494933069508988 ], [ 12870615.478097204118967, 389270.779380237800069 ], [ 12870561.042866205796599, 389192.487537824781612 ], [ 12870566.386201763525605, 389086.425605405296665 ], [ 12870763.644339449703693, 388662.848107422469184 ], [ 12870834.109577123075724, 388433.438892465957906 ], [ 12870893.999463168904185, 388200.461355551728047 ], [ 12870929.176422258839011, 388119.270645684329793 ], [ 12870975.040052466094494, 388052.24374709679978 ], [ 12871087.695377146825194, 387918.190078320738394 ], [ 12871126.545879434794188, 387858.189406813471578 ], [ 12871154.709710605442524, 387791.051149597100448 ], [ 12871168.735966447740793, 387720.455652997305151 ], [ 12871172.298190150409937, 387621.644342481857166 ], [ 12871200.462021321058273, 387385.211335519968998 ], [ 12871228.625852493569255, 387286.400340157153551 ], [ 12871246.214332036674023, 387244.020934928907081 ], [ 12871274.489482700824738, 387212.236392213439103 ], [ 12871341.392496665939689, 387201.641546775994357 ], [ 12871362.543199917301536, 387205.210336698917672 ], [ 12871415.308638552203774, 387201.641546775994357 ], [ 12871531.637506432831287, 387184.020648306352086 ], [ 12871605.553648319095373, 387148.778860221616924 ], [ 12871676.018885990604758, 387106.399510436924174 ], [ 12871757.059475287795067, 387042.830517764261458 ], [ 12871799.360881790518761, 386972.235523533599917 ], [ 12871823.962489256635308, 386884.019728414772544 ], [ 12871845.11319250613451, 386675.803979185817298 ], [ 12871841.550968803465366, 386576.993649814976379 ], [ 12871827.524712961167097, 386446.399101584451273 ], [ 12871760.621698994189501, 386195.805233712075278 ], [ 12871760.621698994189501, 386107.59008860681206 ], [ 12871778.210178537294269, 386022.832243709766772 ], [ 12871809.936233414337039, 385959.375428087078035 ], [ 12871862.701672052964568, 385881.643669032433536 ], [ 12871922.59155809879303, 385818.186938300030306 ], [ 12872010.645275315269828, 385758.187463481386658 ], [ 12872169.164230205118656, 385694.619283863634337 ], [ 12872281.93087437748909, 385634.619879257574212 ], [ 12872348.833888346329331, 385592.241138179553673 ], [ 12872380.559943221509457, 385560.457093528879341 ], [ 12872419.299126017838717, 385507.595229919534177 ], [ 12872440.449829267337918, 385429.863803410669789 ], [ 12872447.462957190349698, 385345.21802522870712 ], [ 12872440.449829267337918, 385200.46163411217276 ], [ 12872419.299126017838717, 385084.032138217997272 ], [ 12872362.971463678404689, 384921.655584000516683 ], [ 12872366.422367889434099, 384865.225328865519259 ], [ 12872387.573071142658591, 384822.846896176459268 ], [ 12872426.312253937125206, 384777.011294658412226 ], [ 12872613.106359489262104, 384692.254516881715972 ], [ 12872669.434021832421422, 384660.470742708712351 ], [ 12872701.160076705738902, 384618.203913938836195 ], [ 12872746.912387425079942, 384494.637661667657085 ], [ 12872775.076218593865633, 384477.017215054831468 ], [ 12872898.41821439191699, 384441.664808853762224 ], [ 12873081.538776749745011, 384420.475675144756678 ], [ 12873211.893900467082858, 384392.260677362850402 ], [ 12873310.52296930924058, 384353.451127470936626 ], [ 12873479.617275824770331, 384233.453873459948227 ], [ 12873521.918682323768735, 384180.481151202693582 ], [ 12873567.670993039384484, 384106.430905923480168 ], [ 12873648.711582340300083, 383951.081688899663277 ], [ 12873747.340651182457805, 383820.490383835043758 ], [ 12873845.969720024615526, 383746.44038985716179 ], [ 12873979.887067448347807, 383630.012491746922024 ], [ 12874092.542392130941153, 383545.256630899501033 ], [ 12874173.582981429994106, 383474.663972118694801 ], [ 12874222.897515850141644, 383421.691628650063649 ], [ 12874318.075680477544665, 383262.886277253041044 ], [ 12874346.239511650055647, 383164.079134844010696 ], [ 12874331.80137369222939, 383070.502387475571595 ], [ 12874293.819163434207439, 382995.281953680678271 ], [ 12874215.884387930855155, 382924.087451268278528 ], [ 12874110.242191167548299, 382832.306388303055428 ], [ 12874015.064026538282633, 382786.471646527934354 ], [ 12873941.147884652018547, 382772.308603792567737 ], [ 12873750.902874886989594, 382761.714202978881076 ], [ 12873666.300061883404851, 382744.094043961667921 ], [ 12873581.808568371459842, 382708.853734679752961 ], [ 12873521.918682323768735, 382645.287383520568255 ], [ 12873483.179499531164765, 382550.049447738565505 ], [ 12873416.276485562324524, 382447.674337772012223 ], [ 12873373.975079061463475, 382370.056672933103982 ], [ 12873352.824375811964273, 382302.921899249602575 ], [ 12873356.386599514633417, 382239.467309857718647 ], [ 12873373.975079061463475, 382168.875517555046827 ], [ 12873409.152038151398301, 382091.258055817626882 ], [ 12873430.302741400897503, 382031.260688778129406 ], [ 12873437.315869320183992, 381967.694741948216688 ], [ 12873402.138910232111812, 381911.266055986692663 ], [ 12873331.673672558739781, 381833.537262751255184 ], [ 12873127.402406953275204, 381646.520010947773699 ], [ 12873078.087872533127666, 381593.548577010980807 ], [ 12872901.869118606671691, 381473.554436514154077 ], [ 12872574.255857201293111, 381293.5634786154842 ], [ 12872514.365971155464649, 381233.566560053906869 ], [ 12872486.202139982953668, 381184.163918205536902 ], [ 12872454.476085109636188, 380990.12215996166924 ], [ 12872440.449829267337918, 380870.128697211795952 ], [ 12872415.736902313306928, 380799.537810378300492 ], [ 12872355.847016265615821, 380739.541169095784426 ], [ 12872267.793299047276378, 380697.164379545603879 ], [ 12872126.862823704257607, 380658.35617647174513 ], [ 12872042.371330192312598, 380619.547987473895773 ], [ 12871996.619019476696849, 380573.602678464667406 ], [ 12871957.879836680367589, 380499.554940407397225 ], [ 12871950.755389269441366, 380425.395736012374982 ], [ 12871919.029334392398596, 380347.7795410148683 ], [ 12871845.11319250613451, 380231.35535399854416 ], [ 12871767.634826915338635, 380188.978765617357567 ], [ 12871683.032013911753893, 380153.627782345050946 ], [ 12871563.252241818234324, 380111.362741944089066 ], [ 12871327.254921335726976, 380047.797936847549863 ], [ 12871203.912925535812974, 380005.421421062666923 ], [ 12870869.28653621301055, 379832.570017051766627 ], [ 12870791.80817062035203, 379786.625045575317927 ], [ 12870703.754453403875232, 379761.979814132617321 ], [ 12870654.439918980002403, 379758.411274302692618 ], [ 12870594.550032934173942, 379765.436837206187192 ], [ 12870541.673274807631969, 379783.16802181879757 ], [ 12870471.208037134259939, 379839.595584813680034 ], [ 12870421.893502714112401, 379903.160266441700514 ], [ 12870302.113730620592833, 380012.558517284691334 ], [ 12870228.197588736191392, 380125.413914475415368 ], [ 12870210.609109189361334, 380188.978765617357567 ], [ 12870200.03375756368041, 380259.56924976996379 ], [ 12870203.484661778435111, 380368.967864525911864 ], [ 12870238.77294036000967, 380675.975991065206472 ], [ 12870221.184460813179612, 380792.512179640878458 ], [ 12870189.458405939862132, 380859.534485315554775 ], [ 12870133.019424105063081, 380919.531193913077004 ], [ 12870034.390355262905359, 381000.716384797240607 ], [ 12869868.858272453770041, 381148.924124434415717 ], [ 12869798.393034782260656, 381237.135149063018616 ], [ 12869773.791427316144109, 381311.294916388695128 ], [ 12869745.516276653856039, 381431.288874535821378 ], [ 12869731.49002081528306, 381575.92861112835817 ], [ 12869717.352445481345057, 381664.139988484559581 ], [ 12869650.449431516230106, 381988.883386680739932 ], [ 12869460.204421753063798, 382867.658258586423472 ], [ 12869375.712928237393498, 383210.025559843226802 ], [ 12869354.562224987894297, 383255.860484183533117 ], [ 12869298.234562644734979, 383333.478795304195955 ], [ 12869234.782452894374728, 383404.071360256522894 ], [ 12869189.030142178758979, 383506.447390881075989 ], [ 12869023.386739877983928, 383951.19321015116293 ], [ 12868974.072205455973744, 384021.674664552265313 ], [ 12868924.757671035826206, 384053.45824712846661 ], [ 12868893.031616158783436, 384060.595614349993411 ], [ 12868819.115474274381995, 384053.45824712846661 ], [ 12868533.803619368001819, 383986.433931497507729 ], [ 12868375.284664480015635, 384004.054296561283991 ], [ 12868332.983257979154587, 383993.459772912610788 ], [ 12868273.093371929600835, 383954.650369005801622 ], [ 12868209.641262179240584, 383898.220628886308987 ], [ 12868114.574417041614652, 383827.627735382353421 ], [ 12868015.94534819945693, 383760.603562420117669 ], [ 12867934.904758902266622, 383718.225571407703683 ], [ 12867871.452649148181081, 383697.036582246306352 ], [ 12867801.098730970174074, 383700.605253808898851 ], [ 12867741.208844920620322, 383728.820067574561108 ], [ 12867674.194511463865638, 383799.412895348970778 ], [ 12867600.278369577601552, 383940.598691782040987 ], [ 12867494.524853324517608, 384099.405057024268899 ], [ 12867431.1840630620718, 384148.809052012802567 ], [ 12867346.581250058487058, 384177.023984986066353 ], [ 12867163.460687702521682, 384201.781758444209117 ], [ 12867100.008577952161431, 384229.99670551577583 ], [ 12867026.0924360640347, 384237.022563069011085 ], [ 12866976.777901643887162, 384222.859326890902594 ], [ 12866920.338919810950756, 384198.213070021534804 ], [ 12866867.573481176048517, 384201.781758444209117 ], [ 12866737.218357456848025, 384275.832070325384848 ], [ 12866677.328471412882209, 384282.857930916827172 ], [ 12866603.301010031253099, 384321.77897659764858 ], [ 12866515.247292816638947, 384378.208942139812279 ], [ 12866465.932758392766118, 384395.82937231939286 ], [ 12866388.454392801970243, 384395.82937231939286 ], [ 12866321.551378834992647, 384360.588514890114311 ], [ 12866265.112397003918886, 384307.615729093842674 ], [ 12866226.373214207589626, 384226.428016143268906 ], [ 12866014.977501191198826, 383545.256630899501033 ], [ 12865979.800542099401355, 383379.425293545529712 ], [ 12865916.348432349041104, 383167.647788501519244 ], [ 12865803.693107664585114, 382821.823501581267919 ], [ 12865712.077166741713881, 382497.077564824896399 ], [ 12865705.064038822427392, 382405.296870073478203 ], [ 12865705.064038822427392, 382235.898687323613558 ], [ 12865715.639390448108315, 381872.457411824143492 ], [ 12865676.900207651779056, 381575.92861112835817 ], [ 12865662.762632317841053, 381378.317547393671703 ], [ 12865631.036577444523573, 381180.706849315087311 ], [ 12865571.146691396832466, 380990.12215996166924 ], [ 12865514.819029055535793, 380870.128697211795952 ], [ 12865440.791567677631974, 380810.132016331248451 ], [ 12865363.313202084973454, 380767.755198815779295 ], [ 12865296.410188119858503, 380746.566796354018152 ], [ 12865204.794247196987271, 380725.378398088971153 ], [ 12865039.262164387851954, 380704.301521873276215 ], [ 12864979.372278342023492, 380725.378398088971153 ], [ 12864922.933296509087086, 380735.972596696869005 ], [ 12864884.194113712757826, 380725.378398088971153 ], [ 12864859.592506246641278, 380683.113131979422178 ], [ 12864852.579378325492144, 380619.547987473895773 ], [ 12864870.167857872322202, 380545.388699940929655 ], [ 12864877.180985791608691, 380467.772417947358917 ], [ 12864859.592506246641278, 380354.916660045040771 ], [ 12864831.428675075992942, 380270.163402275240514 ], [ 12864753.838989995419979, 380104.337156369409058 ], [ 12864729.237382529303432, 380030.178225617739372 ], [ 12864690.498199732974172, 379959.587892587704118 ], [ 12864613.019834140315652, 379874.94646450644359 ], [ 12864528.417021136730909, 379772.573917452478781 ], [ 12864207.816887652501464, 379483.187997548200656 ], [ 12864148.03832109645009, 379444.380234111566097 ], [ 12864074.010859720408916, 379423.192093329154886 ], [ 12863968.368662955239415, 379377.247297157358844 ], [ 12863919.054128535091877, 379338.439572020084597 ], [ 12863820.42505969107151, 379179.640291139075998 ], [ 12863788.699004815891385, 379084.405441773298662 ], [ 12863760.535173645243049, 378967.871109796047676 ], [ 12863749.959822019562125, 378876.204958506510593 ], [ 12863749.959822019562125, 378777.290354954253417 ], [ 12863760.535173645243049, 378660.86787163245026 ], [ 12863753.410726234316826, 378555.039497568097431 ], [ 12863704.096191812306643, 378406.835342567414045 ], [ 12863644.206305768340826, 378329.109091543068644 ], [ 12863566.727940175682306, 378262.088366348587442 ], [ 12863520.975629456341267, 378233.874995341640897 ], [ 12863140.485609928146005, 378159.717355809581932 ], [ 12863063.007244335487485, 378135.072497435379773 ], [ 12863034.843413162976503, 378110.316129542188719 ], [ 12863031.281189458444715, 378046.864023399248254 ], [ 12863045.418764788657427, 378011.513744974508882 ], [ 12863186.237920643761754, 377842.122508653614204 ], [ 12863256.703158313408494, 377746.888842927175574 ], [ 12863284.86698948405683, 377676.300009148370009 ], [ 12863291.991436894983053, 377577.498022403160576 ], [ 12863277.853861564770341, 377471.559198103495874 ], [ 12863253.252254098653793, 377397.513597405457404 ], [ 12863080.595723878592253, 377058.621805076720193 ], [ 12862844.59840339794755, 376575.209390317846555 ], [ 12862802.296996897086501, 376532.834241317876149 ], [ 12862615.614210834726691, 376405.820407313702162 ], [ 12862527.560493618249893, 376335.232449888892006 ], [ 12862400.76759360358119, 376201.08200366172241 ], [ 12862302.02720527164638, 376074.068558981234673 ], [ 12862238.686415011063218, 375961.105892690364271 ], [ 12862161.208049418404698, 375763.5051446526777 ], [ 12862118.906642913818359, 375671.730201920203399 ], [ 12861953.374560106545687, 375364.736334646935575 ], [ 12861900.49780198186636, 375234.155479735170957 ], [ 12861879.347098728641868, 375128.330461499805097 ], [ 12861851.183267557993531, 375047.14969550963724 ], [ 12861720.828143838793039, 374789.557282086461782 ], [ 12861650.362906167283654, 374620.059576926811133 ], [ 12861608.061499666422606, 374471.860813101171516 ], [ 12861590.473020119592547, 374320.205402293999214 ], [ 12861586.910796415060759, 374203.676204519986641 ], [ 12861604.610595451667905, 374076.665096608281601 ], [ 12861653.925129873678088, 373924.89872561453376 ], [ 12861696.115216882899404, 373624.93495523330057 ], [ 12861727.841271758079529, 373444.957089260802604 ], [ 12861752.55419871583581, 373353.184103426989168 ], [ 12861787.731157805770636, 373286.166455381724518 ], [ 12861858.196395477280021, 373180.343331222131383 ], [ 12861939.23698477819562, 373085.002248221309856 ], [ 12862140.057346167042851, 372880.381608499970753 ], [ 12862161.208049418404698, 372845.033013663545717 ], [ 12862175.234305256977677, 372802.659318839840125 ], [ 12862175.234305256977677, 372778.015677567222156 ], [ 12861999.126870824024081, 372502.698633252875879 ], [ 12862006.139998743310571, 372428.656419684994034 ], [ 12862030.852925699204206, 372336.884287805412896 ], [ 12862069.592108495533466, 372245.112232923216652 ], [ 12862097.755939664319158, 372146.315185763291083 ], [ 12862101.318163370713592, 372029.899818022327963 ], [ 12862069.592108495533466, 371945.153076460352167 ], [ 12861992.113742902874947, 371846.356300021114293 ], [ 12861992.113742902874947, 371803.982992063218262 ], [ 12862002.577775036916137, 371772.203021851775702 ], [ 12862037.866053618490696, 371715.779658857500181 ], [ 12862048.441405244171619, 371645.194741714454722 ], [ 12862059.016756867989898, 371271.195797007356305 ], [ 12861977.976167570799589, 370897.086619663459715 ], [ 12861911.073153605684638, 370770.079352758941241 ], [ 12861861.7586191855371, 370720.681482648302335 ], [ 12861808.881861058995128, 370702.951778477057815 ], [ 12861741.978847090154886, 370710.088262830802705 ], [ 12861632.774426624178886, 370766.511108575505204 ], [ 12861565.760093165561557, 370766.511108575505204 ], [ 12861491.843951277434826, 370727.706460564339068 ], [ 12861442.529416857287288, 370650.097205661644693 ], [ 12861438.967193150892854, 370590.106181246403139 ], [ 12861414.365585684776306, 370403.108346852532122 ], [ 12861393.214882435277104, 370332.524273802177049 ], [ 12861206.532096372917295, 370085.424621363519691 ], [ 12861083.190100574865937, 369954.850074239773676 ], [ 12861002.149511279538274, 369884.266288750048261 ], [ 12860956.920402171090245, 369851.32720434042858 ], [ 12860811.904501512646675, 369817.250761779490858 ], [ 12860695.686953123658895, 369820.818975165951997 ], [ 12860575.907181032001972, 369834.86881649895804 ], [ 12860420.950449846684933, 369863.191517968662083 ], [ 12860301.170677753165364, 369877.241364708112087 ], [ 12860251.856143331155181, 369873.784656216972508 ], [ 12860202.541608911007643, 369866.648226127261296 ], [ 12860177.828681953251362, 369834.86881649895804 ], [ 12860163.802426114678383, 369792.607791235728655 ], [ 12860146.213946567848325, 369729.049023880681489 ], [ 12860121.501019611954689, 369503.248436393623706 ], [ 12860082.761836815625429, 369065.586886294360738 ], [ 12860061.611133566126227, 368913.93895804771455 ], [ 12860012.296599144116044, 368772.772765002213418 ], [ 12859984.132767975330353, 368716.239434980845544 ], [ 12859952.406713098287582, 368684.571862366399728 ], [ 12859927.805105632171035, 368642.199772364227101 ], [ 12859917.229754006490111, 368603.395872618595604 ], [ 12859927.805105632171035, 368553.998973980604205 ], [ 12859941.831361472606659, 368518.651771127886605 ], [ 12859962.982064725831151, 368486.872749823320191 ], [ 12860001.721247518435121, 368458.661906988243572 ], [ 12860167.253330327570438, 368370.461255082569551 ], [ 12860198.979385204613209, 368321.064460545836482 ], [ 12860202.541608911007643, 368275.124346380005591 ], [ 12860139.089499158784747, 368169.306049219158012 ], [ 12860103.912540068849921, 368123.477503044181503 ], [ 12860040.46043031476438, 367968.151209152303636 ], [ 12860029.885078690946102, 367890.543896317714825 ], [ 12860036.898206610232592, 367823.529579440772068 ], [ 12860029.885078690946102, 367781.157819318061229 ], [ 12859931.256009848788381, 367625.832005719828885 ], [ 12859910.105306595563889, 367572.978907039680053 ], [ 12859903.092178676277399, 367527.039103352057282 ], [ 12859903.092178676277399, 367488.235594686644617 ], [ 12859910.105306595563889, 367449.432099608180579 ], [ 12859920.680658221244812, 367421.221521197585389 ], [ 12859948.844489391893148, 367385.986184334324207 ], [ 12859991.145895894616842, 367343.614591545774601 ], [ 12860100.350316362455487, 367262.439585326996166 ], [ 12860153.227074488997459, 367202.450401882466394 ], [ 12860181.390905657783151, 367160.078879225999117 ], [ 12860223.69231216236949, 367047.125399225507863 ], [ 12860230.705440081655979, 366983.679714103811421 ], [ 12860248.293919626623392, 366930.715417748491745 ], [ 12860273.006846580654383, 366881.31926518882392 ], [ 12860301.170677753165364, 366838.947865157562774 ], [ 12860368.073691720142961, 366771.934183911187574 ], [ 12860392.786618677899241, 366740.155663680459838 ], [ 12860410.375098222866654, 366687.191483504720964 ], [ 12860523.030422903597355, 366419.025864123308565 ], [ 12860685.111601497977972, 365977.919915749691427 ], [ 12860688.673825204372406, 365925.0676014656201 ], [ 12860681.549377793446183, 365836.868964107881766 ], [ 12860628.783939158543944, 365762.719721283705439 ], [ 12860509.004167063161731, 365646.311084790679161 ], [ 12860442.101153096184134, 365593.34742550982628 ], [ 12860392.786618677899241, 365561.569242028926965 ], [ 12860336.34763684310019, 365540.383791411004495 ], [ 12860265.88239916972816, 365533.359142884903122 ], [ 12860128.514147531241179, 365540.383791411004495 ], [ 12860044.022654019296169, 365536.927218271361198 ], [ 12859987.583672188222408, 365526.334494801762048 ], [ 12859934.818233553320169, 365494.55633043544367 ], [ 12859899.52995497174561, 365448.617386038706172 ], [ 12859853.777644256129861, 365363.98719581757905 ], [ 12859836.189164709299803, 365229.850148477300536 ], [ 12859807.914014048874378, 365169.862061489489861 ], [ 12859751.58635170571506, 365138.083998743270058 ], [ 12859698.709593579173088, 365088.688641993037891 ], [ 12859659.970410782843828, 365018.107955743558705 ], [ 12859579.041140975430608, 364831.119528843031731 ], [ 12859480.300752643495798, 364524.155903066217434 ], [ 12859455.699145177379251, 364390.019865035370458 ], [ 12859459.26136888563633, 364337.168303244223353 ], [ 12859501.451455894857645, 364259.452022539626341 ], [ 12859501.451455894857645, 364224.21768638928188 ], [ 12859466.274496804922819, 364076.032894172763918 ], [ 12859395.809259131550789, 363846.675781139230821 ], [ 12859251.427879573777318, 363461.999130770622287 ], [ 12859201.445428205654025, 363220.935769755509682 ], [ 12859201.445428205654025, 363030.828350606549066 ], [ 12859231.724329702556133, 362885.432629874150734 ], [ 12859316.327142704278231, 362695.325779178878292 ], [ 12859540.079319199547172, 362449.246597605699208 ], [ 12860156.900617687031627, 362136.045555108925328 ], [ 12860277.904904177412391, 362035.362030429416336 ], [ 12860373.750985750928521, 361910.92936031735735 ], [ 12860434.642747214064002, 361774.677974343416281 ], [ 12860466.814080053940415, 361713.68825026153354 ], [ 12860441.767194624990225, 361641.994704600190744 ], [ 12860316.532767483964562, 361362.356863106950186 ], [ 12860302.172553170472383, 361269.14440349698998 ], [ 12860305.734776876866817, 361172.364084408443887 ], [ 12860320.094991188496351, 361125.646425545099191 ], [ 12860334.343886010348797, 361096.991451045381837 ], [ 12860373.750985750928521, 361061.200617635447998 ], [ 12860423.844756606966257, 361036.11359164188616 ], [ 12860599.284274097532034, 361003.779210813634563 ], [ 12860685.222920989617705, 361000.211279703828041 ], [ 12860821.255338739603758, 361010.915073371783365 ], [ 12860878.473557006567717, 361025.29829771257937 ], [ 12860960.849980192258954, 360996.643348706769757 ], [ 12861003.819303639233112, 360967.988406979711726 ], [ 12861025.303965361788869, 360917.702904265024699 ], [ 12861025.303965361788869, 360842.441938744741492 ], [ 12861016.576517283916473, 360784.084063138870988 ], [ 12860982.334641916677356, 360717.007107736484613 ], [ 12860914.318433040753007, 360530.471834536467213 ], [ 12860892.83377131819725, 360448.075299701653421 ], [ 12860882.035780711099505, 360372.814647187304217 ], [ 12860878.473557006567717, 360265.219875455542933 ], [ 12860889.271547613665462, 360139.674188372213393 ], [ 12860953.725532783195376, 359627.012162813625764 ], [ 12860964.412203898653388, 359501.467183799890336 ], [ 12860932.240871062502265, 359415.392021042876877 ], [ 12860899.958218729123473, 359368.786584558780305 ], [ 12860846.302224166691303, 359322.181167242233641 ], [ 12860803.33290072157979, 359297.094527099805418 ], [ 12860735.316691845655441, 359272.007892509922385 ], [ 12860642.253597542643547, 359250.489139263343532 ], [ 12860531.26806522347033, 359250.489139263343532 ], [ 12860416.720309196040034, 359261.304263441474177 ], [ 12860287.81233885884285, 359300.662404470262118 ], [ 12860184.062573436647654, 359300.662404470262118 ], [ 12860116.046364564448595, 359264.872139685321599 ], [ 12860051.59237939491868, 359207.4516450248193 ], [ 12859987.13839422352612, 359135.759689601429272 ], [ 12859904.761971039697528, 358956.474251411447767 ], [ 12859861.903967082500458, 358791.57203695375938 ], [ 12859822.496867340058088, 358666.027982932340819 ], [ 12859808.136653028428555, 358533.348360905714799 ], [ 12859804.574429325759411, 358321.841754463559482 ], [ 12859808.136653028428555, 358142.557601371954661 ], [ 12859843.981529066339135, 357934.619556469784584 ], [ 12859847.543752769008279, 357841.409918159304652 ], [ 12859833.183538457378745, 357755.336013740045018 ], [ 12859804.574429325759411, 357683.644974637136329 ], [ 12859722.198006136342883, 357547.398676366836298 ], [ 12859650.619573555886745, 357393.201957661076449 ], [ 12859632.697135537862778, 357328.758271546219476 ], [ 12859625.572688126936555, 357271.33875492902007 ], [ 12859650.619573555886745, 357127.95733098097844 ], [ 12859672.104235278442502, 357059.834493671602104 ], [ 12859675.666458984836936, 357005.982917852292303 ], [ 12859657.744020966812968, 356930.72454703040421 ], [ 12859625.572688126936555, 356866.169628502102569 ], [ 12859611.212473815307021, 356805.182545581948943 ], [ 12859614.886017011478543, 356755.010381140629761 ], [ 12859643.495126144960523, 356615.19739923812449 ], [ 12859664.979787869378924, 356536.260001813585404 ], [ 12859700.713344413787127, 356482.52016641839873 ], [ 12859718.635782433673739, 356410.82992743718205 ], [ 12859772.403096484020352, 356002.096080243121833 ], [ 12859790.214215014129877, 355808.544500767893624 ], [ 12859818.93464363925159, 355683.00373195373686 ], [ 12859965.653732502833009, 355317.308493466873188 ], [ 12860105.24837395735085, 355123.646579165069852 ], [ 12860162.577911715954542, 355066.339662061422132 ], [ 12860248.516558608040214, 355030.439234417397529 ], [ 12860438.204970920458436, 354976.700105960830115 ], [ 12860499.096732383593917, 354944.478939352557063 ], [ 12860685.222920989617705, 354801.100432254956104 ], [ 12860806.895124426111579, 354740.114449708722532 ], [ 12861003.819303639233112, 354693.510923642665148 ], [ 12861078.959959927946329, 354682.696232499089092 ], [ 12861161.336383111774921, 354679.128499561746139 ], [ 12861347.46257171779871, 354707.893349525111262 ], [ 12861429.727675413712859, 354704.21412412787322 ], [ 12861497.743884289637208, 354682.696232499089092 ], [ 12861587.244754888117313, 354646.907416493631899 ], [ 12861651.698740057647228, 354600.30392825929448 ], [ 12861870.107580993324518, 354381.557664390304126 ], [ 12861913.076904440298676, 354345.768942208378576 ], [ 12861984.655337018892169, 354338.522006051789504 ], [ 12862041.984874777495861, 354349.336664791801013 ], [ 12862102.765316750854254, 354374.422217333514709 ], [ 12862152.970407098531723, 354413.89016441849526 ], [ 12862224.548839678987861, 354446.111182118416764 ], [ 12862306.81394337490201, 354460.493577019136865 ], [ 12862432.159690007567406, 354449.678907817346044 ], [ 12862510.86257, 354413.89016441849526 ], [ 12862618.285878613591194, 354306.301018519152422 ], [ 12862682.739863783121109, 354231.044421923987102 ], [ 12862815.210057828575373, 354152.108666876563802 ], [ 12862929.757813856005669, 354073.284457081870642 ], [ 12863029.945355568081141, 353994.237319333711639 ], [ 12863223.307311076670885, 353825.774559592653532 ], [ 12863359.339728824794292, 353693.100554418808315 ], [ 12863541.903693726286292, 353481.602897556789685 ], [ 12863613.48212630674243, 353438.567575813096482 ], [ 12863760.201215174049139, 353381.150008360622451 ], [ 12863842.577638357877731, 353374.014623336028308 ], [ 12864111.080250153318048, 353399.099963266868144 ], [ 12864193.345353849232197, 353391.964577130798716 ], [ 12864232.752453589811921, 353374.014623336028308 ], [ 12864361.660423928871751, 353291.62325638247421 ], [ 12864483.332627365365624, 353230.638074118178338 ], [ 12864551.348836239427328, 353184.035159508697689 ], [ 12864583.631488570943475, 353130.185403644805774 ], [ 12864608.67837399803102, 353072.87947988853557 ], [ 12864615.802821408957243, 352897.171221874654293 ], [ 12864640.849706837907434, 352689.242696185596287 ], [ 12864669.458815971389413, 352578.087493162602186 ], [ 12864712.428139416500926, 352495.696694560814649 ], [ 12864809.164776917546988, 352377.406354381877463 ], [ 12864905.790094925090671, 352273.386767924646847 ], [ 12864912.391340728849173, 352241.088315162167419 ], [ 12864902.227871222421527, 352198.131498458446003 ], [ 12864866.382995184510946, 352165.799619953089859 ], [ 12864730.350577434524894, 352130.011585666215979 ], [ 12864647.974154248833656, 352090.544420509017073 ], [ 12864605.116150293499231, 352058.324061199557036 ], [ 12864583.631488570943475, 352022.424571086768992 ], [ 12864597.880383390933275, 351893.320285668247379 ], [ 12864608.67837399803102, 351843.150265431788284 ], [ 12864601.442607097327709, 351810.92997501505306 ], [ 12864558.584603141993284, 351760.759990491147619 ], [ 12864490.568394267931581, 351710.478538927796762 ], [ 12864451.161294525489211, 351663.876237464486621 ], [ 12864426.114409098401666, 351588.621364409744274 ], [ 12864443.9255276247859, 351233.642000123276375 ], [ 12864422.440865902230144, 351161.955030546931084 ], [ 12864383.145085651427507, 351104.538593874603976 ], [ 12864325.815547892823815, 351068.750887532543857 ], [ 12864236.314677296206355, 351032.851704102009535 ], [ 12864182.658682733774185, 351025.716463998367544 ], [ 12864114.642473859712481, 351032.851704102009535 ], [ 12864025.141603261232376, 351072.318508853088133 ], [ 12863953.563170678913593, 351086.588995232363231 ], [ 12863878.311194902285933, 351072.318508853088133 ], [ 12863853.264309473335743, 351043.666053220862523 ], [ 12863849.702085770666599, 350975.546819410170428 ], [ 12863878.311194902285933, 350753.239810830913484 ], [ 12863860.500076377764344, 350677.985528752440587 ], [ 12863846.13986206613481, 350652.789291132707149 ], [ 12863778.123653188347816, 350595.48459406895563 ], [ 12863702.98299690708518, 350498.71330212027533 ], [ 12863623.868234798312187, 350243.585319202858955 ], [ 12863566.950579155236483, 350125.787821224832442 ], [ 12863531.105703119188547, 350068.483383992803283 ], [ 12863466.651717949658632, 350014.635076678765472 ], [ 12863384.386614253744483, 349993.229545290814713 ], [ 12863062.116688407957554, 349975.280118360533379 ], [ 12862750.756072659045458, 349950.195520146400668 ], [ 12862510.86257, 349946.62793328409316 ], [ 12862439.284137420356274, 349968.033456098753959 ], [ 12862324.736381392925978, 350043.398765683348756 ], [ 12862195.828411053866148, 350150.983944586012512 ], [ 12862102.765316750854254, 350208.2884224683512 ], [ 12862031.186884170398116, 350222.670290027570445 ], [ 12861981.09311331436038, 350226.237885356298648 ], [ 12861877.232028404250741, 350208.2884224683512 ], [ 12861777.044486690312624, 350136.602085892634932 ], [ 12861705.354734620079398, 350054.101535500376485 ], [ 12861626.651854628697038, 349975.280118360533379 ], [ 12861555.0734220482409, 349874.830270928388927 ], [ 12861483.494989469647408, 349735.025633110024501 ], [ 12861447.650113433599472, 349613.170531487383414 ], [ 12861426.165451711043715, 349566.569071613543201 ], [ 12861386.758351970463991, 349519.967630382278003 ], [ 12861325.977909997105598, 349469.687148906756192 ], [ 12861279.446362845599651, 349415.950605105841532 ], [ 12861229.241272497922182, 349322.74786174914334 ], [ 12861197.069939656183124, 349208.028319422155619 ], [ 12861139.740401899442077, 349050.275197214272339 ], [ 12861104.006845355033875, 348914.039103617833462 ], [ 12861104.006845355033875, 348781.370720139937475 ], [ 12861078.959959927946329, 348666.651710085512605 ], [ 12861028.866189068183303, 348508.899319530173671 ], [ 12860967.974427606910467, 348179.125045380671509 ], [ 12860814.130891328677535, 347619.804137312283274 ], [ 12860756.801353570073843, 347429.834079884865787 ], [ 12860681.660697285085917, 347268.404366982693318 ], [ 12860656.613811856135726, 347229.050333929248154 ], [ 12860581.361836079508066, 347196.719835069554392 ], [ 12860363.06431463547051, 347150.119338600488845 ], [ 12860266.327677134424448, 347110.76534523582086 ], [ 12860184.062573436647654, 347056.918401199916843 ], [ 12860105.24837395735085, 347024.699434080219362 ], [ 12860037.232165083289146, 347013.996941769553814 ], [ 12859904.761971039697528, 347024.699434080219362 ], [ 12859840.419305358082056, 347003.182966155349277 ], [ 12859668.542011573910713, 346909.98214546253439 ], [ 12859586.165588386356831, 346859.8142702258192 ], [ 12859553.994255548343062, 346820.34889010572806 ], [ 12859521.822922708466649, 346770.181053170002997 ], [ 12859507.462708396837115, 346691.250366443768144 ], [ 12859503.900484690442681, 346641.082584655145183 ], [ 12859478.853599263355136, 346572.965919675363693 ], [ 12859306.976305477321148, 346390.132513322518207 ], [ 12859267.569205736741424, 346314.881041490531061 ], [ 12859256.882534621283412, 346239.518134263751563 ], [ 12859264.006982032209635, 346192.918017568066716 ], [ 12859303.414081772789359, 346106.964262236608192 ], [ 12859382.11696176417172, 345956.350245746260043 ], [ 12859410.837390387430787, 345884.666514328564517 ], [ 12859446.570946931838989, 345669.504098909266759 ], [ 12859446.570946931838989, 345597.820542094763368 ], [ 12859439.446499522775412, 345529.704481083666906 ], [ 12859342.821181513369083, 345300.272931786545087 ], [ 12859310.538529183715582, 345196.371133097156417 ], [ 12859264.006982032209635, 345085.223065640078858 ], [ 12859063.520579114556313, 344841.411171991028823 ], [ 12858974.019708516076207, 344755.34692007052945 ], [ 12858945.410599382594228, 344701.612535516789649 ], [ 12858927.48816136457026, 344633.496991886175238 ], [ 12858923.925937660038471, 344558.135159582772758 ], [ 12858945.410599382594228, 344500.833443514595274 ], [ 12859016.989031963050365, 344411.202021170349326 ], [ 12859138.772554889321327, 344242.641619902453385 ], [ 12859178.068335140123963, 344174.526340714714024 ], [ 12859190.513854209333658, 344085.19616576062981 ], [ 12859167.381664024665952, 343737.184819185815286 ], [ 12859170.943887729197741, 343633.284394352289382 ], [ 12859249.758087210357189, 343224.595409529691096 ], [ 12859256.882534621283412, 343102.635576138331089 ], [ 12859249.758087210357189, 342819.47520302888006 ], [ 12859256.882534621283412, 342568.53324760653777 ], [ 12859285.491643754765391, 342511.121013317489997 ], [ 12859485.978046674281359, 342206.446455210214481 ], [ 12859532.509593825787306, 342113.24941728223348 ], [ 12859625.572688126936555, 341790.627698694530409 ], [ 12859579.041140975430608, 341457.193385145568755 ], [ 12859568.354469859972596, 341306.58527975686593 ], [ 12859586.165588386356831, 341234.904360777756665 ], [ 12859625.572688126936555, 341131.006122300168499 ], [ 12859647.057349851354957, 341016.294545589247718 ], [ 12859654.181797262281179, 340944.502322356798686 ], [ 12859596.963578993454576, 340621.883764820755459 ], [ 12859579.041140975430608, 340568.151249309128616 ], [ 12859532.509593825787306, 340503.605375672283117 ], [ 12859417.96183779835701, 340313.646737237169873 ], [ 12859378.554738057777286, 340267.048948291165289 ], [ 12859332.023190906271338, 340198.935944940894842 ], [ 12859203.226540058851242, 340091.359840202669147 ], [ 12859102.927678855136037, 340019.679649980796967 ], [ 12858848.785281371325254, 339808.206617136951536 ], [ 12858777.206848794594407, 339765.176304022141267 ], [ 12858748.486420169472694, 339732.847840602626093 ], [ 12858737.799749050289392, 339679.115724140428938 ], [ 12858737.799749050289392, 339632.518182061205152 ], [ 12858766.408858187496662, 339521.375313896627631 ], [ 12858762.846634481102228, 339467.643292201624718 ], [ 12858748.486420169472694, 339388.717461653344799 ], [ 12858576.720445873215795, 339005.125287090544589 ], [ 12858540.875569840893149, 338915.609475010482129 ], [ 12858512.26646070368588, 338868.900752722576726 ], [ 12858462.172689847648144, 338840.251259014359675 ], [ 12858397.718704678118229, 338815.169023048481904 ], [ 12858064.762107715010643, 338653.862501705938485 ], [ 12858000.308122547343373, 338610.832602379843593 ], [ 12857960.901022804901004, 338571.369962129334453 ], [ 12857903.682804537937045, 338388.548859839094803 ], [ 12857857.151257386431098, 338266.705437995202374 ], [ 12857835.666595663875341, 338195.026337111426983 ], [ 12857792.697272216901183, 338141.183432477409951 ], [ 12857724.681063342839479, 338080.317569272010587 ], [ 12857423.673160238191485, 338045.425613942788914 ], [ 12857290.312410267069936, 337778.664129674609285 ], [ 12856917.948713563382626, 337437.772126735188067 ], [ 12856245.690308663994074, 337131.884242781146895 ], [ 12855580.778990155085921, 335737.451066457782872 ], [ 12855539.479459069669247, 336300.171866761462297 ], [ 12854900.950859881937504, 336519.99932378489757 ], [ 12854526.026814889162779, 336554.333465702016838 ], [ 12853399.250929079949856, 336957.871838223596569 ], [ 12852197.890984438359737, 337285.60841411416186 ], [ 12852049.390783721581101, 337096.658136806217954 ], [ 12851488.897147577255964, 336866.685425204224885 ], [ 12851039.500363243743777, 336825.328285007213708 ], [ 12850743.724476205185056, 336259.818188300007023 ], [ 12850634.408736245706677, 335808.348392699088436 ], [ 12850185.568549368530512, 335691.969784653512761 ], [ 12849995.880137056112289, 336028.286431149637792 ], [ 12849508.85736483708024, 336024.161892544652801 ], [ 12849026.176052756607533, 335381.850322502024937 ], [ 12848637.448390904814005, 334036.596483068540692 ], [ 12848651.697285726666451, 334000.813914866244886 ], [ 12848658.933052631095052, 333954.218561423476785 ], [ 12848641.010614611208439, 333907.623225787596311 ], [ 12848601.603514870628715, 333846.648016813385766 ], [ 12848512.102644272148609, 333764.158751541341189 ], [ 12848411.915102558210492, 333681.781013912812341 ], [ 12848286.569355925545096, 333617.23881990351947 ], [ 12848197.068485327064991, 333563.397948422410991 ], [ 12848111.12983843497932, 333427.179534893541131 ], [ 12848071.834058186039329, 333384.26296309317695 ], [ 12848018.066744131967425, 333351.936204681987874 ], [ 12847925.003649828955531, 333330.42219434294384 ], [ 12847753.237675536423922, 333333.98928387806518 ], [ 12847703.032585188746452, 333312.475276699929964 ], [ 12847649.376590622588992, 333258.746011070965324 ], [ 12847606.407267179340124, 333172.690058086533099 ], [ 12847577.7981580439955, 333086.634165698778816 ], [ 12847434.641292886808515, 332803.497330653015524 ], [ 12847377.423074616119266, 332706.740483725327067 ], [ 12847309.406865742057562, 332617.117850438109599 ], [ 12847209.108004536479712, 332549.00915185676422 ], [ 12847137.529571957886219, 332477.333426506316755 ], [ 12847101.684695921838284, 332405.657743105199188 ], [ 12847073.075586788356304, 332290.954442775575444 ], [ 12847051.590925065800548, 332237.114155161078088 ], [ 12847015.857368521392345, 332183.385361700726207 ], [ 12846980.01249248534441, 332140.357755704550073 ], [ 12846922.794274218380451, 332115.276904254278634 ], [ 12846521.821468381211162, 332018.520600955642294 ], [ 12846213.911756845191121, 331867.924248493916821 ], [ 12846124.410886246711016, 331814.195616784971207 ], [ 12845970.456030480563641, 331760.35553848388372 ], [ 12845902.439821606501937, 331760.35553848388372 ], [ 12845820.174717910587788, 331785.547787502175197 ], [ 12845730.673847312107682, 331803.383011172583792 ], [ 12845587.516982153058052, 331785.547787502175197 ], [ 12845465.733459224924445, 331781.869272942480166 ], [ 12845347.62347949296236, 331789.11483202886302 ], [ 12845272.482823207974434, 331807.061526377045084 ], [ 12845208.028838038444519, 331846.410498948069289 ], [ 12845154.261523986235261, 331896.572097009571735 ], [ 12845036.151544254273176, 331964.680432985827792 ], [ 12844918.041564520448446, 331961.113383354677353 ], [ 12844721.117385307326913, 331932.465519766730722 ], [ 12844663.899167040362954, 331928.898471072432585 ], [ 12844631.616514708846807, 331950.412235083756968 ], [ 12844595.882958164438605, 331986.194203273102175 ], [ 12844552.913634719327092, 332054.302589016384445 ], [ 12844477.661658942699432, 332194.08653030404821 ], [ 12844406.083226362243295, 332251.493856991350185 ], [ 12844323.818122666329145, 332298.088561335811391 ], [ 12844234.317252069711685, 332312.468270321201999 ], [ 12844137.580614570528269, 332316.035330175771378 ], [ 12844040.955296561121941, 332290.954442775575444 ], [ 12843962.252416571602225, 332255.060915070935152 ], [ 12843894.236207697540522, 332212.033283913333435 ], [ 12843826.219998821616173, 332154.7374461836298 ], [ 12843776.126227965578437, 332086.629004653019365 ], [ 12843743.843575632199645, 332014.953549758647569 ], [ 12843693.749804776161909, 331921.764373995014466 ], [ 12843672.265143055468798, 331842.843452755769249 ], [ 12843647.218257624655962, 331803.383011172583792 ], [ 12843600.68671047501266, 331789.11483202886302 ], [ 12843543.357172714546323, 331789.11483202886302 ], [ 12843493.263401856645942, 331803.383011172583792 ], [ 12843357.230984108522534, 331907.384710834303405 ], [ 12843267.730113510042429, 331968.358953026472591 ], [ 12843189.027233520522714, 332007.707977334153838 ], [ 12843027.947930343449116, 332047.168484644440468 ], [ 12842884.679745690897107, 332072.249322162300814 ], [ 12842752.320871138945222, 332086.629004653019365 ], [ 12842508.865144772455096, 332036.467328864848241 ], [ 12842390.643845548853278, 331982.627153016277589 ], [ 12842290.456303838640451, 331925.3314224818605 ], [ 12842229.56454237177968, 331900.250615007942542 ], [ 12842154.423886086791754, 331893.005049358995166 ], [ 12842093.532124621793628, 331903.817662869172636 ], [ 12841989.782359203323722, 331946.845185867510736 ], [ 12841928.890597740188241, 331961.113383354677353 ], [ 12841871.561059981584549, 331950.412235083756968 ], [ 12841778.497965678572655, 331885.870954368903767 ], [ 12841699.795085687190294, 331857.223108351870906 ], [ 12841635.341100519523025, 331857.223108351870906 ], [ 12841524.355568198487163, 331903.817662869172636 ], [ 12841427.730250189080834, 331910.951758902985603 ], [ 12841338.229379592463374, 331900.250615007942542 ], [ 12841123.382762361317873, 331814.195616784971207 ], [ 12841044.679882368072867, 331756.788494793057907 ], [ 12841005.272782627493143, 331717.439550957817119 ], [ 12840958.741235475987196, 331649.331352204433642 ], [ 12840876.476131780073047, 331495.168416660279036 ], [ 12840840.631255747750401, 331448.574017245904543 ], [ 12840751.130385147407651, 331355.385271433275193 ], [ 12840704.598837995901704, 331333.871611687995028 ], [ 12840650.942843433469534, 331326.626079461013433 ], [ 12840554.206205934286118, 331337.438643095141742 ], [ 12840489.752220764756203, 331373.331902392441407 ], [ 12840382.440231639891863, 331416.24776966299396 ], [ 12840335.908684488385916, 331441.439948082377668 ], [ 12840289.377137336879969, 331509.436561642505694 ], [ 12840253.532261302694678, 331541.762833749759011 ], [ 12840196.202723544090986, 331559.709491937595885 ], [ 12840096.015181830152869, 331563.276529902301263 ], [ 12839985.029649509117007, 331534.628759173734579 ], [ 12839891.966555206105113, 331516.682104650943074 ], [ 12839820.38812262378633, 331480.788803472125437 ], [ 12839780.981022883206606, 331441.439948082377668 ], [ 12839748.809690043330193, 331387.600033224211074 ], [ 12839695.042375991120934, 331341.005674605839886 ], [ 12839619.901719704270363, 331308.790925029898062 ], [ 12839519.714177992194891, 331287.277273441432044 ], [ 12839433.77553110010922, 331287.277273441432044 ], [ 12839329.91444618999958, 331272.897684583032969 ], [ 12839150.91270499303937, 331226.303369451430626 ], [ 12839093.694486726075411, 331194.088649938232265 ], [ 12839036.364948967471719, 331183.276098914095201 ], [ 12838989.833401815965772, 331194.088649938232265 ], [ 12838939.739630959928036, 331219.169313191319816 ], [ 12838843.114312952384353, 331287.277273441432044 ], [ 12838789.346998898312449, 331319.492017378041055 ], [ 12838639.065686328336596, 331452.141051983111538 ], [ 12838599.658586587756872, 331480.788803472125437 ], [ 12838510.157715987414122, 331484.355839144729543 ], [ 12838467.188392542302608, 331495.168416660279036 ], [ 12838435.01705970056355, 331513.115068039507605 ], [ 12838384.923288844525814, 331559.709491937595885 ], [ 12838338.391741693019867, 331617.005051779968198 ], [ 12838252.453094800934196, 331767.601096300000791 ], [ 12838220.170442471280694, 331864.357201676175464 ], [ 12838195.123557042330503, 331943.166666472039651 ], [ 12838187.999109631404281, 331989.872723959153518 ], [ 12838195.123557042330503, 332043.601432614203077 ], [ 12838216.60821876488626, 332136.790700963116251 ], [ 12838227.406209371984005, 332229.980040150461718 ], [ 12838277.499980229884386, 332538.307952250528615 ], [ 12838298.984641952440143, 332617.117850438109599 ], [ 12838345.51618910394609, 332692.360728442086838 ], [ 12838413.532397978007793, 332860.904943050176371 ], [ 12838456.501721426844597, 333075.932919067330658 ], [ 12838456.501721426844597, 333147.6089951111353 ], [ 12838424.219069093465805, 333258.746011070965324 ], [ 12838384.923288844525814, 333323.288015585276298 ], [ 12838284.624427638947964, 333441.559376610442996 ], [ 12838205.921547649428248, 333513.235667169501539 ], [ 12838141.467562479898334, 333592.157665637612808 ], [ 12838109.296229641884565, 333660.266945450275671 ], [ 12838094.936015328392386, 333717.563488512940239 ], [ 12838080.575801016762853, 333911.190332192578353 ], [ 12838080.575801016762853, 333972.165573439968284 ], [ 12838062.653362998738885, 334033.02937299455516 ], [ 12837713.555439872667193, 334760.053153958753683 ], [ 12837671.365352861583233, 335435.46905135322595 ], [ 12837444.941508585587144, 335658.750623916392215 ], [ 12836654.795762937515974, 336102.528150048514362 ], [ 12836016.155844256281853, 336322.355248219100758 ], [ 12835749.545663805678487, 336920.86218552448554 ], [ 12835895.819474708288908, 337447.693430410872679 ], [ 12835705.2405064702034, 337896.605406765011139 ], [ 12835330.427780967205763, 337893.484086035634391 ], [ 12834988.454305252060294, 338566.353525737125892 ], [ 12834501.208894049748778, 338562.228900415706448 ], [ 12833520.4507843144238, 339641.023904300003778 ], [ 12833372.763215878978372, 339153.278004352119751 ], [ 12833265.562546245753765, 338401.480099407432135 ], [ 12832782.324636712670326, 337834.067531854903791 ], [ 12832525.844529923051596, 337005.806043807941023 ], [ 12832455.71325072273612, 336329.378128623066004 ], [ 12831633.618811216205359, 335984.365675918816123 ], [ 12831375.023634102195501, 335456.537539649172686 ], [ 12830778.351163450628519, 334279.160213053808548 ], [ 12830461.090614689514041, 334040.163593246950768 ], [ 12830181.79001228697598, 333541.883900827320758 ], [ 12830138.820688843727112, 333441.559376610442996 ], [ 12830113.773803416639566, 333355.503294845344499 ], [ 12830103.08713229931891, 333265.880186059628613 ], [ 12830103.08713229931891, 333183.502784601529129 ], [ 12830117.447346612811089, 333050.851875945460051 ], [ 12830189.025779191404581, 332814.310024521138985 ], [ 12830206.83689771592617, 332688.793657625617925 ], [ 12830210.510440912097692, 332552.576218600093853 ], [ 12830206.83689771592617, 332462.953698168159463 ], [ 12830217.634888326749206, 332280.141795124451164 ], [ 12830210.510440912097692, 332190.519473999156617 ], [ 12830214.072664620354772, 332122.411012589174788 ], [ 12830206.83689771592617, 331964.680432985827792 ], [ 12830185.463555485010147, 331928.898471072432585 ], [ 12830088.726917987689376, 331864.357201676175464 ], [ 12830002.788271095603704, 331835.709360682405531 ], [ 12829945.570052824914455, 331799.815966231108177 ], [ 12829895.476281968876719, 331749.654407722351607 ], [ 12829851.059805141761899, 331055.977889277914073 ], [ 12829473.575411861762404, 330399.535884641052689 ], [ 12828851.744736293330789, 329835.170218840707093 ], [ 12828325.092225346714258, 329776.091995025111828 ], [ 12827195.644671758636832, 329171.489305936382152 ], [ 12826669.214799799025059, 329187.206263183383271 ], [ 12825955.100266359746456, 329351.398425341991242 ], [ 12825052.187876537442207, 329178.06590482511092 ], [ 12824525.479705845937133, 328712.5215942520299 ], [ 12824016.026056231930852, 328274.845772228087299 ], [ 12823149.069861933588982, 327391.250262210378423 ], [ 12822582.898931760340929, 326434.539759436389431 ], [ 12821887.040794810280204, 326374.571432409924455 ], [ 12820551.763502744957805, 326198.679368091281503 ], [ 12819929.710188191384077, 325466.132826549757738 ], [ 12819486.970309408381581, 324978.666276818374172 ], [ 12819063.199271857738495, 324732.141545109101571 ], [ 12818611.464778216555715, 324505.201451032655314 ], [ 12818441.034637812525034, 323962.151968300226144 ], [ 12818551.574892170727253, 322934.577683681447525 ], [ 12818568.718093752861023, 322205.61695113015594 ], [ 12818172.420706529170275, 321530.384599394456018 ], [ 12818527.752521140500903, 320728.536925076332409 ], [ 12818563.486077684909105, 319868.846816616365686 ], [ 12817245.908584658056498, 319207.113423091883305 ], [ 12817037.741136873140931, 318589.075144807517063 ], [ 12816810.983334127813578, 318064.330112669500522 ], [ 12815907.291707867756486, 317498.459428835543804 ], [ 12815568.212538909167051, 317178.688425437721889 ], [ 12815548.397669550031424, 316729.962665083177853 ], [ 12814926.789632961153984, 316203.107568008475937 ], [ 12814417.725601563230157, 315527.238223891297821 ], [ 12813872.371416166424751, 315468.055242550268304 ], [ 12813119.851658405736089, 315202.122256384463981 ], [ 12811726.910870108753443, 314409.119136120425537 ], [ 12812327.256883956491947, 313833.010709645692259 ], [ 12813735.00316452793777, 312887.770445157133508 ], [ 12814410.823793133720756, 312480.297218671010341 ], [ 12815556.078714417293668, 311832.533322471834254 ], [ 12816064.363509377464652, 312171.906813864596188 ], [ 12816741.297332890331745, 312231.757008848828264 ], [ 12817586.991504445672035, 312105.703836880915333 ], [ 12818074.570874122902751, 311603.721413901192136 ], [ 12818411.42365326359868, 310932.779889787954744 ], [ 12818767.200745837762952, 310336.625596389756538 ], [ 12818371.682595049962401, 309979.20180339430226 ], [ 12817750.18587795086205, 309527.157388846389949 ], [ 12817204.16377560980618, 309150.231996344926301 ], [ 12817052.769268130883574, 308700.753776748606469 ], [ 12817051.43343424052, 308121.327010226377752 ], [ 12817180.118765600025654, 306850.921256821369752 ], [ 12817529.105369234457612, 306172.31402993487427 ], [ 12817514.745154920965433, 306122.051093500107527 ], [ 12817489.698269493877888, 305978.729387921339367 ], [ 12817493.260493202134967, 305727.861050893785432 ], [ 12817479.011598378419876, 305656.200391043908894 ], [ 12817453.853393457829952, 305613.181724179594312 ], [ 12817346.541404332965612, 305491.369874968077056 ], [ 12817271.289428558200598, 305416.031586628872901 ], [ 12817196.148772271350026, 305387.389674570935313 ], [ 12817142.492777710780501, 305351.615154923812952 ], [ 12817121.0081159863621, 305254.76767170696985 ], [ 12817092.39900685288012, 305183.107266220729798 ], [ 12817060.116354523226619, 305143.766500105848536 ], [ 12816995.662369353696704, 305097.181698573986068 ], [ 12816838.145289881154895, 305047.030614624847658 ], [ 12816669.941539293155074, 305014.711037176894024 ], [ 12816623.298672651872039, 304993.201805488497484 ], [ 12816576.767125500366092, 304950.183352509338874 ], [ 12816537.47134524770081, 304842.748727364174556 ], [ 12816490.939798098057508, 304770.977096481248736 ], [ 12816440.734707750380039, 304720.826135056267958 ], [ 12816362.031827757135034, 304627.65684335725382 ], [ 12816319.062504313886166, 304552.430488961632363 ], [ 12816265.406509749591351, 304473.526447172742337 ], [ 12816147.185210525989532, 304323.073954144318122 ], [ 12816100.653663374483585, 304276.489438761549536 ], [ 12816061.357883125543594, 304251.302602271782234 ], [ 12816004.028345366939902, 304233.471216472797096 ], [ 12815846.511265894398093, 304201.151835768250749 ], [ 12815757.010395295917988, 304151.001088057877496 ], [ 12815678.307515306398273, 304090.040093364950735 ], [ 12815631.775968154892325, 304032.756843941111583 ], [ 12815595.93109211884439, 303957.530824038607534 ], [ 12815535.039330655708909, 303885.759668138634879 ], [ 12815467.023121781647205, 303821.232528189895675 ], [ 12815345.350918345153332, 303720.9313360703527 ], [ 12815277.334709469228983, 303695.856049768568482 ], [ 12815105.45741568505764, 303706.554838016978465 ], [ 12815048.239197414368391, 303695.856049768568482 ], [ 12815019.630088284611702, 303663.648244466865435 ], [ 12814912.206779666244984, 303466.500982002180535 ], [ 12814869.237456219270825, 303416.350509234005585 ], [ 12814690.347034515812993, 303348.145896349858958 ], [ 12814496.985079007223248, 303283.619015089003369 ], [ 12814332.343552125617862, 303183.318224965711124 ], [ 12814264.327343249693513, 303136.734105699637439 ], [ 12814088.887825757265091, 303083.017509762605187 ], [ 12814020.871616886928678, 303075.773572120291647 ], [ 12813942.168736893683672, 303054.264651884499472 ], [ 12813874.152528021484613, 303007.680577376682777 ], [ 12813816.822990259155631, 302975.472937220707536 ], [ 12813781.089433714747429, 302925.322647848282941 ], [ 12813738.120110269635916, 302814.211962273693644 ], [ 12813670.103901395574212, 302781.892923530249391 ], [ 12813616.336587341502309, 302785.459161906910595 ], [ 12813526.835716743022203, 302810.645723134512082 ], [ 12813480.304169591516256, 302796.26932256371947 ], [ 12813451.695060458034277, 302774.760447060922161 ], [ 12813441.008389342576265, 302717.477759136643726 ], [ 12813437.334846146404743, 302649.384945892321412 ], [ 12813415.850184423848987, 302609.93347903090762 ], [ 12813376.55440417304635, 302570.48202373838285 ], [ 12813304.975971594452858, 302552.539416542451363 ], [ 12813258.333104951307178, 302548.973184341273736 ], [ 12813161.707786941900849, 302566.915791061706841 ], [ 12813025.675369193777442, 302581.29216711706249 ], [ 12812950.534712908789515, 302559.78332599188434 ], [ 12812911.127613168209791, 302520.331885403662454 ], [ 12812886.080727739259601, 302459.371631304675248 ], [ 12812878.956280328333378, 302312.487622391956393 ], [ 12812864.596066016703844, 302233.584897715772968 ], [ 12812835.986956883221865, 302194.244997171510477 ], [ 12812782.219642829149961, 302161.926107302831952 ], [ 12812760.846300596371293, 302122.474783281097189 ], [ 12812775.095195418223739, 302036.55117686529411 ], [ 12812814.502295156940818, 301957.648613769852091 ], [ 12812861.03384231030941, 301825.030002987303305 ], [ 12812875.394056623801589, 301742.672796883038245 ], [ 12812886.080727739259601, 301574.169441166624893 ], [ 12812882.518504034727812, 301516.887263654032722 ], [ 12812828.862509468570352, 301373.459038616681937 ], [ 12812621.140339652076364, 301047.374922623159364 ], [ 12812477.983474489301443, 300778.57343331631273 ], [ 12812438.576374748721719, 300688.973055532376748 ], [ 12812377.795932775363326, 300617.315084631380159 ], [ 12812306.1061807051301, 300549.223330930690281 ], [ 12812256.012409847229719, 300509.883920907275751 ], [ 12812177.309529857710004, 300495.507765420421492 ], [ 12812109.293320981785655, 300502.64012144022854 ], [ 12812059.199550125747919, 300513.45009924878832 ], [ 12811991.183341251686215, 300499.073943383351434 ], [ 12811983.947574349120259, 300470.433079268375877 ], [ 12811987.509798055514693, 300434.548425381130073 ], [ 12812062.65045434050262, 300377.266730482166167 ], [ 12812098.49533037468791, 300341.38210126478225 ], [ 12812145.026877526193857, 300284.100445739692077 ], [ 12812155.713548643514514, 300237.517327378503978 ], [ 12812152.15132493712008, 300183.690442599065136 ], [ 12812112.744225196540356, 300122.731242776557337 ], [ 12812069.886221241205931, 300015.300471010617912 ], [ 12812077.010668652132154, 299975.849773271183949 ], [ 12812127.104439510032535, 299897.059854762919713 ], [ 12812198.682872092351317, 299854.043030294764321 ], [ 12812234.527748124673963, 299825.290859881904908 ], [ 12812424.21616043895483, 299771.575581081327982 ], [ 12812574.608792500570416, 299775.14174001122592 ], [ 12812832.313413685187697, 299757.199503844603896 ], [ 12812911.127613168209791, 299732.124954166647512 ], [ 12812961.221384024247527, 299703.484251975547522 ], [ 12813036.362040309235454, 299610.318429807666689 ], [ 12813143.785348925739527, 299395.234897683025338 ], [ 12813193.879119781777263, 299316.445315887394827 ], [ 12813229.723995817825198, 299237.544337706174701 ], [ 12813283.379990378394723, 299144.378834813716821 ], [ 12813340.709528136998415, 299069.155538706516381 ], [ 12813380.005308387801051, 299044.081115908920765 ], [ 12813426.648175030946732, 299026.138976208399981 ], [ 12813487.428617002442479, 299022.572836922365241 ], [ 12813562.680592779070139, 299026.138976208399981 ], [ 12813616.336587341502309, 299036.948836490104441 ], [ 12813673.554805608466268, 299058.345675867400132 ], [ 12813791.776104832068086, 299147.944977290928364 ], [ 12813816.822990259155631, 299173.130861197656486 ], [ 12813823.947437670081854, 299198.205307770869695 ], [ 12813856.118770511820912, 299230.412048148515169 ], [ 12813895.525870252400637, 299233.978192880575079 ], [ 12813945.619641110301018, 299198.205307770869695 ], [ 12813974.34006973169744, 299162.320990100386553 ], [ 12814045.918502314016223, 299101.36224854295142 ], [ 12814092.45004946552217, 299079.853960505919531 ], [ 12814128.294925501570106, 299072.721679212874733 ], [ 12814167.590705750510097, 299054.779535737645347 ], [ 12814192.637591179460287, 299019.006697729637381 ], [ 12814210.560029197484255, 298968.85787522472674 ], [ 12814228.482467215508223, 298843.374458052800037 ], [ 12814221.358019804582, 298635.535837500821799 ], [ 12814189.075367474928498, 298574.577331688778941 ], [ 12814078.089835153892636, 298481.412282223522197 ], [ 12813909.886084565892816, 298406.189352117304225 ], [ 12813831.071885082870722, 298381.115051299566403 ], [ 12813791.664785342290998, 298348.797070375992917 ], [ 12813759.493452504277229, 298313.024417658394668 ], [ 12813669.992581905797124, 298194.673839043534826 ], [ 12813637.821249064058065, 298130.260855382191949 ], [ 12813627.02325845696032, 298047.794450062618125 ], [ 12813630.5854821652174, 297925.989431660447735 ], [ 12813623.461034754291177, 297757.490811166004278 ], [ 12813641.383472770452499, 297646.384360871976241 ], [ 12813673.554805608466268, 297567.59578933211742 ], [ 12813748.806781388819218, 297492.373362380312756 ], [ 12813773.853666815906763, 297442.113660157250706 ], [ 12813816.822990259155631, 297388.399320312601048 ], [ 12813838.307651983574033, 297352.62691895494936 ], [ 12813863.354537410661578, 297270.160982586094178 ], [ 12813870.478984825313091, 297216.446710199583322 ], [ 12813884.839199136942625, 297180.562913412461057 ], [ 12813949.181864814832807, 297105.340699098596815 ], [ 12813977.902293436229229, 297044.382875717012212 ], [ 12813988.588964555412531, 296979.858993485977408 ], [ 12813999.386955160647631, 296861.621008316928055 ], [ 12814017.19807368889451, 296807.906896046712063 ], [ 12814070.965387742966413, 296725.441287440131418 ], [ 12814153.230491438880563, 296614.335674221103545 ], [ 12814199.873358078300953, 296539.113770496333018 ], [ 12814253.529352642595768, 296478.156198748969473 ], [ 12814278.576238071545959, 296456.6483234030311 ], [ 12814292.936452385038137, 296417.310093790933024 ], [ 12814300.060899794101715, 296367.050785666098818 ], [ 12814296.498676089569926, 296270.321171226154547 ], [ 12814289.26290918700397, 296216.607290309679229 ], [ 12814296.498676089569926, 296159.215926221862901 ], [ 12814339.467999536544085, 296030.169024187780451 ], [ 12814364.51488496363163, 295969.323117573047057 ], [ 12814371.639332374557853, 295911.931856696901377 ], [ 12814364.51488496363163, 295851.086002380819991 ], [ 12814371.639332374557853, 295754.24531171109993 ], [ 12814475.500417284667492, 295557.220963769941591 ], [ 12814496.985079007223248, 295438.872763571562245 ], [ 12814493.311535811051726, 295306.26049427856924 ], [ 12814522.031964436173439, 295184.457908911688719 ], [ 12814550.641073569655418, 295119.934899502433836 ], [ 12814590.048173310235143, 295058.977956334885675 ], [ 12814751.127476489171386, 294887.028259936254472 ], [ 12814765.48769080080092, 294826.071419638872612 ], [ 12814783.298809330910444, 294786.62221740942914 ], [ 12814776.174361916258931, 294761.548577782115899 ], [ 12814733.205038471147418, 294747.284464825643227 ], [ 12814668.751053301617503, 294743.718436816765461 ], [ 12814557.765520980581641, 294747.284464825643227 ], [ 12814385.999546688050032, 294761.548577782115899 ], [ 12814321.545561518520117, 294736.474942706990987 ], [ 12814292.936452385038137, 294700.70323121198453 ], [ 12814232.044690920040011, 294575.223718325374648 ], [ 12814156.904034635052085, 294464.119839761464391 ], [ 12814124.621382305398583, 294439.046258654328994 ], [ 12814070.965387742966413, 294417.538701594341546 ], [ 12813995.824731457978487, 294417.538701594341546 ], [ 12813956.417631717398763, 294424.782178987050429 ], [ 12813913.448308268561959, 294446.289737173821777 ], [ 12813845.432099396362901, 294435.480238599528093 ], [ 12813827.509661376476288, 294385.333091319305822 ], [ 12813831.071885082870722, 294331.619944847654551 ], [ 12813820.38521396741271, 294163.125728591287043 ], [ 12813798.900552241131663, 294123.676715538254939 ], [ 12813716.524129055440426, 294062.831649653380737 ], [ 12813702.27523423358798, 294034.080693759024143 ], [ 12813698.713010530918837, 294005.441181614005473 ], [ 12813709.399681646376848, 293919.411243009089958 ], [ 12813727.322119662538171, 293851.322819120076019 ], [ 12813730.88434336706996, 293815.551336509059183 ], [ 12813784.540337931364775, 293690.072626278270036 ], [ 12813848.994323099032044, 293493.051221630361397 ], [ 12813841.869875688105822, 293364.006810772058088 ], [ 12813823.947437670081854, 293277.977270204632077 ], [ 12813806.024999655783176, 293231.396530853584409 ], [ 12813766.729219403117895, 293174.117844081309158 ], [ 12813709.399681646376848, 293109.595771910215262 ], [ 12813673.666125101968646, 293084.522435890045017 ], [ 12813616.336587341502309, 293052.205698362318799 ], [ 12813430.21039873547852, 293030.698356519220397 ], [ 12813365.756413565948606, 292976.985734954359941 ], [ 12813290.615757280960679, 292833.677887721045408 ], [ 12813240.521986424922943, 292776.287928120989818 ], [ 12813168.832234352827072, 292719.009428954101168 ], [ 12813108.051792381331325, 292683.126801416859962 ], [ 12813050.722254622727633, 292640.112235264445189 ], [ 12813004.190707471221685, 292597.097682412771974 ], [ 12812950.534712908789515, 292489.672795022896025 ], [ 12812907.565389461815357, 292428.717008865380194 ], [ 12812796.579857140779495, 292296.107621110917535 ], [ 12812717.87697714753449, 292235.151919690135401 ], [ 12812660.547439392656088, 292170.741719383979216 ], [ 12812596.093454223126173, 292045.264494249015115 ], [ 12812578.17101620323956, 292023.757308030850254 ], [ 12812531.639469053596258, 291995.118210290442221 ], [ 12812474.421250786632299, 291970.045075075235218 ], [ 12812413.529489319771528, 291948.537900460942183 ], [ 12812327.590842427685857, 291927.030729164020158 ], [ 12812238.089971829205751, 291887.582351054355968 ], [ 12812159.387091839686036, 291833.870170550013427 ], [ 12812066.323997536674142, 291797.987771031272132 ], [ 12811969.698679529130459, 291776.480622948380187 ], [ 12811908.806918064132333, 291776.480622948380187 ], [ 12811869.399818323552608, 291783.723962605989072 ], [ 12811751.289838591590524, 291815.92896963696694 ], [ 12811640.304306272417307, 291841.002077143988572 ], [ 12811586.648311709985137, 291848.245420151739381 ], [ 12811543.678988263010979, 291837.436123801395297 ], [ 12811507.834112226963043, 291787.28991457563825 ], [ 12811457.740341370925307, 291615.232835917151533 ], [ 12811382.59968508221209, 291486.301601856597699 ], [ 12811350.317032756283879, 291418.214368976943661 ], [ 12811250.129491042345762, 291285.605941926478408 ], [ 12811157.066396735608578, 291181.636565695051104 ], [ 12811132.019511308521032, 291135.056527255743276 ], [ 12811106.972625879570842, 291084.910570203675888 ], [ 12811096.174635272473097, 291023.955397731915582 ], [ 12811092.612411566078663, 290970.24354930582922 ], [ 12811103.29908268339932, 290912.854356450261548 ], [ 12811117.659296995028853, 290866.274407514487393 ], [ 12811149.941949326545, 290805.319330290367361 ], [ 12811207.160167593508959, 290715.725444118317682 ], [ 12811293.09881448559463, 290626.131615270162001 ], [ 12811332.505914226174355, 290536.537843728379812 ], [ 12811350.317032756283879, 290475.582910016877577 ], [ 12811357.552799655124545, 290296.507051514170598 ], [ 12811375.363918183371425, 290110.07673362956848 ], [ 12811389.724132493138313, 290038.42426253145095 ], [ 12811404.084346806630492, 289995.410510516318027 ], [ 12811450.615893959999084, 289913.060384749434888 ], [ 12811522.194326540455222, 289870.046671142394189 ], [ 12811797.821385743096471, 289844.973916698130779 ], [ 12811987.509798055514693, 289809.09202701295726 ], [ 12812209.480862695723772, 289730.307910076575354 ], [ 12812245.325738731771708, 289705.2351805731887 ], [ 12812298.981733296066523, 289629.905584620311856 ], [ 12812327.590842427685857, 289558.253358479065355 ], [ 12812341.951056739315391, 289461.52848282107152 ], [ 12812359.873494757339358, 289404.139907165605109 ], [ 12812392.044827597215772, 289386.310451535100583 ], [ 12812435.014151046052575, 289379.067235830647405 ], [ 12812488.670145604759455, 289389.876342480420135 ], [ 12812567.484345085918903, 289429.324017094331793 ], [ 12812621.140339652076364, 289447.153478177206125 ], [ 12812696.392315428704023, 289443.587585779896472 ], [ 12812997.066260060295463, 289368.369564087770414 ], [ 12813090.129354363307357, 289325.356017166166566 ], [ 12813115.176239790394902, 289300.283359871478751 ], [ 12813151.021115826442838, 289221.388094062393066 ], [ 12813168.832234352827072, 289142.604306373686995 ], [ 12813197.552662977948785, 289088.893177947669756 ], [ 12813201.114886684343219, 289031.504754238936584 ], [ 12813186.75467237085104, 288945.477879389363807 ], [ 12813208.239334093406796, 288834.378482726751827 ], [ 12813236.848443226888776, 288795.042408413661178 ], [ 12813326.349313825368881, 288719.713299573399127 ], [ 12813340.709528136998415, 288680.377257254498545 ], [ 12813344.271751843392849, 288526.264766554581001 ], [ 12813322.787090120837092, 288372.263877479184885 ], [ 12813287.05353357642889, 288253.921774419082794 ], [ 12813254.770881244912744, 288182.270247979497071 ], [ 12813215.363781504333019, 288067.605594658525661 ], [ 12813208.239334093406796, 288006.651730333280284 ], [ 12813229.723995817825198, 287931.434475121204741 ], [ 12813269.131095558404922, 287888.421366422553547 ], [ 12813362.194189861416817, 287823.901727906544693 ], [ 12813412.287960717454553, 287773.756951459508855 ], [ 12813548.32037846930325, 287598.138941177749075 ], [ 12813587.727478208020329, 287562.369055899267551 ], [ 12813623.461034754291177, 287540.862556017236784 ], [ 12813841.869875688105822, 287440.46178891020827 ], [ 12813974.34006973169744, 287415.389466389548033 ], [ 12814049.480726016685367, 287418.955307543976232 ], [ 12814106.810263779014349, 287444.139063253125641 ], [ 12814164.028482045978308, 287483.474761440767907 ], [ 12814285.700685482472181, 287598.138941177749075 ], [ 12814335.905775830149651, 287669.790171588829253 ], [ 12814414.608655821532011, 287741.552871070744004 ], [ 12814507.671750124543905, 287795.263486736337654 ], [ 12814697.471481926739216, 287884.855513438989874 ], [ 12814779.736585622653365, 287909.927919136243872 ], [ 12814894.284341650083661, 287927.8686210528831 ], [ 12815030.316759400069714, 287909.927919136243872 ], [ 12815123.491173194721341, 287877.612374843040016 ], [ 12815334.664247227832675, 287816.770025283040013 ], [ 12815549.399544967338443, 287730.743890714948066 ], [ 12815656.822853583842516, 287694.862539165536873 ], [ 12815846.511265894398093, 287666.224324116541538 ], [ 12815893.154132537543774, 287651.960935125884134 ], [ 12815968.2947888225317, 287594.573095510771964 ], [ 12816007.701888563111424, 287580.19828107644571 ], [ 12816043.435445107519627, 287583.875559048610739 ], [ 12816089.966992259025574, 287601.704786934598815 ], [ 12816154.420977428555489, 287659.092629441409372 ], [ 12816315.500280605629086, 287938.566183527640533 ], [ 12816397.876703793182969, 288149.954641415853985 ], [ 12816437.17248404212296, 288214.47442877170397 ], [ 12816473.017360078170896, 288261.053499102010392 ], [ 12816526.673354642465711, 288307.632584795705043 ], [ 12816609.049777826294303, 288357.888983961718623 ], [ 12816637.658886963501573, 288386.527339160384145 ], [ 12816648.456877566874027, 288422.297432997380383 ], [ 12816584.002892399206758, 288637.36392042262014 ], [ 12816580.440668696537614, 288683.943130326922983 ], [ 12816591.127339811995625, 288805.740036601782776 ], [ 12816630.53443955257535, 288852.31930213526357 ], [ 12816662.705772392451763, 288902.464461663854308 ], [ 12816727.159757560119033, 288959.852832800301258 ], [ 12816913.285946166142821, 289142.604306373686995 ], [ 12816974.177707631140947, 289228.631301650137175 ], [ 12817002.786816764622927, 289293.040148595930077 ], [ 12817128.132563397288322, 289497.298849591345061 ], [ 12817203.273219682276249, 289583.326061761763413 ], [ 12817235.555872013792396, 289611.964666093525011 ], [ 12817289.21186657436192, 289622.773790645995177 ], [ 12817324.945423118770123, 289619.207893794635311 ], [ 12817432.368731735274196, 289586.891957702988293 ], [ 12817482.462502591311932, 289583.326061761763413 ], [ 12817532.667592942714691, 289604.832873029576149 ], [ 12817582.761363796889782, 289683.728353941522073 ], [ 12817632.855134652927518, 289737.439709508151282 ], [ 12817690.073352923616767, 289784.019283449451905 ], [ 12817779.574223520234227, 289837.73067735863151 ], [ 12817847.590432396158576, 289891.553526299016085 ], [ 12817926.404631877318025, 289966.771828012249898 ], [ 12817965.811731617897749, 289999.08785149466712 ], [ 12817997.983064457774162, 290017.028819467057474 ], [ 12818040.952387902885675, 290031.292447814252228 ], [ 12818112.530820483341813, 290034.858355127566028 ], [ 12818159.06236763484776, 290024.160633459454402 ], [ 12818613.691168032586575, 289844.973916698130779 ], [ 12818742.599138375371695, 289787.69661889213603 ], [ 12818835.662232674658298, 289766.189779638021719 ], [ 12818864.271341811865568, 289773.32158089108998 ], [ 12818957.334436111152172, 289855.783059176348615 ], [ 12819043.273083003237844, 289952.508206220867578 ], [ 12819082.680182743817568, 289988.278697984700557 ], [ 12819344.058347126469016, 290171.031508450687397 ], [ 12819444.245888842269778, 290285.697875090932939 ], [ 12819505.137650307267904, 290346.652726231957786 ], [ 12819644.732291761785746, 290454.187400265538599 ], [ 12819712.748500635847449, 290500.767212138453033 ], [ 12819787.889156920835376, 290529.406003679439891 ], [ 12819863.029813205823302, 290540.21519889542833 ], [ 12819923.921574670821428, 290543.781119149643928 ], [ 12819956.204227, 290532.971923658566084 ], [ 12819981.25111242942512, 290500.767212138453033 ], [ 12820077.876430436968803, 290325.14580132329138 ], [ 12820127.97020129673183, 290271.434220879862551 ], [ 12820167.377301035448909, 290242.795482039393391 ], [ 12820221.033295596018434, 290221.288573058322072 ], [ 12820310.534166196361184, 290199.781667374889366 ], [ 12820378.550375072285533, 290196.215755870449357 ], [ 12820460.92679825797677, 290210.479402432159986 ], [ 12820564.676563678309321, 290242.795482039393391 ], [ 12820643.49076315946877, 290260.625046389119234 ], [ 12820804.570066336542368, 290253.493220377247781 ], [ 12820843.977166077122092, 290231.986309755826369 ], [ 12820872.586275210604072, 290196.215755870449357 ], [ 12820911.993374953046441, 290117.319987020804547 ], [ 12821005.05646925419569, 289647.957939735148102 ], [ 12821030.103354683145881, 289447.264912316109985 ], [ 12821090.995116148144007, 289260.947155429632403 ], [ 12821173.371539333835244, 289092.459061357600149 ], [ 12821184.058210451155901, 289035.182070008479059 ], [ 12821180.495986744761467, 288995.734505854430608 ], [ 12821169.697996137663722, 288967.0960269352654 ], [ 12821184.058210451155901, 288888.20094780420186 ], [ 12821212.66731958463788, 288855.996613227704074 ], [ 12821259.198866736143827, 288838.055793350969907 ], [ 12821377.308846469968557, 288827.246729061938822 ], [ 12821416.715946206822991, 288812.983222815149929 ], [ 12821559.872811369597912, 288701.883930590294767 ], [ 12821627.88902024179697, 288666.002332345931791 ], [ 12821703.140996020287275, 288640.929792407376226 ], [ 12821993.128269534558058, 288569.278069507388864 ], [ 12822021.737378669902682, 288547.771416391653474 ], [ 12822043.222040394321084, 288519.133028472249862 ], [ 12822061.144478412345052, 288479.685608715692069 ], [ 12822071.831149527803063, 288418.73156653821934 ], [ 12822096.878034956753254, 288390.093204805918504 ], [ 12822136.285134697332978, 288365.020713895966765 ], [ 12822218.550238393247128, 288347.079956466972362 ], [ 12822261.519561838358641, 288329.139201317855623 ], [ 12822304.488885285332799, 288300.50085776031483 ], [ 12822325.973547007888556, 288275.428382760786917 ], [ 12822351.020432436838746, 288232.415169352723751 ], [ 12822390.42753217741847, 288013.894875540398061 ], [ 12822426.161088721826673, 287741.441438279347494 ], [ 12822422.598865015432239, 287659.092629441409372 ], [ 12822444.08352673985064, 287583.764126381312963 ], [ 12822451.207974150776863, 287540.862556017236784 ], [ 12822436.959079328924417, 287494.283722913241945 ], [ 12822408.349970195442438, 287461.968273542472161 ], [ 12822386.865308471024036, 287415.389466389548033 ], [ 12822383.191765274852514, 287379.508194769558031 ], [ 12822390.42753217741847, 287332.929414733138401 ], [ 12822447.645750444382429, 287207.567941655579489 ], [ 12822483.490626480430365, 287168.120887730096001 ], [ 12822512.099735613912344, 287146.614447699626908 ], [ 12822762.679909391328692, 287028.384801959095057 ], [ 12823027.620297476649284, 286849.201888642506674 ], [ 12823120.683391781523824, 286802.623282808053773 ], [ 12823206.622038673609495, 286777.551073077192996 ], [ 12823249.591362120583653, 286748.801611369592138 ], [ 12823274.638247549533844, 286713.031940396293066 ], [ 12823317.607570994645357, 286558.92159185570199 ], [ 12823349.77890383452177, 286487.270922756695654 ], [ 12823371.263565557077527, 286465.764585893892217 ], [ 12823435.717550726607442, 286419.186105815286282 ], [ 12823471.451107271015644, 286404.811410500260536 ], [ 12823514.420430716127157, 286372.607641001464799 ], [ 12823553.827530458569527, 286322.463377759268042 ], [ 12823589.672406492754817, 286265.076075972581748 ], [ 12823639.766177350655198, 286218.497661646571942 ], [ 12823707.782386224716902, 286182.728124158165883 ], [ 12823743.515942769125104, 286175.485072490817402 ], [ 12823833.016813365742564, 286175.485072490817402 ], [ 12823929.753450866788626, 286193.425554987567011 ], [ 12823986.971669133752584, 286214.931850652152207 ], [ 12824029.940992578864098, 286243.569772725400981 ], [ 12824126.566310588270426, 286268.641888224228751 ], [ 12824223.191628595814109, 286257.944451737392228 ], [ 12824316.366042390465736, 286236.438149568624794 ], [ 12824348.537375232204795, 286218.497661646571942 ], [ 12824391.506698679178953, 286157.544592256832402 ], [ 12824405.755593499168754, 286121.775070095260162 ], [ 12824380.708708070218563, 286071.630895288952161 ], [ 12824309.130275491625071, 285989.17162402626127 ], [ 12824269.723175751045346, 285910.389635157887824 ], [ 12824251.912057220935822, 285842.305094320501667 ], [ 12824251.912057220935822, 285756.280156369495671 ], [ 12824266.272271534428, 285706.136110286752228 ], [ 12824287.756933258846402, 285673.932498886599205 ], [ 12824316.366042390465736, 285652.426284945744555 ], [ 12824402.304689282551408, 285634.48587061802391 ], [ 12824735.149966755881906, 285516.257482361106668 ], [ 12824810.401942532509565, 285476.810897725634277 ], [ 12824856.933489684015512, 285430.232741216896102 ], [ 12824878.418151406571269, 285390.7861803767737 ], [ 12824892.667046228423715, 285340.642262852517888 ], [ 12824885.542598817497492, 285294.064150808437262 ], [ 12824889.104822523891926, 285236.677263335091993 ], [ 12824903.46503683552146, 285179.401829719659872 ], [ 12824949.996583987027407, 285079.002730133011937 ], [ 12825057.419892601668835, 284896.2564925167826 ], [ 12825086.029001737013459, 284810.232124993635807 ], [ 12825143.247220003977418, 284670.49835338111734 ], [ 12825114.638110870495439, 284613.111716398445424 ], [ 12825071.66878742352128, 284548.593563673784956 ], [ 12824885.542598817497492, 284319.270209662616253 ], [ 12824796.041728220880032, 284186.779867894481868 ], [ 12824745.94795736297965, 284043.369518321531359 ], [ 12824731.587743051350117, 283953.779908902652096 ], [ 12824738.823509952053428, 283878.564794975274708 ], [ 12824767.432619087398052, 283753.206359428702854 ], [ 12824799.60395192541182, 283652.808260268880986 ], [ 12824878.418151406571269, 283534.581509910989553 ], [ 12824935.636369675397873, 283459.366615728824399 ], [ 12825003.652578549459577, 283416.354856909310911 ], [ 12825060.982116308063269, 283369.777370952186175 ], [ 12825139.684996297582984, 283315.956993306288496 ], [ 12825171.967648629099131, 283280.188182047219016 ], [ 12825236.310314306989312, 283179.790413584792987 ], [ 12825261.468519225716591, 283122.515802389068995 ], [ 12825290.07762835919857, 282939.772059254173655 ], [ 12825325.811184903606772, 282828.677348378347233 ], [ 12825361.656060939654708, 282742.654220931231976 ], [ 12825393.827393781393766, 282706.885552239138633 ], [ 12825436.796717224642634, 282699.642676483024843 ], [ 12825472.641593262553215, 282706.885552239138633 ], [ 12825497.688478691503406, 282739.088496550626587 ], [ 12825540.657802134752274, 282767.725722975214012 ], [ 12825590.751572990790009, 282789.231503763177898 ], [ 12825651.643334455788136, 282789.231503763177898 ], [ 12825819.847085045650601, 282728.39132393890759 ], [ 12825920.034626759588718, 282685.379783751268405 ], [ 12825973.801940813660622, 282642.368256410758477 ], [ 12826009.535497358068824, 282595.79102108272491 ], [ 12826063.302811410278082, 282549.213800815166906 ], [ 12826142.005691401660442, 282470.322275478974916 ], [ 12826202.897452864795923, 282448.81654230679851 ], [ 12826317.445208892226219, 282423.745095768885221 ], [ 12826442.679636033251882, 282373.602215775696095 ], [ 12826553.665168354287744, 282309.085069174529053 ], [ 12826718.306695239618421, 282197.990844659740105 ], [ 12826750.589347567409277, 282147.848043165286072 ], [ 12826797.120894718915224, 282104.836676213366445 ], [ 12826875.82377471216023, 282076.199581492459401 ], [ 12826915.230874452739954, 282069.068165792094078 ], [ 12827083.545944532379508, 282058.25961454299977 ], [ 12827126.515267977491021, 282061.825322082091589 ], [ 12827155.124377110973001, 282076.199581492459401 ], [ 12827169.373271932825446, 282090.573842334619258 ], [ 12827208.78037167340517, 282169.353731449577026 ], [ 12827233.827257102355361, 282205.233695205068216 ], [ 12827269.672133138403296, 282230.305103747290559 ], [ 12827312.64145658351481, 282248.133663584361784 ], [ 12827366.29745114594698, 282258.942229058535304 ], [ 12827430.751436315476894, 282280.447933906281833 ], [ 12827527.376754323020577, 282352.09649703418836 ], [ 12827573.908301474526525, 282380.733646533044521 ], [ 12827650.017437329515815, 282390.895935971755534 ], [ 12828177.70521953701973, 281511.704546819266398 ], [ 12828171.582647545263171, 279054.405056571180467 ], [ 12826388.021766055375338, 277373.998420496704057 ], [ 12825200.910716235637665, 276974.429729520576075 ], [ 12824869.401272654533386, 276260.646309889270924 ], [ 12824504.273342849686742, 276253.515178604866378 ], [ 12824368.240925101563334, 276246.272623747354373 ], [ 12824264.379840191453695, 276221.202244297019206 ], [ 12824182.114736495539546, 276160.253384042647667 ], [ 12824117.660751326009631, 276128.051894010568503 ], [ 12824038.846551844850183, 276059.971950350096449 ], [ 12823963.705895559862256, 275981.195360825629905 ], [ 12823774.017483247444034, 275619.291569208086003 ], [ 12823702.327731177210808, 275518.899079754250124 ], [ 12823630.74929859675467, 275454.496386590239126 ], [ 12823484.030209731310606, 275235.883993833558634 ], [ 12823416.014000855386257, 275192.874662054062355 ], [ 12823347.997791979461908, 275182.17804262082791 ], [ 12823297.904021123424172, 275189.309122157050297 ], [ 12823251.372473971918225, 275225.18737128993962 ], [ 12823201.167383624240756, 275293.155506863666233 ], [ 12823100.979841910302639, 275404.244477681699209 ], [ 12822986.432085884734988, 275579.847675092052668 ], [ 12822889.80676787532866, 275672.997679263586178 ], [ 12822807.430344689637423, 275730.380785244517028 ], [ 12822692.882588662207127, 275787.652489958389197 ], [ 12822628.428603494539857, 275827.096439590619411 ], [ 12822467.349300315603614, 275888.045162154827267 ], [ 12822392.208644028753042, 275927.377714945410844 ], [ 12822338.441329974681139, 275977.518378184060566 ], [ 12822313.394444547593594, 276020.527938454120886 ], [ 12822306.269997136667371, 276074.345618324994575 ], [ 12822313.394444547593594, 276120.92076914163772 ], [ 12822306.269997136667371, 276160.253384042647667 ], [ 12822266.862897396087646, 276185.435176997154485 ], [ 12822112.908041631802917, 276203.262997619167436 ], [ 12822041.329609049484134, 276217.636679565999657 ], [ 12821880.250305870547891, 276328.726346247072797 ], [ 12821812.234096996486187, 276364.493448331370018 ], [ 12821744.217888122424483, 276364.493448331370018 ], [ 12821701.248564675450325, 276353.796743993996643 ], [ 12821618.983460979536176, 276296.413395444629714 ], [ 12821583.138584945350885, 276239.14149315841496 ], [ 12821482.951043231412768, 276153.12225761602167 ], [ 12821425.621505472809076, 276128.051894010568503 ], [ 12821375.527734614908695, 276120.92076914163772 ], [ 12821289.589087722823024, 276120.92076914163772 ], [ 12821099.900675412267447, 276110.112658669764642 ], [ 12821028.322242831811309, 276095.850411012419499 ], [ 12820974.554928779602051, 276070.780057146330364 ], [ 12820906.538719901815057, 276070.780057146330364 ], [ 12820860.007172752171755, 276077.911179589980748 ], [ 12820813.475625600665808, 276099.415972797432914 ], [ 12820774.179845349863172, 276145.991131534334272 ], [ 12820734.772745607420802, 276181.758189262123778 ], [ 12820681.116751046851277, 276217.636679565999657 ], [ 12820641.709651304408908, 276232.010362914763391 ], [ 12820595.178104152902961, 276239.14149315841496 ], [ 12820444.78547209315002, 276221.202244297019206 ], [ 12820326.675492361187935, 276196.131869111617561 ], [ 12820258.659283487126231, 276214.071114921243861 ], [ 12820205.003288924694061, 276249.838189171161503 ], [ 12820147.673751166090369, 276257.080744203994982 ], [ 12820104.704427719116211, 276239.14149315841496 ], [ 12819957.985338851809502, 276149.556694532046095 ], [ 12819893.531353682279587, 276120.92076914163772 ], [ 12819707.405165076255798, 276059.971950350096449 ], [ 12819546.3258618991822, 275981.195360825629905 ], [ 12819485.43410043604672, 275945.316928057116456 ], [ 12819420.980115266516805, 275930.943272657343186 ], [ 12819356.52613009698689, 275927.377714945410844 ], [ 12819249.102821480482817, 275934.620254137960728 ], [ 12819173.96216519549489, 275923.812157319800463 ], [ 12819127.430618043988943, 275902.307389717025217 ], [ 12819062.976632876321673, 275852.166752040036954 ], [ 12819012.882862018421292, 275827.096439590619411 ], [ 12818941.304429437965155, 275819.965329271974042 ], [ 12818844.679111430421472, 275830.661994879133999 ], [ 12818644.192708512768149, 275830.661994879133999 ], [ 12818583.300947045907378, 275819.965329271974042 ], [ 12818547.456071013584733, 275798.460576803423464 ], [ 12818511.722514469176531, 275784.086935708823148 ], [ 12818479.439862137660384, 275780.521381545520853 ], [ 12818271.829011807218194, 275877.237068748741876 ], [ 12818053.531490361317992, 275920.246599780221004 ], [ 12817971.15506717376411, 275913.115484959736932 ], [ 12817512.964043071493506, 275920.246599780221004 ], [ 12817437.712067294865847, 275916.681042326847091 ], [ 12817287.430754723027349, 275891.610718916170299 ], [ 12817222.976769551634789, 275862.863419981440529 ], [ 12817111.991237230598927, 275791.218044293986168 ], [ 12817051.099475769326091, 275759.016634823929053 ], [ 12816861.411063456907868, 275730.380785244517028 ], [ 12816822.003963714465499, 275716.007150778954383 ], [ 12816793.39485458098352, 275690.936861455556937 ], [ 12816768.347969153895974, 275655.058499250968453 ], [ 12816753.987754840403795, 275604.917945556167979 ], [ 12816757.549978546798229, 275551.211860256793443 ], [ 12816750.425531135872006, 275497.394371129747014 ], [ 12816650.237989421933889, 275382.739785741607193 ], [ 12816589.346227958798409, 275339.730411246768199 ], [ 12816517.767795378342271, 275260.954205951769836 ], [ 12816453.313810208812356, 275200.005742106004618 ], [ 12816403.22003935277462, 275174.935540318780113 ], [ 12816306.483401851728559, 275113.987111915659625 ], [ 12816163.326536692678928, 275060.281204954022542 ], [ 12816095.310327818617225, 275020.837459972884972 ], [ 12816048.778780667111278, 274967.131586813367903 ], [ 12815995.122786104679108, 274888.244157001725398 ], [ 12815837.605706630274653, 274537.151034733571578 ], [ 12815715.93350319378078, 274200.32080737123033 ], [ 12815680.08862715959549, 274146.615231465082616 ], [ 12815554.854200014844537, 274057.031699940562248 ], [ 12815533.36953829228878, 274006.891687224211637 ], [ 12815519.009323980659246, 273949.509248992602807 ], [ 12815519.009323980659246, 273895.80376377212815 ], [ 12815526.133771391585469, 273827.724846707191318 ], [ 12815511.884876569733024, 273777.584911359765101 ], [ 12815465.353329418227077, 273720.202561655023601 ], [ 12815404.461567953228951, 273659.254730973916594 ], [ 12815178.928279606625438, 273555.409490149992052 ], [ 12814770.83102636039257, 273440.756406077533029 ], [ 12814670.643484646454453, 273419.251998783904128 ], [ 12814584.704837754368782, 273408.444085410214029 ], [ 12814548.859961716458201, 273412.009582519007381 ], [ 12814441.547972591593862, 273447.887401928193867 ], [ 12814377.093987422063947, 273487.33072889741743 ], [ 12814312.640002252534032, 273551.843989606190007 ], [ 12814266.108455101028085, 273616.245856345514767 ], [ 12814198.092246226966381, 273648.558222132502124 ], [ 12814140.762708468362689, 273652.123724994191434 ], [ 12814079.982266496866941, 273623.488282549544238 ], [ 12814033.450719345360994, 273573.348416057473514 ], [ 12813983.24562899582088, 273501.592725402733777 ], [ 12813929.589634435251355, 273394.182097829238046 ], [ 12813904.542749006301165, 273329.668905446364079 ], [ 12813893.856077890843153, 273261.590247417392675 ], [ 12813890.182534692808986, 273179.13823188963579 ], [ 12813897.418301595374942, 273057.354459979746025 ], [ 12813897.418301595374942, 273003.537875180772971 ], [ 12813895.225307626649737, 272937.531804735888727 ], [ 12813829.402092721313238, 272756.293814860517159 ], [ 12813807.917430998757482, 272666.711119895393495 ], [ 12813739.901222122833133, 272516.292536564695183 ], [ 12813650.400351526215672, 272362.197211604740005 ], [ 12813589.508590061217546, 272247.545044712896924 ], [ 12813560.899480927735567, 272183.032348061562516 ], [ 12813521.492381187155843, 272143.589365890657064 ], [ 12813457.038396017625928, 272122.085145529068541 ], [ 12813389.022187139838934, 272129.327499191567767 ], [ 12813310.319307152181864, 272122.085145529068541 ], [ 12813245.865321984514594, 272082.753600223106332 ], [ 12813199.333774833008647, 272061.249388606462162 ], [ 12813113.395127937197685, 272064.814853531192057 ], [ 12813020.332033634185791, 272075.511248815339059 ], [ 12812927.268939331173897, 272075.511248815339059 ], [ 12812866.377177868038416, 272057.68392376677366 ], [ 12812812.721183305606246, 272021.806438545405399 ], [ 12812787.674297876656055, 271971.667110255162697 ], [ 12812762.627412447705865, 271885.650346179085318 ], [ 12812716.095865296199918, 271444.982336090062745 ], [ 12812698.173427280038595, 271391.166331593703944 ], [ 12812680.250989262014627, 271366.096770874690264 ], [ 12812583.625671252608299, 271265.818569893133827 ], [ 12812465.51569152250886, 271161.863572285568807 ], [ 12812429.670815486460924, 271118.855416409147438 ], [ 12812418.984144371002913, 271086.655017613316886 ], [ 12812426.108591781929135, 271007.769640745187644 ], [ 12812461.842148324474692, 270907.491679108992685 ], [ 12812479.76458634249866, 270835.848687505989801 ], [ 12812476.202362637966871, 270796.40605973865604 ], [ 12812440.357486601918936, 270728.32855423836736 ], [ 12812386.701492039486766, 270656.685648022801615 ], [ 12812103.949985424056649, 270373.568369579035789 ], [ 12812057.418438272550702, 270301.925632271741051 ], [ 12812010.775571631267667, 270173.01335875375662 ], [ 12812003.651124218478799, 270090.56304286327213 ], [ 12812018.011338530108333, 269997.416524040047079 ], [ 12812021.573562238365412, 269932.90479413815774 ], [ 12812075.229556800797582, 269836.192960594140459 ], [ 12812121.761103952303529, 269660.596518071310129 ], [ 12812139.683541968464851, 269531.68479277624283 ], [ 12812157.605979988351464, 269456.365633423323743 ], [ 12812182.652865417301655, 269277.204233661701437 ], [ 12812182.652865417301655, 269169.796630648081191 ], [ 12812164.730427395552397, 269133.919834191445261 ], [ 12812128.996870851144195, 269090.912257108138874 ], [ 12812100.276442229747772, 269033.643119041225873 ], [ 12812089.58977111056447, 268987.07017838570755 ], [ 12812111.074432836845517, 268922.558879958931357 ], [ 12812193.339536532759666, 268797.101753104885574 ], [ 12812254.231297995895147, 268678.886917850002646 ], [ 12812297.200621442869306, 268571.368321212416049 ], [ 12812318.685283165425062, 268535.603084730682895 ], [ 12812325.809730576351285, 268496.161058021592908 ], [ 12812315.123059460893273, 268381.51183525432134 ], [ 12812307.887292558327317, 268352.877397614298388 ], [ 12812282.840407129377127, 268313.43541843170533 ], [ 12812179.090641709044576, 268213.159246343770064 ], [ 12812057.307118782773614, 268120.013883628533222 ], [ 12811982.166462497785687, 268051.93758410832379 ], [ 12811842.571821041405201, 267869.101061633671634 ], [ 12811799.602497598156333, 267840.466720638098195 ], [ 12811745.946503031998873, 267826.205260987742804 ], [ 12811688.616965277120471, 267818.963114021404181 ], [ 12811649.209865536540747, 267822.528478638676461 ], [ 12811602.678318381309509, 267836.901355600100942 ], [ 12811545.460100114345551, 267836.901355600100942 ], [ 12811380.818573230877519, 267801.02487455989467 ], [ 12811273.395264616236091, 267793.894146417907905 ], [ 12811119.440408850088716, 267797.459510447108187 ], [ 12810829.453135333955288, 267747.321586467558518 ], [ 12810772.234917066991329, 267765.259819591476116 ], [ 12810747.188031638041139, 267793.894146417907905 ], [ 12810722.029826717451215, 267858.404964755056426 ], [ 12810714.905379304662347, 267969.488424243347254 ], [ 12810686.296270173043013, 268008.930314053839538 ], [ 12810643.326946724206209, 268030.433947558631189 ], [ 12810593.233175868168473, 268041.130056549911387 ], [ 12810503.732305269688368, 268037.564686802390497 ], [ 12810428.480329494923353, 268066.199064950167667 ], [ 12810331.855011485517025, 268130.709998930222355 ], [ 12810278.199016926810145, 268141.51753286505118 ], [ 12810235.229693477973342, 268137.952160760236438 ], [ 12810124.24416115693748, 268091.268077489337884 ], [ 12810020.383076246827841, 268102.07560861640377 ], [ 12809845.054878247901797, 268145.082905053568538 ], [ 12809687.537798775359988, 268148.64827732584672 ], [ 12809551.505381027236581, 268134.275370864954311 ], [ 12809447.644296117126942, 268137.952160760236438 ], [ 12809340.220987500622869, 268191.655586957873311 ], [ 12809293.689440347254276, 268248.924406785634346 ], [ 12809186.377451222389936, 268334.939095076173544 ], [ 12809114.687699154019356, 268334.939095076173544 ], [ 12809035.98481916077435, 268317.000794659426901 ], [ 12808989.453272009268403, 268288.366369196795858 ], [ 12808792.52909279614687, 268091.268077489337884 ], [ 12808735.310874529182911, 268048.372214107133914 ], [ 12808677.981336770579219, 268019.626421530556399 ], [ 12808617.200894799083471, 268019.626421530556399 ], [ 12808531.262247905135155, 268033.999317138688639 ], [ 12808481.168477049097419, 268062.633694614109118 ], [ 12808438.19915360212326, 268116.448512028786354 ], [ 12808402.35427756793797, 268216.724620215187315 ], [ 12808370.182944728061557, 268338.504471809254028 ], [ 12808352.260506710037589, 268377.946457510290202 ], [ 12808291.368745246902108, 268406.580899883410893 ], [ 12808209.103641547262669, 268413.823074880987406 ], [ 12808155.336327495053411, 268403.015521550027188 ], [ 12808058.711009485647082, 268367.250324781285599 ], [ 12808008.617238629609346, 268356.44277476897696 ], [ 12807937.038806049153209, 268342.18126665300224 ], [ 12807775.959502872079611, 268327.808341861469671 ], [ 12807657.738203650340438, 268299.173914359009359 ], [ 12807629.129094516858459, 268277.670242783962749 ], [ 12807593.395537972450256, 268231.097534483647905 ], [ 12807532.50377650745213, 268195.220960324106272 ], [ 12807367.862249625846744, 268127.144627079367638 ], [ 12807328.455149885267019, 268098.510237437963951 ], [ 12807281.923602733761072, 268087.702706564625259 ], [ 12807188.860508430749178, 268084.137335723673459 ], [ 12807142.328961279243231, 268087.702706564625259 ], [ 12807020.545438351109624, 268109.206351224565879 ], [ 12806963.327220084145665, 268112.771722654346377 ], [ 12806898.87323491461575, 268080.571964966366068 ], [ 12806769.96526457183063, 267976.619160625850782 ], [ 12806701.949055701494217, 267861.970330297655892 ], [ 12806691.26238458417356, 267793.894146417907905 ], [ 12806698.386831993237138, 267668.549370411376003 ], [ 12806673.339946564286947, 267568.162206536566373 ], [ 12806616.121728297322989, 267019.989294186176267 ], [ 12806598.199290279299021, 266919.713974834245164 ], [ 12806601.76151398383081, 266837.265428319456987 ], [ 12806608.885961394757032, 266801.389182804967277 ], [ 12806626.808399412781, 266758.493682937696576 ], [ 12806659.091051742434502, 266711.810022759076674 ], [ 12806798.685693196952343, 266597.162144631496631 ], [ 12806852.341687763109803, 266547.024615657515824 ], [ 12806873.826349481940269, 266500.452436824096367 ], [ 12806888.186563795432448, 266414.438785017817281 ], [ 12806888.186563795432448, 266367.866646605776623 ], [ 12806920.357896633446217, 266299.791130109049845 ], [ 12806974.12521068751812, 266224.58498919516569 ], [ 12807084.999423520639539, 266113.502801321505103 ], [ 12807110.157628437504172, 266081.192049684352241 ], [ 12807102.921861536800861, 266048.992721221409738 ], [ 12807077.874976109713316, 266027.489367232949007 ], [ 12806666.215499157086015, 265876.965973916929215 ], [ 12806594.637066576629877, 265876.965973916929215 ], [ 12806548.105519423261285, 265891.33866755256895 ], [ 12806515.822867091745138, 265912.842002410790883 ], [ 12806497.90042907372117, 265937.910660851921421 ], [ 12806480.089310547336936, 266045.4273980713333 ], [ 12806480.089310547336936, 266099.130086819466669 ], [ 12806472.853543646633625, 266163.640188064426184 ], [ 12806437.119987102225423, 266242.523043149616569 ], [ 12806397.712887361645699, 266314.163863472815137 ], [ 12806344.056892799213529, 266371.431977274420206 ], [ 12806268.804917022585869, 266428.811529164609965 ], [ 12806218.711146166548133, 266443.07285802642582 ], [ 12806140.008266175165772, 266453.88027219142532 ], [ 12806100.601166434586048, 266453.88027219142532 ], [ 12805932.397415846586227, 266432.376861255266704 ], [ 12805885.754549203440547, 266435.942193429160397 ], [ 12805835.660778347402811, 266446.749607089557685 ], [ 12805782.004783784970641, 266468.253020048781764 ], [ 12805731.911012928932905, 266504.017770586768165 ], [ 12805645.972366034984589, 266586.466137068928219 ], [ 12805599.440818881615996, 266604.404233510780614 ], [ 12805556.471495438367128, 266611.534905973763671 ], [ 12805513.502171989530325, 266597.162144631496631 ], [ 12805481.330839153379202, 266557.832037177868187 ], [ 12805434.799292001873255, 266486.079685936914757 ], [ 12805395.39219226129353, 266367.866646605776623 ], [ 12805234.312889082357287, 265651.236869438842405 ], [ 12805194.905789339914918, 265529.459163920488209 ], [ 12805151.93646589294076, 265482.887294796237256 ], [ 12805058.873371589928865, 265425.508097503450699 ], [ 12805015.904048144817352, 265421.942788865591865 ], [ 12804865.511416083201766, 265447.011366983060725 ], [ 12804804.730974109843373, 265450.688092118303757 ], [ 12804729.478998333215714, 265439.880748790339567 ], [ 12804657.900565754622221, 265396.874214845884126 ], [ 12804597.120123781263828, 265303.730571269989014 ], [ 12804503.945709986612201, 265063.629693333001342 ], [ 12804385.835730256512761, 264716.236140869848896 ], [ 12804375.149059137329459, 264619.4162047271966 ], [ 12804389.39795396104455, 264522.707744767598342 ], [ 12804396.633720863610506, 264494.074030382500496 ], [ 12804410.882615683600307, 264465.328906125214417 ], [ 12804407.320391979068518, 264425.999345587159041 ], [ 12804382.273506550118327, 264322.049025740125217 ], [ 12804342.866406809538603, 264225.340752598538529 ], [ 12804242.678865095600486, 264010.309901976550464 ], [ 12804213.958436470478773, 263927.974334444385022 ], [ 12804199.709541646763682, 263874.160989973926917 ], [ 12804221.194203373044729, 263798.956036915245932 ], [ 12804217.631979666650295, 263770.322457015688997 ], [ 12804199.709541646763682, 263712.943898499011993 ], [ 12804160.302441906183958, 263677.179798059514724 ], [ 12804060.114900195971131, 263641.30429130140692 ], [ 12803863.190720979124308, 263583.925780740217306 ], [ 12803752.205188658088446, 263569.664717345614918 ], [ 12803533.907667214050889, 263580.36051476810826 ], [ 12803279.653950242325664, 263609.105474011565093 ], [ 12802789.291593296453357, 263652.000093686277978 ], [ 12802714.15093701146543, 263630.608489657635801 ], [ 12802574.444976065307856, 263533.789235567266587 ], [ 12802442.08610151335597, 263458.584448321838863 ], [ 12802066.160181105136871, 263300.933050147781614 ], [ 12801969.534863095730543, 263240.100822184234858 ], [ 12801948.050201373174787, 263164.784763577161357 ], [ 12801958.848191980272532, 263068.077215474506374 ], [ 12801987.457301113754511, 262985.742150154314004 ], [ 12801987.457301113754511, 262924.798632043704856 ], [ 12801969.534863095730543, 262863.855137924372684 ], [ 12801933.689987061545253, 262792.215924135001842 ], [ 12801858.549330776557326, 262706.204345752194058 ], [ 12801736.877127340063453, 262620.192815116955899 ], [ 12801636.578266134485602, 262537.857987889903598 ], [ 12801378.873644946143031, 262100.670814718207112 ], [ 12801135.417918581515551, 261857.121103853773093 ], [ 12801038.792600573971868, 261789.047579543781467 ], [ 12800927.807068252936006, 261756.737733918824233 ], [ 12800766.727765075862408, 261749.607286133425077 ], [ 12800580.601576469838619, 261792.612804299889831 ], [ 12800466.053820442408323, 261849.879238148598233 ], [ 12800362.192735532298684, 261932.325113815226359 ], [ 12800208.237879764288664, 262064.907086689549033 ], [ 12800091.909011885523796, 262186.682057284167968 ], [ 12800020.330579306930304, 262251.190520480042323 ], [ 12799955.876594137400389, 262330.071372017264366 ], [ 12799880.735937848687172, 262437.474177850992419 ], [ 12799776.874852942302823, 262541.423229841049761 ], [ 12799676.687311228364706, 262627.434716762742028 ], [ 12799486.887579426169395, 262763.582530691870488 ], [ 12799386.700037710368633, 262867.420387376740109 ], [ 12799200.573849104344845, 263046.574278085900005 ], [ 12799086.026093076914549, 263146.95848288416164 ], [ 12799003.649669891223311, 263182.722460598277394 ], [ 12798892.664137570187449, 263193.529645522183273 ], [ 12798763.867486722767353, 263189.9643885565456 ], [ 12798738.820601293817163, 263200.660159699851647 ], [ 12798728.022610686719418, 263236.535564144898672 ], [ 12798810.3990338742733, 263498.025176622672006 ], [ 12798810.3990338742733, 263573.229983070865273 ], [ 12798781.789924740791321, 263623.366541048511863 ], [ 12798710.10017266869545, 263709.378629547485616 ], [ 12798609.912630956619978, 263784.583538947394118 ], [ 12798427.348666055127978, 263895.664042551536113 ], [ 12798380.817118903622031, 263895.664042551536113 ], [ 12798280.518257696181536, 263863.46517219155794 ], [ 12798230.4244868401438, 263867.030444703239482 ], [ 12798165.97050167247653, 263884.968223278061487 ], [ 12798004.891198495402932, 263963.73849301901646 ], [ 12797936.874989617615938, 263988.806833413196728 ], [ 12797868.858780743554235, 263981.676282841886859 ], [ 12797786.593677047640085, 263942.235430950298905 ], [ 12797740.062129896134138, 263884.968223278061487 ], [ 12797686.29481584392488, 263748.819421907188371 ], [ 12797639.763268692418933, 263684.310334557434544 ], [ 12797564.622612407431006, 263655.67677592713153 ], [ 12797460.761527497321367, 263662.80731143191224 ], [ 12797228.103791739791632, 263709.378629547485616 ], [ 12797131.478473730385303, 263748.819421907188371 ], [ 12797092.071373989805579, 263730.88165916071739 ], [ 12797070.586712263524532, 263691.440871384751517 ], [ 12797070.586712263524532, 263634.173756789881736 ], [ 12797092.071373989805579, 263361.876716451952234 ], [ 12797124.242706829681993, 263150.523738858406432 ], [ 12797127.916250025853515, 263086.014901281741913 ], [ 12797113.556035712361336, 263014.375584681867622 ], [ 12797088.50915028527379, 262967.804475969809573 ], [ 12797031.179612526670098, 262921.233381270023528 ], [ 12796898.709418479353189, 262856.724639265798032 ], [ 12796759.114777024835348, 262828.091233896440826 ], [ 12796709.021006168797612, 262792.215924135001842 ], [ 12796669.613906428217888, 262734.837728590064216 ], [ 12796651.69146841019392, 262634.565204867452849 ], [ 12796655.365011606365442, 262455.411790636833757 ], [ 12796669.613906428217888, 262247.625285199319478 ], [ 12796666.051682721823454, 262197.489172737870831 ], [ 12796637.442573588341475, 262165.179242175887339 ], [ 12796465.565279804170132, 262132.980731856601778 ], [ 12796368.939961794763803, 262089.975119491253281 ], [ 12796300.9237529207021, 262032.59718371310737 ], [ 12796250.829982064664364, 261935.890341857651947 ], [ 12796218.547329735010862, 261821.246018587407889 ], [ 12796218.547329735010862, 261738.800201831996674 ], [ 12796250.829982064664364, 261495.251057826390024 ], [ 12796315.172647742554545, 261212.150724776904099 ], [ 12796318.846190938726068, 261129.70523061309359 ], [ 12796293.799305509775877, 261033.110362520004855 ], [ 12796225.560457654297352, 260814.630149155185791 ], [ 12796189.938220599666238, 260492.091076489974512 ], [ 12796168.453558877110481, 260384.578200259740697 ], [ 12796111.124021118506789, 260226.929919589834753 ], [ 12796071.828240869566798, 260187.490021220932249 ], [ 12796046.781355438753963, 260137.354571546049556 ], [ 12796046.781355438753963, 260054.909644786181161 ], [ 12796039.545588538050652, 259972.576173428969923 ], [ 12795957.280484843999147, 259761.116387172718532 ], [ 12795882.028509063646197, 259592.773210258135805 ], [ 12795842.732728816568851, 259460.193337138160132 ], [ 12795781.840967353433371, 259377.748766661505215 ], [ 12795728.184972791001201, 259277.478401482017944 ], [ 12795703.026767872273922, 259173.531523855752312 ], [ 12795720.949205886572599, 259005.18897728837328 ], [ 12795835.496961915865541, 258647.002093922928907 ], [ 12795831.934738209471107, 258568.12310134593281 ], [ 12795771.042976742610335, 258410.476645621733041 ], [ 12795756.79408192448318, 258320.902334013109794 ], [ 12795760.356305627152324, 258231.328073325916193 ], [ 12795878.466285360977054, 257865.901268414658261 ], [ 12795874.904061656445265, 257779.89239956397796 ], [ 12795856.981623638421297, 257701.125251185148954 ], [ 12795853.419399933889508, 257615.116472076479113 ], [ 12795885.590732771903276, 257500.475309501693118 ], [ 12795996.576265092939138, 257360.766949725395534 ], [ 12796082.51491198502481, 257314.197523895127233 ], [ 12796254.392205769196153, 257260.386458011984359 ], [ 12796444.080618081614375, 257185.184688524488593 ], [ 12796565.864141007885337, 257092.04595392261399 ], [ 12796945.240965630859137, 256654.87396499159513 ], [ 12797031.179612526670098, 256622.676585344073828 ], [ 12797156.525359159335494, 256565.412057760346215 ], [ 12797228.103791739791632, 256497.34082715207478 ], [ 12797299.682224318385124, 256400.525984816398704 ], [ 12797399.869766032323241, 256336.131335270678392 ], [ 12797571.747059816494584, 256203.554197840770939 ], [ 12797729.264139289036393, 256124.676424035191303 ], [ 12797904.70365677960217, 256056.605382350884611 ], [ 12797969.157641949132085, 256006.471245905209798 ], [ 12798027.266416143625975, 255921.655463952047285 ], [ 12798040.736074527725577, 255841.697162133379607 ], [ 12798008.453422198072076, 255572.978738422592869 ], [ 12797933.312765913084149, 255404.528614489448955 ], [ 12797804.40479557402432, 255207.558060469775228 ], [ 12797621.840830674394965, 254974.602815360150998 ], [ 12797571.747059816494584, 254920.903950078383787 ], [ 12797435.714642068371177, 254820.636407644458814 ], [ 12797360.57398578338325, 254795.569531871529762 ], [ 12797081.273383380845189, 254627.120228688785573 ], [ 12796948.914508827030659, 254533.982991767959902 ], [ 12796859.413638230413198, 254412.21393488792819 ], [ 12796780.599438751116395, 254283.203452407120494 ], [ 12796701.896558757871389, 254208.003089607955189 ], [ 12796605.271240750327706, 254186.501362738228636 ], [ 12796476.363270411267877, 254175.694796437892364 ], [ 12796368.939961794763803, 254197.196521856501931 ], [ 12796229.345320342108607, 254233.069873282802291 ], [ 12795824.810290798544884, 254390.712180584698217 ], [ 12795742.545187102630734, 254401.407353348447941 ], [ 12795667.29321132786572, 254401.407353348447941 ], [ 12795606.512769350782037, 254408.648876979830675 ], [ 12795534.823017280548811, 254444.410867719532689 ], [ 12795456.120137289166451, 254473.042747688275995 ], [ 12795380.979481004178524, 254480.284274562553037 ], [ 12795320.087719541043043, 254465.912629240250681 ], [ 12795187.617525497451425, 254340.578567784308689 ], [ 12795055.147331453859806, 254268.831824786175275 ], [ 12794911.990466292947531, 254218.698250162560726 ], [ 12794786.644719660282135, 254204.438036248553544 ], [ 12794661.410292515531182, 254225.939765527058626 ], [ 12794561.111431311815977, 254261.701715437608073 ], [ 12794503.893213046714664, 254254.571606406621868 ], [ 12794457.361665895208716, 254218.698250162560726 ], [ 12794417.954566154628992, 254150.628021744865691 ], [ 12794407.267895037308335, 254050.360962203645613 ], [ 12794403.594351841136813, 253889.153943568089744 ], [ 12794357.062804689630866, 253742.207258552312851 ], [ 12794285.484372107312083, 253609.743682880856795 ], [ 12794224.703930133953691, 253541.673713018157287 ], [ 12794049.264412645250559, 253401.85741699571372 ], [ 12793916.79421860165894, 253312.397332875843858 ], [ 12793859.464680843055248, 253226.39092287470703 ], [ 12793812.933133691549301, 253093.816365472390316 ], [ 12793762.83936283364892, 253011.37509917881107 ], [ 12793633.931392496451735, 252882.365742922003847 ], [ 12793562.352959915995598, 252800.035991904878756 ], [ 12793526.619403371587396, 252749.791469007643173 ], [ 12793487.212303631007671, 252721.159896453114925 ], [ 12793369.102323899045587, 252667.461785775580211 ], [ 12793258.116791578009725, 252599.392214771971339 ], [ 12793086.239497791975737, 252473.948203431762522 ], [ 12792910.911299793049693, 252359.310733137244824 ], [ 12792756.956444025039673, 252216.041861482372042 ], [ 12792692.502458857372403, 252140.842465757828904 ], [ 12792638.846464294940233, 252065.531698630482424 ], [ 12792581.516926536336541, 252015.39881099309423 ], [ 12792474.093617919832468, 251940.199508714315016 ], [ 12792423.999847063794732, 251893.631662038707873 ], [ 12792402.515185341238976, 251847.063828783895588 ], [ 12792377.468299912288785, 251746.686798426992027 ], [ 12792341.734743367880583, 251671.487621179199778 ], [ 12792309.452091038227081, 251617.789859714306658 ], [ 12792252.233872769400477, 251571.222105905384524 ], [ 12792126.888126136735082, 251524.654365500085987 ], [ 12791879.870176067575812, 251485.21662453666795 ], [ 12791726.026639791205525, 251417.147551864967681 ], [ 12791643.650216601788998, 251367.014865253615426 ], [ 12791589.994222039356828, 251349.078507814119803 ], [ 12791414.554704550653696, 251334.707142106693937 ], [ 12791350.100719381123781, 251313.205798894865438 ], [ 12791282.084510505199432, 251309.640809622651432 ], [ 12791242.677410764619708, 251316.882194164034445 ], [ 12791192.583639908581972, 251338.272131930658361 ], [ 12791153.176540168002248, 251374.144846402690746 ], [ 12791117.442983623594046, 251438.648908879607916 ], [ 12791027.94211302511394, 251664.357626929238904 ], [ 12790974.174798972904682, 251750.363203544635326 ], [ 12790916.956580704078078, 251814.756009768752847 ], [ 12790866.862809846177697, 251861.323833714006469 ], [ 12790784.48638666048646, 251915.133082400483545 ], [ 12790691.42329235561192, 251958.135931708326098 ], [ 12789761.237627288326621, 252902.307596932572778 ], [ 12788869.568506034091115, 251914.910269739542855 ], [ 12787487.203069362789392, 252300.265226296032779 ], [ 12786599.541449779644608, 252983.077701299451292 ], [ 12785797.818477084860206, 252008.268801570957294 ], [ 12785597.332074167206883, 251936.634505623573205 ], [ 12785504.268979864194989, 251893.631662038707873 ], [ 12785332.391686076298356, 251746.798204641323537 ], [ 12785260.813253495842218, 251696.554009709449019 ], [ 12785200.032811524346471, 251667.922624014900066 ], [ 12785153.501264372840524, 251657.227632993541192 ], [ 12785096.171726614236832, 251657.227632993541192 ], [ 12784953.014861453324556, 251714.490405664924765 ], [ 12784902.92109059728682, 251718.055403855745681 ], [ 12784856.27822395414114, 251703.795411563827656 ], [ 12784766.77735335752368, 251610.659867831447627 ], [ 12784713.12135879509151, 251585.482086509087821 ], [ 12784627.182711903005838, 251556.85072047484573 ], [ 12784419.571861574426293, 251531.784353592753178 ], [ 12784168.99168779887259, 251528.219359507056652 ], [ 12784011.474608324468136, 251495.911604187160265 ], [ 12783957.818613763898611, 251460.150268750207033 ], [ 12782840.170926200225949, 250997.370334917679429 ], [ 12782150.212722262367606, 251681.291363786178408 ], [ 12782053.030806800350547, 252368.446077635890106 ], [ 12781262.551102675497532, 252364.101218602474546 ], [ 12780378.006428834050894, 251359.884884418657748 ], [ 12780270.583120217546821, 251352.643497954442864 ], [ 12780066.534493591636419, 251277.444503812643234 ], [ 12779980.707166191190481, 251234.441835446312325 ], [ 12779755.173877844586968, 251044.606358115503099 ], [ 12779719.329001808539033, 250983.667434536502697 ], [ 12779694.282116379588842, 250876.160979848296847 ], [ 12779669.235230952501297, 250804.527184823935386 ], [ 12779637.063898112624884, 250743.588351428566966 ], [ 12779458.062156917527318, 250593.190962879656581 ], [ 12779433.015271488577127, 250532.252208799443906 ], [ 12779420.436169028282166, 250461.844024137360975 ], [ 12779463.405492477118969, 250325.706766251096269 ], [ 12779495.576825315132737, 250196.699551772704581 ], [ 12779513.499263333156705, 250164.503466704190942 ], [ 12779552.906363071873784, 250114.37116699735634 ], [ 12779581.515472207218409, 250092.869985411234666 ], [ 12779663.891895394772291, 250060.562515829806216 ], [ 12779692.501004526391625, 250031.931418836291414 ], [ 12779706.861218838021159, 250010.430248140415642 ], [ 12779706.861218838021159, 249978.234199920872925 ], [ 12779688.938780823722482, 249877.85832574419328 ], [ 12779692.501004526391625, 249795.530102199147223 ], [ 12779713.985666252672672, 249720.220423992694123 ], [ 12779756.954989697784185, 249630.650970364251407 ], [ 12779789.126322533935308, 249569.823981402849313 ], [ 12779821.4089748673141, 249523.145410021330463 ], [ 12779846.455860296264291, 249498.079356916103279 ], [ 12779867.940522018820047, 249458.753512472292641 ], [ 12779860.704755116254091, 249412.186377484322293 ], [ 12779832.095645982772112, 249319.052147370908642 ], [ 12779810.610984260216355, 249225.806565904495073 ], [ 12779771.203884519636631, 249143.47867144580232 ], [ 12779692.501004526391625, 249050.34459457610501 ], [ 12779617.360348241403699, 248996.536294452060247 ], [ 12779595.875686520710588, 248971.470322181092342 ], [ 12779538.546148762106895, 248874.771407385007478 ], [ 12779492.014601606875658, 248831.769373781542527 ], [ 12779456.281045062467456, 248810.268361219379585 ], [ 12779406.075954714789987, 248788.767351483227685 ], [ 12779348.857736447826028, 248745.765340488083893 ], [ 12779244.996651537716389, 248652.631490130588645 ], [ 12779180.542666368186474, 248580.998672380548669 ], [ 12779119.762224396690726, 248523.737002348090755 ], [ 12779019.463363191112876, 248448.427910373051418 ], [ 12778944.322706906124949, 248401.861063131102128 ], [ 12778768.883189415559173, 248269.401849909918383 ], [ 12778715.227194853127003, 248208.46396354251192 ], [ 12778665.133423997089267, 248108.089176316949306 ], [ 12778539.787677364423871, 247893.191530890442664 ], [ 12778471.771468490362167, 247792.816936486779014 ], [ 12778446.724583061411977, 247721.184494303917745 ], [ 12778446.724583061411977, 247674.617853461444611 ], [ 12778457.411254176869988, 247628.051225814269856 ], [ 12778489.69390650652349, 247574.354795957566239 ], [ 12778539.787677364423871, 247513.417167552281171 ], [ 12778575.632553398609161, 247438.219942419644212 ], [ 12778586.319224515929818, 247377.282364455168135 ], [ 12778571.959010202437639, 247312.779907066724263 ], [ 12778536.225453658029437, 247248.38887810180313 ], [ 12778475.333692194893956, 247169.51547209880664 ], [ 12778450.286806765943766, 247108.577993613434955 ], [ 12778439.600135650485754, 247054.88173326823744 ], [ 12778461.084797373041511, 246822.049603491497692 ], [ 12778457.411254176869988, 246768.353436492296169 ], [ 12778439.600135650485754, 246696.610037326347083 ], [ 12778375.146150480955839, 246553.346137923828792 ], [ 12778364.348159873858094, 246474.584467039065203 ], [ 12778364.348159873858094, 246395.711431154166348 ], [ 12778393.068588495254517, 246266.81871203990886 ], [ 12778410.879707025364041, 246159.315354228281649 ], [ 12778425.23992133885622, 246055.376941061811522 ], [ 12778428.802145039662719, 245973.05063443563995 ], [ 12778407.317483320832253, 245869.112338290142361 ], [ 12778400.19303590990603, 245790.350993357424159 ], [ 12778410.879707025364041, 245568.215237861906644 ], [ 12778407.317483320832253, 245457.147471775533631 ], [ 12778393.068588495254517, 245410.581469614553498 ], [ 12778371.58392677642405, 245371.145200497761834 ], [ 12778292.769727291539311, 245303.078667665628018 ], [ 12778228.315742122009397, 245256.512708754104096 ], [ 12777193.82371417991817, 244875.184785421006382 ], [ 12777488.375086821615696, 244090.919762822974008 ], [ 12777681.737042330205441, 242322.772135775303468 ], [ 12777369.229835823178291, 240710.82413521502167 ], [ 12777364.977431278675795, 240688.934276999003487 ], [ 12777281.543472927063704, 240258.545706099655945 ], [ 12777277.98124922066927, 238784.973021184501704 ], [ 12777866.972675008699298, 237216.39184256651788 ], [ 12779543.110247882083058, 235850.342098907247419 ], [ 12780410.177761672064662, 234495.219852744718082 ], [ 12780478.193970547989011, 234233.77660761057632 ], [ 12780517.601070288568735, 234122.716259962209733 ], [ 12780560.570393733680248, 234043.848974928812822 ], [ 12780603.539717180654407, 234004.415345826331759 ], [ 12780625.024378903210163, 233943.594003214268014 ], [ 12780642.946816921234131, 233868.291418011824135 ], [ 12780621.462155198678374, 233803.905505618080497 ], [ 12780578.492831751704216, 233732.167596674757078 ], [ 12780510.476622877642512, 233671.346349200350232 ], [ 12780345.83509599417448, 233574.544810481456807 ], [ 12780224.051573066040874, 233445.66183261165861 ], [ 12780177.520025912672281, 233413.357557502167765 ], [ 12780113.066040743142366, 233395.534511727950303 ], [ 12780005.642732128500938, 233384.729291114315856 ], [ 12779894.76851929910481, 233366.794854253996164 ], [ 12779801.594105504453182, 233327.361378450412303 ], [ 12779744.375887237489223, 233277.234091569058364 ], [ 12779697.844340085983276, 233227.106819090055069 ], [ 12779576.172136649489403, 232958.42488396220142 ], [ 12779543.889484317973256, 232872.428929023240926 ], [ 12779504.482384577393532, 232825.866370044765063 ], [ 12779461.513061132282019, 232797.238199988001725 ], [ 12779414.981513980776072, 232786.544410041038645 ], [ 12779364.88774312287569, 232797.238199988001725 ], [ 12779311.231748560443521, 232815.172578346624505 ], [ 12779182.323778223246336, 232879.669519452523673 ], [ 12779135.792231071740389, 232883.234117927931948 ], [ 12779082.136236509308219, 232868.864330768352374 ], [ 12779053.415807884186506, 232850.929946900781943 ], [ 12779021.244475044310093, 232804.367393649357837 ], [ 12779003.32203702814877, 232743.546469564811559 ], [ 12778992.635365908965468, 232578.683997831511078 ], [ 12778942.541595051065087, 232431.867413892876357 ], [ 12778899.572271607816219, 232378.175795580493286 ], [ 12778842.242733847349882, 232342.30713027738966 ], [ 12778806.397857815027237, 232313.679039327776991 ], [ 12778770.664301266893744, 232263.440649786294671 ], [ 12778752.741863248869777, 232216.87825282884296 ], [ 12778749.179639546200633, 232173.88045227053226 ], [ 12778763.539853859692812, 232116.62433007589425 ], [ 12778788.586739288643003, 232066.497390197124332 ], [ 12778820.758072126656771, 232027.064207561459625 ], [ 12778892.336504707112908, 231973.372713253658731 ], [ 12779017.682251339778304, 231855.073254729359178 ], [ 12779135.792231071740389, 231769.189234510762617 ], [ 12779210.932887356728315, 231736.996661880897591 ], [ 12779250.33998709730804, 231711.821851410029922 ], [ 12779307.669524855911732, 231704.692702197819017 ], [ 12779354.201072007417679, 231704.692702197819017 ], [ 12779404.294842863455415, 231719.0623938748613 ], [ 12779461.513061132282019, 231708.257276767748408 ], [ 12779490.233489755541086, 231683.193863356602378 ], [ 12779511.718151479959488, 231636.631620378466323 ], [ 12779525.967046299949288, 231565.005993188126013 ], [ 12779619.030140602961183, 231328.630491240619449 ], [ 12779661.999464049935341, 231260.569555000081891 ], [ 12779762.298325253650546, 231120.771806155884406 ], [ 12779973.471399292349815, 230841.399426168209175 ], [ 12780048.612055577337742, 230751.839953108952614 ], [ 12780105.941593332216144, 230658.71597213568748 ], [ 12780156.03536419197917, 230551.222442767233588 ], [ 12780213.364901950582862, 230400.731611612049164 ], [ 12780227.613796768710017, 230307.607815843599383 ], [ 12780306.427996253594756, 229999.609008243336575 ], [ 12780338.599329089745879, 229942.353592816158198 ], [ 12780356.521767109632492, 229874.293191178556299 ], [ 12780356.521767109632492, 229820.490960937546333 ], [ 12780342.161552798002958, 229791.863279873970896 ], [ 12780313.552443660795689, 229755.995141258928925 ], [ 12780263.458672806620598, 229723.802936077903723 ], [ 12780016.440722735598683, 229645.049019341124222 ], [ 12779919.815404726192355, 229627.114963986881776 ], [ 12779733.577896630391479, 229609.180910447146744 ], [ 12779658.437240343540907, 229591.246858722064644 ], [ 12779558.249698631465435, 229555.490152312500868 ], [ 12779450.826390014961362, 229501.688018873654073 ], [ 12779343.403081400319934, 229455.126351351238554 ], [ 12779078.57401280105114, 229365.567580241156975 ], [ 12779021.244475044310093, 229358.438525776960887 ], [ 12778967.588480480015278, 229365.567580241156975 ], [ 12778720.570530410856009, 229415.693752530321945 ], [ 12778659.678768945857882, 229405.000167920283275 ], [ 12778631.069659812375903, 229387.066136844048742 ], [ 12778609.584998089820147, 229362.003052973304875 ], [ 12778602.34923118725419, 229301.07192606019089 ], [ 12778613.147221798077226, 229225.882721498259343 ], [ 12778659.678768945857882, 229096.891538059309823 ], [ 12778691.850101785734296, 228935.708386071317364 ], [ 12778702.648092392832041, 228828.215902229188941 ], [ 12778709.772539805620909, 228283.736836327268975 ], [ 12778745.617415837943554, 228187.049647539155558 ], [ 12778792.148962989449501, 228122.554420567961643 ], [ 12778863.727395573630929, 227993.564036566211144 ], [ 12779039.166913062334061, 227760.757793560653226 ], [ 12779246.777763392776251, 227381.028069917374523 ], [ 12779303.99598165974021, 227305.839675203635124 ], [ 12779407.857066569849849, 227216.281984035391361 ], [ 12779447.264166310429573, 227173.285396972496528 ], [ 12779472.311051739379764, 227119.595372693001991 ], [ 12779486.671266051009297, 227062.229493158229161 ], [ 12779490.233489755541086, 226958.414006384788081 ], [ 12779504.482384577393532, 226840.229281829990214 ], [ 12779533.202813202515244, 226743.542873270285781 ], [ 12779561.811922335997224, 226696.870535704802023 ], [ 12779576.172136649489403, 226661.114409406349296 ], [ 12779679.921902067959309, 226607.424538430612301 ], [ 12779891.094976101070642, 226521.431666489806958 ], [ 12779962.784728175029159, 226471.194917084241752 ], [ 12779987.831613603979349, 226435.438835707929684 ], [ 12780002.191827915608883, 226403.135839957481949 ], [ 12780012.87849903292954, 226270.693618062563473 ], [ 12780052.285598769783974, 226016.280069236236159 ], [ 12780148.910916781052947, 225647.358783987525385 ], [ 12780145.348693072795868, 225529.174920798366657 ], [ 12780163.271131094545126, 225450.311462314799428 ], [ 12780181.193569108843803, 225400.186400679289363 ], [ 12780213.364901950582862, 225342.932458413648419 ], [ 12780263.458672806620598, 225292.696037640067516 ], [ 12780320.78821056522429, 225256.940190123568755 ], [ 12780363.757534012198448, 225239.006574563391041 ], [ 12780456.820628315210342, 225224.637405616493197 ], [ 12780499.489389134570956, 225222.710377619776409 ], [ 12780546.321498913690448, 225228.201850520039443 ], [ 12780578.492831751704216, 225239.006574563391041 ], [ 12780610.664164591580629, 225260.504635664372472 ], [ 12780660.869254939258099, 225317.758551800536225 ], [ 12780771.854787260293961, 225479.049837263097288 ], [ 12780821.948558116331697, 225536.303822698682779 ], [ 12780872.042328972369432, 225572.171114657918224 ], [ 12781022.434961033985019, 225632.989582537789829 ], [ 12781119.060279043391347, 225679.550254956848221 ], [ 12781348.155791098251939, 225772.783025102689862 ], [ 12781444.781109105795622, 225783.476392502576346 ], [ 12781509.235094275325537, 225779.911936632095603 ], [ 12781545.079970311373472, 225772.783025102689862 ], [ 12781587.937974262982607, 225754.849358282925095 ], [ 12781638.143064610660076, 225744.044603358430322 ], [ 12781691.799059174954891, 225747.609058519708924 ], [ 12781723.970392014831305, 225765.542724619037472 ], [ 12781802.784591495990753, 225837.166017579264008 ], [ 12781917.332347521558404, 225873.033369384938851 ], [ 12781996.035227512940764, 225873.033369384938851 ], [ 12782132.067645262926817, 225851.535235302639194 ], [ 12782185.834959315136075, 225837.166017579264008 ], [ 12782235.928730171173811, 225812.103431268740678 ], [ 12782271.662286715582013, 225801.410062170529272 ], [ 12782303.94493904709816, 225801.410062170529272 ], [ 12782339.678495591506362, 225812.103431268740678 ], [ 12782397.008033350110054, 225847.970778086077189 ], [ 12782522.242460491135716, 225959.025931367155863 ], [ 12782715.604416, 226109.401624189136783 ], [ 12782812.229734007269144, 226209.763545372261433 ], [ 12782883.808166589587927, 226256.324366884655319 ], [ 12783002.029465813189745, 226306.449666673725005 ], [ 12783180.919887516647577, 226306.449666673725005 ], [ 12783227.451434668153524, 226317.254455347399926 ], [ 12783256.171863293275237, 226338.752645051776199 ], [ 12783270.532077604904771, 226367.379772119864356 ], [ 12783288.343196131289005, 226449.808101200440433 ], [ 12783324.188072167336941, 226539.365409701917088 ], [ 12783360.032948203384876, 226589.490788423689082 ], [ 12783399.328728452324867, 226618.117955436173361 ], [ 12783474.580704228952527, 226657.549936147028347 ], [ 12783635.660007406026125, 226711.239822111121612 ], [ 12783764.456658253446221, 226747.107348237012047 ], [ 12783853.957528851926327, 226782.974881530768471 ], [ 12783975.741051780059934, 226851.034102612844435 ], [ 12784158.305016683414578, 226944.156090149306692 ], [ 12784405.322966752573848, 227105.337443637428805 ], [ 12784659.46536423265934, 227248.585126183461398 ], [ 12784799.060005687177181, 227288.017245530732907 ], [ 12784995.984184900298715, 227295.146217186993454 ], [ 12785089.047279203310609, 227313.080037764913868 ], [ 12785189.234820917248726, 227341.707320298271952 ], [ 12785275.173467809334397, 227399.073289348219987 ], [ 12785436.252770986407995, 227524.387363370595267 ], [ 12785536.440312702208757, 227588.882374350156169 ], [ 12785604.456521578133106, 227678.440252008615062 ], [ 12785690.395168470218778, 227742.935318560805172 ], [ 12785751.286929933354259, 227775.127165323676309 ], [ 12785783.458262773230672, 227778.691660823620623 ], [ 12785837.22557682543993, 227760.757793560653226 ], [ 12785894.443795094266534, 227710.632087153906468 ], [ 12785973.257994575425982, 227656.941901662648888 ], [ 12786048.398650860413909, 227592.446866136131575 ], [ 12786259.571724895387888, 227316.644524056609953 ], [ 12786327.587933769449592, 227270.08342746301787 ], [ 12786388.479695232585073, 227241.456156380882021 ], [ 12786624.699654698371887, 227209.153015518502798 ], [ 12786717.874068493023515, 227216.393374170700554 ], [ 12786886.077819081023335, 227273.647912898624782 ], [ 12787740.566230408847332, 227329.899958076246548 ], [ 12788243.997495573014021, 226981.649956679146271 ], [ 12788661.367662403732538, 226322.82393429876538 ], [ 12788637.690006712451577, 225468.913433173758676 ], [ 12788441.545063937082887, 224647.9779786177387 ], [ 12788359.168640745803714, 224597.853139349084813 ], [ 12788301.950422478839755, 224569.22629292102647 ], [ 12788201.651561273261905, 224476.105531925859395 ], [ 12788158.682237828150392, 224447.367316301621031 ], [ 12788094.228252658620477, 224418.740493638411863 ], [ 12788026.212043784558773, 224408.047206954594003 ], [ 12787868.694964312016964, 224425.869351777888369 ], [ 12787815.038969749584794, 224408.047206954594003 ], [ 12787657.521890277042985, 224368.615717757260427 ], [ 12787457.035487357527018, 224296.993006478704046 ], [ 12787342.487731333822012, 224246.868264236254618 ], [ 12787306.754174785688519, 224225.370323472190648 ], [ 12787281.707289360463619, 224185.938873974257149 ], [ 12787256.660403931513429, 224078.449231688660802 ], [ 12787249.424637027084827, 224003.262214017799124 ], [ 12787252.986860735341907, 223949.573133034835337 ], [ 12787278.14506565220654, 223842.083630598470336 ], [ 12787346.161274528130889, 223605.718336794932839 ], [ 12787389.019278485327959, 223490.988827955938177 ], [ 12787406.941716499626637, 223387.175392933771946 ], [ 12787421.301930813118815, 223197.259337093797512 ], [ 12787435.550825636833906, 223100.574875570804579 ], [ 12787424.864154521375895, 222917.899304719816428 ], [ 12787396.255045384168625, 222831.908184650063049 ], [ 12787356.847945643588901, 222753.157285078166751 ], [ 12787321.003069607540965, 222695.792789786326466 ], [ 12787263.784851340577006, 222319.749476062512258 ], [ 12787224.377751599997282, 222165.701149750413606 ], [ 12787174.283980742096901, 222047.408162820385769 ], [ 12787031.127115583047271, 221918.533498419827083 ], [ 12786963.110906708985567, 221832.542847919219639 ], [ 12786970.235354118049145, 221789.547537784499582 ], [ 12786991.720015842467546, 221757.35675518552307 ], [ 12787045.376010404899716, 221635.49965696837171 ], [ 12787056.174001011997461, 221578.246898345998488 ], [ 12787052.500457817688584, 221535.251647768192925 ], [ 12787038.251562993973494, 221499.385151098744245 ], [ 12786959.548683002591133, 221417.070453847176395 ], [ 12786819.842722058296204, 221309.582440537604271 ], [ 12786784.109165513888001, 221252.329783447697992 ], [ 12786780.546941807493567, 221112.651196750113741 ], [ 12786769.748951200395823, 221058.851578001369489 ], [ 12786716.092956637963653, 221012.292086267640116 ], [ 12786121.869514781981707, 220732.935383002593881 ], [ 12785881.976012125611305, 220625.447769061138388 ], [ 12785767.428256098181009, 220553.826523249823367 ], [ 12785717.334485240280628, 220496.462715005938662 ], [ 12785685.051832910627127, 220417.712816997256596 ], [ 12785674.365161795169115, 220335.287217151024379 ], [ 12785677.927385499700904, 220285.163559554930544 ], [ 12785692.287599813193083, 220220.671140119549818 ], [ 12785742.381370669230819, 220109.619479256100021 ], [ 12785720.896708946675062, 220059.495882861723658 ], [ 12785617.035624036565423, 220016.500986556784483 ], [ 12785574.066300589591265, 219959.248730825289385 ], [ 12785541.894967751577497, 219937.75129307329189 ], [ 12785491.689877402037382, 219923.382540735299699 ], [ 12785448.831873448565602, 219894.756425061728805 ], [ 12785423.673668527975678, 219851.761567038367502 ], [ 12785384.377888279035687, 219819.571122879540781 ], [ 12785212.500594493001699, 219805.202379715832649 ], [ 12785155.282376226037741, 219783.704959855269408 ], [ 12785097.952838467434049, 219740.710127621481661 ], [ 12785044.296843905001879, 219683.346571659698384 ], [ 12784879.655317023396492, 219565.166563811915694 ], [ 12784854.608431594446301, 219518.607448519644095 ], [ 12784836.685993574559689, 219436.182249162142398 ], [ 12784836.685993574559689, 219296.505035502108512 ], [ 12784911.82664986141026, 218963.463299390277825 ], [ 12784911.82664986141026, 218913.340012868196936 ], [ 12784901.139978745952249, 218859.541033704852453 ], [ 12784858.170655300840735, 218734.232912766368827 ], [ 12784800.841117542237043, 218329.460412250336958 ], [ 12784790.154446424916387, 218211.281265209603589 ], [ 12784790.154446424916387, 218107.359419278247515 ], [ 12784800.841117542237043, 218007.113320492120693 ], [ 12784822.32577926106751, 217942.621692064363742 ], [ 12784833.123769871890545, 217863.872877192829037 ], [ 12784833.123769871890545, 217781.337026233202778 ], [ 12784804.403341246768832, 217663.158226177591132 ], [ 12784782.918679520487785, 217516.353751057205955 ], [ 12784775.794232113286853, 217401.739411634946009 ], [ 12784786.592222716659307, 217344.376576177106472 ], [ 12784840.248217282816768, 217297.818015852215467 ], [ 12785094.39061476290226, 217158.142404313693987 ], [ 12785122.999723896384239, 217133.081001777172787 ], [ 12785122.999723896384239, 217086.522493960073916 ], [ 12785115.875276485458016, 217043.528284092055401 ], [ 12784979.842858737334609, 216735.551913442119258 ], [ 12784918.951097272336483, 216567.139732037408976 ], [ 12784922.62464046664536, 216520.581364607671276 ], [ 12784940.43575899489224, 216477.587284352805 ], [ 12785037.172396495938301, 216341.476556249894202 ], [ 12785090.828391056507826, 216291.353972515818896 ], [ 12785244.783246824517846, 216169.611841396515956 ], [ 12785280.516803368926048, 216062.126859689567937 ], [ 12785344.970788538455963, 215954.641939319262747 ], [ 12785380.815664572641253, 215918.887901677138871 ], [ 12785477.440982582047582, 215847.157080255099572 ], [ 12785566.941853178665042, 215761.280620314792031 ], [ 12785627.833614643663168, 215711.15819094987819 ], [ 12785670.802938088774681, 215689.661241991532734 ], [ 12785713.660942044109106, 215689.661241991532734 ], [ 12785756.63026549294591, 215700.35402458687895 ], [ 12785867.615797813981771, 215746.912189201801084 ], [ 12785957.116668408736587, 215793.47036530834157 ], [ 12786025.132877286523581, 215818.531589263060596 ], [ 12786075.226648142561316, 215832.900025832583196 ], [ 12786128.99396219663322, 215832.900025832583196 ], [ 12786179.087733052670956, 215822.095852496044245 ], [ 12786218.49483279325068, 215804.274537004850572 ], [ 12786282.948817962780595, 215728.979497642721981 ], [ 12786307.995703388005495, 215689.661241991532734 ], [ 12786361.651697954162955, 215650.23161140823504 ], [ 12786411.745468810200691, 215635.863188752206042 ], [ 12786447.590344846248627, 215607.237729822169058 ], [ 12786472.637230273336172, 215539.182667848654091 ], [ 12786483.323901390656829, 215478.256143815349787 ], [ 12786515.60655372031033, 215077.166299516626168 ], [ 12786529.855448542162776, 215009.111428397387499 ], [ 12786576.386995693668723, 214976.810434302140493 ], [ 12786712.530732933431864, 214933.816705884033581 ], [ 12787006.08023015409708, 214883.694495959643973 ], [ 12787095.469781260937452, 214844.265033474715892 ], [ 12787245.862413322553039, 214761.95327242006897 ], [ 12787328.238836511969566, 214729.652320476336172 ], [ 12787392.581502187997103, 214672.401681246119551 ], [ 12787439.113049341365695, 214622.168157952459296 ], [ 12787457.035487357527018, 214554.113450282224221 ], [ 12787474.95792537741363, 214396.618688515794929 ], [ 12787503.56703451089561, 214242.576908616843866 ], [ 12787514.365025117993355, 214213.840278038871475 ], [ 12787553.660805366933346, 214199.583346652245382 ], [ 12787593.067905109375715, 214196.019113972695777 ], [ 12787650.397442867979407, 214178.08656931843143 ], [ 12787797.116531731560826, 214099.227945829101373 ], [ 12787933.148949481546879, 213988.179911442712182 ], [ 12787983.242720337584615, 213959.554701456829207 ], [ 12788029.774267489090562, 213923.801040560356341 ], [ 12788065.619143525138497, 213887.936004293820588 ], [ 12788083.541581543162465, 213848.50674862228334 ], [ 12788094.228252658620477, 213719.637741157901473 ], [ 12788105.026243265718222, 213647.907752317405539 ], [ 12788133.635352399200201, 213597.785881737421732 ], [ 12788219.573999291285872, 213511.799058921198593 ], [ 12788244.620884720236063, 213472.481262967776274 ], [ 12788255.307555835694075, 213433.052093299746048 ], [ 12788251.745332131162286, 213311.311798848619219 ], [ 12788237.49643730930984, 213239.693345362175023 ], [ 12788223.136222997680306, 213200.264223810576368 ], [ 12788198.089337568730116, 213175.203345701884245 ], [ 12788137.197576105594635, 213160.83511040348094 ], [ 12788079.979357836768031, 213153.706683990109013 ], [ 12787933.148949481546879, 213099.909349484572886 ], [ 12787686.130999412387609, 212956.672627975000069 ], [ 12787610.990343125537038, 212924.483363968174672 ], [ 12787525.051696233451366, 212913.679356156935683 ], [ 12787417.739707110449672, 212920.9191551382537 ], [ 12787342.487731333822012, 212913.679356156935683 ], [ 12787281.707289360463619, 212892.182723874517251 ], [ 12787177.84620445035398, 212795.503599241405027 ], [ 12787088.34533385001123, 212759.638775113533484 ], [ 12786998.844463253393769, 212738.253541566926287 ], [ 12786912.905816359445453, 212702.388728173013078 ], [ 12786819.842722058296204, 212634.334706331806956 ], [ 12786755.388736888766289, 212576.97331555490382 ], [ 12786708.857189737260342, 212519.723323256504955 ], [ 12786676.685856897383928, 212423.044386790541466 ], [ 12786683.810304308310151, 212365.683059299801243 ], [ 12786719.655180344358087, 212247.507640667550731 ], [ 12786755.500056378543377, 212161.521425201062812 ], [ 12786759.062280084937811, 212097.031788897584192 ], [ 12786726.779627755284309, 211985.984918456000742 ], [ 12786698.170518619939685, 211914.36696086183656 ], [ 12786651.638971468433738, 211867.809733703237725 ], [ 12786601.545200612396002, 211831.945083156373585 ], [ 12786547.777886558324099, 211806.884384108328959 ], [ 12786386.698583381250501, 211763.891370244178688 ], [ 12786318.682374507188797, 211724.57393334293738 ], [ 12786257.901932533830404, 211670.777000131754903 ], [ 12786214.932609088718891, 211620.655647331499495 ], [ 12786171.963285639882088, 211581.226858975918731 ], [ 12786111.071524174883962, 211549.037825887498911 ], [ 12786043.055315304547548, 211534.66971251060022 ], [ 12785946.429997293278575, 211545.473642624070635 ], [ 12785799.599588936194777, 211595.594975830346812 ], [ 12785753.06804178468883, 211584.902423650404671 ], [ 12785710.098718339577317, 211531.105529513442889 ], [ 12785667.129394892603159, 211463.051923077466199 ], [ 12785652.880500070750713, 211394.998340706719318 ], [ 12785649.318276366218925, 211316.252245139330626 ], [ 12785627.833614643663168, 211251.762892413127702 ], [ 12785591.988738607615232, 211190.837737908062991 ], [ 12785545.457191456109285, 211165.777122359635541 ], [ 12785362.893226554617286, 211137.152334364654962 ], [ 12785080.030400449410081, 211033.234365423937561 ], [ 12784890.341988138854504, 210993.91707773777307 ], [ 12784815.201331853866577, 210990.241524341137847 ], [ 12784646.886261772364378, 211015.413497490866575 ], [ 12784564.621158076450229, 211011.737943684478523 ], [ 12784428.588740326464176, 210983.113178559317021 ], [ 12784360.572531452402472, 210958.05259001115337 ], [ 12784288.994098871946335, 210947.360073221556377 ], [ 12784092.069919658824801, 210972.420660380565096 ], [ 12784013.255720177665353, 210950.924245418893406 ], [ 12783916.63040217012167, 210882.870843898970634 ], [ 12783852.176417, 210854.24609789357055 ], [ 12783791.284655535593629, 210839.878036323818378 ], [ 12783694.659337528049946, 210847.006376813922543 ], [ 12783580.111581502482295, 210875.631121745507699 ], [ 12783440.516940047964454, 210925.863661052426323 ], [ 12783229.34386601112783, 210986.677351417311002 ], [ 12783050.342124816030264, 211044.03826741015655 ], [ 12782821.246612763032317, 211090.595295265782624 ], [ 12782720.947751559317112, 211115.655901038931916 ], [ 12782678.089747603982687, 211115.655901038931916 ], [ 12782606.399995531886816, 211108.527550620783586 ], [ 12782531.25933924689889, 211076.227216091792798 ], [ 12782441.758468650281429, 211022.541844466439215 ], [ 12782244.834289437159896, 210922.299489318014821 ], [ 12782015.738777382299304, 210829.074145770515315 ], [ 12781883.379902828484774, 210814.817466378153767 ], [ 12781833.174812480807304, 210800.449407743377378 ], [ 12781775.956594213843346, 210771.824673960480141 ], [ 12781715.064832750707865, 210721.703554989187978 ], [ 12781690.017947321757674, 210714.463838879659306 ], [ 12781657.846614481881261, 210718.028006776614347 ], [ 12781593.392629314213991, 210782.517181024799356 ], [ 12781543.29885845631361, 210804.013577227451606 ], [ 12781468.04688267968595, 210811.25329669463099 ], [ 12781403.704217001795769, 210811.25329669463099 ], [ 12781353.499126654118299, 210804.013577227451606 ], [ 12781306.967579502612352, 210771.824673960480141 ], [ 12781153.12404322437942, 210578.357226521329721 ], [ 12781124.403614602982998, 210510.303956292656949 ], [ 12781110.154719781130552, 210442.250710020511178 ], [ 12781120.841390896588564, 210324.076471836364362 ], [ 12781238.951370628550649, 210058.992203795030946 ], [ 12781296.280908387154341, 209947.946506896871142 ], [ 12781321.327793816104531, 209879.893458293547155 ], [ 12781332.014464931562543, 209819.080115920805838 ], [ 12781328.452241225168109, 209765.283713562530465 ], [ 12781271.23402295820415, 209625.613620550342603 ], [ 12781195.98204718157649, 209464.447378125303658 ], [ 12781120.841390896588564, 209349.837878646882018 ], [ 12781020.542529692873359, 209245.92086901809671 ], [ 12780977.684525733813643, 209213.732224566891091 ], [ 12780931.041659094393253, 209202.92842468211893 ], [ 12780752.151237387210131, 209185.107725152425701 ], [ 12780655.414599888026714, 209163.611508516856702 ], [ 12780519.382182139903307, 209117.054943841794739 ], [ 12780451.365973263978958, 209070.498390304826899 ], [ 12780297.411117497831583, 208923.589147236139979 ], [ 12780097.036034069955349, 208780.355526403553085 ], [ 12780007.535163473337889, 208690.806722065695794 ], [ 12779935.845411401242018, 208608.386217102786759 ], [ 12779871.502745723351836, 208547.573272253706818 ], [ 12779796.250769946724176, 208450.784943069709698 ], [ 12779706.749899350106716, 208314.791295794973848 ], [ 12779628.047019356861711, 208175.010864292213228 ], [ 12779563.593034191057086, 208031.889171454036841 ], [ 12779549.34413936920464, 207978.093262627022341 ], [ 12779570.828801089897752, 207716.687680108705536 ], [ 12779567.155257895588875, 207695.19162515073549 ], [ 12779552.906363071873784, 207673.695572551136138 ], [ 12779506.374815920367837, 207659.327745962480549 ], [ 12779449.04527816362679, 207652.199522309558233 ], [ 12779377.466845581308007, 207627.139363087509992 ], [ 12779209.263094993308187, 207508.855454805918271 ], [ 12779155.495780941098928, 207494.599018701410387 ], [ 12779083.917348360642791, 207458.735176208458142 ], [ 12779008.776692075654864, 207397.922588705463568 ], [ 12778976.494039744138718, 207354.930551037250552 ], [ 12778940.760483199730515, 207294.006617413368076 ], [ 12778922.838045183569193, 207233.082702696498018 ], [ 12778922.838045183569193, 207125.602716417284682 ], [ 12778929.962492592632771, 207039.730147873662645 ], [ 12778951.447154317051172, 206982.370411575451726 ], [ 12779105.402010083198547, 206706.598398377682315 ], [ 12779119.762224396690726, 206660.042418120254297 ], [ 12779134.011119216680527, 206588.426422130927676 ], [ 12779141.246886119246483, 206477.382697559893131 ], [ 12779134.011119216680527, 206355.535392737336224 ], [ 12779094.715338967740536, 206316.21904810788692 ], [ 12779048.183791816234589, 206287.483594384015305 ], [ 12778980.167582942172885, 206258.859522549144458 ], [ 12778901.353383459150791, 206201.611391337006353 ], [ 12778747.398527693003416, 206108.388302701438079 ], [ 12778697.30475683696568, 206072.636090422689449 ], [ 12778579.194777105003595, 206008.148471557011362 ], [ 12778521.865239346399903, 205990.216684905433794 ], [ 12778353.661488758400083, 205954.464494016545359 ], [ 12778249.800403848290443, 205947.224954593082657 ], [ 12778178.221971267834306, 205929.404550988285337 ], [ 12778106.643538685515523, 205889.976913723454345 ], [ 12778049.425320418551564, 205846.985205217439216 ], [ 12777995.658006364479661, 205821.925275816058274 ], [ 12777931.204021194949746, 205814.68574124693987 ], [ 12777555.38942027837038, 205864.916978872206528 ], [ 12777498.171202011406422, 205900.669153560331324 ], [ 12777419.357002530246973, 205968.72081857995363 ], [ 12777379.949902787804604, 206018.95209535639151 ], [ 12777337.091898834332824, 206108.388302701438079 ], [ 12777308.371470209211111, 206126.320100082783028 ], [ 12777283.324584780260921, 206122.756016001512762 ], [ 12777247.591028235852718, 206108.388302701438079 ], [ 12777215.308375906199217, 206054.704297916498035 ], [ 12777190.261490477249026, 206001.020307724189479 ], [ 12777147.292167032137513, 205947.224954593082657 ], [ 12777115.1208341922611, 205943.660873743559932 ], [ 12776603.162496032193303, 206036.772507038491312 ], [ 12776295.252784498035908, 206137.123730347084347 ], [ 12776223.674351919442415, 206133.559646070818417 ], [ 12776173.580581061542034, 206115.627848032047041 ], [ 12776069.830815643072128, 206065.507924262492452 ], [ 12775998.141063570976257, 206072.636090422689449 ], [ 12775944.485069006681442, 206083.328340145322727 ], [ 12775858.546422118321061, 206115.627848032047041 ], [ 12775801.328203849494457, 206126.320100082783028 ], [ 12775743.998666090890765, 206119.191931984620169 ], [ 12775801.328203849494457, 206230.235454866982764 ], [ 12775808.452651258558035, 206265.987695691670524 ], [ 12775783.405765829607844, 206459.450868266576435 ], [ 12775779.843542126938701, 206556.126836814393755 ], [ 12775783.405765829607844, 206642.110572201549076 ], [ 12775801.328203849494457, 206717.290682479273528 ], [ 12775804.890427555888891, 206771.086245677463012 ], [ 12775776.281318422406912, 206803.274488245340763 ], [ 12775650.935571787878871, 206839.138211079349276 ], [ 12775550.748030072078109, 206849.83050238181022 ], [ 12775436.200274046510458, 206882.130135887331562 ], [ 12775253.52498965524137, 206939.378464855952188 ], [ 12775135.415009923279285, 206996.738188611139776 ], [ 12775049.476363031193614, 207057.550651878933422 ], [ 12775010.180582780390978, 207107.782206240837695 ], [ 12774945.726597612723708, 207157.902395232056733 ], [ 12774705.833094952628016, 207265.382399186433759 ], [ 12774652.177100390195847, 207308.374417240527691 ], [ 12774623.567991254851222, 207362.058763885288499 ], [ 12774569.800677204504609, 207426.546826262579998 ], [ 12774494.660020917654037, 207494.599018701410387 ], [ 12774330.018494036048651, 207602.079207069444237 ], [ 12774247.642070846632123, 207634.267585828987649 ], [ 12774072.202553356066346, 207791.8682017508836 ], [ 12773982.701682761311531, 207856.245026923541445 ], [ 12773900.436579061672091, 207881.305215456464794 ], [ 12773828.858146483078599, 207881.305215456464794 ], [ 12773750.043947, 207892.108942169201327 ], [ 12773649.856405287981033, 207920.733251909405226 ], [ 12773567.479982100427151, 207953.03306170165888 ], [ 12773506.58822063729167, 207985.22149814318982 ], [ 12773420.760893234983087, 208063.966242142720148 ], [ 12773352.744684360921383, 208117.762174586794572 ], [ 12773213.038723414763808, 208153.514758993813302 ], [ 12773173.742943162098527, 208146.386517344100866 ], [ 12773130.773619718849659, 208106.958435413514962 ], [ 12773105.726734291762114, 208046.145646666205721 ], [ 12773080.679848862811923, 208003.15346676192712 ], [ 12773012.663639985024929, 207953.03306170165888 ], [ 12772933.849440505728126, 207924.297368590370752 ], [ 12772794.254799049347639, 207906.476785834558541 ], [ 12772676.144819317385554, 207884.980710044386797 ], [ 12772368.235107785090804, 207781.064480569097213 ], [ 12772225.078242624178529, 207738.07235888383002 ], [ 12772114.092710303142667, 207695.08024663379183 ], [ 12772060.325396250933409, 207662.891857886250364 ], [ 12772024.591839706525207, 207616.335650988999987 ], [ 12771992.309187376871705, 207440.803257420891896 ], [ 12771999.544954275712371, 207247.450498065270949 ], [ 12771985.184739965945482, 207200.894389755441807 ], [ 12771942.215416518971324, 207136.406401498854393 ], [ 12771888.559421954676509, 207082.722116539574927 ], [ 12771491.148839822039008, 206882.130135887331562 ], [ 12771405.32151242159307, 206853.50597765124985 ], [ 12771319.382865529507399, 206839.138211079349276 ], [ 12771194.037118896842003, 206839.138211079349276 ], [ 12771090.287353478372097, 206857.070074947812827 ], [ 12771036.631358915939927, 206871.326464779645903 ], [ 12770982.864044861868024, 206875.00194045068929 ], [ 12770932.770274005830288, 206871.326464779645903 ], [ 12770868.316288836300373, 206860.634172308811685 ], [ 12770556.844353597611189, 206781.778533282136777 ], [ 12770349.233503269031644, 206742.462103594793007 ], [ 12770241.921514140442014, 206731.658440155384596 ], [ 12770181.029752677306533, 206710.162493013689527 ], [ 12770159.545090954750776, 206677.974265671946341 ], [ 12770155.982867248356342, 206638.546478797274176 ], [ 12770163.107314663007855, 206584.86232969808043 ], [ 12770188.154200088232756, 206513.246361040946795 ], [ 12770234.685747241601348, 206412.894946412474383 ], [ 12770352.795726969838142, 206233.799540889041964 ], [ 12770481.703697312623262, 206051.140215127874399 ], [ 12770621.298338767141104, 205911.472771483066026 ], [ 12770703.674761952832341, 205897.105073550425004 ], [ 12770757.330756515264511, 205872.04513779541594 ], [ 12770914.84783598780632, 205703.753829302033409 ], [ 12771025.833368308842182, 205621.334577572968556 ], [ 12771111.772015200927854, 205546.154884645569837 ], [ 12771143.943348038941622, 205496.035105221148115 ], [ 12771161.86578605696559, 205449.368033116799779 ], [ 12771165.428009763360023, 205395.684207206475548 ], [ 12771161.86578605696559, 205352.692606074240757 ], [ 12771143.943348038941622, 205306.136944900383241 ], [ 12771104.647567790001631, 205266.709431788069196 ], [ 12771090.287353478372097, 205230.957371592201525 ], [ 12771090.287353478372097, 205162.905960183561547 ], [ 12771197.710662093013525, 204708.042460867029149 ], [ 12771201.272885797545314, 204639.991228662343929 ], [ 12771172.663776664063334, 204400.085761066671694 ], [ 12771179.788224074989557, 204346.290842146379873 ], [ 12771251.366656655445695, 204163.63325484917732 ], [ 12771258.491104066371918, 204099.146256394131342 ], [ 12771254.928880359977484, 204038.334701829211554 ], [ 12771233.444218637421727, 203998.90744009646005 ], [ 12771197.710662093013525, 203966.608276687096804 ], [ 12771176.226000370457768, 203955.916140986373648 ], [ 12771129.694453218951821, 203948.788050837552873 ], [ 12771050.880253735929728, 203955.916140986373648 ], [ 12770989.988492272794247, 203945.112629454029957 ], [ 12770929.208050299435854, 203916.488895541609963 ], [ 12770864.754065129905939, 203826.942299227637704 ], [ 12770746.644085399806499, 203737.39574307660223 ], [ 12770710.799209363758564, 203719.575537687283941 ], [ 12770667.829885918647051, 203708.772038944152882 ], [ 12770510.312806446105242, 203683.712379160162527 ], [ 12770456.656811883673072, 203651.41326674175798 ], [ 12770399.438593616709113, 203626.353614151768852 ], [ 12770352.795726969838142, 203587.037809975852724 ], [ 12770331.422384738922119, 203540.482561773300404 ], [ 12770320.624394131824374, 203475.884388443577336 ], [ 12770299.139732411131263, 203415.073023651202675 ], [ 12770259.732632670551538, 203368.517815478960983 ], [ 12770216.763309221714735, 203343.458198339620139 ], [ 12770152.30932405218482, 203325.526652001542971 ], [ 12770102.215553196147084, 203318.28720828294172 ], [ 12770005.590235186740756, 203332.654719918675255 ], [ 12769944.698473723605275, 203332.654719918675255 ], [ 12769865.995593732222915, 203289.66356414477923 ], [ 12769837.275165107101202, 203261.039924099488417 ], [ 12769815.790503384545445, 203210.920719868125161 ], [ 12769797.979384858161211, 203132.066530602256535 ], [ 12769751.447837706655264, 203024.700142009009141 ], [ 12769719.165185377001762, 202963.777538374095457 ], [ 12769593.930758234113455, 202831.240311036352068 ], [ 12769561.648105904459953, 202781.121214272279758 ], [ 12769554.523658493533731, 202741.694200281199301 ], [ 12769522.241006163880229, 202673.643637853732798 ], [ 12769475.709459012374282, 202612.832516475114971 ], [ 12769443.538126172497869, 202580.533576709713088 ], [ 12769411.3667933344841, 202573.405535529978806 ], [ 12769328.990370146930218, 202584.097597394458717 ], [ 12769164.348843265324831, 202645.020085753349122 ], [ 12769081.972420074045658, 202705.942592594656162 ], [ 12768942.377778619527817, 202752.497646847361466 ], [ 12768881.486017156392336, 202759.625694384681992 ], [ 12768838.516693709418178, 202756.061670584371313 ], [ 12768799.220913460478187, 202741.694200281199301 ], [ 12768752.689366308972239, 202713.070638478850015 ], [ 12768691.797604845836759, 202641.456063987599919 ], [ 12768680.999614238739014, 202584.097597394458717 ], [ 12768677.43739053234458, 202526.850522795139113 ], [ 12768695.359828550368547, 202455.236014693480683 ], [ 12768702.48427596129477, 202408.681029332918115 ], [ 12768702.48427596129477, 202372.818105377285974 ], [ 12768691.797604845836759, 202344.19459612670471 ], [ 12768670.312943121418357, 202326.263139099697582 ], [ 12768623.78139596991241, 202308.331683671247447 ], [ 12768595.17228683643043, 202276.144168309663655 ], [ 12768580.812072524800897, 202229.58922440581955 ], [ 12768577.249848818406463, 202179.470277696760604 ], [ 12768605.858957951888442, 201986.011260429921094 ], [ 12768602.296734247356653, 201939.456383609125623 ], [ 12768587.936519935727119, 201896.46552604882163 ], [ 12768437.655207363888621, 201745.997596785164205 ], [ 12768362.403231589123607, 201677.947371045011096 ], [ 12768312.309460731223226, 201620.700554072420346 ], [ 12768265.777913579717278, 201581.273767389793647 ], [ 12768215.684142723679543, 201566.906380936648929 ], [ 12768158.465924456715584, 201559.778375633963151 ], [ 12768090.449715580791235, 201566.906380936648929 ], [ 12767961.54174524359405, 201591.965776576544158 ], [ 12767861.2428840380162, 201602.76916143426206 ], [ 12767814.711336886510253, 201606.333164813142503 ], [ 12767753.93089491315186, 201591.965776576544158 ], [ 12767467.505845099687576, 201395.054698179708794 ], [ 12767442.458959672600031, 201355.627955546049634 ], [ 12767438.896735966205597, 201316.201220603950787 ], [ 12767453.256950279697776, 201280.449865906382911 ], [ 12767506.912944842129946, 201233.895151819771854 ], [ 12767557.006715698167682, 201237.459148691501468 ], [ 12767603.538262849673629, 201255.390508905722527 ], [ 12767714.523795172572136, 201280.449865906382911 ], [ 12767753.93089491315186, 201280.449865906382911 ], [ 12767800.462442064657807, 201269.646498285175767 ], [ 12767829.071551196277142, 201255.390508905722527 ], [ 12767854.118436625227332, 201212.399797018646495 ], [ 12767889.963312663137913, 201119.290410889952909 ], [ 12767940.057083519175649, 201008.249727706919657 ], [ 12767997.275301788002253, 200922.268418074934743 ], [ 12768036.682401528581977, 200882.84176757527166 ], [ 12768083.213948680087924, 200850.654479495162377 ], [ 12768133.30771953612566, 200829.159165389748523 ], [ 12768305.185013320297003, 200814.791832362738205 ], [ 12768344.592113060876727, 200804.099864259565948 ], [ 12768380.325669605284929, 200782.604555092315422 ], [ 12768412.608321936801076, 200743.177931768208509 ], [ 12768459.139869088307023, 200578.454918941599317 ], [ 12768494.873425632715225, 200517.533054234721931 ], [ 12768527.156077962368727, 200510.405085884674918 ], [ 12768591.610063131898642, 200513.969070028426358 ], [ 12768695.359828550368547, 200539.028335306269582 ], [ 12768788.422922857105732, 200585.58288968206034 ], [ 12769013.956211199983954, 200786.168544019397814 ], [ 12769053.363310940563679, 200789.732533009140752 ], [ 12769121.379519818350673, 200764.673236754053505 ], [ 12769157.224395850673318, 200685.820004748384235 ], [ 12769250.287490157410502, 200288.324447338789469 ], [ 12769271.772151879966259, 200173.720240875001764 ], [ 12769268.098608683794737, 199915.888856037869118 ], [ 12769293.25681360065937, 199826.344036824273644 ], [ 12769371.959693593904376, 199700.93680644466076 ], [ 12769414.929017037153244, 199597.136208773561521 ], [ 12769436.413678763434291, 199475.293085367797175 ], [ 12769454.336116779595613, 199435.978089415933937 ], [ 12769486.507449619472027, 199407.243621245579561 ], [ 12769547.399211082607508, 199378.620531005290104 ], [ 12769636.900081681087613, 199307.007136042200727 ], [ 12769654.711200207471848, 199264.016836357128341 ], [ 12769665.509190814569592, 199160.105087182193529 ], [ 12769679.869405126199126, 199120.790151918190531 ], [ 12769733.525399688631296, 199066.99664085029508 ], [ 12769765.69673252850771, 199049.176847344759153 ], [ 12769812.228279680013657, 199006.186601905938005 ], [ 12769858.759826831519604, 198945.265207397431368 ], [ 12769894.604702865704894, 198830.661755742796231 ], [ 12769905.291373983025551, 198773.415740759781329 ], [ 12769901.729150276631117, 198554.789570101042045 ], [ 12769894.604702865704894, 198429.494493384787347 ], [ 12769880.24448855407536, 198354.3174841022701 ], [ 12769840.948708305135369, 198257.53408604519791 ], [ 12769812.228279680013657, 198132.239190861204406 ], [ 12769805.103832269087434, 198024.764075007464271 ], [ 12769837.275165107101202, 197673.827585384249687 ], [ 12769840.948708305135369, 197584.283746708999388 ], [ 12769837.275165107101202, 197505.543114769970998 ], [ 12769819.464046580716968, 197394.504396395990625 ], [ 12769819.464046580716968, 197297.721449927455978 ], [ 12769837.275165107101202, 197154.496137213136535 ], [ 12769823.026270287111402, 197079.319593723252183 ], [ 12769783.619170546531677, 197014.834847115969751 ], [ 12769737.08762339502573, 196953.914042821939802 ], [ 12769665.509190814569592, 196882.301493283099262 ], [ 12769443.538126172497869, 196714.017668138345471 ], [ 12769346.912808164954185, 196606.543291555979522 ], [ 12769325.428146442398429, 196563.553556550497888 ], [ 12769314.630155835300684, 196506.308171981363557 ], [ 12769293.25681360065937, 196441.823604036151664 ], [ 12769264.536384975537658, 196405.961728649243014 ], [ 12769221.56706153228879, 196384.466880849213339 ], [ 12769024.75420181080699, 196355.844211333198473 ], [ 12768967.424664048478007, 196337.913280304142972 ], [ 12768938.815554916858673, 196305.726706137065776 ], [ 12768881.486017156392336, 196262.73703355671023 ], [ 12768860.112674923613667, 196226.875189155951375 ], [ 12768849.314684316515923, 196191.124723115412053 ], [ 12768863.674898630008101, 196140.895885599631583 ], [ 12768881.486017156392336, 196112.273249705147464 ], [ 12768913.768669489771128, 196087.214525023417082 ], [ 12769053.363310940563679, 196044.224897728447104 ], [ 12769178.709057573229074, 195936.750868439208716 ], [ 12769225.240604728460312, 195886.633464470884064 ], [ 12769386.31990790553391, 195643.063053299527382 ], [ 12769472.147235305979848, 195564.323159729188774 ], [ 12769593.930758234113455, 195428.226836849324172 ], [ 12769618.977643663063645, 195370.870393542892998 ], [ 12769626.102091073989868, 195299.258390380826313 ], [ 12769622.539867367595434, 195231.210304427193478 ], [ 12769593.930758234113455, 195159.598349256033543 ], [ 12769547.399211082607508, 195084.422528530907584 ], [ 12769468.585011601448059, 194994.879808531753952 ], [ 12769400.568802727386355, 194894.534094582690159 ], [ 12769382.646364709362388, 194826.486140644992702 ], [ 12769400.568802727386355, 194339.459450875991024 ], [ 12769414.929017037153244, 194239.225422583083855 ], [ 12769450.662573583424091, 194156.810813024669187 ], [ 12769626.102091073989868, 193859.561632273514988 ], [ 12769683.43162883259356, 193680.477278500475222 ], [ 12769726.400952277705073, 193587.371294195443625 ], [ 12769837.275165107101202, 193411.851034004008397 ], [ 12770148.747100349515676, 193007.130382767412812 ], [ 12770213.201085517182946, 192885.402501848788233 ], [ 12770349.233503269031644, 192530.79945017665159 ], [ 12770374.280388696119189, 192405.507999151799595 ], [ 12770356.357950678095222, 192294.471993037033826 ], [ 12770317.06217042542994, 192219.297197500360198 ], [ 12770281.21729439124465, 192097.458400385687128 ], [ 12770291.903965506702662, 192025.847513027227251 ], [ 12770320.624394131824374, 191947.108975853945594 ], [ 12770356.357950678095222, 191814.578830800281139 ], [ 12770402.889497827738523, 191606.874190169794019 ], [ 12770406.451721535995603, 191456.413743601209717 ], [ 12770399.32727412506938, 191359.744911855173996 ], [ 12770370.7181649915874, 191295.261925251950743 ], [ 12770324.186617840081453, 191216.523658962309128 ], [ 12769926.776035705581307, 190761.691018701036228 ], [ 12769865.995593732222915, 190672.038764089695178 ], [ 12769794.417161153629422, 190553.87603634694824 ], [ 12769762.134508822113276, 190496.632287889398867 ], [ 12769644.024529092013836, 190088.353390380216297 ], [ 12769633.337857974693179, 189998.812787077185931 ], [ 12769629.664314778521657, 189905.708418366528349 ], [ 12769647.586752796545625, 189783.87094434001483 ], [ 12769704.916290555149317, 189522.488589618733386 ], [ 12769812.228279680013657, 189157.088396040344378 ], [ 12769815.901822876185179, 189006.741041637869785 ], [ 12769801.541608564555645, 188849.154853236337658 ], [ 12769780.056946840137243, 188698.807713782123756 ], [ 12769787.181394251063466, 188584.209853444510372 ], [ 12769830.117321850731969, 188324.131961355218664 ], [ 12769831.519947435706854, 188315.634581648773747 ], [ 12769851.635379420593381, 188193.753460472973529 ], [ 12769912.527140883728862, 187774.787630135397194 ], [ 12769905.291373983025551, 187466.856057130498812 ], [ 12769844.510932009667158, 187072.837921871017898 ], [ 12769794.417161153629422, 186908.125634333759081 ], [ 12769676.195861930027604, 186463.993325565796113 ], [ 12769586.694991333410144, 186095.145916747947922 ], [ 12768487.748978221789002, 184724.55804308631923 ], [ 12767760.498744867742062, 183280.032023009873228 ], [ 12766869.942818524315953, 181646.195435934176203 ], [ 12765501.492318201810122, 180068.720869950135238 ], [ 12763907.842488003894687, 178280.224369768024189 ], [ 12762643.698350556194782, 176973.717610804684227 ], [ 12762260.64798273704946, 176952.224679119855864 ], [ 12761967.209805004298687, 176891.420852175855543 ], [ 12761845.42628207989037, 176837.632864815241192 ], [ 12761659.300093473866582, 176712.350334300892428 ], [ 12761559.112551756203175, 176633.505896713904804 ], [ 12761376.54858685657382, 176432.942696147219976 ], [ 12761308.532377982512116, 176372.139006284647621 ], [ 12761247.64061651751399, 176339.84401269085356 ], [ 12761115.170422473922372, 176321.914725095179165 ], [ 12761025.669551877304912, 176275.365401069866493 ], [ 12760925.482010159641504, 176196.632474859885406 ], [ 12760875.276919815689325, 176125.026739252178231 ], [ 12760835.981139564886689, 176085.604617457574932 ], [ 12760806.448078654706478, 176066.828999102785019 ], [ 12760796.574039824306965, 176060.548187609296292 ], [ 12760724.995607241988182, 176031.928179950453341 ], [ 12760656.979398369789124, 176017.56249650803511 ], [ 12760581.727422593161464, 175992.506074035540223 ], [ 12760399.163457689806819, 175902.97114658539067 ], [ 12760334.709472524002194, 175852.858329184586182 ], [ 12760281.053477959707379, 175784.816276707453653 ], [ 12760195.114831067621708, 175723.901395631110063 ], [ 12759733.361583257094026, 175516.211839258496184 ], [ 12759640.298488954082131, 175491.155471044679871 ], [ 12759543.673170946538448, 175469.662677356391214 ], [ 12759439.812086032703519, 175455.297028799803229 ], [ 12759146.262588812038302, 175458.860600451793289 ], [ 12759081.808603642508388, 175451.733457202615682 ], [ 12758981.621061928570271, 175401.620737415301846 ], [ 12758881.322200724855065, 175358.635168623208301 ], [ 12758795.383553832769394, 175261.97334871275234 ], [ 12758766.774444699287415, 175168.763774770166492 ], [ 12758756.087773581966758, 175090.031224724982167 ], [ 12758770.336668403819203, 174996.933081152907107 ], [ 12758777.572435306385159, 174860.849498157564085 ], [ 12758770.336668403819203, 174731.893115697428584 ], [ 12758748.96332617290318, 174581.444093078403967 ], [ 12758698.869555315002799, 174388.121139213617425 ], [ 12758670.149126689881086, 174230.545232523058075 ], [ 12758680.947117296978831, 174076.532982645614538 ], [ 12758695.196012118831277, 173986.998792923084693 ], [ 12758731.040888154879212, 173858.154254181165015 ], [ 12758799.057097028940916, 173686.213165161374491 ], [ 12758920.72930046543479, 173489.216049235314131 ], [ 12758999.242937322705984, 173392.855677394254599 ], [ 12759071.121932527050376, 173320.950130427692784 ], [ 12758852.713091591373086, 173256.472354989236919 ], [ 12758766.885764189064503, 173238.654665416659554 ], [ 12758602.132917815819383, 173152.684332220465876 ], [ 12758555.601370664313436, 173088.206602963735349 ], [ 12758487.585161790251732, 173041.657925131759839 ], [ 12758426.804719816893339, 173009.363393294101115 ], [ 12758365.912958350032568, 172966.48962511937134 ], [ 12758319.381411202251911, 172902.01194691285491 ], [ 12758237.004988014698029, 172712.142548036150401 ], [ 12758215.520326288416982, 172647.776299752702471 ], [ 12758190.473440861329436, 172432.851065145630855 ], [ 12758158.302108021453023, 172028.168537914229091 ], [ 12758086.723675444722176, 171634.288603253487963 ], [ 12757907.72193424589932, 171046.977752730221255 ], [ 12757857.628163389861584, 170821.36346591511392 ], [ 12757825.345511062070727, 170713.901652229833417 ], [ 12757746.642631068825722, 170563.566553755197674 ], [ 12757675.064198488369584, 170456.104856246296549 ], [ 12757678.626422194764018, 170423.922036044328706 ], [ 12757707.235531328245997, 170384.500871188938618 ], [ 12757871.877058211714029, 170316.460401393036591 ], [ 12757961.37792881205678, 170294.968080264079617 ], [ 12758040.192128293216228, 170269.912267917039571 ], [ 12758079.487908540293574, 170244.85645819696947 ], [ 12758115.332784574478865, 170194.744846636487637 ], [ 12758133.255222592502832, 170144.633245579316281 ], [ 12758140.379670003429055, 170090.846805461624172 ], [ 12758136.817446300759912, 169987.060168438940309 ], [ 12758140.379670003429055, 169922.583299647114472 ], [ 12758158.302108021453023, 169861.669935234123841 ], [ 12758190.473440861329436, 169807.994917638541665 ], [ 12758233.44276431016624, 169747.081582358776359 ], [ 12758312.256963791325688, 169653.985545912320958 ], [ 12758580.648256093263626, 169428.372573954722611 ], [ 12758664.583152150735259, 168749.864551793813007 ], [ 12758636.474980723112822, 168397.983226446260232 ], [ 12758611.372435551136732, 168083.719192991964519 ], [ 12758438.15930787846446, 167083.168297212774632 ], [ 12758218.525952540338039, 166456.44802854442969 ], [ 12757732.059777777642012, 165618.373647566215368 ], [ 12756973.974045474082232, 164922.393243168917252 ], [ 12756542.388379666954279, 164625.739152847701916 ], [ 12756298.932653302326798, 164227.417009625118226 ], [ 12756202.863932747393847, 163664.733786918368423 ], [ 12755883.599633153527975, 162724.77836627321085 ], [ 12755890.056163620203733, 162246.505996635416523 ], [ 12755732.093806182965636, 161662.224318299820879 ], [ 12755636.470363592728972, 161057.900098465179326 ], [ 12755163.696486193686724, 160739.870465269661509 ], [ 12754192.767887493595481, 160457.140675200091209 ], [ 12754011.205798009410501, 160080.539293876761803 ], [ 12753894.097693694755435, 159538.354547363793245 ], [ 12753528.635805422440171, 158951.406616930587916 ], [ 12753345.515243066474795, 158922.009146456053713 ], [ 12753335.71912787668407, 158819.786150395608274 ] ] ] } }
]
}
