{
"type": "FeatureCollection",
"name": "sulawesi-tengah",
"crs": { "type": "name", "properties": { "name": "urn:ogc:def:crs:EPSG::3857" } },
"features": [
{ "type": "Feature", "properties": { "place": "Sulawesi Tengah, Indonesia", "query": "Sulawesi Tengah, Indonesia", "baselineYear": 1990, "comparisonYear": 2024, "forestLossHa": 323688.12, "forestGainHa": 304571.0697, "forestLossPct": 5.2083, "forestGainPct": 4.9007, "netForestChangeHa": -19117.0503, "baselineForestAreaHa": 4503654.5444, "comparisonForestAreaHa": 4484537.4940999998, "analyzedAreaHa": 6214896.9721, "aoiAreaHa": 21816901.761599999, "coverageFraction": 0.284867, "validPixelCount": 2659294, "sourceFormat": "pmtiles_png", "zoom": 10, "forestClasses": "3,5,76", "baselinePmtiles": "landcover-processing/landcover-mapbiomas-pmtiles-values/1990_landcover.pmtiles", "comparisonPmtiles": "landcover-processing/landcover-mapbiomas-pmtiles-values/2024_landcover.pmtiles" }, "geometry": { "type": "Polygon", "coordinates": [ [ [ 13233350.773555723950267, -25319.684682857154257 ], [ 13309517.528379520401359, -94295.218021444612532 ], [ 13309509.769411014392972, -94422.42559103264648 ], [ 13309449.456510901451111, -94536.484921970084542 ], [ 13309436.910804286599159, -94599.777008838573238 ], [ 13309440.317180704325438, -94656.366933621568023 ], [ 13309482.11764950118959, -94731.326607412003796 ], [ 13309522.560020506381989, -94829.009112988045672 ], [ 13309548.965003721415997, -94855.66194547349005 ], [ 13309571.573992298915982, -94887.436042839661241 ], [ 13309582.583489941433072, -94931.523441824203474 ], [ 13309571.896818824112415, -94998.990530870069051 ], [ 13309558.928098145872355, -95019.854117983704782 ], [ 13309540.25981954112649, -95096.873494800107437 ], [ 13309536.41929710842669, -95134.314402414747747 ], [ 13309541.673577075824142, -95158.306421952293022 ], [ 13309572.509076021611691, -95180.272202505293535 ], [ 13309621.445124177262187, -95196.816121092284448 ], [ 13309662.499752379953861, -95199.053892094336334 ], [ 13309688.57077712379396, -95193.888092385896016 ], [ 13309718.248553369194269, -95163.717151370452484 ], [ 13309729.224655160680413, -95144.490135826825281 ], [ 13309765.203114587813616, -95019.208393287262879 ], [ 13309788.134929688647389, -94985.530511761433445 ], [ 13309812.090884108096361, -94969.932921909057768 ], [ 13309850.139886062592268, -94957.853418380778749 ], [ 13309871.847186768427491, -94954.825192664866336 ], [ 13309898.307829726487398, -94962.596154287690297 ], [ 13309912.924078868702054, -94976.52376637411362 ], [ 13309963.01784972473979, -95066.568962401128374 ], [ 13309980.016335969790816, -95108.385209727275651 ], [ 13309979.415210720151663, -95135.149391471175477 ], [ 13309956.093777399510145, -95162.425701544256299 ], [ 13309865.780274515971541, -95210.354079174227081 ], [ 13309850.574032075703144, -95227.944518770178547 ], [ 13309836.480984544381499, -95253.706720852598664 ], [ 13309832.640462107956409, -95278.967930885672104 ], [ 13309834.043087692931294, -95329.84661759561277 ], [ 13309844.039577964693308, -95358.982183372645522 ], [ 13309866.526115106418729, -95386.481171620936948 ], [ 13309959.288646783679724, -95451.988890040738625 ], [ 13309990.369048614054918, -95481.491859646208468 ], [ 13310009.861091453582048, -95516.906559066745103 ], [ 13310012.499363385140896, -95533.361425124734524 ], [ 13310009.905619248747826, -95583.36061946368136 ], [ 13309974.929035242646933, -95708.007935138404719 ], [ 13309954.11229046434164, -95746.974145284490078 ], [ 13309937.525686334818602, -95763.061624515496078 ], [ 13309902.593630123883486, -95766.357052862207638 ], [ 13309864.27746139280498, -95760.723651717460598 ], [ 13309775.411111893132329, -95729.884678394853836 ], [ 13309728.233911694958806, -95724.640939832301228 ], [ 13309662.477488482370973, -95730.330006513555418 ], [ 13309617.816108776256442, -95749.334384413814405 ], [ 13309603.478158360347152, -95764.163811696183984 ], [ 13309584.164226708933711, -95804.254480686999159 ], [ 13309572.586999665945768, -95857.660468001908157 ], [ 13309571.050790693610907, -95985.291564351718989 ], [ 13309591.6894242875278, -96051.612099494028371 ], [ 13309606.684159697964787, -96081.248709288294776 ], [ 13309630.539926575496793, -96112.766834151683724 ], [ 13309702.084963308647275, -96173.520781918457942 ], [ 13309747.892933767288923, -96193.460369755513966 ], [ 13309791.697153396904469, -96199.082643436151557 ], [ 13309841.111875357106328, -96195.787211725168163 ], [ 13309862.318238353356719, -96186.479843923385488 ], [ 13309966.212719110772014, -96108.770010699270642 ], [ 13310034.696469847112894, -96079.578727464118856 ], [ 13310253.951338915154338, -96079.42286249420431 ], [ 13310300.126663696020842, -96088.318299083548482 ], [ 13310322.101131178438663, -96100.230836485890904 ], [ 13310339.210936911404133, -96120.203820508962963 ], [ 13310349.329878624528646, -96149.083376554597635 ], [ 13310351.979282507672906, -96180.111645019132993 ], [ 13310340.023569196462631, -96215.804733122058678 ], [ 13310289.640367660671473, -96266.460867698391667 ], [ 13310258.348458800464869, -96313.721376750560012 ], [ 13310252.515317484736443, -96355.560013204929419 ], [ 13310261.643515728414059, -96381.934610801094095 ], [ 13310275.369208943098783, -96390.462657484880765 ], [ 13310288.104158690199256, -96392.088107655625208 ], [ 13310325.529771495610476, -96388.926273082644911 ], [ 13310360.339376265183091, -96373.573562587786 ], [ 13310460.994459841400385, -96306.796515022957465 ], [ 13310475.588445082306862, -96300.127717421521083 ], [ 13310511.155022392049432, -96294.950771108997287 ], [ 13310551.341358568519354, -96299.203660333121661 ], [ 13310571.813012927770615, -96308.611229580463259 ], [ 13310590.280916450545192, -96321.659361475074547 ], [ 13310631.624975327402353, -96372.382308062238735 ], [ 13310642.868243897333741, -96393.602225628550514 ], [ 13310656.248846692964435, -96439.704893860980519 ], [ 13310663.406689949333668, -96504.644980602024589 ], [ 13310658.130146086215973, -96624.627745617268374 ], [ 13310651.295129351317883, -96674.00360808687401 ], [ 13310624.222229190170765, -96791.448044716467848 ], [ 13310626.070132737979293, -96919.803083660721313 ], [ 13310617.476268049329519, -96960.706588572444161 ], [ 13310578.68142550624907, -97082.749132919343538 ], [ 13310554.91471422277391, -97145.540603625646327 ], [ 13310503.084359310567379, -97257.195885698864004 ], [ 13310497.640836210921407, -97293.423460937832715 ], [ 13310498.420072644948959, -97332.35641791280068 ], [ 13310506.858090048655868, -97397.151910538523225 ], [ 13310521.808297662064433, -97412.048195315466728 ], [ 13310543.181639892980456, -97411.547199182052282 ], [ 13310590.715062463656068, -97394.13480060728034 ], [ 13310624.166569443419576, -97389.893033545231447 ], [ 13310652.8981300201267, -97393.52247202610306 ], [ 13310677.878223752602935, -97408.340823942402494 ], [ 13310706.598652377724648, -97488.756277057851548 ], [ 13310708.235048891976476, -97511.490373077744152 ], [ 13310698.283086415380239, -97550.801880920786061 ], [ 13310575.119201803579926, -97706.010563644624199 ], [ 13310548.836670026183128, -97758.659731117208139 ], [ 13310544.250307004898787, -97804.751416292463546 ], [ 13310551.385886363685131, -97841.424369449698133 ], [ 13310559.757112072780728, -97857.879326410518843 ], [ 13310571.991124112159014, -97872.43049660656834 ], [ 13310606.945444220677018, -97894.017887759284349 ], [ 13310655.358290765434504, -97900.386112697204226 ], [ 13310787.093776172026992, -97896.400405469408724 ], [ 13310800.953052774071693, -97902.668431099067675 ], [ 13310808.199951626360416, -97912.844231345734443 ], [ 13310809.324278481304646, -97927.284070854366291 ], [ 13310805.717526979744434, -97944.618558884205413 ], [ 13310784.655879322439432, -97978.920139449226554 ], [ 13310738.28017945587635, -98030.333549186238088 ], [ 13310717.329851292073727, -98045.419122112652985 ], [ 13310613.068016212433577, -98096.732340696864412 ], [ 13310498.676107475534081, -98119.544402808824088 ], [ 13310482.835343934595585, -98130.232338637084467 ], [ 13310473.862992975860834, -98143.302793868264416 ], [ 13310472.003957480192184, -98159.0007006105443 ], [ 13310479.250856330618262, -98177.214726483609411 ], [ 13310594.26615421846509, -98330.620053194099455 ], [ 13310614.760072473436594, -98375.064077477043611 ], [ 13310618.389087870717049, -98396.295230041389004 ], [ 13310607.568833366036415, -98439.381001837376971 ], [ 13310534.565511306747794, -98603.596839935678872 ], [ 13310477.302765240892768, -98783.243475039620535 ], [ 13310471.347172483801842, -98839.90076236036839 ], [ 13310477.447480579838157, -98990.111081221111817 ], [ 13310466.738545564934611, -99030.691924630940775 ], [ 13310455.773575723171234, -99050.798648529700586 ], [ 13310429.468780050054193, -99076.182553860780899 ], [ 13310413.884051335975528, -99082.350397761518252 ], [ 13310371.961131103336811, -99082.383797638467513 ], [ 13310352.36890072375536, -99077.741214765570476 ], [ 13310303.933790281414986, -99039.977089365551365 ], [ 13310274.712423946708441, -98999.552111099736067 ], [ 13310253.216630274429917, -98950.832836600980954 ], [ 13310233.446288710460067, -98857.769686388870468 ], [ 13310226.444292739033699, -98846.72546658621286 ], [ 13310207.853937776759267, -98843.352080959652085 ], [ 13310190.888847379013896, -98847.126264880309463 ], [ 13310158.85109793022275, -98874.402816368688946 ], [ 13310135.785699436441064, -98908.960539708175929 ], [ 13310106.898291576653719, -98990.745678741513984 ], [ 13310050.091955425217748, -99117.776535462297034 ], [ 13310040.106597099453211, -99285.711165730317589 ], [ 13310029.286342594772577, -99326.793036829956691 ], [ 13310007.590173838660121, -99347.779305905773072 ], [ 13309953.83399173617363, -99373.319095823448151 ], [ 13309903.328338760882616, -99404.503470939103863 ], [ 13309881.26481568813324, -99437.179710890908609 ], [ 13309877.05693893507123, -99482.525652292708401 ], [ 13309883.580261096358299, -99537.279241074444144 ], [ 13309882.244427205994725, -99586.388250997508294 ], [ 13309862.696724623441696, -99641.542652766918764 ], [ 13309853.089852567762136, -99653.611158305691788 ], [ 13309836.380797, -99663.542069035029272 ], [ 13309820.161547189578414, -99668.451857949010446 ], [ 13309792.220355004072189, -99668.351658174651675 ], [ 13309686.1328802742064, -99614.288316847814713 ], [ 13309649.074621789157391, -99612.685120673908386 ], [ 13309631.7421770747751, -99619.476437842575251 ], [ 13309621.144561549648643, -99630.409345390682574 ], [ 13309607.196229355409741, -99671.624850815947866 ], [ 13309607.118305711075664, -99914.286511767524644 ], [ 13309596.042016377672553, -99954.611380604721489 ], [ 13309574.356979569420218, -99993.811788403210812 ], [ 13309532.601038571447134, -100041.451255279403995 ], [ 13309496.555787455290556, -100063.205760121098137 ], [ 13309449.411983102560043, -100079.193206591211492 ], [ 13309312.934287391602993, -100111.691367475155857 ], [ 13309280.262016844004393, -100126.287150752803427 ], [ 13309250.328205769881606, -100148.921192524634534 ], [ 13309238.372492456808686, -100166.378240851932787 ], [ 13309234.509706128388643, -100183.089357332442887 ], [ 13309239.151728892698884, -100223.659185946773505 ], [ 13309254.513818623498082, -100245.124234120419715 ], [ 13309310.318279357627034, -100289.045199819011032 ], [ 13309342.634327534586191, -100296.059194781497354 ], [ 13309377.822418574243784, -100294.277862716058735 ], [ 13309388.798520367592573, -100288.611000134871574 ], [ 13309429.430134506896138, -100230.428246659081196 ], [ 13309454.48815188370645, -100211.445930308997049 ], [ 13309486.047227522358298, -100206.903534504657728 ], [ 13309527.602793438360095, -100214.284927712520584 ], [ 13309557.681319849565625, -100232.220711767920875 ], [ 13309596.253523411229253, -100264.852484791597817 ], [ 13309633.72366401180625, -100313.560782740649302 ], [ 13309651.590442284941673, -100351.981892289724783 ], [ 13309678.462967360392213, -100418.915459553012624 ], [ 13309685.720998162403703, -100456.969179204621469 ], [ 13309684.251580880954862, -100494.900435791976633 ], [ 13309678.652210496366024, -100515.129698536198703 ], [ 13309657.089625127613544, -100544.532827971139341 ], [ 13309608.943945361301303, -100571.820626264729071 ], [ 13309588.249652022495866, -100591.181492837014957 ], [ 13309584.654032470658422, -100625.728228304345976 ], [ 13309597.166343232616782, -100676.963836904775235 ], [ 13309595.952960783615708, -100715.518580993099022 ], [ 13309589.975104128941894, -100730.092119350054418 ], [ 13309566.286316487938166, -100752.726194861505064 ], [ 13309519.131380189210176, -100770.962602910673013 ], [ 13309384.256685143336654, -100752.102727934208815 ], [ 13309341.465472880750895, -100756.021662921732059 ], [ 13309313.902766959741712, -100774.881538081244798 ], [ 13309288.477395266294479, -100819.359228266126593 ], [ 13309279.02637049742043, -100858.55971972491534 ], [ 13309280.662767009809613, -100881.416469271935057 ], [ 13309300.41084467805922, -100932.273576662977575 ], [ 13309360.122619539499283, -101029.579005800958839 ], [ 13309426.836390370503068, -101161.665040141539066 ], [ 13309501.743275724351406, -101234.209950684671639 ], [ 13309525.354139721021056, -101276.138153878608136 ], [ 13309531.988781373947859, -101304.394603427659604 ], [ 13309532.779149759560823, -101360.918641845448292 ], [ 13309528.938627326861024, -101410.662474242970347 ], [ 13309511.539390916004777, -101495.086723158077803 ], [ 13309510.181293129920959, -101518.065975841775071 ], [ 13309516.559899950399995, -101536.78115305629035 ], [ 13309528.79391198977828, -101550.842586600978393 ], [ 13309553.885325213894248, -101559.882875094670453 ], [ 13309597.055023744702339, -101557.711869834369281 ], [ 13309652.814956681802869, -101546.378109230470727 ], [ 13309724.315465617924929, -101552.100656292954227 ], [ 13309759.136202337220311, -101569.279431331437081 ], [ 13309807.070375073701143, -101613.078074329372612 ], [ 13309868.407414503395557, -101717.664888915212941 ], [ 13309903.283810965716839, -101808.958490107121179 ], [ 13309925.803743954747915, -101899.873577582038706 ], [ 13309945.496161876246333, -102041.924268198621576 ], [ 13309971.489262973889709, -102115.760809868836077 ], [ 13309995.345029853284359, -102141.233974584349198 ], [ 13310027.416175151243806, -102157.544371553536621 ], [ 13310082.942337157204747, -102161.017985192302149 ], [ 13310146.706141484901309, -102175.101707467620145 ], [ 13310172.743770381435752, -102197.435263338222285 ], [ 13310199.093093853443861, -102265.270941968687112 ], [ 13310208.154500400647521, -102277.951862004338182 ], [ 13310265.996107818558812, -102319.835641149751609 ], [ 13310292.033736715093255, -102332.227094996123924 ], [ 13310296.720287276431918, -102449.439356780450908 ], [ 13310287.970575300976634, -102518.277083257882623 ], [ 13310259.2390147279948, -102559.526284611667506 ], [ 13310184.14288623817265, -102630.111972452621558 ], [ 13310151.34816424921155, -102679.199093061935855 ], [ 13310130.397836081683636, -102729.989628884970443 ], [ 13310102.044761776924133, -102838.028089752770029 ], [ 13310065.554232694208622, -102914.380927477715886 ], [ 13310018.555143684148788, -102984.265274378121831 ], [ 13309979.326155127957463, -103033.018436880040099 ], [ 13309938.060019889846444, -103074.623960770200938 ], [ 13309916.753469351679087, -103087.928377282529254 ], [ 13309791.886396529152989, -103122.77593060831714 ], [ 13309544.412036545574665, -103114.826680153768393 ], [ 13309519.409678913652897, -103149.930304167428403 ], [ 13309317.353671174496412, -103142.615657231406658 ], [ 13309300.121414002031088, -103137.115755362727214 ], [ 13309252.242901012301445, -103062.265883909363765 ], [ 13309223.155118066817522, -103051.644618159800302 ], [ 13309141.179445046931505, -103070.337600734041189 ], [ 13308917.393872704356909, -103195.855601957111503 ], [ 13308857.069840643554926, -103323.466724175217678 ], [ 13308822.761173581704497, -103418.011651373482891 ], [ 13308703.90535326115787, -103636.415864144597435 ], [ 13308664.375802081078291, -103825.472491641223314 ], [ 13308632.783330591395497, -104018.526111521263374 ], [ 13308638.950430382043123, -104084.603021174407331 ], [ 13308634.709157783538103, -104102.23837687735795 ], [ 13308610.675279723480344, -104532.389888115387294 ], [ 13308613.057516826316714, -104633.693109727202682 ], [ 13308567.115962974727154, -104645.572497922374168 ], [ 13308525.170778844505548, -104681.422200205735862 ], [ 13308460.215855965390801, -104926.536278141400544 ], [ 13308641.466250874102116, -105054.203632898250362 ], [ 13308830.609197683632374, -105124.622768270564848 ], [ 13308884.821789698675275, -105125.903116304965806 ], [ 13308888.818159418180585, -105163.177946155774407 ], [ 13308879.901468204334378, -105278.787835543582332 ], [ 13308861.255453497171402, -105308.124518483818974 ], [ 13308812.998454239219427, -105345.91150540948729 ], [ 13308793.550939196720719, -105374.602452282866579 ], [ 13308754.555721571668983, -105531.294917660139618 ], [ 13308735.598012290894985, -105573.101110562740359 ], [ 13308700.398789303377271, -105626.107584303157637 ], [ 13308694.1426339186728, -105658.840003992358106 ], [ 13308696.413551529869437, -105673.413725082515157 ], [ 13308729.931850207969546, -105743.866373855431448 ], [ 13308731.456927232444286, -105852.573678343760548 ], [ 13308725.579258119687438, -105945.727534907884547 ], [ 13308732.536726292222738, -106002.597379806422396 ], [ 13308763.66165591776371, -106088.592439273517812 ], [ 13308774.314931187778711, -106132.981662522201077 ], [ 13308775.316806605085731, -106186.600555548255215 ], [ 13308767.658025639131665, -106279.76562672763248 ], [ 13308770.262901725247502, -106312.008228343474912 ], [ 13308806.040986064821482, -106378.241398818092421 ], [ 13308816.516150148585439, -106406.743153299932601 ], [ 13308814.924281431362033, -106435.256043405504897 ], [ 13308802.233859479427338, -106459.57160619100614 ], [ 13308798.872010858729482, -106485.334525592246791 ], [ 13308802.912908371537924, -106501.210897704600939 ], [ 13308855.377784382551908, -106578.076596422470175 ], [ 13308850.702365770936012, -106629.736055009823758 ], [ 13308839.136270677670836, -106656.400799840630498 ], [ 13308821.492131385952234, -106675.672898413147777 ], [ 13308764.507684050127864, -106710.710043720086105 ], [ 13308741.73171623237431, -106743.498223607864929 ], [ 13308710.361883727833629, -106854.610650455972063 ], [ 13308706.71060443110764, -106887.198439508385491 ], [ 13308712.243183122947812, -106921.456258339574561 ], [ 13308752.373859552666545, -106965.489305923794745 ], [ 13308779.613738952204585, -106987.322128626386984 ], [ 13308786.059137469157577, -106998.611513218216714 ], [ 13308780.370711486786604, -107027.124447589943884 ], [ 13308760.177355857565999, -107065.657549723284319 ], [ 13308742.377369279041886, -107117.506344284629449 ], [ 13308742.421897074207664, -107190.64243780344259 ], [ 13308785.135185692459345, -107328.37525319440465 ], [ 13308805.684763692319393, -107427.65291051803797 ], [ 13308845.626196989789605, -107571.587189542129636 ], [ 13308859.329626306891441, -107644.133293384467834 ], [ 13308893.938855994492769, -107756.381604889436858 ], [ 13308901.208018742501736, -107834.661517337575788 ], [ 13308897.122593430802226, -107954.580897009538603 ], [ 13308910.814890798181295, -107998.859002740297001 ], [ 13308957.51341718621552, -108067.942655594539247 ], [ 13309070.291193310171366, -108212.211185393316555 ], [ 13309149.661990243941545, -108341.605340626527322 ], [ 13309257.920195043087006, -108533.61468121377402 ], [ 13309370.052318116649985, -108764.970146296167513 ], [ 13309469.46062339656055, -108952.559675353637431 ], [ 13309433.604615410789847, -109044.500734799497877 ], [ 13309329.732398550957441, -109219.175449883579859 ], [ 13309320.036470904946327, -109253.711820479758899 ], [ 13309316.006705336272717, -109285.53159996336035 ], [ 13309324.466986635699868, -109315.024463082008879 ], [ 13309355.502860670909286, -109364.145839383665589 ], [ 13309355.513992620632052, -109383.518278783652931 ], [ 13309344.493363030254841, -109416.351225795064238 ], [ 13309313.891635013744235, -109462.655817572769593 ], [ 13309303.58345016464591, -109497.637554354267195 ], [ 13309301.657622972503304, -109545.534259770807694 ], [ 13309316.507643045857549, -109625.517986167280469 ], [ 13309315.639351015910506, -109656.547312281152699 ], [ 13309295.913537248969078, -109722.391395021317294 ], [ 13309276.877904321998358, -109762.405542323511327 ], [ 13309262.528821961954236, -109863.943965554062743 ], [ 13309211.811661954969168, -109941.83464329567505 ], [ 13309140.500396152958274, -110126.808368247555336 ], [ 13309100.469907263293862, -110197.874197991637629 ], [ 13309088.024388194084167, -110240.215321604700875 ], [ 13309086.465915322303772, -110287.755847464257386 ], [ 13309095.226759247481823, -110329.89657632863964 ], [ 13309114.318051917478442, -110363.241753572088783 ], [ 13309156.396819436922669, -110413.788371906484826 ], [ 13309171.569666031748056, -110444.45035477692727 ], [ 13309170.701374005526304, -110468.309699059391278 ], [ 13309144.029224012047052, -110540.978836036942084 ], [ 13309143.272251473739743, -110573.800752155773807 ], [ 13309164.300503285601735, -110826.411587929731468 ], [ 13309185.640449669212103, -110914.389539792173309 ], [ 13309190.772278195247054, -110957.844109221288818 ], [ 13309184.427067220211029, -110994.663037438614992 ], [ 13309159.369049843400717, -111044.786664439976448 ], [ 13309149.405955418944359, -111084.188605272807763 ], [ 13309154.960798006504774, -111118.435675684711896 ], [ 13309176.901869643479586, -111160.376094301158446 ], [ 13309186.920623814687133, -111201.470361005020095 ], [ 13309186.753644578158855, -111257.138570349721704 ], [ 13309176.812814049422741, -111325.142866385096568 ], [ 13309175.9222581256181, -111449.071487533292384 ], [ 13309176.323008291423321, -111493.917826707853237 ], [ 13309186.007803989574313, -111580.003218146317522 ], [ 13309186.787040425464511, -111668.972246614634059 ], [ 13309183.247080616652966, -111703.776054676956846 ], [ 13309175.788674736395478, -111726.377377752432949 ], [ 13309120.262512726709247, -111816.470941610939917 ], [ 13309101.059900563210249, -111862.041013979775016 ], [ 13309096.451273644343019, -111888.594796871431754 ], [ 13309104.377221390604973, -111999.430418941905373 ], [ 13309108.095292383804917, -112194.59249204795924 ], [ 13309093.178480613976717, -112269.577776536360034 ], [ 13309054.773256292566657, -112372.564272728282958 ], [ 13309048.739739893004298, -112397.325570882821921 ], [ 13309050.186893271282315, -112423.868259274822776 ], [ 13309056.264937471598387, -112457.948450538737234 ], [ 13309089.104187253862619, -112516.032861016574316 ], [ 13309132.285017730668187, -112609.277453609218355 ], [ 13309187.243450338020921, -112702.856080877449131 ], [ 13309233.619150200858712, -112773.855609980513691 ], [ 13309284.981963254511356, -112840.535280818658066 ], [ 13309330.634086426347494, -112890.369686377744074 ], [ 13309346.686357, -112915.821309033301077 ], [ 13309413.377863934263587, -112977.112297478641267 ], [ 13309601.24063659645617, -113071.670785674272338 ], [ 13309687.869464334100485, -113122.908069417040679 ], [ 13309754.538707366213202, -113169.135194780974416 ], [ 13309830.113509668037295, -113208.893644784751814 ], [ 13309870.388901434838772, -113215.317791277673678 ], [ 13309901.736470045521855, -113206.321759479251341 ], [ 13309931.648017220199108, -113172.57550853920111 ], [ 13309963.307280400767922, -113106.897809175876318 ], [ 13309981.463489353656769, -113081.780183974755346 ], [ 13310014.937260231003165, -113049.815336354324245 ], [ 13310051.271942026913166, -113035.085454550659051 ], [ 13310136.420220535248518, -113026.401170776560321 ], [ 13310173.122256647795439, -113018.128833991722786 ], [ 13310255.053401872515678, -112992.2318562684668 ], [ 13310285.699657689779997, -112992.922145418342552 ], [ 13310309.588820412755013, -113006.182377570657991 ], [ 13310323.147534389048815, -113022.303970299501088 ], [ 13310395.939349422231317, -113158.569312279578298 ], [ 13310489.046971520408988, -113287.642332336617983 ], [ 13310511.511244762688875, -113307.36012461289647 ], [ 13310554.291325073689222, -113333.145787970061065 ], [ 13310587.086047060787678, -113346.038620343155344 ], [ 13310616.663635767996311, -113346.728910172416363 ], [ 13310647.309891581535339, -113344.201558707325603 ], [ 13310676.876348335295916, -113333.769275535276392 ], [ 13310809.391070175915956, -113274.827437993284548 ], [ 13310898.413266962394118, -113206.956380526957219 ], [ 13310927.935195920988917, -113196.613170959375566 ], [ 13310976.626341195777059, -113255.477059738346725 ], [ 13311026.007667312398553, -113342.531502682817518 ], [ 13311070.023393971845508, -113456.2289345748286 ], [ 13311131.839107209816575, -113680.940680659405189 ], [ 13311163.843460811302066, -113888.283958330517635 ], [ 13311168.59680306725204, -113948.985025493704597 ], [ 13311157.620701275765896, -114109.043501537540578 ], [ 13311163.954780302941799, -114267.754867421739618 ], [ 13311160.581799730658531, -114314.316152822968434 ], [ 13311142.614833917468786, -114355.26604013996257 ], [ 13311107.89428474009037, -114401.2149813027645 ], [ 13311104.510172218084335, -114448.711518436990445 ], [ 13311111.97971005178988, -114466.82611596355855 ], [ 13311139.620339617133141, -114498.368008021105197 ], [ 13311308.547666892409325, -114604.4614593587321 ], [ 13311402.46792127750814, -114689.779366459377343 ], [ 13311382.530600477010012, -114706.29071637285233 ], [ 13311351.216427715495229, -114762.994906385880313 ], [ 13311327.104626009240746, -114910.817751081063761 ], [ 13311315.738906, -114957.468190888655954 ], [ 13311304.70714446157217, -114980.793413098246674 ], [ 13311280.851377584040165, -115005.566025481879478 ], [ 13311244.884050108492374, -115023.89219288280583 ], [ 13311180.407801041379571, -115046.538260107947281 ], [ 13311086.699053691700101, -115065.988939457500237 ], [ 13311017.603045754134655, -115102.641281471747789 ], [ 13311009.064840812236071, -115117.716395298732095 ], [ 13311010.144639873877168, -115133.492936823997297 ], [ 13311021.5660196300596, -115156.807036881291424 ], [ 13311070.424144139513373, -115208.779448850720655 ], [ 13311077.214633075520396, -115233.529809681349434 ], [ 13311077.949341714382172, -115263.657781616915599 ], [ 13311069.433400670066476, -115298.105658075059182 ], [ 13311054.483193054795265, -115329.335878649450024 ], [ 13310986.15528960712254, -115440.595649502327433 ], [ 13310939.93543703109026, -115561.174426112658693 ], [ 13310932.944573007524014, -115734.093148203188321 ], [ 13310939.033749155700207, -115767.806241005411721 ], [ 13310955.809596417471766, -115801.151922173201456 ], [ 13310983.98455953784287, -115835.210168743142276 ], [ 13311015.009301621466875, -115861.018283250188688 ], [ 13311091.641639081761241, -115893.952023154080962 ], [ 13311173.26108973287046, -115908.960368124229717 ], [ 13311270.921679006889462, -115940.446720043153618 ], [ 13311294.454619359225035, -115952.259669635430328 ], [ 13311344.72650140337646, -115997.062038150630542 ], [ 13311455.756561517715454, -116245.223173619669979 ], [ 13311466.83285085298121, -116287.542742336125229 ], [ 13311471.864491835236549, -116338.479878006197396 ], [ 13311462.268751729279757, -116367.539099711852032 ], [ 13311446.238745056092739, -116376.524077946509351 ], [ 13311364.307599831372499, -116401.708739359033643 ], [ 13311208.961250431835651, -116431.970417143675149 ], [ 13311166.214565964415669, -116445.631594838763704 ], [ 13311058.635410062968731, -116493.072738481176202 ], [ 13311029.068953309208155, -116498.840049975799047 ], [ 13310957.112034460529685, -116525.449847487529041 ], [ 13310892.635785393416882, -116557.426142410404282 ], [ 13310868.780018514022231, -116581.842584064390394 ], [ 13310816.515517586842179, -116716.773237954534125 ], [ 13310789.108658954501152, -116755.184894991733017 ], [ 13310724.309583365917206, -116828.423132810115931 ], [ 13310720.424533134326339, -116867.881381034792867 ], [ 13310723.285444049164653, -116884.025417291675694 ], [ 13310747.898183461278677, -116913.062416802509688 ], [ 13310782.128926880657673, -116934.918104765529279 ], [ 13310847.718370856717229, -116965.001687691707048 ], [ 13310866.60928844474256, -116981.479743098985637 ], [ 13310900.862295761704445, -117027.017075953728636 ], [ 13310919.808873092755675, -117098.028605937768589 ], [ 13310901.329837623983622, -117164.408478228579042 ], [ 13310900.639656778424978, -117187.010148475659662 ], [ 13310903.500567693263292, -117203.154199552955106 ], [ 13310914.565725078806281, -117221.803362938968348 ], [ 13310932.744197925552726, -117237.925147975096479 ], [ 13311035.057941911742091, -117294.162126364622964 ], [ 13311061.440661229193211, -117300.597481036034878 ], [ 13311136.982067685574293, -117303.403206639486598 ], [ 13311168.351900190114975, -117309.838561482349178 ], [ 13311210.052181439474225, -117326.305499418100226 ], [ 13311250.338705159723759, -117356.767666585728875 ], [ 13311413.611002303659916, -117435.550681514418102 ], [ 13311484.209823366254568, -117482.134654676716309 ], [ 13311578.297056982293725, -117508.599787536339136 ], [ 13311612.872890824452043, -117522.561621168380952 ], [ 13311628.925161397084594, -117536.534589202841744 ], [ 13311637.496762188151479, -117556.263752997561824 ], [ 13311655.374672411009669, -117637.674400147399865 ], [ 13311659.337646283209324, -117689.691716455796268 ], [ 13311650.810573287308216, -117712.660837855975842 ], [ 13311641.548791654407978, -117723.783549155297806 ], [ 13311540.036548, -117775.177382990936167 ], [ 13311517.96189297363162, -117793.848844880456454 ], [ 13311503.367907732725143, -117816.461690058757085 ], [ 13311491.657097298651934, -117871.718983645405388 ], [ 13311489.208068503066897, -117929.470268907200079 ], [ 13311472.877499202266335, -118002.675353284925222 ], [ 13311421.670533439144492, -118133.654040381836239 ], [ 13311409.592368686571717, -118178.868642925808672 ], [ 13311409.993118854239583, -118225.864669248752762 ], [ 13311417.139830162748694, -118254.200348017315264 ], [ 13311437.834123501554132, -118280.721209395531332 ], [ 13311513.420057751238346, -118333.395520741207292 ], [ 13311532.322107287123799, -118355.262432323666872 ], [ 13311543.743487043306231, -118379.2893153912446 ], [ 13311547.339106595143676, -118415.875202658455237 ], [ 13311542.407653152942657, -118480.451641304753139 ], [ 13311532.811913043260574, -118510.958445853902958 ], [ 13311520.711484396830201, -118531.778784821523004 ], [ 13311481.193065164610744, -118575.935721806526999 ], [ 13311376.831042544916272, -118636.648735971495626 ], [ 13311376.508216023445129, -118671.442096632119501 ], [ 13311396.94647453352809, -118823.174592028095503 ], [ 13311428.761585, -118941.538900416169781 ], [ 13311441.60785423964262, -118965.922108904866036 ], [ 13311496.877981416881084, -119015.022547712374944 ], [ 13311550.712087163701653, -119045.818880957653164 ], [ 13311606.672395186498761, -119064.43474245739344 ], [ 13311722.544853152707219, -119140.022721611370798 ], [ 13311920.381852190941572, -119223.092694137478247 ], [ 13311970.475623046979308, -119251.250313055890729 ], [ 13311834.699240127578378, -119280.777403480766225 ], [ 13311794.123285733163357, -119296.843615520992898 ], [ 13311734.233399687334895, -119348.449228961937479 ], [ 13311716.81189937889576, -119377.876122712550568 ], [ 13311710.01027848944068, -119404.987167822706397 ], [ 13311680.566273177042603, -119581.069839820280322 ], [ 13311626.39820895716548, -119676.197942826023791 ], [ 13311614.286648357287049, -119708.285869341678335 ], [ 13311603.332810463383794, -119752.598833216397907 ], [ 13311596.17496720328927, -119816.385016740998253 ], [ 13311583.306434066966176, -119848.851509587475448 ], [ 13311551.84754597209394, -119877.142787264150684 ], [ 13311535.16075430251658, -119883.644993879686808 ], [ 13311460.443112082779408, -119895.547149805162917 ], [ 13311336.789421707391739, -119909.397741510547348 ], [ 13311116.054003415629268, -119950.827046924227034 ], [ 13310971.917526734992862, -119965.468149079999421 ], [ 13310818.675115708261728, -119973.239624093243037 ], [ 13310782.262510269880295, -119983.19334736460587 ], [ 13310767.100795624777675, -119996.576318040039041 ], [ 13310762.581224298104644, -120030.946728509836248 ], [ 13310765.687038090080023, -120114.584748723587836 ], [ 13310772.922804992645979, -120153.141526710503967 ], [ 13310801.053240317851305, -120221.481561548018362 ], [ 13310813.598946928977966, -120246.287951018486638 ], [ 13310859.930118994787335, -120308.504343383363448 ], [ 13310889.574499394744635, -120375.307927026835387 ], [ 13310898.346475269645452, -120443.269453002532828 ], [ 13310897.377995701506734, -120636.888619855773868 ], [ 13310908.064666816964746, -120714.024567310334533 ], [ 13310925.942577036097646, -120773.969721113229753 ], [ 13310944.933682166039944, -120805.267241573528736 ], [ 13310972.652235371991992, -120836.553630995374988 ], [ 13311026.542000869289041, -120868.964552070756326 ], [ 13311101.281906986609101, -120883.79497113697289 ], [ 13311339.884103551506996, -120878.628819075762294 ], [ 13311417.651899820193648, -120881.62385118783277 ], [ 13311643.775181470438838, -120928.397571756489924 ], [ 13311762.130064077675343, -120934.398770843297825 ], [ 13311881.241919228807092, -120933.151768426832859 ], [ 13312050.035663118585944, -120922.696989420655882 ], [ 13312233.256413014605641, -120932.472597469808534 ], [ 13312288.259373415261507, -120931.281264810822904 ], [ 13312362.598529366776347, -120923.19801716117945 ], [ 13312475.231590151786804, -120893.693051492984523 ], [ 13312517.065454792231321, -120889.128132507452392 ], [ 13312537.49258135445416, -120991.18192149065726 ], [ 13312555.103324797004461, -121025.185012762216502 ], [ 13312602.069017961621284, -121091.109155966056278 ], [ 13312631.423967683687806, -121146.979348594482872 ], [ 13312689.833304503932595, -121301.418504566943739 ], [ 13312693.662694986909628, -121346.544456936273491 ], [ 13312682.675461245700717, -121400.020889480336336 ], [ 13312675.551013834774494, -121411.332998727812083 ], [ 13312632.882253013551235, -121446.939423832416651 ], [ 13312599.441877981647849, -121496.56351916686981 ], [ 13312587.163338145241141, -121531.045422364026308 ], [ 13312574.639895429834723, -121730.944778778939508 ], [ 13312581.686419198289514, -121878.926494754356099 ], [ 13312575.185360934585333, -121923.863247309389408 ], [ 13312518.356760885566473, -122068.026090962957824 ], [ 13312493.432326896116138, -122171.483122224395629 ], [ 13312468.029219096526504, -122202.123867741262075 ], [ 13312454.437109271064401, -122259.809087066256325 ], [ 13312452.099399965256453, -122354.236505888547981 ], [ 13312458.667249923571944, -122368.810908847299288 ], [ 13312478.337403947487473, -122377.829447285359493 ], [ 13312584.892420532181859, -122383.986548359505832 ], [ 13312621.805963680148125, -122402.001358305613394 ], [ 13312698.783391563221812, -122483.869663274293998 ], [ 13312806.151040434837341, -122630.972127317480044 ], [ 13312832.74526678211987, -122678.859493629992357 ], [ 13312841.739881640300155, -122708.008328683805303 ], [ 13312835.272219225764275, -122798.628042724463739 ], [ 13312764.417363334447145, -123011.510427084605908 ], [ 13312746.940203279256821, -123138.237861314511974 ], [ 13312747.997738445177674, -123172.608594473509584 ], [ 13312755.266901193186641, -123205.587577951228013 ], [ 13312765.975836206227541, -123225.361608786697616 ], [ 13312815.334898425266147, -123271.846173551442917 ], [ 13312832.611683394759893, -123319.043322773752152 ], [ 13312846.470959996804595, -123395.756797464215197 ], [ 13312849.721489129588008, -123564.470834434920107 ], [ 13312831.186793914064765, -123654.411606944326195 ], [ 13312814.666981479153037, -123691.565904520772165 ], [ 13312802.254858255386353, -123704.770879138246528 ], [ 13312719.889567017555237, -123735.467436853621621 ], [ 13312745.749084727838635, -123836.542303298105253 ], [ 13312756.569339232519269, -123900.162256107782014 ], [ 13312762.435876399278641, -124134.333669213840039 ], [ 13312811.817202515900135, -124177.35567010154773 ], [ 13312844.467209164053202, -124239.995891640050104 ], [ 13312892.156479019671679, -124424.988368443533545 ], [ 13312895.663042981177568, -124549.400460746270255 ], [ 13312905.681797152385116, -124617.752533411578042 ], [ 13312906.171602912247181, -124659.004279906119336 ], [ 13312893.392125369980931, -124800.974905340815894 ], [ 13312895.930209759622812, -124844.954525006556651 ], [ 13312946.914536543190479, -124909.175914461287903 ], [ 13312960.740417299792171, -124935.597096565776155 ], [ 13312976.614576686173677, -124972.951953135838266 ], [ 13313000.915621524676681, -125064.986321474629221 ], [ 13313010.900979848578572, -125093.690004707023036 ], [ 13313054.282185411080718, -125196.123650550944149 ], [ 13313060.627396386116743, -125242.474885904230177 ], [ 13312944.576827235519886, -125399.332058124477044 ], [ 13312933.867892222478986, -125425.886889289249666 ], [ 13312930.238876819610596, -125453.020695957602584 ], [ 13312937.574831264093518, -125484.94216940899787 ], [ 13312931.374335628002882, -125528.198164782705135 ], [ 13312924.171964572742581, -125552.303503190705669 ], [ 13312877.818528607487679, -125637.479424631805159 ], [ 13312846.916237961500883, -125749.210226140392479 ], [ 13312821.134643893688917, -125790.796139691985445 ], [ 13312761.801355300471187, -125827.215829017353826 ], [ 13312739.281422315165401, -125853.770695265950053 ], [ 13312741.329700944945216, -125930.195278480023262 ], [ 13312714.034161802381277, -126066.254240313995979 ], [ 13312721.303324550390244, -126133.081257136000204 ], [ 13312720.624275658279657, -126172.31791924792924 ], [ 13312705.529352704063058, -126244.968107868873631 ], [ 13312704.883699661120772, -126342.313819232484093 ], [ 13312700.586767315864563, -126377.185926126039703 ], [ 13312681.116988373920321, -126445.115286958927754 ], [ 13312641.442721856757998, -126492.368566580611514 ], [ 13312606.121047427877784, -126550.522176360274898 ], [ 13312559.144222309812903, -126597.341239933739416 ], [ 13312525.258569316938519, -126650.406564943754347 ], [ 13312487.020324228331447, -126690.38927784920088 ], [ 13312463.932661836966872, -126707.12389851284388 ], [ 13312385.897698789834976, -126743.009252350777388 ], [ 13312363.533613089472055, -126761.915034546516836 ], [ 13312321.733144300058484, -126833.151319279146264 ], [ 13312237.664664851501584, -126943.69118099026673 ], [ 13312218.217149809002876, -126992.748267205155571 ], [ 13312188.995783474296331, -127012.388918444426963 ], [ 13312094.184973167255521, -127019.614986011758447 ], [ 13312029.530612915754318, -127051.770431955505046 ], [ 13311968.204705435782671, -127119.722203863886534 ], [ 13311918.845643220469356, -127154.427382792797289 ], [ 13311908.693305660039186, -127165.272056094880099 ], [ 13311900.344343848526478, -127185.124267003702698 ], [ 13311897.416641240939498, -127259.734297819304629 ], [ 13311904.652408143505454, -127322.297176954889437 ], [ 13311892.718958728015423, -127362.023887843111879 ], [ 13311873.015408858656883, -127390.315811361462693 ], [ 13311865.267572300508618, -127413.185396391432732 ], [ 13311909.661785228177905, -127542.954177913736203 ], [ 13311913.301932578906417, -127604.325755606405437 ], [ 13311900.800753762945533, -127661.488625425161445 ], [ 13311868.506969483569264, -127716.480340211186558 ], [ 13311815.440968221053481, -127830.494373174224165 ], [ 13311821.530144367367029, -127952.024024568978348 ], [ 13311813.203446455299854, -128009.186956822260981 ], [ 13311833.641704965382814, -128106.822694065864198 ], [ 13311851.007545528933406, -128138.098648173327092 ], [ 13311898.351724963635206, -128191.175363387155812 ], [ 13311963.573814619332552, -128241.657819027954247 ], [ 13311995.900994746014476, -128281.94135467740125 ], [ 13311997.760030241683125, -128360.147990183628281 ], [ 13311991.203312233090401, -128378.207668721646769 ], [ 13311971.789193039759994, -128405.753690865793033 ], [ 13311965.499641811475158, -128440.01364171638852 ], [ 13311968.071122046560049, -128486.955458843382075 ], [ 13311985.782053034752607, -128550.375913528245292 ], [ 13311992.138395955786109, -128618.873581810024916 ], [ 13311972.034095918759704, -128673.442362295900239 ], [ 13311949.358315644785762, -128710.252077528086375 ], [ 13311937.335810638964176, -128747.785521157551557 ], [ 13311935.354323703795671, -128802.577008277876303 ], [ 13311929.331939250230789, -128822.863556011288892 ], [ 13311911.231390049681067, -128873.613333710614825 ], [ 13311862.918731043115258, -128979.165771556698019 ], [ 13311737.450532970950007, -129354.055359170612064 ], [ 13311933.328308969736099, -129442.784118417315767 ], [ 13312024.576895574107766, -129516.192182237980887 ], [ 13312086.136573983356357, -129584.233556271457928 ], [ 13312114.790210912004113, -129633.747555120848119 ], [ 13312122.315408490598202, -129677.070918740471825 ], [ 13312131.287759447470307, -129836.691566846275236 ], [ 13312164.950773464515805, -130094.549899193487363 ], [ 13312172.041825028136373, -130252.823513438182999 ], [ 13312168.089983105659485, -130314.47397495797486 ], [ 13312639.884248984977603, -131016.535192733979784 ], [ 13312643.346285147592425, -131196.855197074677562 ], [ 13312654.288991095498204, -131256.290118663746398 ], [ 13312690.367638058960438, -131390.748031295253895 ], [ 13312725.722708337008953, -131486.503122254420305 ], [ 13312788.395581651479006, -131599.471899062686134 ], [ 13312935.582212377339602, -131747.858999884134391 ], [ 13312880.868682654574513, -131851.541842738050036 ], [ 13312818.607691451907158, -131988.471836142794928 ], [ 13312543.347986569628119, -131822.50351725940709 ], [ 13312325.851965459063649, -131630.503246812673751 ], [ 13311864.466071967035532, -131393.698623772099381 ], [ 13311725.472555764019489, -131365.317265603691339 ], [ 13311512.217807250097394, -131262.870493785274448 ], [ 13311375.194646032527089, -131239.844748623785563 ], [ 13311232.516454681754112, -131157.784926049702335 ], [ 13311158.756160084158182, -131176.312406480778009 ], [ 13311124.024478955194354, -131201.53160487965215 ], [ 13311106.102040937170386, -131262.391718602535548 ], [ 13311080.609877545386553, -131308.532288451970089 ], [ 13311036.015289532020688, -131350.375021587125957 ], [ 13310957.702027760446072, -131400.089718516421271 ], [ 13310900.238906612619758, -131444.103655068553053 ], [ 13310872.776388235390186, -131471.605409645329928 ], [ 13310843.42143851146102, -131551.894958955206675 ], [ 13310808.511646201834083, -131566.79267543082824 ], [ 13310768.581344850361347, -131575.88941297394922 ], [ 13310701.043809788301587, -131573.417594422935508 ], [ 13310662.683113260194659, -131565.50109460184467 ], [ 13310596.203113356605172, -131522.032722261385061 ], [ 13310440.055263623595238, -131451.474570427933941 ], [ 13310392.254674276337028, -131465.815566373436013 ], [ 13310200.317608250305057, -131490.433535341813695 ], [ 13310193.159764990210533, -131552.529615023639053 ], [ 13310178.109369836747646, -131575.254756857582834 ], [ 13310139.392450938001275, -131602.478165123960935 ], [ 13310076.363355251029134, -131637.540137012023479 ], [ 13310015.204427009448409, -131688.702341933967546 ], [ 13309937.648137774318457, -131716.972386546403868 ], [ 13309874.229423871263862, -131726.525635763682658 ], [ 13309795.693523114547133, -131758.848577905417187 ], [ 13309489.353416400030255, -131436.832948700175621 ], [ 13309421.326075576245785, -131373.500983757287031 ], [ 13309384.713095054030418, -131346.767505255993456 ], [ 13309261.115064427256584, -131287.911550305376295 ], [ 13309136.69326956756413, -131212.743849594640778 ], [ 13309093.067161126062274, -131163.474554838379845 ], [ 13308983.751421168446541, -130998.742585448751925 ], [ 13308955.231367625296116, -130947.502554392558523 ], [ 13308895.497328866273165, -130965.96321649789752 ], [ 13308873.088715370744467, -130978.088465003616875 ], [ 13308777.487536674365401, -131056.340309720224468 ], [ 13308748.588996864855289, -131067.986786871988443 ], [ 13308721.137610437348485, -131068.821859342308016 ], [ 13308667.192185198888183, -131050.884503174180281 ], [ 13308629.321294432505965, -131027.212984454105026 ], [ 13308608.849640073254704, -131023.794754947943147 ], [ 13308594.389238217845559, -131026.422449288118514 ], [ 13308546.499593280255795, -131049.52611870210967 ], [ 13308521.975909458473325, -131053.478794846349047 ], [ 13308462.330926293507218, -131021.144792034203419 ], [ 13308439.087416613474488, -131003.675079105916666 ], [ 13308351.690484391525388, -130924.109400911795092 ], [ 13308303.734047757461667, -130946.422527753282338 ], [ 13308209.290591767057776, -130952.1678241455229 ], [ 13308183.23069897480309, -130948.415566605995991 ], [ 13308136.354061400517821, -130919.967443410918349 ], [ 13308097.525823011994362, -130883.780989097969723 ], [ 13308038.292721960693598, -130864.964034520031419 ], [ 13308002.503505673259497, -130867.636264686574577 ], [ 13307988.265742801129818, -130876.332147179156891 ], [ 13307944.472655119374394, -130939.953502291507903 ], [ 13307921.997249931097031, -130963.747491615518811 ], [ 13307887.710846766829491, -130976.986169665338821 ], [ 13307801.293526062741876, -130942.937493365578121 ], [ 13307737.117839619517326, -130937.058585605220287 ], [ 13307695.92962802760303, -130945.387038298533298 ], [ 13307682.382045997306705, -130958.425298243950238 ], [ 13307653.750672966241837, -131029.03900935225829 ], [ 13307638.800465350970626, -131051.329875133495079 ], [ 13307614.054142547771335, -131068.554636151558952 ], [ 13307509.981550604104996, -131067.140580104402034 ], [ 13307470.819353746250272, -131081.325678066379623 ], [ 13307461.279273383319378, -131091.335413988563232 ], [ 13307455.490659860894084, -131123.413335175719112 ], [ 13307462.448128037154675, -131149.823899641865864 ], [ 13307488.352173546329141, -131193.759860518737696 ], [ 13307530.586788350716233, -131236.359710941294907 ], [ 13307542.486841917037964, -131255.755671959457686 ], [ 13307546.939621549099684, -131282.656157217454165 ], [ 13307539.303104480728507, -131298.466873980069067 ], [ 13307422.584618382155895, -131408.908093362842919 ], [ 13307405.207645872607827, -131448.345828388381051 ], [ 13307394.843801278620958, -131499.352121597970836 ], [ 13307376.876835465431213, -131527.332656676706392 ], [ 13307260.937585802748799, -131596.242946659127483 ], [ 13307137.795965088531375, -131526.720269292127341 ], [ 13307078.251169461756945, -131486.837151693325723 ], [ 13306939.291049106046557, -131370.472451299719978 ], [ 13306846.662100816145539, -131310.647807021945482 ], [ 13306767.280171932652593, -131267.45782813205733 ], [ 13306717.631679037585855, -131207.588666522409767 ], [ 13306697.761149929836392, -131174.319366164912935 ], [ 13306651.474505659192801, -131167.705590013036272 ], [ 13306637.83786803856492, -131194.717410673008999 ], [ 13306643.927044183015823, -131298.299859362159623 ], [ 13306639.285021414980292, -131348.125891030096682 ], [ 13306553.535617658868432, -131657.470570566452807 ], [ 13306528.488732229918242, -131713.15331380686257 ], [ 13306510.688745653256774, -131719.499877860740526 ], [ 13306505.35654204338789, -131747.870134208147647 ], [ 13306450.598484521731734, -131814.175040977541357 ], [ 13306431.896810069680214, -131858.166767837043153 ], [ 13306397.621538853272796, -131977.560190269025043 ], [ 13306333.701887240633368, -131951.015943143633194 ], [ 13306281.12569173797965, -131979.196937125438126 ], [ 13306245.303079601377249, -131975.700756775942864 ], [ 13306220.412041461095214, -131982.715386179595953 ], [ 13306191.268598768860102, -131997.100944122619694 ], [ 13306088.698819953948259, -132081.989110857859487 ], [ 13306062.471947921440005, -132096.653031851106789 ], [ 13306033.974158279597759, -132102.320409248146461 ], [ 13306004.596944659948349, -132101.541005670645973 ], [ 13305945.708934029564261, -132089.382310117216548 ], [ 13305905.856556326150894, -132037.685590700013563 ], [ 13305871.581285111606121, -132024.702956947381608 ], [ 13305823.246362207457423, -132043.542250702303136 ], [ 13305780.967219604179263, -132082.289737932704156 ], [ 13305741.994265876710415, -132128.341355531592853 ], [ 13305719.162638315930963, -132222.125896904850379 ], [ 13305673.187688618898392, -132305.299436676112236 ], [ 13305647.951560055837035, -132336.898707079613814 ], [ 13305596.076677344739437, -132419.805053536751075 ], [ 13305579.311962030827999, -132453.397384274750948 ], [ 13305549.433810705319047, -132535.680238428583834 ], [ 13305525.912002298980951, -132562.369282597413985 ], [ 13305447.621004423126578, -132566.767352259776089 ], [ 13305430.633650127798319, -132592.699263018439524 ], [ 13305403.783388951793313, -132661.208954497618834 ], [ 13305394.054065454751253, -132671.218741678312654 ], [ 13305358.899370262399316, -132678.778970477374969 ], [ 13305340.309015300124884, -132692.507633854198502 ], [ 13305335.900763463228941, -132710.556429058575304 ], [ 13305335.422089653089643, -132818.982834957248997 ], [ 13305366.03494962118566, -132903.681944595096866 ], [ 13305367.882853168994188, -132936.806684920593398 ], [ 13305342.591064859181643, -132993.692171713919379 ], [ 13305323.143549816682935, -133058.583282110572327 ], [ 13305299.143067605793476, -133091.618964226887329 ], [ 13305258.355606177821755, -133178.099649485142436 ], [ 13305247.424032181501389, -133192.863832264934899 ], [ 13306550.841685980558395, -133325.129118434881093 ], [ 13306516.655470358207822, -133403.281350411125459 ], [ 13306516.243588242679834, -133438.97818792014732 ], [ 13306539.320118684321642, -133504.247962133056717 ], [ 13306542.871210440993309, -133539.332420066202758 ], [ 13306539.732000799849629, -133553.684647912741639 ], [ 13306516.3103799354285, -133596.797007465589559 ], [ 13306514.317761050537229, -133631.66992260175175 ], [ 13306520.406937200576067, -133654.985341271269135 ], [ 13306531.750393312424421, -133674.002885615307605 ], [ 13306619.236381124705076, -133789.533379607426468 ], [ 13306593.387995362281799, -133837.144070123467827 ], [ 13306523.857841411605477, -133894.007456055958755 ], [ 13306497.363802606239915, -133922.31110737673589 ], [ 13306465.381712898612022, -133982.559368438174715 ], [ 13306451.978846207261086, -133992.580333366640843 ], [ 13306420.731465142220259, -133996.265821662382223 ], [ 13306391.543494656682014, -134009.315345534560038 ], [ 13306355.921257603913546, -134058.128586562175769 ], [ 13306341.928397608920932, -134110.738669225014746 ], [ 13306342.117640744894743, -134149.664569063141244 ], [ 13306357.613313864916563, -134181.264030328748049 ], [ 13306387.636180529370904, -134217.940787597151939 ], [ 13306412.772121550515294, -134258.269637536257505 ], [ 13306421.009763870388269, -134294.334011201834073 ], [ 13306397.476823516190052, -134444.025146811036393 ], [ 13306381.580400230363011, -134493.139087304793065 ], [ 13306323.749924764037132, -134593.927910590195097 ], [ 13306280.290795559063554, -134705.973677909903927 ], [ 13306242.297453351318836, -134751.301953530608444 ], [ 13306186.359409226104617, -134845.087301975203445 ], [ 13306141.275015454739332, -134902.808229006972397 ], [ 13306228.549496237188578, -134922.182153750531143 ], [ 13306493.267245341092348, -135008.195713980618166 ], [ 13306518.525637803599238, -135029.551576492551249 ], [ 13306659.255738064646721, -135061.362684198305942 ], [ 13306697.059837138280272, -135092.071485093212686 ], [ 13306674.128022035583854, -135166.148964389285538 ], [ 13306663.563802357763052, -135238.689907595486147 ], [ 13306661.237225001677871, -135310.351246408099541 ], [ 13306692.751772845163941, -135539.787897617527051 ], [ 13306726.39252296090126, -135695.804029832070228 ], [ 13306739.773125756531954, -135793.987789249658817 ], [ 13306751.072054073214531, -135881.348870550311403 ], [ 13306751.005262376740575, -135975.090033677581232 ], [ 13306742.366869892925024, -136022.289093431754736 ], [ 13306699.831692459061742, -136097.480250717140734 ], [ 13306630.156823171302676, -136186.366845317475963 ], [ 13306406.716341251507401, -136400.126798684330424 ], [ 13306379.610045243054628, -136438.752363420469919 ], [ 13306359.550273003056645, -136592.575467791291885 ], [ 13306318.005839038640261, -137052.597770383988973 ], [ 13306275.348210165277123, -137438.353437139332527 ], [ 13306179.824955115094781, -137443.274901047814637 ], [ 13306138.803722757846117, -137437.952593928668648 ], [ 13306110.250273369252682, -137378.449652232491644 ], [ 13306093.986495764926076, -137358.362958296231227 ], [ 13306058.553501846268773, -137350.624459609971382 ], [ 13306005.053354570642114, -137378.54986301495228 ], [ 13305928.131586434319615, -137436.271279356558807 ], [ 13305894.947246227413416, -137474.629749951418489 ], [ 13305881.644567077979445, -137498.234965096082306 ], [ 13305848.248719841241837, -137520.526306786952773 ], [ 13305754.729215623810887, -137569.651886912324699 ], [ 13305759.504821779206395, -137588.11295245034853 ], [ 13305737.419034807011485, -137613.444030380836921 ], [ 13305687.703750219196081, -137618.265286338311853 ], [ 13305670.994694650173187, -137624.122054651001235 ], [ 13305654.007340354844928, -137643.128716115345014 ], [ 13305632.478150837123394, -137697.398475611757021 ], [ 13305601.676047733053565, -137729.076253252540482 ], [ 13305572.354493860155344, -137748.595110551657854 ], [ 13305516.761540155857801, -137765.775714478397276 ], [ 13305385.460200764238834, -137784.771250508347293 ], [ 13305296.092913554981351, -137811.794796544098062 ], [ 13305258.255418634042144, -137830.823739179875702 ], [ 13305226.718606892973185, -137859.283646312309429 ], [ 13305202.250582816079259, -137932.916431297693634 ], [ 13305175.032967317849398, -137964.471754124155268 ], [ 13305128.824246689677238, -137987.976797421579249 ], [ 13305051.034186523407698, -138012.628701784531586 ], [ 13305009.512016458436847, -138035.131638867664151 ], [ 13304946.182358147576451, -138094.901942243217491 ], [ 13304893.372391713783145, -138181.350666268233908 ], [ 13304851.750034105032682, -138234.763163386989618 ], [ 13304800.977214355021715, -138269.447331288392888 ], [ 13304745.016906332224607, -138283.53255633849767 ], [ 13304668.228721585124731, -138316.245911665231688 ], [ 13304599.767234744504094, -138413.639983256114647 ], [ 13304579.807650046423078, -138429.295189725002274 ], [ 13304536.671347362920642, -138450.684701476013288 ], [ 13304508.329405009746552, -138473.065191752597457 ], [ 13304494.915406368672848, -138503.362365633947775 ], [ 13304481.044997816905379, -138563.956722771457862 ], [ 13304441.938460700213909, -138669.256428273511119 ], [ 13304409.689204216003418, -138734.20444142469205 ], [ 13304016.319519601762295, -139141.841794212668901 ], [ 13303863.266351707279682, -139267.295337986724917 ], [ 13303862.520511120557785, -139321.877166426827898 ], [ 13303850.854228485375643, -139353.454907815903425 ], [ 13303831.729539966210723, -139363.910303196200402 ], [ 13303805.424744294956326, -139360.725805735070026 ], [ 13303779.36485149897635, -139341.485206429089885 ], [ 13303702.476479206234217, -139248.455590513272909 ], [ 13303688.03834125213325, -139244.647556597104995 ], [ 13303677.774684200063348, -139248.188360061438289 ], [ 13303668.390451127663255, -139260.50323030599975 ], [ 13303653.540431054309011, -139304.674202262016479 ], [ 13303618.318944167345762, -139450.359401393594453 ], [ 13303619.810625342652202, -139487.092481654981384 ], [ 13303629.116934774443507, -139523.558335838257335 ], [ 13303652.01535402983427, -139557.363021835073596 ], [ 13303650.267638023942709, -139568.39742446973105 ], [ 13303508.869620818644762, -139612.468231488950551 ], [ 13303477.522052213549614, -139627.12138658753247 ], [ 13303455.324945747852325, -139643.522677324916003 ], [ 13303136.505924114957452, -140017.712864888424519 ], [ 13302988.729300087317824, -140203.594463663263014 ], [ 13302635.134069532155991, -140580.613574808870908 ], [ 13302378.331136221066117, -140838.893105159775587 ], [ 13302370.071230003610253, -140843.057469196734019 ], [ 13302334.237485917285085, -140842.055349503236357 ], [ 13302203.89349414780736, -141018.116698359430302 ], [ 13302105.342348949983716, -141127.180811944825109 ], [ 13301999.254874220117927, -141231.512728483736282 ], [ 13301922.945363285019994, -141314.577440384193324 ], [ 13301910.433052519336343, -141334.931638858804945 ], [ 13301885.653333868831396, -141442.871269049384864 ], [ 13301852.669368743896484, -141495.460397955816006 ], [ 13301840.290641371160746, -141509.579183301451849 ], [ 13301771.472932159900665, -141559.974790276202839 ], [ 13301673.010842554271221, -141600.304643849027343 ], [ 13300994.507414221763611, -142502.149350216903258 ], [ 13300603.130348490551114, -142730.144123736012261 ], [ 13300242.8225526381284, -143160.446341007133015 ], [ 13299811.047643698751926, -143696.317985901492648 ], [ 13299581.595909275114536, -143870.209810660191579 ], [ 13299308.673913698643446, -144117.312983346782858 ], [ 13299084.498723139986396, -144302.083764861017698 ], [ 13298984.099674392491579, -144442.682897329825209 ], [ 13298950.648167410865426, -144504.536739214876434 ], [ 13298935.397397171705961, -144569.931463873333996 ], [ 13298943.879942368716002, -144600.062258178571938 ], [ 13298945.471811087802052, -144641.906877351284493 ], [ 13298942.432788988575339, -144689.508201301388908 ], [ 13298928.172762218862772, -144775.680536665342515 ], [ 13298932.235923632979393, -144852.700076239590999 ], [ 13298970.719071600586176, -144942.847593652724754 ], [ 13298990.444885367527604, -144976.174122673110105 ], [ 13299035.150792872533202, -145033.329184831032762 ], [ 13299053.830203425139189, -145114.535491301619913 ], [ 13299059.240330677479506, -145170.810929875267902 ], [ 13299066.899111643433571, -145197.668147518474143 ], [ 13299088.973766669631004, -145228.700930811668513 ], [ 13299125.842782018706203, -145248.220297162915813 ], [ 13299319.371716763824224, -145287.225629434076836 ], [ 13299418.802285939455032, -145338.746526262315456 ], [ 13299483.968715852126479, -145341.062572852039011 ], [ 13299531.95854833163321, -145325.395854226924712 ], [ 13299638.001495260745287, -145277.226545736339176 ], [ 13299743.610296176746488, -145237.00751780916471 ], [ 13299809.800865402445197, -145181.121785100578563 ], [ 13299867.219458751380444, -145147.984523868391989 ], [ 13299909.053323393687606, -145141.002984451130033 ], [ 13299945.98913043923676, -145147.728422738349764 ], [ 13299977.136323960497975, -145163.773715727613308 ], [ 13300055.649960819631815, -145263.842472124961205 ], [ 13300072.815426299348474, -145274.142195937252836 ], [ 13300099.765875020995736, -145279.698479534854414 ], [ 13300182.810215152800083, -145277.148601878143381 ], [ 13300229.375158149749041, -145285.956257987243589 ], [ 13300272.689572019502521, -145312.590789903741097 ], [ 13300290.0442806314677, -145330.395396891253768 ], [ 13300312.1300676073879, -145367.930941661150428 ], [ 13300320.423369670286775, -145399.164170973963337 ], [ 13300319.532813744619489, -145418.438582674367353 ], [ 13300302.779230380430818, -145452.177157477941364 ], [ 13300287.628647685050964, -145462.332135245174868 ], [ 13300149.336444271728396, -145479.00099757683347 ], [ 13300096.726852921769023, -145504.36617542928434 ], [ 13300084.481708934530616, -145519.27573451193166 ], [ 13300069.999043181538582, -145551.355229154607514 ], [ 13300066.848701592534781, -145577.310560558311408 ], [ 13300071.668835544958711, -145593.834676701750141 ], [ 13300085.038306389003992, -145613.287259424541844 ], [ 13300114.46004780754447, -145634.365531757066492 ], [ 13300155.848634481430054, -145643.18433396553155 ], [ 13300281.35022840462625, -145632.094022142438916 ], [ 13300334.360569918528199, -145634.966813716979232 ], [ 13300359.964052800089121, -145642.705535353597952 ], [ 13300406.540127746760845, -145669.161943603976397 ], [ 13300550.131138922646642, -145774.174757130735088 ], [ 13300617.212264075875282, -145790.375974059221335 ], [ 13300652.244507828727365, -145787.135730598267401 ], [ 13300665.58058282546699, -145780.27665865389281 ], [ 13300681.154179586097598, -145753.397115353494883 ], [ 13300683.135666523128748, -145733.298701279447414 ], [ 13300680.029852731153369, -145714.748033395939274 ], [ 13300671.847870158031583, -145700.595633936609374 ], [ 13300582.836805317550898, -145622.016982162807835 ], [ 13300562.187039775773883, -145576.720413571310928 ], [ 13300553.348272208124399, -145537.804119722510222 ], [ 13300559.815934620797634, -145471.19547140476061 ], [ 13300579.207789916545153, -145437.189658069517463 ], [ 13300593.712719567120075, -145426.210702845972264 ], [ 13300619.661292871460319, -145421.155484257120406 ], [ 13300634.823007516562939, -145427.446670400328003 ], [ 13300647.279658539220691, -145444.059856435662368 ], [ 13300693.955921027809381, -145563.436539267917397 ], [ 13300721.863717369735241, -145614.478688404604327 ], [ 13300764.654929632321, -145657.470348739880137 ], [ 13300805.242015974596143, -145682.01156366665964 ], [ 13300834.841868575662374, -145691.754560208821204 ], [ 13300883.944895962253213, -145699.292856052372372 ], [ 13300903.637313885614276, -145695.618354360223748 ], [ 13300918.776764634996653, -145687.835091844695853 ], [ 13300929.385512107983232, -145671.288700436620275 ], [ 13300929.53022744320333, -145631.726572059385944 ], [ 13300920.491084791719913, -145580.472857642307645 ], [ 13300879.536644129082561, -145464.570238947402686 ], [ 13300881.952277081087232, -145428.025682229519589 ], [ 13300890.290106941014528, -145414.129398660792504 ], [ 13300904.349758626893163, -145404.52002989788889 ], [ 13300917.685833625495434, -145402.137173731985968 ], [ 13300932.391138358041644, -145402.938882346323226 ], [ 13300949.823770618066192, -145412.793217584781814 ], [ 13301056.846329063177109, -145527.894105845363811 ], [ 13301124.239148791879416, -145581.274566767824581 ], [ 13301229.948137249797583, -145655.276782900851686 ], [ 13301283.693187402561307, -145670.754227513767546 ], [ 13301320.250508179888129, -145660.109308680723188 ], [ 13301343.638733195140958, -145626.192551171028754 ], [ 13301340.432731861248612, -145598.422234726109309 ], [ 13301251.878076933324337, -145527.515521052497206 ], [ 13301238.786904817447066, -145511.091622445062967 ], [ 13301232.308110453188419, -145473.088394992810208 ], [ 13301235.558639584109187, -145456.820387398125604 ], [ 13301248.160005941987038, -145440.730538243660703 ], [ 13301313.738317970186472, -145402.560297722608084 ], [ 13301377.613441785797477, -145382.306021100870566 ], [ 13301419.180139649659395, -145384.365966704644961 ], [ 13301436.968994278460741, -145390.556938448251458 ], [ 13301483.110923208296299, -145424.050543349701911 ], [ 13301567.40204163827002, -145499.24414635359426 ], [ 13301608.434405947104096, -145515.011088330211351 ], [ 13301652.539188196882606, -145515.790527575241867 ], [ 13301672.131418578326702, -145502.974319692904828 ], [ 13301680.369060896337032, -145483.232238674187101 ], [ 13301661.110788987949491, -145365.124961872119457 ], [ 13301663.682269226759672, -145310.386091931548435 ], [ 13301674.01271797157824, -145287.99393320735544 ], [ 13301711.994928229600191, -145243.276430143305333 ], [ 13301826.364573072642088, -145168.428075697855093 ], [ 13301949.239027008414268, -145071.276678469963372 ], [ 13301971.825751692056656, -145059.195389591826824 ], [ 13302000.490520570427179, -145051.579167193238391 ], [ 13302062.840567363426089, -145048.595033327350393 ], [ 13302126.281545167788863, -145058.861344745469978 ], [ 13302217.975409733131528, -145084.438046300900169 ], [ 13302301.108805457130075, -145096.140752056788187 ], [ 13302344.311899835243821, -145096.185291375557426 ], [ 13302382.327505940571427, -145090.484258633310674 ], [ 13302416.714096646755934, -145079.12673281255411 ], [ 13302468.511055711656809, -145050.65497647767188 ], [ 13302500.058999402448535, -145015.635944980022032 ], [ 13302509.298517141491175, -144996.161134124238743 ], [ 13302511.903393223881721, -144978.067042916634819 ], [ 13302507.083259273320436, -144958.981953516282374 ], [ 13302482.459387909621, -144931.323051460814895 ], [ 13302359.40682278573513, -144845.562656692491146 ], [ 13302340.783071976155043, -144824.295151785045164 ], [ 13302332.13354754075408, -144801.090190151880961 ], [ 13302329.929421622306108, -144772.406900493631838 ], [ 13302334.983326505869627, -144751.016918147040997 ], [ 13302364.059977499768138, -144694.619080772914458 ], [ 13302421.344987463206053, -144617.087383216596209 ], [ 13302453.349341066554189, -144589.183548997796606 ], [ 13302488.19234168715775, -144575.721564524166752 ], [ 13302529.836963189765811, -144572.570413578243461 ], [ 13302628.777726607397199, -144585.998993472720031 ], [ 13302655.650251684710383, -144594.650740560085978 ], [ 13302711.855462586507201, -144630.28213420000975 ], [ 13302798.484290320426226, -144697.558671622129623 ], [ 13302882.007304264232516, -144745.204544256092049 ], [ 13302945.437150117009878, -144758.789019821299007 ], [ 13302970.673278680071235, -144757.74234709047596 ], [ 13302995.052247164770961, -144747.95484376422246 ], [ 13303006.161932345479727, -144718.614605459471932 ], [ 13303005.827973874285817, -144678.907858989929082 ], [ 13302958.272287406027317, -144530.670130679296562 ], [ 13302957.849273342639208, -144474.361415914056124 ], [ 13302973.84588416852057, -144434.097963733103825 ], [ 13303000.172943741083145, -144404.245557244430529 ], [ 13303068.50084718875587, -144368.770079419977264 ], [ 13303134.769340058788657, -144356.343641916144406 ], [ 13303197.698248203843832, -144363.815093073644675 ], [ 13303232.563512722030282, -144379.459488463849993 ], [ 13303273.773988213390112, -144416.260009158460889 ], [ 13303288.490424897521734, -144448.194625263364287 ], [ 13303285.0506526324898, -144505.349580071779201 ], [ 13303214.273720383644104, -144628.600777711137198 ], [ 13303208.685481946915388, -144674.453933768207207 ], [ 13303218.915743151679635, -144731.50872119498672 ], [ 13303232.630304414778948, -144761.472510563937249 ], [ 13303291.896801317110658, -144831.811154644266935 ], [ 13303367.059721495956182, -144900.757963590789586 ], [ 13303441.265294058248401, -144979.202795068908017 ], [ 13303499.051241731271148, -145017.350708264741115 ], [ 13303550.202547751367092, -145020.958392092870781 ], [ 13303587.594764709472656, -145002.541389332938707 ], [ 13303600.062547678127885, -144977.565975792094832 ], [ 13303596.76749074831605, -144935.932868280826369 ], [ 13303582.596519572660327, -144916.613950471277349 ], [ 13303549.501234959810972, -144896.159282170090592 ], [ 13303473.848509017378092, -144877.653209030133439 ], [ 13303429.342976596206427, -144856.140735649212729 ], [ 13303416.018033549189568, -144840.440639656619169 ], [ 13303400.32198534719646, -144808.840023574390216 ], [ 13303396.770893590524793, -144768.197939757490531 ], [ 13303409.817537911236286, -144710.853639710345306 ], [ 13303457.395488277077675, -144597.267420877033146 ], [ 13303478.479399833828211, -144564.096824107255088 ], [ 13303505.006834488362074, -144537.718463773431722 ], [ 13303534.751402428373694, -144519.668941305339104 ], [ 13303562.247316652908921, -144510.81677000579657 ], [ 13303591.257175954058766, -144508.567539103591116 ], [ 13303647.573706347495317, -144513.143944572046166 ], [ 13303682.917644673958421, -144528.031181367172394 ], [ 13303887.879091123118997, -144644.367670742823975 ], [ 13304055.570772053673863, -144694.607945959141944 ], [ 13304092.606766639277339, -144711.076335998572176 ], [ 13304129.008240129798651, -144736.363500675244723 ], [ 13304179.30238606967032, -144806.022914561326616 ], [ 13304163.918032441288233, -144832.356760785594815 ], [ 13303855.663230488076806, -146091.384734395367559 ], [ 13303826.742426779121161, -146055.263220596272731 ], [ 13303806.593598945066333, -146040.687678900751052 ], [ 13303764.81539405323565, -146021.836349175515352 ], [ 13303724.094724318012595, -146015.522879907075549 ], [ 13303648.642373459413648, -146015.611958837573184 ], [ 13303636.853639382869005, -146006.893358651577728 ], [ 13303595.632031943649054, -145949.971929657796863 ], [ 13303571.798528965562582, -145935.808383404248161 ], [ 13303538.692112401127815, -145930.285491349408403 ], [ 13303520.758542433381081, -145933.202825445361668 ], [ 13303497.425977166742086, -145944.5937905475148 ], [ 13303443.380364384502172, -145999.466403152793646 ], [ 13303407.457564705982804, -146025.945114966772962 ], [ 13303340.309647858142853, -146054.973714031104464 ], [ 13303304.553827419877052, -146062.667907846043818 ], [ 13303232.396533485502005, -146061.5989605015493 ], [ 13303141.52643314935267, -146040.431576952629257 ], [ 13303110.779989793896675, -146037.692399609310087 ], [ 13303032.399936323985457, -146049.328336070553632 ], [ 13303009.44585732370615, -146048.370737453456968 ], [ 13302970.428375801071525, -146038.004175890906481 ], [ 13302929.173372512683272, -146041.812300501711434 ], [ 13302888.051952613517642, -146063.892743349890225 ], [ 13302829.319789273664355, -146079.381345504691126 ], [ 13302777.300191223621368, -146118.620626134535996 ], [ 13302751.885951476171613, -146130.479263394750888 ], [ 13302699.421075465157628, -146145.155023632891243 ], [ 13302655.839494818821549, -146149.943018415186089 ], [ 13302633.686916150152683, -146158.594813846750185 ], [ 13302609.207760125398636, -146186.008870130666764 ], [ 13302573.841557901352644, -146248.776157015032368 ], [ 13302540.757405236363411, -146272.426633872615639 ], [ 13302513.907144060358405, -146271.502439117757604 ], [ 13302466.451645134016871, -146232.363350810715929 ], [ 13302448.740714147686958, -146224.27943169279024 ], [ 13302359.262107446789742, -146216.273456930066459 ], [ 13302311.105295730754733, -146199.326178706833161 ], [ 13302289.275543585419655, -146201.497479078534525 ], [ 13302276.306822909042239, -146207.900031555414898 ], [ 13302240.361759331077337, -146248.230548109393567 ], [ 13302205.262723885476589, -146270.288737576862331 ], [ 13302185.069368256255984, -146268.663045612920541 ], [ 13302147.599227653816342, -146239.367187261173967 ], [ 13302137.569341532886028, -146236.81730083830189 ], [ 13302096.503581380471587, -146237.318370220862562 ], [ 13302064.933373790234327, -146243.475956262467662 ], [ 13302031.281491721048951, -146262.10460347137996 ], [ 13301988.868765732273459, -146323.223945484467549 ], [ 13301942.38174637593329, -146354.245719042170094 ], [ 13301917.635423570871353, -146378.341600102285156 ], [ 13301903.141625873744488, -146406.768952301266836 ], [ 13301890.184037143364549, -146477.909722273005173 ], [ 13301864.736401548609138, -146527.047973306383938 ], [ 13301835.938049277290702, -146544.529746108630206 ], [ 13301799.369596553966403, -146548.170854340307415 ], [ 13301756.567252345383167, -146542.180284859059611 ], [ 13301730.351512264460325, -146554.818382336030481 ], [ 13301720.800299951806664, -146574.426920617523137 ], [ 13301725.531378312036395, -146638.285514571209205 ], [ 13301719.97653572075069, -146665.287627158919349 ], [ 13301682.038853257894516, -146708.591226812714012 ], [ 13301644.624372402206063, -146727.2644447950006 ], [ 13301631.844894859939814, -146743.677280243573477 ], [ 13301607.176495699211955, -146800.030991984240245 ], [ 13301602.556736832484603, -146861.84081623936072 ], [ 13301585.803153468295932, -146902.060078771784902 ], [ 13301565.498478347435594, -146926.567998809739947 ], [ 13301500.688270807266235, -146954.460931796376826 ], [ 13301488.487654615193605, -146958.903758507542079 ], [ 13301469.429757792502642, -146961.164144054608187 ], [ 13301423.488203940913081, -146947.089625480439281 ], [ 13301378.715504745021462, -146952.389839669660432 ], [ 13301358.533281061798334, -146966.018962336325785 ], [ 13301341.312155839055777, -146989.112755053356523 ], [ 13301335.479014521464705, -147052.381294440652709 ], [ 13301326.963073475286365, -147072.134621739183785 ], [ 13301309.541573166847229, -147077.490512867603684 ], [ 13301255.952370297163725, -147079.194153934280621 ], [ 13301206.693495623767376, -147096.141485901491251 ], [ 13301138.788606237620115, -147129.145360071299365 ], [ 13301071.061828037723899, -147147.896550794190262 ], [ 13301009.902899799868464, -147151.893984135298524 ], [ 13300867.770173951983452, -147145.090553051646566 ], [ 13300847.521158579736948, -147137.25157538219355 ], [ 13300814.314554473385215, -147104.804445744375698 ], [ 13300802.425632856786251, -147100.66225925605977 ], [ 13300710.809691933915019, -147106.741920090833446 ], [ 13300675.688392590731382, -147102.666543033003109 ], [ 13300652.667521893978119, -147092.455830832128413 ], [ 13300632.685673294588923, -147076.120919076434802 ], [ 13300619.950723549351096, -147041.736322704469785 ], [ 13300600.013402746990323, -147023.475075073103653 ], [ 13300560.973657324910164, -147009.723465609567938 ], [ 13300513.863248823210597, -147006.338454154087231 ], [ 13300489.762579066678882, -146999.512756838521454 ], [ 13300406.172773426398635, -146944.595407073531533 ], [ 13300344.913657646626234, -146862.698203558044042 ], [ 13300312.70892896130681, -146827.834833039029036 ], [ 13300266.611527822911739, -146791.189883318613283 ], [ 13300240.829933753237128, -146782.081537406367715 ], [ 13300167.548312963917851, -146781.012587294448167 ], [ 13300083.568889109417796, -146800.097801370662637 ], [ 13300058.21030910871923, -146800.999728089402197 ], [ 13300033.519646048545837, -146794.263115014211508 ], [ 13299952.145098280161619, -146736.784780028450768 ], [ 13299898.032693807035685, -146717.421197949966881 ], [ 13299829.871769592165947, -146665.176278235623613 ], [ 13299764.950242562219501, -146641.169451419118559 ], [ 13299723.895614357665181, -146599.547230627096724 ], [ 13299678.37707457318902, -146513.385467557760421 ], [ 13299658.217114789411426, -146499.700692709855502 ], [ 13299629.084804048761725, -146494.433891829336062 ], [ 13299602.089827531948686, -146501.816320998623269 ], [ 13299581.094971565529704, -146514.899812090094201 ], [ 13299534.797195345163345, -146595.071005006844644 ], [ 13299516.874757327139378, -146595.727963488869136 ], [ 13299485.003987116739154, -146583.112133927468676 ], [ 13299464.08705479465425, -146583.312561930215452 ], [ 13299377.803317479789257, -146606.150220293347957 ], [ 13299299.623639097437263, -146615.358774440945126 ], [ 13299279.074061095714569, -146626.760902369976975 ], [ 13299254.238682700321078, -146652.872222488076659 ], [ 13299243.028809977695346, -146656.947592928627273 ], [ 13299200.783063221722841, -146653.607125350012211 ], [ 13299133.17873646132648, -146667.158289076760411 ], [ 13299087.827175913378596, -146690.953555168322055 ], [ 13299063.915749292820692, -146744.61261146524339 ], [ 13299028.404831727966666, -146761.136796902428614 ], [ 13298976.452025374397635, -146768.274265445099445 ], [ 13298963.973110457882285, -146761.20360627953778 ], [ 13298936.532855976372957, -146732.085854293429293 ], [ 13298925.857316808775067, -146727.709840588126099 ], [ 13298878.991811184212565, -146736.795914923655801 ], [ 13298838.382460942491889, -146738.120967455819482 ], [ 13298780.685568867251277, -146713.869166651595151 ], [ 13298750.785153638571501, -146715.138544602552429 ], [ 13298637.350592520087957, -146773.040001173329074 ], [ 13298597.598402358591557, -146778.473830795264803 ], [ 13298548.517638865858316, -146800.910648907156428 ], [ 13298502.865515694022179, -146834.76074021551176 ], [ 13298418.340626334771514, -146850.193710848805495 ], [ 13298407.909990044310689, -146857.420260885322932 ], [ 13298395.308623688295484, -146876.204837902070722 ], [ 13298383.297250632196665, -146934.830096830701223 ], [ 13298339.058884991332889, -146984.948300486576045 ], [ 13298320.223627148196101, -147035.166727381234523 ], [ 13298305.818885039538145, -147059.541040305310162 ], [ 13298216.718764608725905, -147127.653282004292123 ], [ 13298140.231142485514283, -147196.255476680438733 ], [ 13298049.227458762004972, -147259.980595022585476 ], [ 13298029.635228380560875, -147279.555778480775189 ], [ 13297958.13471944630146, -147387.252717063383898 ], [ 13297791.077559612691402, -147596.065976708312519 ], [ 13297668.392348807305098, -147795.281077921012184 ], [ 13297639.983614757657051, -147848.984888460196089 ], [ 13297584.012174788862467, -147917.475913126778323 ], [ 13297546.508638339117169, -147987.78195098231663 ], [ 13297541.688504386693239, -148022.634333080495708 ], [ 13297544.671866741031408, -148104.64323043616605 ], [ 13297525.480386527255177, -148150.073831768298987 ], [ 13297524.779073735699058, -148182.187035870767431 ], [ 13297545.862985292449594, -148254.074305271642515 ], [ 13297540.185691261664033, -148291.955429714842467 ], [ 13297531.803333604708314, -148307.856150175270159 ], [ 13297488.956461599096656, -148339.969372738793027 ], [ 13297468.807633765041828, -148385.077099131885916 ], [ 13297431.226173672825098, -148430.986550325440476 ], [ 13297422.632308984175324, -148453.289883379387902 ], [ 13297414.361270816996694, -148537.314338634139858 ], [ 13297432.42842417396605, -148583.802833764377283 ], [ 13297437.805155579000711, -148612.352897918754024 ], [ 13297437.348745668306947, -148651.503458752704319 ], [ 13297429.74562444537878, -148676.857792519120267 ], [ 13297378.048852922394872, -148737.788374971161829 ], [ 13297372.54967007599771, -148803.807656254823087 ], [ 13297363.833353947848082, -148822.202641836483963 ], [ 13297349.317292349413037, -148829.874642847338691 ], [ 13297296.117707697674632, -148838.259282805025578 ], [ 13297268.566133726388216, -148853.369451346283313 ], [ 13297164.905423898249865, -148990.296344669768587 ], [ 13297136.886308066546917, -148997.289116212341469 ], [ 13297112.373756194487214, -148989.32760085555492 ], [ 13297084.799918325617909, -148988.202967236400582 ], [ 13297020.04537053219974, -149005.517871489399113 ], [ 13296987.940829385071993, -149005.662626320583513 ], [ 13296956.04779527336359, -148998.959364218724659 ], [ 13296905.085732387378812, -148969.663215668144403 ], [ 13296853.188585782423615, -148924.599932868557516 ], [ 13296798.018646143376827, -148889.814245966321323 ], [ 13296745.776409115642309, -148825.910590048530139 ], [ 13296726.139650939032435, -148816.22315788877313 ], [ 13296685.296529766172171, -148817.292115903284866 ], [ 13296627.710957178846002, -148868.178976224357029 ], [ 13296609.231921708211303, -148872.076219746755669 ], [ 13296585.053328305482864, -148867.076613066717982 ], [ 13296496.977347191423178, -148820.109265690931352 ], [ 13296477.006630541756749, -148818.305399025179213 ], [ 13296440.827796034514904, -148824.05104844638845 ], [ 13296316.762223547324538, -148874.770885300415102 ], [ 13296270.931989187374711, -148883.612060898594791 ], [ 13296206.611587407067418, -148884.580804337951122 ], [ 13296108.283081188797951, -148916.660689597250894 ], [ 13295920.409176575019956, -148908.287182217347436 ], [ 13295738.501996669918299, -148867.354987601051107 ], [ 13295679.625117991119623, -148865.127991334244143 ], [ 13295657.628386607393622, -148876.563617357052863 ], [ 13295620.347489144653082, -148922.294991249917075 ], [ 13295609.349123451858759, -148929.154141244769562 ], [ 13295543.091762533411384, -148927.739998293458484 ], [ 13295447.290208753198385, -148985.285600840143161 ], [ 13295438.796531608328223, -149004.025783234013943 ], [ 13295438.996906692162156, -149087.393443257344188 ], [ 13295428.577402353286743, -149107.391886659635929 ], [ 13295410.766283826902509, -149114.841195851680823 ], [ 13295377.982693787664175, -149108.5833307170833 ], [ 13295338.987476162612438, -149035.303963368118275 ], [ 13295312.204006679356098, -149020.24945970220142 ], [ 13295293.368748836219311, -149022.899586766608991 ], [ 13295276.826672503724694, -149037.987495543726254 ], [ 13295251.334509111940861, -149080.957418910664273 ], [ 13295191.823109332472086, -149125.786892686737701 ], [ 13295181.860014908015728, -149149.326266615098575 ], [ 13295160.453276827931404, -149178.700379408604931 ], [ 13295148.553223263472319, -149189.111599069292424 ], [ 13295136.975996220484376, -149192.095777612208622 ], [ 13295089.442573653534055, -149192.485502424300648 ], [ 13295058.128400892019272, -149187.719724760128884 ], [ 13295037.467503398656845, -149178.822864343499532 ], [ 13295004.171843705698848, -149117.981263464433141 ], [ 13294983.054536299780011, -149103.271939959115116 ], [ 13294918.155273167416453, -149102.770865364640485 ], [ 13294876.655367, -149120.50890656906995 ], [ 13294834.565467532724142, -149122.268235263589304 ], [ 13294738.752781806513667, -149057.262161032122094 ], [ 13294713.216090617701411, -149051.226996995101217 ], [ 13294639.288816781714559, -149056.438171838410199 ], [ 13294609.76688782311976, -149095.744686148042092 ], [ 13294576.170665504410863, -149239.709018780675251 ], [ 13294528.29215251095593, -149373.395820365054533 ], [ 13294528.29215251095593, -149457.776878825883614 ], [ 13294518.919051386415958, -149584.348515560879605 ], [ 13294517.95057181827724, -149759.123699055809993 ], [ 13294509.545950261875987, -149828.127413244830677 ], [ 13294500.161717189475894, -150006.276667046040529 ], [ 13294518.919051386415958, -150090.657922030484769 ], [ 13294556.411455884575844, -150189.10275270944112 ], [ 13294603.276961511000991, -150282.870902605849551 ], [ 13294734.500377256423235, -150465.697174987872131 ], [ 13294837.60448963008821, -150559.454285686311778 ], [ 13294987.217885255813599, -150724.698488726717187 ], [ 13295107.865949377417564, -151020.635074754623929 ], [ 13295389.214830407872796, -151545.175316155160544 ], [ 13295644.303443560376763, -152540.743422856903635 ], [ 13295711.840978626161814, -153213.529001220857026 ], [ 13295827.891547776758671, -153441.688548751000781 ], [ 13296894.755283642560244, -154029.98253541244776 ], [ 13297765.184646053239703, -154839.935618911782512 ], [ 13298369.226466996595263, -155383.591495986212976 ], [ 13298448.241041561588645, -155463.731921667582355 ], [ 13298534.168556505814195, -155513.873984562640544 ], [ 13298602.941737916320562, -155513.807173013483407 ], [ 13298777.446171682327986, -155439.056195375655079 ], [ 13299031.310270439833403, -155364.22729232115671 ], [ 13299258.758254026994109, -155326.701496309717186 ], [ 13299324.369961900636554, -155333.549675299465889 ], [ 13299365.647229086607695, -155346.288402221776778 ], [ 13299457.764107717201114, -155406.908716100850143 ], [ 13299707.17542683891952, -155633.533496608550195 ], [ 13299863.879874030128121, -155791.375901551538846 ], [ 13300080.719110148027539, -155947.32540484535275 ], [ 13300164.364575527608395, -155987.434674525022274 ], [ 13300240.495975282043219, -156013.313062788627576 ], [ 13300324.108044816181064, -156031.218592831981368 ], [ 13300398.981534322723746, -156035.327511280280305 ], [ 13300474.255773996934295, -156032.320985580066917 ], [ 13300550.342645956203341, -156014.649296331510413 ], [ 13300614.774367226287723, -155982.345852350088535 ], [ 13300665.046249270439148, -155939.163247167569352 ], [ 13300806.255023339763284, -155752.279971414973261 ], [ 13300854.82371717505157, -155663.041946019162424 ], [ 13300914.958506099879742, -155502.193098965857644 ], [ 13300958.951968861743808, -155415.894865954382112 ], [ 13301019.57656354829669, -155321.623822247493081 ], [ 13301088.939738260582089, -155238.231948055006796 ], [ 13301207.339148666709661, -155109.987345656118123 ], [ 13301273.407266452908516, -155052.551778665947495 ], [ 13301330.759068110957742, -155011.462751444778405 ], [ 13301397.261331912130117, -154976.642868100054329 ], [ 13301532.403193734586239, -154957.234153548837639 ], [ 13301632.635263243690133, -154953.782230858603725 ], [ 13301739.936120418831706, -154955.341163680801401 ], [ 13301896.328873036429286, -154967.311541016824776 ], [ 13302107.179120548069477, -154969.18226050096564 ], [ 13302316.804853659123182, -154984.036664496990852 ], [ 13302411.315101342275739, -155013.634122641029535 ], [ 13302534.022576043382287, -155070.602001058985479 ], [ 13302679.149796191602945, -155115.376802374230465 ], [ 13302842.722655963152647, -155109.341501676710322 ], [ 13302879.257712842896581, -155134.607364747993415 ], [ 13302922.304959930479527, -155230.960632201371482 ], [ 13303030.084490917623043, -155621.707847251323983 ], [ 13303059.773399112746119, -155713.406752463313751 ], [ 13303092.345482118427753, -155776.465775411837967 ], [ 13303135.960458610206842, -155893.25250689641689 ], [ 13303230.481838243082166, -155995.418669253325788 ], [ 13303227.286968857049942, -156192.101171673333738 ], [ 13303187.390063358470798, -156664.070744798140367 ], [ 13303190.173050625249743, -156776.915973884781124 ], [ 13303205.145522138103843, -156872.546052492689341 ], [ 13303216.511242147535086, -156912.755682705552317 ], [ 13303236.548750491812825, -156968.588173213589471 ], [ 13303255.228161046281457, -157005.446086381067289 ], [ 13303314.795220570638776, -157080.91017449912033 ], [ 13303388.544383222237229, -157134.90537218566169 ], [ 13303428.986754225566983, -157176.19517005290254 ], [ 13303490.112286619842052, -157257.917364915221697 ], [ 13303557.883592616766691, -157324.42871656169882 ], [ 13303598.982748616486788, -157357.01071090248297 ], [ 13303635.194978971034288, -157384.013904812163673 ], [ 13303668.501770617440343, -157401.852717346133431 ], [ 13303704.69173707254231, -157413.210763421171578 ], [ 13303770.626271471381187, -157418.722756549192127 ], [ 13303828.545802529901266, -157409.046146469045198 ], [ 13303859.826579442247748, -157396.051205768977525 ], [ 13303916.38801271468401, -157362.923574977205135 ], [ 13303934.800256492570043, -157346.365328841318842 ], [ 13303954.960216274484992, -157313.716523830225924 ], [ 13303970.878903459757566, -157260.077619496616535 ], [ 13303991.840363575145602, -157141.61997478856938 ], [ 13304001.347048088908195, -157108.091504820826231 ], [ 13304014.861234270036221, -157081.266504906816408 ], [ 13304061.838059386238456, -157007.695421432843432 ], [ 13304155.63586232624948, -156921.786425768019399 ], [ 13304186.25985424593091, -156921.530313444993226 ], [ 13304200.697992203757167, -156929.336171750881476 ], [ 13304214.701984144747257, -156941.607293271750677 ], [ 13304225.589030344039202, -156959.702187681163196 ], [ 13304228.305225918069482, -157007.962669163098326 ], [ 13304200.185922542586923, -157067.881844303308753 ], [ 13304197.547650611028075, -157089.328480512602255 ], [ 13304201.132138216868043, -157129.994692780368496 ], [ 13304220.490597663447261, -157172.208722183044301 ], [ 13304238.279452294111252, -157198.554912315419642 ], [ 13304272.265292830765247, -157222.429061564616859 ], [ 13304292.469780411571264, -157227.774020653479965 ], [ 13304339.079251207411289, -157228.386463889444713 ], [ 13304387.236062923446298, -157217.607463147927774 ], [ 13304411.637295305728912, -157206.639162234350806 ], [ 13304446.012754064053297, -157182.687067134334939 ], [ 13304456.432258401066065, -157168.155462400667602 ], [ 13304462.877656918019056, -157139.27042062417604 ], [ 13304460.417496170848608, -156998.965329063648824 ], [ 13304468.465895354747772, -156973.097978017642163 ], [ 13304483.160068141296506, -156955.660066543554422 ], [ 13304508.830342715606093, -156943.132832013245206 ], [ 13304568.542117577046156, -156926.808454413578147 ], [ 13304605.188493950292468, -156925.316321723803412 ], [ 13304656.729418186470866, -156931.262581896793563 ], [ 13304777.711440777406096, -156919.225302549399203 ], [ 13304892.025425875559449, -157083.783088425378082 ], [ 13304907.543362889438868, -157380.528543955239002 ], [ 13304891.947502231225371, -157464.422195011022268 ], [ 13304875.806176064535975, -157517.760487453138921 ], [ 13304861.212190823629498, -157626.229896519187605 ], [ 13304883.48722093179822, -157753.91897184465779 ], [ 13304991.611842337995768, -157990.077672463929048 ], [ 13305044.611051904037595, -158081.82195635070093 ], [ 13305089.784501269459724, -158195.113219374383334 ], [ 13305135.959826052188873, -158292.547754220140632 ], [ 13305242.815405262634158, -158489.109513404837344 ], [ 13305273.69543200917542, -158572.970119380683172 ], [ 13305281.754963142797351, -158613.28023318736814 ], [ 13305278.27066307887435, -158703.855523065314628 ], [ 13305241.290328240022063, -158895.818675603717566 ], [ 13305229.724233144894242, -159052.404770386841847 ], [ 13305177.237093236297369, -159208.601221408345737 ], [ 13305007.129779355600476, -159607.895327823061962 ], [ 13304960.041634749621153, -159655.833378880401142 ], [ 13304924.24128651060164, -159709.305752162093995 ], [ 13304880.448198832571507, -159753.435501413652673 ], [ 13304746.397268019616604, -159848.443102591147181 ], [ 13304654.80359099432826, -159905.97995472032926 ], [ 13304539.521126328036189, -159967.135841229348443 ], [ 13304462.376719210296869, -160002.257054366957163 ], [ 13304393.581273898482323, -160046.39798986929236 ], [ 13304329.939921012148261, -160102.186620124004548 ], [ 13304286.080041639506817, -160149.100302110600751 ], [ 13304235.808159597218037, -160216.982065699645318 ], [ 13304135.197603818029165, -160335.407725246681366 ], [ 13304007.358300592750311, -160472.396272206387948 ], [ 13303900.480457480996847, -160576.947246029478265 ], [ 13303833.866874190047383, -160627.75843356695259 ], [ 13303754.830035727471113, -160699.504337687510997 ], [ 13303679.722775289788842, -160775.225630577799166 ], [ 13303579.089955611154437, -160854.710741517104907 ], [ 13303571.119480071589351, -160917.50377410807414 ], [ 13303555.145133143290877, -160985.675266407313757 ], [ 13303536.866472754627466, -161120.203219487564638 ], [ 13303544.157899400219321, -161303.916783637076151 ], [ 13303570.919104987755418, -161382.77847222427954 ], [ 13303593.539225516840816, -161424.881849246477941 ], [ 13303622.081542955711484, -161460.816157282039057 ], [ 13303665.562936058267951, -161502.45185558492085 ], [ 13303721.311737047508359, -161541.804779214813607 ], [ 13303783.505936555564404, -161575.255882686382392 ], [ 13303830.616345060989261, -161590.968103593681008 ], [ 13303903.207785004749894, -161591.357846860395512 ], [ 13303983.569325407966971, -161575.066578825993929 ], [ 13304045.9639, -161548.196567617327673 ], [ 13304085.582506772130728, -161517.440263237513136 ], [ 13304119.924569683149457, -161479.657451302366098 ], [ 13304262.535969337448478, -161209.04226296665729 ], [ 13304309.52392639964819, -161146.449596966209356 ], [ 13304351.803069004788995, -161074.469720572174992 ], [ 13304415.433289943262935, -161017.79003654664848 ], [ 13304456.88866831175983, -160996.153767588868504 ], [ 13304536.114749910309911, -160978.181078262336086 ], [ 13304605.333209287375212, -160970.475315943767782 ], [ 13304676.143537379801273, -160973.181241124228109 ], [ 13304718.122117357328534, -160985.586182445927989 ], [ 13304842.799947045743465, -160992.991286846401636 ], [ 13304913.064809637144208, -160963.68266438372666 ], [ 13304958.293918741866946, -160932.380792094365461 ], [ 13305053.572270914912224, -160796.216022396518383 ], [ 13305107.105814037844539, -160745.861355925531825 ], [ 13305317.410596042871475, -160584.83116400646395 ], [ 13305695.429322877898812, -160317.902772372792242 ], [ 13305896.127232830971479, -160122.475422426796285 ], [ 13305973.984084688127041, -160033.458592744951602 ], [ 13306030.033448304980993, -159953.628540194651578 ], [ 13306088.420521225780249, -159852.574352813768201 ], [ 13306147.564566684886813, -159722.267403685254976 ], [ 13306186.648839903995395, -159617.282499480555998 ], [ 13306204.315243093296885, -159550.102428079670062 ], [ 13306223.796153979375958, -159401.399909625208238 ], [ 13306245.058176722377539, -159319.086855937348446 ], [ 13306294.450634786859155, -159200.928918990568491 ], [ 13306335.995068749412894, -159131.310301480960334 ], [ 13306398.077948765829206, -159011.560087870893767 ], [ 13306438.909937990829349, -158958.421922883600928 ], [ 13306485.719783866778016, -158937.442818034236552 ], [ 13306536.269964637234807, -158934.391716941405321 ], [ 13306619.559207648038864, -158956.729341112251859 ], [ 13306685.115255776792765, -159015.969709769677138 ], [ 13306761.035148497670889, -159095.877416739152977 ], [ 13306857.549147013574839, -159233.243901123962132 ], [ 13306997.177184317260981, -159377.224901521549327 ], [ 13307046.358135350048542, -159413.058700625173515 ], [ 13307077.260425996035337, -159424.851117278711172 ], [ 13307121.253888754174113, -159427.200692333339248 ], [ 13307175.199313992634416, -159421.610708115680609 ], [ 13307219.170512856915593, -159400.197283649729798 ], [ 13307283.991852346807718, -159314.61041627835948 ], [ 13307308.960814129561186, -159257.107103854476009 ], [ 13307335.265609804540873, -159158.881587913783733 ], [ 13307332.861108804121614, -159067.281679270061431 ], [ 13307296.559822855517268, -158919.080534998967778 ], [ 13307265.011879166588187, -158854.806987044110429 ], [ 13307214.461698397994041, -158781.614000671484973 ], [ 13307168.620332088321447, -158678.901103273528861 ], [ 13307121.320680450648069, -158608.659045785898343 ], [ 13307053.337867422029376, -158539.10740159926354 ], [ 13306990.854237239807844, -158500.512148964335211 ], [ 13306940.56009130179882, -158429.357038859889144 ], [ 13306943.287418823689222, -158383.312232420983491 ], [ 13306965.484525287523866, -158343.681412882782752 ], [ 13307009.823078472167253, -158304.930294321675319 ], [ 13307069.078443422913551, -158274.018486693152227 ], [ 13307124.393098395317793, -158257.716295694408473 ], [ 13307268.340331939980388, -158263.551232790981885 ], [ 13307365.232816725969315, -158277.759973297681427 ], [ 13307473.223854746669531, -158302.847978633391904 ], [ 13307591.534209558740258, -158333.125073109491495 ], [ 13307683.929386917501688, -158362.589288370829308 ], [ 13307873.91836185567081, -158453.621040543890558 ], [ 13308048.845809688791633, -158552.970960295409895 ], [ 13308117.040129747241735, -158602.31187286414206 ], [ 13308154.165179926902056, -158650.338818540592911 ], [ 13308175.215695638209581, -158687.608981746976497 ], [ 13308183.998803459107876, -158729.522610659478232 ], [ 13308178.510752564296126, -158793.885210376785835 ], [ 13308134.372574465349317, -158939.658763741230359 ], [ 13308102.924818318337202, -158999.745419471204514 ], [ 13308052.218790261074901, -159045.990774009434972 ], [ 13308008.247591396793723, -159098.83943645725958 ], [ 13307951.563706684857607, -159154.260390666895546 ], [ 13307916.075053019449115, -159224.992556227924069 ], [ 13307844.90850255638361, -159452.255403976392699 ], [ 13307769.868033809587359, -159598.363395865017083 ], [ 13307712.683211389929056, -159690.95454907140811 ], [ 13307700.549386896193027, -159735.373816591920331 ], [ 13307702.675589170306921, -159807.297635703958804 ], [ 13307721.900465227663517, -159853.699032805132447 ], [ 13307753.403881125152111, -159889.577440682071028 ], [ 13307784.172588378190994, -159913.385027595883003 ], [ 13307838.541027683764696, -159929.943439452239545 ], [ 13307864.879219202324748, -159931.268557865201728 ], [ 13307895.781509848311543, -159922.516095197788673 ], [ 13307951.463519144803286, -159894.577256458171178 ], [ 13308008.826452746987343, -159847.106849164207233 ], [ 13308060.17813385091722, -159789.068915422336431 ], [ 13308109.893418438732624, -159742.077351746207569 ], [ 13308165.987309850752354, -159696.722706211148761 ], [ 13308362.978280756622553, -159573.264128138049273 ], [ 13308433.855400545522571, -159520.326284075854346 ], [ 13308471.114034114405513, -159486.095971740956884 ], [ 13308507.54890345223248, -159438.670182246889453 ], [ 13308536.92611707188189, -159382.658988818409853 ], [ 13308579.984496111050248, -159277.585141012445092 ], [ 13308623.632868450134993, -159192.688710554502904 ], [ 13308659.12152211368084, -159139.89570578240091 ], [ 13308711.252439653500915, -159086.334368482261198 ], [ 13308758.207000870257616, -159051.280093927081907 ], [ 13308820.523651815950871, -159024.477162334515015 ], [ 13308940.826625518500805, -159020.345925517030992 ], [ 13309007.763035332784057, -159029.888971312291687 ], [ 13309169.877609774470329, -159100.186821377981687 ], [ 13309209.362633157521486, -159141.610559594410006 ], [ 13309268.595734210684896, -159191.029533482622355 ], [ 13309427.693550450727344, -159222.398003839276498 ], [ 13309560.030161106958985, -159226.195181378367124 ], [ 13309643.319404115900397, -159219.703232716739876 ], [ 13309798.287267249077559, -159189.949398079246748 ], [ 13309924.044896, -159144.294194479152793 ], [ 13310245.290682530030608, -158987.986428655567579 ], [ 13310294.861251780763268, -158927.821827850304544 ], [ 13310318.995317384600639, -158865.986930817045504 ], [ 13310337.463220907375216, -158697.619701738469303 ], [ 13310325.696750730276108, -158618.179805463005323 ], [ 13310307.752048814669251, -158564.451546417141799 ], [ 13310218.006275337189436, -158363.368765010935022 ], [ 13310215.635170184075832, -158328.648650678311242 ], [ 13310223.516590131446719, -158296.812603846017737 ], [ 13310243.075424663722515, -158267.159094726172043 ], [ 13310268.033254498615861, -158246.770221307378961 ], [ 13310320.553790256381035, -158215.847285297291819 ], [ 13310442.20372979529202, -158157.854263006418478 ], [ 13310593.47578583471477, -158095.763437963032629 ], [ 13310753.363970460370183, -158038.494241559063084 ], [ 13310820.222456630319357, -158028.116080167674227 ], [ 13310857.915236212313175, -158033.906470591988182 ], [ 13310910.202001038938761, -158053.515851438394748 ], [ 13311027.766515266150236, -158136.240507466922281 ], [ 13311086.309435473755002, -158186.416492973046843 ], [ 13311191.161263853311539, -158242.672403142001713 ], [ 13311303.349046673625708, -158320.97637460322585 ], [ 13311389.955610511824489, -158409.112912545533618 ], [ 13311491.401062469929457, -158499.899702705617528 ], [ 13311587.313935738056898, -158558.939528767950833 ], [ 13311729.836279802024364, -158637.132242737570778 ], [ 13311817.878865070641041, -158682.731678933865624 ], [ 13311867.215663388371468, -158704.690677718812367 ], [ 13311900.923205198720098, -158713.331744693481596 ], [ 13311934.630747012794018, -158710.92649921766133 ], [ 13311979.280994769185781, -158687.196972145000473 ], [ 13312024.699347015470266, -158647.699730404186994 ], [ 13312048.176627622917295, -158620.050551265652757 ], [ 13312068.514698589220643, -158584.517518738255603 ], [ 13312085.713559918105602, -158541.100636096583912 ], [ 13312106.908790966495872, -158439.479102615499869 ], [ 13312107.610103758051991, -158253.340092958853347 ], [ 13312060.878181520849466, -157861.018831043067621 ], [ 13312060.021021444350481, -157806.589202717936132 ], [ 13312047.87606499530375, -157759.987739969918039 ], [ 13312046.261932382360101, -157706.471231846167939 ], [ 13312025.645562686026096, -157650.683123459573835 ], [ 13311985.40356676466763, -157500.879306441172957 ], [ 13311970.842977367341518, -157380.740115379710915 ], [ 13311953.855623072013259, -157307.246894131443696 ], [ 13311853.835060594603419, -157103.169690597773297 ], [ 13311817.923392865806818, -156995.936521575669758 ], [ 13311810.654230117797852, -156901.631500253250124 ], [ 13311817.800941426306963, -156884.394029287796002 ], [ 13311848.191162411123514, -156873.303254001017194 ], [ 13311945.150438893586397, -156873.191900837904541 ], [ 13312050.213774302974343, -156883.247091660858132 ], [ 13312137.054109070450068, -156905.484320147632388 ], [ 13312211.326473329216242, -156931.563235504640033 ], [ 13312315.143030442297459, -156984.422599315847037 ], [ 13312388.54710267111659, -157011.637325481657172 ], [ 13312513.035689227283001, -157027.549701474694302 ], [ 13312570.49881037324667, -157022.683565395476762 ], [ 13312624.755930187180638, -157009.777726671512937 ], [ 13312693.351000413298607, -156969.568081411242019 ], [ 13312707.67781887948513, -156948.678221090667648 ], [ 13312747.496800735592842, -156852.313183596648742 ], [ 13312769.727303044870496, -156759.166286879742984 ], [ 13312774.291402168571949, -156493.767410182277672 ], [ 13312769.493532113730907, -156442.411411466397112 ], [ 13312756.669526774436235, -156411.934103059786139 ], [ 13312726.31270163692534, -156383.060280742298346 ], [ 13312572.780859934166074, -156260.605467126471922 ], [ 13312561.59325110912323, -156234.927489508932922 ], [ 13312563.096064236015081, -156183.560406582051655 ], [ 13312577.400618802756071, -156138.584987206588266 ], [ 13312633.5501699578017, -156073.387902586458949 ], [ 13312751.57109409943223, -155996.198138765641488 ], [ 13312786.658997597172856, -155959.229015886347042 ], [ 13312845.558140175417066, -155849.991969548689667 ], [ 13312853.506351817399263, -155811.463929451594595 ], [ 13312855.064824689179659, -155760.074659383040853 ], [ 13312846.994161607697606, -155675.012355692102574 ], [ 13312837.353893700987101, -155602.109785464068409 ], [ 13312807.08612415753305, -155486.993472635396756 ], [ 13312816.381301635876298, -155446.527951602096437 ], [ 13312848.66395396925509, -155416.150976797362091 ], [ 13312876.950236579403281, -155408.033376722363755 ], [ 13312936.094282038509846, -155420.25988557326491 ], [ 13312968.009580047801137, -155431.807144456659444 ], [ 13313017.502225652337074, -155439.768851697997889 ], [ 13313073.852151893079281, -155464.021438325638883 ], [ 13313142.547409661114216, -155524.94243145303335 ], [ 13313250.104301666840911, -155639.212480953283375 ], [ 13313302.814080556854606, -155684.098732144688256 ], [ 13313339.516116673126817, -155701.70358742060489 ], [ 13313381.227529872208834, -155742.291635887260782 ], [ 13313442.464381758123636, -155783.247154558775946 ], [ 13313542.418152540922165, -155796.464720003132243 ], [ 13313636.215955480933189, -155775.853335596068064 ], [ 13313698.23204380273819, -155733.182986876112409 ], [ 13313815.329016167670488, -155588.792012496909592 ], [ 13313839.16251914948225, -155572.779507101455238 ], [ 13313866.179759565740824, -155563.158642022463027 ], [ 13313889.968734746798873, -155563.136371501866961 ], [ 13313963.105640197172761, -155582.233343617641367 ], [ 13313999.662960972636938, -155614.169274446816416 ], [ 13314033.103336008265615, -155657.262743777944706 ], [ 13314053.764233497902751, -155698.808418223547051 ], [ 13314063.371105555444956, -155748.338086445408408 ], [ 13314065.040897917002439, -155796.275420409074286 ], [ 13314060.298687608912587, -155853.81136805305141 ], [ 13314050.881058689206839, -155917.761246938403929 ], [ 13314022.205157859250903, -156042.465226137137506 ], [ 13314022.249685656279325, -156081.472117488068761 ], [ 13314030.2424250934273, -156144.419876531348564 ], [ 13314038.257428431883454, -156168.394146444974467 ], [ 13314066.076169181615114, -156199.372514272894477 ], [ 13314139.669484542682767, -156240.261292977491394 ], [ 13314193.370006904006004, -156255.193716212466825 ], [ 13314390.271922219544649, -156275.070209319121204 ], [ 13314604.205719625577331, -156285.760088592185639 ], [ 13314771.919664455577731, -156306.828060277854092 ], [ 13314798.692001989111304, -156318.119246650487185 ], [ 13314831.15276550501585, -156347.861614676687168 ], [ 13314892.222638154402375, -156434.371726549114101 ], [ 13314950.053113620728254, -156476.819484072853811 ], [ 13314983.894238824024796, -156485.282311689748894 ], [ 13315100.813100002706051, -156485.159823393361876 ], [ 13315155.782664556056261, -156476.585642787307734 ], [ 13315259.053756164386868, -156433.770420484972419 ], [ 13315374.49206811748445, -156367.036591297568521 ], [ 13315416.748946823179722, -156324.477498758322326 ], [ 13315461.73315305262804, -156266.306735700782156 ], [ 13315468.768544869497418, -156237.956288124842104 ], [ 13315468.735149022191763, -156208.191662078024819 ], [ 13315436.196461863815784, -156060.42643458978273 ], [ 13315426.211103538051248, -155958.382734821527265 ], [ 13315424.69715846516192, -155857.118544062570436 ], [ 13315430.25200105458498, -155800.406605699041393 ], [ 13315442.886763261631131, -155767.791400700545637 ], [ 13315464.015202613547444, -155739.418736776133301 ], [ 13315490.765276249498129, -155730.88912177173188 ], [ 13315517.571009635925293, -155729.452672274899669 ], [ 13315540.068678721785545, -155729.419266472745221 ], [ 13315572.507178341969848, -155737.893205090396805 ], [ 13315607.762061074376106, -155756.288668055232847 ], [ 13315647.235952511429787, -155788.825924727891106 ], [ 13315777.524284534156322, -155919.431538256350905 ], [ 13315818.456461301073432, -155951.979950538516277 ], [ 13315852.24192675575614, -155964.696437042322941 ], [ 13315884.669294422492385, -155964.663031210046029 ], [ 13315910.01674247533083, -155958.972904511203524 ], [ 13315953.676246764138341, -155913.563248140009819 ], [ 13315997.235563512891531, -155834.157612496986985 ], [ 13316022.51621987298131, -155766.076569276920054 ], [ 13316083.062890915200114, -155531.768345110816881 ], [ 13316094.250499740242958, -155504.8432903138455 ], [ 13316139.323761561885476, -155469.344090787955793 ], [ 13316180.144618837162852, -155456.549681599834003 ], [ 13316209.176742034032941, -155454.088790087029338 ], [ 13316277.972187345847487, -155458.453810342820361 ], [ 13316329.93612564727664, -155472.573315137968166 ], [ 13316389.046775259077549, -155495.567620713234646 ], [ 13316446.376313017681241, -155527.414458890911192 ], [ 13316506.388650503009558, -155591.163823184702778 ], [ 13316593.930298062041402, -155714.609361270006048 ], [ 13316637.823573281988502, -155796.509261084080208 ], [ 13316703.00113514252007, -155948.405526685412042 ], [ 13316742.964832337573171, -156079.768419285479467 ], [ 13316770.649989698082209, -156143.829706421936862 ], [ 13316854.529226012527943, -156288.488234935299261 ], [ 13316944.675749653950334, -156424.48358255950734 ], [ 13316991.685970617458224, -156473.701600283355219 ], [ 13317103.038857256993651, -156533.119563503976678 ], [ 13317162.283090259879827, -156552.550665742426645 ], [ 13317223.553337989374995, -156562.750603086315095 ], [ 13317282.764175144955516, -156559.599312357604504 ], [ 13317312.352895796298981, -156544.176918353245128 ], [ 13317344.980638548731804, -156507.174311776820105 ], [ 13317373.511824037879705, -156453.758280214446131 ], [ 13317391.823880273848772, -156395.231158790877089 ], [ 13317423.472011504694819, -156216.94399845256703 ], [ 13317424.407095227390528, -156139.954627246275777 ], [ 13317303.703371362760663, -155971.099221637414303 ], [ 13317289.37655289657414, -155941.345761337463045 ], [ 13317283.209453105926514, -155908.496697955910349 ], [ 13317290.333900516852736, -155881.805445093719754 ], [ 13317314.801924591884017, -155852.007453883677954 ], [ 13317360.732346493750811, -155844.769526786229108 ], [ 13317439.346170891076326, -155845.704889661370544 ], [ 13317524.127095080912113, -155879.489308136311593 ], [ 13317791.215949343517423, -156058.333001674793195 ], [ 13318017.996015986427665, -156173.048696084762923 ], [ 13318060.909679688513279, -156199.695437609014334 ], [ 13318123.649344695731997, -156248.28983660886297 ], [ 13318167.576015764847398, -156267.754323444591137 ], [ 13318203.320704258978367, -156277.976520203053951 ], [ 13318233.944696176797152, -156276.918667578691384 ], [ 13318312.525124726817012, -156243.969344304874539 ], [ 13318346.210402639582753, -156242.911491818667855 ], [ 13318393.187227755784988, -156252.098105657845736 ], [ 13318457.541025383397937, -156282.820371748326579 ], [ 13318517.831661595031619, -156326.893857305898564 ], [ 13318580.393215421587229, -156384.686033861304168 ], [ 13318635.596550907939672, -156447.244130774517544 ], [ 13318696.966986179351807, -156541.626934161991812 ], [ 13318701.096939289942384, -156589.865067295177141 ], [ 13318634.839578369632363, -156683.357097824133234 ], [ 13318616.51639018394053, -156724.078922977292677 ], [ 13318628.850589765235782, -156804.130678275163518 ], [ 13318647.285097440704703, -156848.259928817686159 ], [ 13318686.135599726811051, -156897.489162164769368 ], [ 13318725.976845482364297, -156921.051494754850864 ], [ 13318880.176604129374027, -156948.600273853808176 ], [ 13318896.663020713254809, -156958.276866721862461 ], [ 13318903.8319959230721, -156969.556946090800921 ], [ 13318909.008352244272828, -157032.170860536076361 ], [ 13318901.984092375263572, -157145.105332427250687 ], [ 13318903.186342874541879, -157196.038327681453666 ], [ 13318906.281024718657136, -157223.754165995109361 ], [ 13318918.581828452646732, -157264.79900070631993 ], [ 13318943.105512274429202, -157287.359186638524989 ], [ 13318973.762900039553642, -157306.823751402902417 ], [ 13319009.507588533684611, -157322.190514093614183 ], [ 13319162.694339813664556, -157354.861590848537162 ], [ 13319331.25431277230382, -157451.160003338591196 ], [ 13319383.719188783317804, -157486.514713968499564 ], [ 13319426.632852481678128, -157523.417242287076078 ], [ 13319472.641198029741645, -157579.828902586217737 ], [ 13319604.465739026665688, -157685.414281734643737 ], [ 13319622.877982802689075, -157714.132354259112617 ], [ 13319632.095236640423536, -157742.872700687788893 ], [ 13319632.139764437451959, -157777.770901702315314 ], [ 13319600.558424899354577, -157838.380647489859257 ], [ 13319575.155317099764943, -157900.772065212659072 ], [ 13319569.055009003728628, -157927.474661243672017 ], [ 13319579.296402158215642, -157950.046040447399719 ], [ 13319602.807078612968326, -157977.739688970497809 ], [ 13319652.867453623563051, -158006.424387966661016 ], [ 13319868.393119746819139, -158101.642912862997036 ], [ 13319887.818370891734958, -158119.069766338623594 ], [ 13319902.134057406336069, -158142.665616471640533 ], [ 13319905.239871200174093, -158180.648369862610707 ], [ 13319905.473642131313682, -158238.763886420114432 ], [ 13319892.293414421379566, -158323.982926884025801 ], [ 13319898.438250312581658, -158341.432066185865551 ], [ 13319916.839362140744925, -158353.725525601301342 ], [ 13320083.762938586995006, -158428.800269688013941 ], [ 13320242.10378229059279, -158516.903438468492823 ], [ 13320269.677620159462094, -158526.112403886887478 ], [ 13320347.278437191620469, -158527.0477764508978 ], [ 13320445.239589089527726, -158491.002529038873035 ], [ 13320515.6380350664258, -158442.67495781154139 ], [ 13320579.891645153984427, -158385.10502884129528 ], [ 13320663.54824248328805, -158332.657387180166552 ], [ 13320743.397713229060173, -158303.070686192833818 ], [ 13320796.652957625687122, -158292.180286762217293 ], [ 13320830.661062061786652, -158290.999936749372864 ], [ 13320860.706192627549171, -158301.790117728727637 ], [ 13320881.701048590242863, -158320.575500968465349 ], [ 13320924.314149668440223, -158400.405043521488551 ], [ 13320952.555904481559992, -158469.288527016469743 ], [ 13320976.099976785480976, -158537.236656386783579 ], [ 13321003.707210501655936, -158718.888307244720636 ], [ 13321019.748349124565721, -158793.439794406236615 ], [ 13321038.572475017979741, -158834.017192500730744 ], [ 13321058.320552682504058, -158862.312248049012851 ], [ 13321102.770425358787179, -158887.244414894841611 ], [ 13321235.173827705904841, -158928.623577018501237 ], [ 13321295.275220785290003, -158953.09919866672135 ], [ 13321336.608147718012333, -158986.093409351247828 ], [ 13321366.842521417886019, -159024.298995785793522 ], [ 13321410.101275539025664, -159097.881790980725782 ], [ 13321433.645347842946649, -159161.097535538836382 ], [ 13321460.918623087927699, -159204.492252450581873 ], [ 13321493.802400665357709, -159229.947817300824681 ], [ 13321593.633720010519028, -159258.421083350956906 ], [ 13321792.672969549894333, -159290.279520499054343 ], [ 13321847.141596395522356, -159312.873290461662691 ], [ 13321880.014242026954889, -159333.607446813985007 ], [ 13321907.265253372490406, -159360.944911172759021 ], [ 13321914.812714848667383, -159393.983716200251365 ], [ 13321913.922158921137452, -159427.022525503794895 ], [ 13321902.678890351206064, -159452.522654247179162 ], [ 13321850.993250777944922, -159499.269185085460776 ], [ 13321808.780899865552783, -159521.027816224464914 ], [ 13321750.594202030450106, -159538.098432434751885 ], [ 13321570.379078382626176, -159544.913316720456351 ], [ 13321385.143445704132318, -159541.528145418531494 ], [ 13321240.606218857690692, -159554.91293484182097 ], [ 13321162.727103101089597, -159583.319424539455213 ], [ 13321139.272086387500167, -159599.398991259076865 ], [ 13321126.158650374040008, -159622.070736639405368 ], [ 13321129.943513061851263, -159649.441638218500884 ], [ 13321144.069956442341208, -159685.297746443451615 ], [ 13321170.385884067043662, -159713.592896278452827 ], [ 13321269.927772732451558, -159750.295307043183129 ], [ 13321482.113854134455323, -159786.864097785786726 ], [ 13321513.082936473190784, -159786.819556015572743 ], [ 13321589.091884788125753, -159766.90938549945713 ], [ 13321665.445923522114754, -159731.287110031262273 ], [ 13321721.76245391368866, -159726.498870820156299 ], [ 13321762.14916517585516, -159746.275412887771381 ], [ 13321787.530009074136615, -159783.066911901056301 ], [ 13321807.289218690246344, -159825.526357290684246 ], [ 13321818.599278954789042, -159865.157406465674285 ], [ 13321818.666070649400353, -159944.029782599332975 ], [ 13321802.747383467853069, -159978.983960781857604 ], [ 13321638.584530392661691, -160067.911687750631245 ], [ 13321609.507879400625825, -160088.723853738047183 ], [ 13321585.128910915926099, -160112.353291986539261 ], [ 13321530.682547969743609, -160190.201282458234346 ], [ 13321514.763860784471035, -160222.315951763594057 ], [ 13321506.359239229932427, -160261.980469180998625 ], [ 13321506.414898972958326, -160309.183702784881461 ], [ 13321513.060672575607896, -160367.700580409087706 ], [ 13321525.361476307734847, -160419.235531574988272 ], [ 13321553.592099172994494, -160474.901753554295283 ], [ 13321605.277738746255636, -160529.588065942836693 ], [ 13321725.547316601499915, -160626.689427544071805 ], [ 13321811.029553582891822, -160685.117294598690933 ], [ 13321857.049031076952815, -160700.161331160750706 ], [ 13321897.680645214393735, -160705.985188633901998 ], [ 13321943.67785881087184, -160705.929511219583219 ], [ 13321982.138742880895734, -160690.78525497490773 ], [ 13322037.453397853299975, -160635.965282038843725 ], [ 13322076.849365646019578, -160604.763669590407517 ], [ 13322126.564650233834982, -160579.2188833875407 ], [ 13322289.29148187674582, -160547.750026505265851 ], [ 13322339.029030364006758, -160542.026391950872494 ], [ 13322390.659010192379355, -160546.681020819902187 ], [ 13322439.906752919778228, -160566.41308482165914 ], [ 13322475.595781669020653, -160589.029239074530778 ], [ 13322562.937054146081209, -160621.021468602208188 ], [ 13322628.648949559777975, -160625.664963443006855 ], [ 13322681.202881164848804, -160623.705119087331695 ], [ 13322730.940429650247097, -160612.324659548990894 ], [ 13322798.477964712306857, -160572.593274483515415 ], [ 13322806.904850166290998, -160555.589401668810751 ], [ 13322806.871454318985343, -160521.603930411452893 ], [ 13322789.906363921239972, -160464.980047561693937 ], [ 13322751.311896465718746, -160370.328550872160122 ], [ 13322752.202452389523387, -160334.461210588400718 ], [ 13322780.310623815283179, -160286.278051411907654 ], [ 13322799.067958015948534, -160275.877527844189899 ], [ 13322823.469190396368504, -160271.122684770438354 ], [ 13322861.952338363975286, -160273.917686191736721 ], [ 13322909.841983303427696, -160288.961698354571126 ], [ 13322962.45157465338707, -160320.051917285280069 ], [ 13323012.244782883673906, -160357.756607674644329 ], [ 13323033.328694440424442, -160382.833681880496442 ], [ 13323089.010703736916184, -160449.034051762893796 ], [ 13323111.920254942029715, -160476.293687647179468 ], [ 13323200.842264184728265, -160607.113255547505105 ], [ 13323284.009055757895112, -160793.532370082830312 ], [ 13323329.126845378428698, -160920.833286290930118 ], [ 13323332.711332980543375, -160951.778821352374507 ], [ 13323324.495954561978579, -161007.734683321410557 ], [ 13323292.391413414850831, -161143.610043904191116 ], [ 13323264.583804614841938, -161346.777362245717086 ], [ 13323269.314882973209023, -161399.42606425556005 ], [ 13323282.506242632865906, -161422.432036055950448 ], [ 13323314.332485049962997, -161443.077280688623432 ], [ 13323448.04945739172399, -161448.567089821066475 ], [ 13323549.962451212108135, -161436.217803319916129 ], [ 13323682.710943982005119, -161410.661797558917897 ], [ 13323790.201044293120503, -161371.041642115073046 ], [ 13323873.24538442492485, -161355.808261915139155 ], [ 13323974.824419774115086, -161347.367544335080311 ], [ 13324068.143548907712102, -161349.628053105232539 ], [ 13324175.667045062407851, -161369.705380657163914 ], [ 13324328.631157362833619, -161415.895489159564022 ], [ 13324387.708411125466228, -161426.518769891583361 ], [ 13324453.85445255599916, -161427.621185842290288 ], [ 13324514.111692920327187, -161438.244467068521772 ], [ 13324579.100011646747589, -161457.174843529151985 ], [ 13324634.68183339945972, -161504.623281601234339 ], [ 13324678.474921077489853, -161584.164299806172494 ], [ 13324700.004110598936677, -161635.443381980672712 ], [ 13324713.529428727924824, -161710.463417437131284 ], [ 13324628.459073865786195, -161884.712207167991437 ], [ 13324427.549656882882118, -161964.832393542426871 ], [ 13324173.741217872127891, -162045.019418720679823 ], [ 13324094.481740426272154, -162119.660967877542134 ], [ 13324046.959449807181954, -162183.623548324976582 ], [ 13323978.275323988869786, -162252.931209613685496 ], [ 13323904.348050152882934, -162364.854660022887401 ], [ 13323825.300079740583897, -162609.914965262665646 ], [ 13323885.735431289300323, -162725.925330213882262 ], [ 13323917.68412514962256, -162898.426539692998631 ], [ 13324013.018137063831091, -163000.562099890463287 ], [ 13324082.971305079758167, -163115.503629628394265 ], [ 13324110.901365319266915, -163217.6726854571898 ], [ 13324080.110394164919853, -163269.174813940189779 ], [ 13324070.503522109240294, -163321.84619094314985 ], [ 13324067.175069337710738, -163387.100808763090754 ], [ 13324079.175310442224145, -163439.738803890009876 ], [ 13324149.239797949790955, -163554.70280740983435 ], [ 13324179.451907750219107, -163624.489680477941874 ], [ 13324201.148076506331563, -163694.298844361648662 ], [ 13324212.580588208511472, -163752.092695621744497 ], [ 13324216.053756322711706, -163803.594934708962683 ], [ 13324205.266897665336728, -163846.845688171801157 ], [ 13324192.287045039236546, -163873.05894458014518 ], [ 13324189.181231245398521, -163897.791165674309013 ], [ 13324142.772135533392429, -163962.25530508736847 ], [ 13324109.454211939126253, -163989.470780268777162 ], [ 13324053.204473240301013, -164023.757383570395177 ], [ 13323992.045544998720288, -164033.890807343559572 ], [ 13323914.745290594175458, -164090.816158257133793 ], [ 13323816.739610897377133, -164117.30783130103373 ], [ 13323630.023428991436958, -164244.409995993773919 ], [ 13323446.201553843915462, -164461.900280329253292 ], [ 13323382.849631633609533, -164567.421722109342227 ], [ 13323421.14353646710515, -164739.913074181618867 ], [ 13323430.783804370090365, -164838.953676407720195 ], [ 13323358.147836627438664, -165133.002273838355904 ], [ 13323152.229042556136847, -165452.774675628199475 ], [ 13323069.79695962369442, -165523.174547719245311 ], [ 13322914.461742173880339, -165673.539922563417349 ], [ 13322889.18108581379056, -165763.037597722635837 ], [ 13322838.508453601971269, -165858.94947619328741 ], [ 13322680.067422356456518, -166060.450288122432539 ], [ 13322686.579612569883466, -166194.635778408934129 ], [ 13322686.735459856688976, -166325.636522194865393 ], [ 13322702.720938734710217, -166427.873720596544445 ], [ 13322699.659652737900615, -166514.142305864283117 ], [ 13322671.217522839084268, -166613.22816656489158 ], [ 13322623.7397600132972, -166721.924221604946069 ], [ 13322420.904515841975808, -166968.213781910977559 ], [ 13322338.494696808978915, -167057.77874542833888 ], [ 13322202.29529982060194, -167281.618915793602355 ], [ 13322151.633799562230706, -167387.119299324200256 ], [ 13322094.593692479655147, -167460.682291753444588 ], [ 13322024.840899549424648, -167518.287720537278801 ], [ 13321948.731763692572713, -167566.305246715812245 ], [ 13321926.590316973626614, -167633.431804329855368 ], [ 13321920.389821335673332, -167748.475720548478421 ], [ 13321904.682641185820103, -167882.695547735405853 ], [ 13321831.924222003668547, -168084.086674880527426 ], [ 13321816.194777952507138, -168199.130805049528135 ], [ 13321778.201435748487711, -168275.8677535741881 ], [ 13321727.52880353666842, -168362.203809666068992 ], [ 13321651.542119121178985, -168518.862683362996904 ], [ 13321651.642306663095951, -168598.751175709359813 ], [ 13321623.222440661862493, -168720.209797053423245 ], [ 13321591.607705280184746, -168822.492547077767085 ], [ 13321588.546419281512499, -168915.165099059056956 ], [ 13321598.186687186360359, -169011.011406078381697 ], [ 13321610.977296678349376, -169081.289813453739043 ], [ 13321534.946084465831518, -169199.608363759849453 ], [ 13321503.275689333677292, -169260.354522082954645 ], [ 13321490.66319102793932, -169324.285555147595005 ], [ 13321481.256694056093693, -169420.154296945169335 ], [ 13321481.345749648287892, -169487.24796232781955 ], [ 13321462.388040367513895, -169563.96304934140062 ], [ 13321427.545039748772979, -169615.132438040920533 ], [ 13321414.888013644143939, -169653.495566868718015 ], [ 13321357.859038511291146, -169730.244114716217155 ], [ 13321278.577297165989876, -169787.86122119333595 ], [ 13321237.333425829187036, -169800.700906839367235 ], [ 13321227.982588602229953, -169938.106744536111364 ], [ 13321291.746392929926515, -170174.477486721880268 ], [ 13321317.316479962319136, -170318.242148309160257 ], [ 13321301.598167862743139, -170439.679367884877138 ], [ 13321308.065830277279019, -170535.526284391788067 ], [ 13321327.201650744304061, -170605.805138886906207 ], [ 13321359.005629265680909, -170660.081676083791535 ], [ 13321441.593559484928846, -170717.498559821164235 ], [ 13321619.437577977776527, -170793.957914836530108 ], [ 13321705.14245393872261, -170803.434600366919767 ], [ 13321930.453103302046657, -170771.207189537904924 ], [ 13321965.374027566984296, -170774.358660411438905 ], [ 13321990.832795111462474, -170831.842387335520471 ], [ 13322013.152353014796972, -170914.883123121282551 ], [ 13322016.692312821745872, -171205.653990098799113 ], [ 13321997.801395235583186, -171330.298820149997482 ], [ 13321963.025186311453581, -171438.985869098571129 ], [ 13321915.55855543538928, -171560.468204334290931 ], [ 13321855.368106763809919, -171650.012607319920789 ], [ 13321782.476104192435741, -171733.176124928781064 ], [ 13321731.803471982479095, -171822.709457179706078 ], [ 13321741.510531580075622, -171972.878312467015348 ], [ 13321862.35897078551352, -172164.450925241137156 ], [ 13322052.982466820627451, -172307.994070573622594 ], [ 13322110.145025342702866, -172333.484402399277315 ], [ 13322164.10158252902329, -172339.809657730103936 ], [ 13322230.781957514584064, -172358.896784879063489 ], [ 13322341.901073224842548, -172381.124269781576004 ], [ 13322405.497898316010833, -172476.8940182516817 ], [ 13322451.227945134043694, -172562.318439487367868 ], [ 13322515.848909538239241, -172627.208057684154483 ], [ 13322612.207060769200325, -172687.788050294388086 ], [ 13322669.369619293138385, -172713.278423163719708 ], [ 13322743.452740415930748, -172737.688603699731175 ], [ 13322809.053316339850426, -172743.9915978074132 ], [ 13322884.171708727255464, -172747.087414763052948 ], [ 13322927.552914289757609, -172743.835693357483251 ], [ 13322969.876584688201547, -172748.045113541709725 ], [ 13323007.981246387585998, -172763.969640316237928 ], [ 13323107.523135052993894, -172835.206854741234565 ], [ 13323164.719089424237609, -172884.127467970160069 ], [ 13323207.098419569432735, -172936.266407262650318 ], [ 13323237.81146707944572, -172959.663231063605053 ], [ 13323279.767783159390092, -172975.699132585170446 ], [ 13323390.875766919925809, -172991.534586410445627 ], [ 13323496.751734612509608, -173049.976551809697412 ], [ 13323533.876784792169929, -173124.487851550598862 ], [ 13323528.733824318274856, -173246.984435123566072 ], [ 13323587.065237494185567, -173353.422882068087347 ], [ 13323777.677601579576731, -173496.955616239691153 ], [ 13323798.928492370992899, -173571.489329977048328 ], [ 13323746.263241276144981, -173752.628736654878594 ], [ 13323735.776945244520903, -173827.195939972269116 ], [ 13323820.758244516327977, -174093.359623372671194 ], [ 13323868.469778267666698, -174173.183174446050543 ], [ 13323953.150514915585518, -174210.355479160876712 ], [ 13324164.791130812838674, -174247.360748238570523 ], [ 13324228.31003225967288, -174273.89808444364462 ], [ 13324284.715618245303631, -174263.174015777738532 ], [ 13324328.764740750193596, -174236.491911452263594 ], [ 13324476.886455200612545, -174241.625654994219076 ], [ 13324524.542329207062721, -174278.842515022493899 ], [ 13324582.751290945336223, -174294.744873540068511 ], [ 13324672.730835353955626, -174331.906061498128111 ], [ 13324746.81395647674799, -174353.109211248811334 ], [ 13324831.416769476607442, -174326.371416108187987 ], [ 13324873.695912079885602, -174294.366245943703689 ], [ 13324910.65398302488029, -174241.068849832401611 ], [ 13324947.701109562069178, -174251.670420342008583 ], [ 13325027.105302343145013, -174294.165796040033456 ], [ 13325074.772308301180601, -174342.039919594535604 ], [ 13325117.185034293681383, -174416.540494274318917 ], [ 13325164.863172201439738, -174469.726569317368558 ], [ 13325191.412870755419135, -174549.583657450362807 ], [ 13325297.266574550420046, -174592.045679055532673 ], [ 13325313.174129785969853, -174623.972937217098661 ], [ 13325350.421631405130029, -174794.344522392959334 ], [ 13325350.577478691935539, -174911.507771920296364 ], [ 13325377.160573091357946, -175017.980385469214525 ], [ 13325387.914035903289914, -175151.101845380791929 ], [ 13325403.854986986145377, -175204.332632861856837 ], [ 13325446.21205323189497, -175241.560782904358348 ], [ 13325610.274718763306737, -175299.925357997679384 ], [ 13325705.519675087183714, -175315.772105494950665 ], [ 13325742.600197469815612, -175363.657575343211647 ], [ 13325769.127632124349475, -175422.200359697832027 ], [ 13325890.855495307594538, -175469.974489893065766 ], [ 13325991.399259392172098, -175496.467420879780548 ], [ 13326007.329078525304794, -175539.052113265293883 ], [ 13325991.521710833534598, -175592.327534420328448 ], [ 13325875.326426342129707, -175730.939457854343345 ], [ 13325859.730565682053566, -175943.974575476109749 ], [ 13325859.886412968859076, -176061.138405703328317 ], [ 13325870.617611879482865, -176178.291159129876178 ], [ 13325923.639085346832871, -176274.073601780983154 ], [ 13325997.800130112096667, -176353.864493837201735 ], [ 13326130.270324157550931, -176524.103716148354579 ], [ 13326236.892132436856627, -176635.343372706440277 ], [ 13326338.537959482520819, -176699.10936683716136 ], [ 13326421.114757752045989, -176743.743345989525551 ], [ 13326446.618053093552589, -176833.178373672126327 ], [ 13326465.798401355743408, -176935.397830897098174 ], [ 13326497.658039622008801, -177024.821796853124397 ], [ 13326561.321656405925751, -177171.719946462864755 ], [ 13326637.686827089637518, -177318.607053778046975 ], [ 13326701.205728536471725, -177344.075661856477382 ], [ 13326783.793658757582307, -177395.090840279735858 ], [ 13326860.002982154488564, -177420.559456849121489 ], [ 13326980.639914326369762, -177445.961258701980114 ], [ 13327050.504026750102639, -177477.822093500290066 ], [ 13327088.6420842949301, -177509.716341507708421 ], [ 13327152.194381589069963, -177567.146044378430815 ], [ 13327184.143075445666909, -177726.873525207658531 ], [ 13327228.682003712281585, -177809.89444138619001 ], [ 13327292.245432956144214, -177873.705306887102779 ], [ 13327451.020422672852874, -177931.012601964583155 ], [ 13327704.973577020689845, -177969.020732329401653 ], [ 13327806.55261236988008, -177975.268187119392678 ], [ 13327908.198439411818981, -178039.0456899034034 ], [ 13327965.605900812894106, -178249.855686960276216 ], [ 13327965.706088354811072, -178326.540238127170596 ], [ 13328023.013362215831876, -178454.273638635902898 ], [ 13328118.325110232457519, -178530.835759111738298 ], [ 13328232.583435583859682, -178524.287608747632476 ], [ 13328353.264895550906658, -178581.639612376602599 ], [ 13328543.732544301077724, -178606.941316430398729 ], [ 13328708.863876944407821, -178677.022151352837682 ], [ 13328778.817044958472252, -178772.783365230221534 ], [ 13328817.033026145771146, -178874.981416388385696 ], [ 13328899.799067551270127, -179053.79749148490373 ], [ 13328976.086314592510462, -179143.166604596073739 ], [ 13329046.072878453880548, -179264.485927934059873 ], [ 13329046.406836926937103, -179513.71749328984879 ], [ 13329033.961317855864763, -179699.059982919250615 ], [ 13329015.048136370256543, -179794.944127994414885 ], [ 13328970.865430472418666, -179980.331393394881161 ], [ 13328837.949958465993404, -180274.476827103411779 ], [ 13328742.883113330230117, -180383.24603220197605 ], [ 13328666.762845523655415, -180428.081188216950977 ], [ 13328584.3418945427984, -180498.485542103648186 ], [ 13328520.989972330629826, -180594.436844999931054 ], [ 13328438.747132532298565, -180799.046230346924858 ], [ 13328400.853977868333459, -180946.080455835734028 ], [ 13328375.706904897466302, -181131.446394799480913 ], [ 13328344.170093156397343, -181278.469701286696363 ], [ 13328369.818103833124042, -181470.150284577539423 ], [ 13328414.457219641655684, -181617.073584864701843 ], [ 13328433.648699853569269, -181732.07986159529537 ], [ 13328384.901894837617874, -181810.402655573008815 ], [ 13328289.801653850823641, -181893.614389938680688 ], [ 13328201.013227995485067, -181951.256797950074542 ], [ 13328137.650173835456371, -182040.805243730166694 ], [ 13328087.010937472805381, -182143.127277426741784 ], [ 13328055.440729884430766, -182270.985339474165812 ], [ 13328055.529785478487611, -182341.278906738647493 ], [ 13328163.765726376324892, -182577.584392909426242 ], [ 13328265.467213165014982, -182673.302719226165209 ], [ 13328398.994942372664809, -182839.281401426938828 ], [ 13328462.536107717081904, -182883.92772803347907 ], [ 13328595.941385483369231, -182954.043304189486662 ], [ 13328678.529315700754523, -183005.048613311199006 ], [ 13328845.73119087330997, -183032.51130206376547 ], [ 13329015.05926831997931, -183074.885814276494784 ], [ 13329089.131257493048906, -183080.108849323907634 ], [ 13329142.019147569313645, -183074.70762971410295 ], [ 13329330.861531751230359, -183072.413503486575792 ], [ 13329476.845911977812648, -183059.428304023604142 ], [ 13329825.966099001467228, -183052.557062419102294 ], [ 13330098.977150173857808, -183090.521510179183679 ], [ 13330226.026085017248988, -183160.648288026888622 ], [ 13330276.943620104342699, -183262.826060978026362 ], [ 13330283.455810317769647, -183377.844323123485083 ], [ 13330328.039266379550099, -183492.806962105853017 ], [ 13330366.333171211183071, -183639.742732177954167 ], [ 13330379.16830850020051, -183741.976408666785574 ], [ 13330442.765133589506149, -183824.966133696638281 ], [ 13330550.889754995703697, -183984.575552775786491 ], [ 13330601.851817881688476, -184112.312171950528864 ], [ 13330709.865119798108935, -184188.853949568001553 ], [ 13330792.486445866525173, -184259.036758053727681 ], [ 13330881.441850958392024, -184322.816044963226886 ], [ 13330970.363860204815865, -184361.036852233752143 ], [ 13331135.57311649248004, -184475.832953029166674 ], [ 13331243.61981425434351, -184571.540962435654365 ], [ 13331503.907047627493739, -184596.73197670490481 ], [ 13331548.457107841968536, -184679.744296091463184 ], [ 13331580.339010005816817, -184781.956180660316022 ], [ 13331599.575018014758825, -184922.522656823450234 ], [ 13331644.280925517901778, -185114.172974878980312 ], [ 13331625.456799624487758, -185273.961513518734137 ], [ 13331574.984542498365045, -185497.696845578961074 ], [ 13331568.63933152332902, -185497.707982236286625 ], [ 13331581.496732711791992, -185612.727409486222314 ], [ 13331581.708239741623402, -185766.101588590274332 ], [ 13331569.184797028079629, -185887.535882660595234 ], [ 13331645.705815, -186136.663492536346894 ], [ 13331690.300403013825417, -186251.62757200843771 ], [ 13331760.286966873332858, -186366.55830187004176 ], [ 13331830.195607092231512, -186423.96800596214598 ], [ 13331925.585278753191233, -186551.650360281841131 ], [ 13332046.567301347851753, -186813.485729961190373 ], [ 13332116.553865207359195, -186928.416755924117751 ], [ 13332269.184019032865763, -187126.316542653075885 ], [ 13332345.471266074106097, -187209.285274395835586 ], [ 13332409.079223114997149, -187305.050162663043011 ], [ 13332523.482263803482056, -187400.748272616852773 ], [ 13332612.515592537820339, -187522.038699276890839 ], [ 13332720.473234713077545, -187553.834153343603248 ], [ 13332885.637963201850653, -187636.680543990572914 ], [ 13333025.700146516785026, -187924.053858902945649 ], [ 13333095.686710378155112, -188038.974335975857684 ], [ 13333210.067487169057131, -188121.887732900708215 ], [ 13333349.77344811335206, -188166.423766745778266 ], [ 13333457.719958337023854, -188185.445411403197795 ], [ 13333565.599676866084337, -188159.719416978419758 ], [ 13333648.054023694247007, -188114.871554361336166 ], [ 13333717.817948576062918, -188070.034837831219193 ], [ 13333800.283427353948355, -188031.579509371542372 ], [ 13333838.35469320602715, -188018.738794497796334 ], [ 13333870.125275878235698, -188044.253173194389092 ], [ 13333901.98491414450109, -188127.289076851884602 ], [ 13333927.521605329588056, -188229.502576064085588 ], [ 13333952.991504825651646, -188286.979593306721654 ], [ 13334022.900145042687654, -188344.389805017563049 ], [ 13334029.434599153697491, -188478.577185747621115 ], [ 13334029.623842285946012, -188606.394390752306208 ], [ 13334004.376581776887178, -188708.674937645555474 ], [ 13333972.784110287204385, -188810.966669879504479 ], [ 13333922.089214183390141, -188874.947750811465085 ], [ 13333877.717265151441097, -188919.751224017672939 ], [ 13333861.453487545251846, -189009.670029835368041 ], [ 13333842.451250467449427, -189041.64389218064025 ], [ 13333817.103802414610982, -189071.501759564591339 ], [ 13333783.284941110759974, -189094.989357519283658 ], [ 13333743.187660526484251, -189173.860485200129915 ], [ 13333690.344298247247934, -189208.017194059881149 ], [ 13333631.122329145669937, -189229.41107935277978 ], [ 13333548.623454518616199, -189242.307550536701456 ], [ 13333394.234452739357948, -189293.659569114999613 ], [ 13333360.41559143550694, -189317.136054476664867 ], [ 13333364.69025987945497, -189349.087688815779984 ], [ 13333415.641190817579627, -189464.042335866659414 ], [ 13333542.701257608830929, -189538.414305575221078 ], [ 13333601.233045866712928, -189580.266647266049404 ], [ 13333729.016689350828528, -189614.83548487490043 ], [ 13333811.548959823325276, -189627.486968072043965 ], [ 13333870.826588671654463, -189644.448420746950433 ], [ 13334055.026950085535645, -189729.389346730778925 ], [ 13334120.694317704066634, -189780.418512355448911 ], [ 13334252.63017819263041, -189857.118199901655316 ], [ 13334351.058871952816844, -189885.739986662345473 ], [ 13334449.532093508169055, -189936.713505079824245 ], [ 13334595.605529328808188, -189990.827638078539167 ], [ 13334697.206828575581312, -190016.242018491815543 ], [ 13334776.577625509351492, -190028.904662268701941 ], [ 13334830.523050749674439, -190028.826704037404852 ], [ 13335021.090887038037181, -190121.207228097686311 ], [ 13335094.116472998633981, -190133.881014978571329 ], [ 13335259.225541740655899, -190184.765497278858675 ], [ 13335322.766707088798285, -190223.020746372727444 ], [ 13335360.860236838459969, -190232.542796337103937 ], [ 13335421.150873050093651, -190219.679676310246577 ], [ 13335446.487189153209329, -190187.68336465433822 ], [ 13335500.443746343255043, -190187.605406365153613 ], [ 13335551.261093888431787, -190209.901478227169719 ], [ 13335586.248809846118093, -190264.171596921980381 ], [ 13335580.026050312444568, -190347.252905247471062 ], [ 13335538.871234564110637, -190423.997343542054296 ], [ 13335548.50037051923573, -190494.28239893229329 ], [ 13335545.594931807368994, -190682.808169578464003 ], [ 13335514.013592271134257, -190791.493441124097444 ], [ 13335488.788595655933022, -190903.363931662257528 ], [ 13335498.406599659472704, -190970.452843346894952 ], [ 13335527.093632439151406, -191053.478741883940529 ], [ 13335536.778428139165044, -191168.501126696704887 ], [ 13335578.189278714358807, -191270.682664174295496 ], [ 13335546.619071124121547, -191385.760851191211259 ], [ 13335492.784965377300978, -191465.724246306839632 ], [ 13335413.58114767819643, -191564.898944580869284 ], [ 13335327.98759120516479, -191635.318020100035938 ], [ 13335299.512065460905433, -191699.266534975962713 ], [ 13335299.645648848265409, -191788.729893671959871 ], [ 13335306.113311264663935, -191871.800659740227275 ], [ 13335277.704577215015888, -191977.290222147916211 ], [ 13335227.043076956644654, -192060.43902106830501 ], [ 13335227.176660344004631, -192153.098851505026687 ], [ 13335252.679955683648586, -192229.754845236311667 ], [ 13335344.908153807744384, -192360.625835199287394 ], [ 13335351.364684270694852, -192434.107854499743553 ], [ 13335411.811167772859335, -192529.875077421660535 ], [ 13335437.347858961671591, -192625.698028866696404 ], [ 13335453.377865636721253, -192737.502664187108167 ], [ 13335501.312038373202085, -192957.904643870569998 ], [ 13335511.030229916796088, -193092.094926107121864 ], [ 13335498.417731609195471, -193152.825272807356669 ], [ 13335514.414342436939478, -193239.070636625576299 ], [ 13335533.772801887243986, -193449.939808986906428 ], [ 13335568.949760975316167, -193628.823498860001564 ], [ 13335562.727001439779997, -193715.10246907279361 ], [ 13335581.896217755973339, -193801.348063457146054 ], [ 13335607.377249198034406, -193865.219274794566445 ], [ 13335655.033123208209872, -193893.897287950559985 ], [ 13335737.565393682569265, -193900.167471543245483 ], [ 13335800.995239535346627, -193868.126055755419657 ], [ 13335902.373899800702929, -193743.357252485177014 ], [ 13335991.206853453069925, -193717.652861270471476 ], [ 13336061.048701977357268, -193723.945313768403139 ], [ 13336159.544187430292368, -193800.479370568529703 ], [ 13336223.152144471183419, -193886.65817746380344 ], [ 13336248.666571760550141, -193966.500011397991329 ], [ 13336293.172104177996516, -194017.563607825955842 ], [ 13336448.819016207009554, -194103.597721530764829 ], [ 13336540.891367042437196, -194122.631033784564352 ], [ 13336620.217636182904243, -194103.341568130126689 ], [ 13336699.532773369923234, -194080.855755614989903 ], [ 13336845.372438259422779, -193978.394431440217886 ], [ 13336981.827870072796941, -193959.015882278850768 ], [ 13337175.512652106583118, -194013.041945350531023 ], [ 13337312.034875612705946, -194041.597470599837834 ], [ 13337350.228592904284596, -194111.839178935886594 ], [ 13337356.718519216403365, -194210.881475503672846 ], [ 13337344.172812607139349, -194313.142445247940486 ], [ 13337315.752946607768536, -194405.847815361106768 ], [ 13337382.566904978826642, -194517.586574681365164 ], [ 13337445.996750835329294, -194482.33757259970298 ], [ 13337506.354178743436933, -194517.397243532672292 ], [ 13337484.212732024490833, -194571.746427368372679 ], [ 13337357.41983200982213, -194683.774840827361913 ], [ 13337354.347414063289762, -194747.690869797690539 ], [ 13337383.056710742413998, -194846.700055907247588 ], [ 13337427.662430701777339, -194964.854049333545845 ], [ 13337481.808231024071574, -195089.389700442057801 ], [ 13337497.849369645118713, -195201.195648371096468 ], [ 13337545.616563146933913, -195309.77187732825405 ], [ 13337625.132075419649482, -195418.281339819601271 ], [ 13337688.717768561094999, -195494.871702663542237 ], [ 13337749.075196469202638, -195529.931543712009443 ], [ 13337853.837969256564975, -195545.746340526966378 ], [ 13337961.7956114243716, -195574.34662401638343 ], [ 13338060.246569084003568, -195612.536027375172125 ], [ 13338152.385711614042521, -195676.307557624008041 ], [ 13338254.076066451147199, -195765.616689528920688 ], [ 13338378.097111145034432, -195925.190452850889415 ], [ 13338470.41436486132443, -196107.183544047147734 ], [ 13338562.609167134389281, -196206.093141791789094 ], [ 13338597.752730378881097, -196356.211739749414846 ], [ 13338610.632395461201668, -196477.618662243708968 ], [ 13338642.49203372746706, -196563.843124683888163 ], [ 13338677.524277480319142, -196637.282071283261757 ], [ 13338741.132234521210194, -196726.647303207602818 ], [ 13338798.350452788174152, -196787.267334825417493 ], [ 13338938.178865171968937, -196898.896000998356612 ], [ 13339017.594189904630184, -196943.500707871135091 ], [ 13339131.897043051198125, -196972.078909644857049 ], [ 13339265.20213327743113, -196978.271225125528872 ], [ 13339379.449326679110527, -196965.318594215204939 ], [ 13339509.548415569588542, -196942.743374440615298 ], [ 13339623.784477019682527, -196932.987138142983895 ], [ 13339798.377966379746795, -196951.887062073859852 ], [ 13339925.415769273415208, -197006.014137228339678 ], [ 13340144.603846644982696, -197133.480114076257451 ], [ 13340259.006887333467603, -197225.975133883592207 ], [ 13340290.844261698424816, -197289.825121776579181 ], [ 13340424.260671416297555, -197363.108404525642982 ], [ 13340567.161501748487353, -197417.213312970648985 ], [ 13340637.081273913383484, -197474.614871955884155 ], [ 13340796.034374818205833, -197646.908743221138138 ], [ 13340864.37341021746397, -197696.681317612645216 ], [ 13340938.445399390533566, -197701.893572686734842 ], [ 13341028.291360408067703, -197653.825003118166933 ], [ 13341160.460991829633713, -197605.689621019846527 ], [ 13341340.286497255787253, -197584.105550053907791 ], [ 13341467.168452860787511, -197541.316082720644772 ], [ 13341530.576034815981984, -197493.280962490272941 ], [ 13341652.159182662144303, -197439.844271065143403 ], [ 13341768.42125884629786, -197370.436734232935123 ], [ 13341868.786911746487021, -197279.745888116362039 ], [ 13342000.878619521856308, -197178.363303338875994 ], [ 13342111.786228198558092, -197066.355819213029463 ], [ 13342280.991854203864932, -197018.164887941675261 ], [ 13342423.870420636609197, -197060.542168021784164 ], [ 13342513.861096994951367, -197103.008554917905713 ], [ 13342577.424526236951351, -197161.490341466211248 ], [ 13342662.116394834592938, -197193.309518902329728 ], [ 13342741.520587615668774, -197235.787070385675179 ], [ 13342805.095148807391524, -197294.268894563341746 ], [ 13342884.499341590330005, -197336.746466835553292 ], [ 13342958.560198815539479, -197336.635094059951371 ], [ 13343043.129615969955921, -197299.224982120125787 ], [ 13343117.090285655111074, -197235.20793223642977 ], [ 13343187.076849516481161, -197159.652692236646544 ], [ 13343268.551584828644991, -197134.827723338792566 ], [ 13343344.705248480662704, -197121.930768939026166 ], [ 13343478.043734550476074, -197147.279187850217568 ], [ 13343592.379983546212316, -197198.221054953435669 ], [ 13343655.976808635517955, -197281.193733805208467 ], [ 13343706.938871521502733, -197396.141576663736487 ], [ 13343745.23277635127306, -197530.279029991070274 ], [ 13343789.82736436650157, -197632.452535684191389 ], [ 13343891.551115050911903, -197740.929803452745546 ], [ 13343974.261496711522341, -197862.215029886952834 ], [ 13344012.488609848544002, -197958.018158296559704 ], [ 13344031.735749807208776, -198092.178252503159456 ], [ 13344033.394410220906138, -198146.394725855207071 ], [ 13344037.179272908717394, -198174.026422073045978 ], [ 13344027.572400853037834, -198200.755998736189213 ], [ 13344023.587163083255291, -198257.745695266115945 ], [ 13344055.546988889575005, -198343.146739740681369 ], [ 13344058.986761154606938, -198443.63891154457815 ], [ 13344091.247149586677551, -198478.866313139267731 ], [ 13344114.446131467819214, -198490.360047754453262 ], [ 13344070.419272860512137, -198533.996150736289565 ], [ 13343982.55479877628386, -198592.110811756137991 ], [ 13343956.450378185138106, -198615.399002696794923 ], [ 13343848.860090333968401, -198738.633782664866885 ], [ 13343732.208395931869745, -198814.545998543821042 ], [ 13343646.169561497867107, -198864.708663686760701 ], [ 13343562.668811451643705, -198906.395807951368624 ], [ 13343534.282341299578547, -198933.738035158050479 ], [ 13343486.737786781042814, -199017.457618747779634 ], [ 13343429.675415800884366, -199082.95649472734658 ], [ 13343401.745355563238263, -199125.26737645897083 ], [ 13343365.655576644465327, -199202.148687796696322 ], [ 13343358.731504319235682, -199246.631383536354406 ], [ 13343364.431062247604132, -199536.971980970236473 ], [ 13343357.061711955815554, -199580.129399151541293 ], [ 13343332.782931014895439, -199589.774387276469497 ], [ 13343168.152536081150174, -199695.390378322335891 ], [ 13343080.176742509007454, -199776.760280735674314 ], [ 13343036.205543644726276, -199828.526969759666827 ], [ 13343014.988048698753119, -199833.683592041867087 ], [ 13342987.069120407104492, -200056.821789354464272 ], [ 13342995.317894676700234, -200130.896819765708642 ], [ 13342936.318564554676414, -200158.729258102946915 ], [ 13342906.640788309276104, -200197.086574324435787 ], [ 13342890.499462142586708, -200228.805986469786149 ], [ 13342871.831183539703488, -200313.372547329461668 ], [ 13342857.537760918959975, -200349.658328605029965 ], [ 13342815.882007464766502, -200428.121619366458617 ], [ 13342775.139073835685849, -200642.328228182857856 ], [ 13342760.110942577943206, -200792.706236370402621 ], [ 13342704.172898456454277, -200990.15132724418072 ], [ 13342674.561913903802633, -201059.660331324412255 ], [ 13342635.833863055333495, -201075.976740964921191 ], [ 13342624.445879148319364, -201088.305933285853826 ], [ 13342624.557198639959097, -201153.493626580195269 ], [ 13342649.882382795214653, -201225.285872135485988 ], [ 13342648.179194586351514, -201266.227288240770577 ], [ 13342658.197948757559061, -201365.763077917945338 ], [ 13342708.937372660264373, -201400.512072766199708 ], [ 13342732.982382671907544, -201447.946687880554236 ], [ 13342750.359355185180902, -201569.724170602334198 ], [ 13342719.512724285945296, -201732.5323375298467 ], [ 13342742.589254729449749, -201847.783402819943149 ], [ 13342809.180574120953679, -201971.465644650626928 ], [ 13342792.215483723208308, -202132.403029328153934 ], [ 13342817.696515165269375, -202193.592681862035533 ], [ 13342868.847821185365319, -202246.97493305808166 ], [ 13342860.910741491243243, -202264.282680383243132 ], [ 13342843.856595503166318, -202343.793644275137922 ], [ 13342825.733782401308417, -202389.35737230736413 ], [ 13342793.183963293209672, -202450.602790786826517 ], [ 13342769.80687022767961, -202476.798327355994843 ], [ 13342703.026307700201869, -202517.973886423977092 ], [ 13342655.99382283911109, -202569.997440930368612 ], [ 13342635.789335260167718, -202586.202597141033038 ], [ 13342638.672510072588921, -202605.515135528432438 ], [ 13342699.842570263892412, -202732.204987900622655 ], [ 13342763.21675637178123, -202885.123922812315868 ], [ 13342773.992483079433441, -202916.576455268601421 ], [ 13342774.515684688463807, -202954.143526880216086 ], [ 13342773.613996813073754, -202974.335969999490771 ], [ 13342751.672925176098943, -203038.265726106619695 ], [ 13342729.2977075278759, -203060.396118555334397 ], [ 13342698.707111455500126, -203078.628356142900884 ], [ 13342667.815952761098742, -203104.656910784222418 ], [ 13342644.817345961928368, -203137.791254597104853 ], [ 13342629.733554961159825, -203188.032954108028207 ], [ 13342604.631009785458446, -203350.675367754010949 ], [ 13342623.566455170512199, -203350.597404502681457 ], [ 13342656.695135632529855, -203369.486787404690403 ], [ 13342702.759140921756625, -203415.162124538474018 ], [ 13342730.678069213405252, -203459.222518156137085 ], [ 13342764.419006872922182, -203530.302779280551476 ], [ 13342848.921632332727313, -203673.3098368664796 ], [ 13342862.279971227049828, -203722.927963704714784 ], [ 13342868.769897542893887, -203837.523051674477756 ], [ 13342905.015523744747043, -203948.487334539939184 ], [ 13342914.555604105815291, -203991.144502758223098 ], [ 13342920.34421762637794, -204132.960161790950224 ], [ 13342943.854894081130624, -204258.470389791094931 ], [ 13342970.994585936889052, -204311.81977855230798 ], [ 13343019.886106293648481, -204383.936146199557697 ], [ 13343081.390124958008528, -204530.051226617710199 ], [ 13343106.425878437235951, -204571.750679261924233 ], [ 13343139.966441011056304, -204597.345059172133915 ], [ 13343250.651410708203912, -204642.920438341330737 ], [ 13343314.960680538788438, -204676.188689701317344 ], [ 13343385.626293294131756, -204723.256536588422023 ], [ 13343439.749829718843102, -204748.472254696855089 ], [ 13343548.353124937042594, -204821.301592763833469 ], [ 13343578.453915247693658, -204831.470303505833726 ], [ 13343631.197089985013008, -204832.58407251254539 ], [ 13343670.025328373536468, -204892.983775094908196 ], [ 13343706.070579493418336, -205025.956742126640165 ], [ 13343722.445676589384675, -205115.036094264592975 ], [ 13343732.508958555757999, -205190.6388566129026 ], [ 13343733.778000749647617, -205297.393837502488168 ], [ 13343729.982006115838885, -205337.990817153622629 ], [ 13343715.165381889790297, -205399.738337950024288 ], [ 13343610.89241486415267, -205683.728175521886442 ], [ 13343554.553620574995875, -205811.455795140151167 ], [ 13343542.442059975117445, -205860.729185624571983 ], [ 13343582.995750471949577, -205906.939706983772339 ], [ 13343660.529775809496641, -206036.549751882557757 ], [ 13343685.84382801502943, -206059.460120987758273 ], [ 13343720.564377196133137, -206076.868439201934962 ], [ 13343767.173847988247871, -206087.772306606639177 ], [ 13343872.771516954526305, -206097.083474754530471 ], [ 13343897.083693746477365, -206110.014415937243029 ], [ 13343911.477303905412555, -206128.959749896952417 ], [ 13343913.547846434637904, -206181.351794017042266 ], [ 13343901.770244305953383, -206256.219870997651014 ], [ 13343896.950110357254744, -206340.053884993219981 ], [ 13343899.632910083979368, -206462.302140392916044 ], [ 13343932.40536817535758, -206501.173002792493207 ], [ 13343954.235120316967368, -206513.613907936523901 ], [ 13343988.009453823789954, -206557.975709486141568 ], [ 13344010.907873081043363, -206619.311513319669757 ], [ 13344020.514745136722922, -206732.070538646832574 ], [ 13344039.361134927719831, -206740.52412681048736 ], [ 13344184.788917697966099, -206864.031202666315949 ], [ 13344209.613164147362113, -206888.946473015152151 ], [ 13344265.239513697102666, -206962.21097424897016 ], [ 13344365.68309023976326, -207156.654959261999466 ], [ 13344400.503826959058642, -207236.936390343384119 ], [ 13344404.82302320189774, -207397.26545645261649 ], [ 13344382.570256991311908, -207484.964787076954963 ], [ 13344345.534262405708432, -207567.362542892544298 ], [ 13344303.021348869428039, -207639.79195863197674 ], [ 13344286.200973812490702, -207658.781991329917219 ], [ 13344258.471288654953241, -207678.785570285195718 ], [ 13344217.850806465372443, -207692.81926275321166 ], [ 13344177.708998085930943, -207696.884578616329236 ], [ 13343984.013084104284644, -207763.065705160872312 ], [ 13343949.838000431656837, -207780.095487048965879 ], [ 13343863.609922863543034, -207790.208661035721889 ], [ 13343817.668369011953473, -207895.194130216201302 ], [ 13343792.844122566282749, -207935.290441386954626 ], [ 13343756.386989330872893, -207974.239560409303522 ], [ 13343549.444055946543813, -208154.004825616750168 ], [ 13343525.187538903206587, -208169.519890019641025 ], [ 13343473.568691020831466, -208181.404006945813308 ], [ 13343436.031758723780513, -208255.45978090367862 ], [ 13343332.526896186172962, -208366.794096989760874 ], [ 13343250.016889609396458, -208395.240269961359445 ], [ 13343196.939756402745843, -208441.239767521125032 ], [ 13343134.389334524050355, -208471.456876779673621 ], [ 13343063.412027195096016, -208537.070232599362498 ], [ 13343006.538899347186089, -208563.979400013602572 ], [ 13342929.461283922195435, -208589.563160719146254 ], [ 13342774.59360833093524, -208657.548930330929579 ], [ 13342548.815417103469372, -208707.480171697563492 ], [ 13342466.038243750110269, -208761.309695171308704 ], [ 13342403.465557973831892, -208792.328783832577756 ], [ 13342363.713367814198136, -208844.420815646124538 ], [ 13342349.598056377843022, -208915.558705832343549 ], [ 13342371.661579456180334, -209019.664883800927782 ], [ 13342446.535068962723017, -209145.267329670343315 ], [ 13342505.356287900358438, -209215.091053048497997 ], [ 13342555.450058754533529, -209261.603089421172626 ], [ 13342570.300078826025128, -209293.379637907986762 ], [ 13342625.414358718320727, -209364.896382398990681 ], [ 13342694.18754013068974, -209377.805263393267523 ], [ 13342740.997386008501053, -209362.902689897309756 ], [ 13342814.27900679782033, -209373.33894640346989 ], [ 13342923.405503623187542, -209311.835210163058946 ], [ 13343064.881444472819567, -209308.627482330979547 ], [ 13343126.251879746094346, -209319.119425645185402 ], [ 13343174.453219261020422, -209315.488455814222107 ], [ 13343247.59012471139431, -209373.194153086340521 ], [ 13343311.543172171339393, -209440.188918660365744 ], [ 13343352.074598770588636, -209457.330226480698911 ], [ 13343393.886199513450265, -209488.616736986412434 ], [ 13343417.586119100451469, -209513.688273249892518 ], [ 13343426.436018619686365, -209539.85133253474487 ], [ 13343453.052508870139718, -209550.365564249106683 ], [ 13343528.092977611348033, -209621.860127412015572 ], [ 13343553.796648036688566, -209710.228735869633965 ], [ 13343589.87529500387609, -209764.893884614459239 ], [ 13343602.409869665279984, -209866.394231197045883 ], [ 13343618.629119474440813, -209925.61485738135525 ], [ 13343637.430981470271945, -209962.191984415519983 ], [ 13343663.357290875166655, -209995.360895470977994 ], [ 13343670.504002185538411, -210014.596193368168315 ], [ 13343683.361403370276093, -210081.758250217884779 ], [ 13343736.839286748319864, -210226.964256050239783 ], [ 13343738.820773683488369, -210292.633894513564883 ], [ 13343773.819621589034796, -210375.979568500362802 ], [ 13343784.049882793799043, -210441.626981523935683 ], [ 13343799.089146, -210471.799849854054628 ], [ 13343802.117036148905754, -210489.531563524069497 ], [ 13343801.070632934570312, -210537.837125911610201 ], [ 13343776.802983943372965, -210594.496213434438687 ], [ 13343722.178509809076786, -210659.497695422673132 ], [ 13343706.103975340723991, -210685.93936004920397 ], [ 13343688.871718164533377, -210699.182469767227303 ], [ 13343679.532012887299061, -210717.315173191920621 ], [ 13343671.717384630814195, -210754.683249808527762 ], [ 13343620.877773188054562, -210841.20346211377182 ], [ 13343595.040519375354052, -210860.115841183665907 ], [ 13343581.225770566612482, -210892.594348080194322 ], [ 13343565.986132277175784, -210904.35611324274214 ], [ 13343543.399407595396042, -210916.429744136432419 ], [ 13343498.682368144392967, -210929.427832852554275 ], [ 13343444.748074855655432, -210961.973179649183294 ], [ 13343399.518965745344758, -210996.935486791713629 ], [ 13343376.887713268399239, -211033.167537166096736 ], [ 13343349.636701921001077, -211126.270460821921006 ], [ 13343346.141269912943244, -211146.697642573883059 ], [ 13343374.282837182283401, -211206.698324721481185 ], [ 13343406.988503577187657, -211251.885411024733912 ], [ 13343517.317250901833177, -211320.384465195180383 ], [ 13343567.388757862150669, -211364.747361570218345 ], [ 13343570.249668775126338, -211508.161103050020756 ], [ 13343588.294558234512806, -211538.70169460575562 ], [ 13343625.842622479423881, -211579.767771200306015 ], [ 13343628.514290256425738, -211605.429896745714359 ], [ 13343622.336058517917991, -211725.075147077121073 ], [ 13343606.706802012398839, -211792.282351636880776 ], [ 13343606.395107435062528, -211831.532973856723402 ], [ 13343632.031986167654395, -211917.920012871705694 ], [ 13343641.126788562163711, -211978.667188126535621 ], [ 13343643.56468541175127, -212095.283106487913756 ], [ 13343633.957813356071711, -212174.93170808092691 ], [ 13343642.674129484221339, -212231.903144556767074 ], [ 13343613.129936628043652, -212281.022226543194847 ], [ 13343567.811771925538778, -212306.762412627838785 ], [ 13343552.839300416409969, -212320.373191781400237 ], [ 13343546.137867070734501, -212342.649428160744719 ], [ 13343543.199032511562109, -212384.172339683427708 ], [ 13343531.632937420159578, -212417.397358254092978 ], [ 13343480.348048010841012, -212461.259292365488363 ], [ 13343456.803975708782673, -212503.951733054826036 ], [ 13343446.41786721535027, -212571.905465351534076 ], [ 13343423.241149231791496, -212611.947054682386806 ], [ 13343409.838282542303205, -212666.690993567288388 ], [ 13343409.905074236914515, -212711.232411348086316 ], [ 13343431.356340112164617, -212759.493979253369616 ], [ 13343434.005743993446231, -212776.479648214357439 ], [ 13343427.760720560327172, -212848.198171364550944 ], [ 13343420.291182728484273, -212865.194986353773857 ], [ 13343320.738162111490965, -212968.76866422482999 ], [ 13343262.673915714025497, -212996.413567626150325 ], [ 13343212.079207146540284, -213004.433040755306138 ], [ 13343129.235242100432515, -213006.081488051335327 ], [ 13343044.120359439402819, -212995.277475626760861 ], [ 13343037.396662196144462, -213011.89560633074143 ], [ 13343001.11764014698565, -213064.033330073056277 ], [ 13342976.838859206065536, -213113.8988826306595 ], [ 13342951.825369622558355, -213181.875108041480416 ], [ 13342891.957747472450137, -213248.403395345812896 ], [ 13342853.730634337291121, -213257.893117775325663 ], [ 13342838.780426722019911, -213281.327833402378019 ], [ 13342832.602194981649518, -213397.576985750085441 ], [ 13342844.223949823528528, -213403.59160320594674 ], [ 13342886.97063428722322, -213406.54322110087378 ], [ 13342927.101310716941953, -213419.307576750084991 ], [ 13343016.40180623345077, -213466.332985126937274 ], [ 13343085.753848996013403, -213461.309664067201084 ], [ 13343111.26827628724277, -213472.213946535834111 ], [ 13343121.799100115895271, -213494.835600918915588 ], [ 13343143.105650652199984, -213682.759167434065603 ], [ 13343137.606467805802822, -213758.242743230366614 ], [ 13343102.496300412341952, -213833.035780196485575 ], [ 13343085.364230778068304, -213904.76583879312966 ], [ 13343072.295322559773922, -213934.983804803923704 ], [ 13343051.356126341968775, -213968.988768240815261 ], [ 13342998.201069485396147, -214013.608457623544382 ], [ 13342949.932938277721405, -214070.680686663137749 ], [ 13342941.083038760349154, -214161.657686726335669 ], [ 13342951.279904115945101, -214203.904978865815792 ], [ 13342977.217345474287868, -214243.868943272100296 ], [ 13342978.764686394482851, -214277.829409042722546 ], [ 13342949.966334126889706, -214316.757533229188994 ], [ 13342912.162235053256154, -214349.659879608749179 ], [ 13342859.719622939825058, -214374.275382829160662 ], [ 13342837.244217751547694, -214389.790948263660539 ], [ 13342818.587071092799306, -214440.770672192564234 ], [ 13342817.540667878463864, -214485.680066732806154 ], [ 13342819.934036931023002, -214574.373924529994838 ], [ 13342837.800815204158425, -214718.514062461908907 ], [ 13342875.014920976012945, -214779.217576578870649 ], [ 13342924.607754122465849, -214841.781200378347421 ], [ 13342945.758457375690341, -214937.993557309993776 ], [ 13342949.999729974195361, -215011.572987138933968 ], [ 13342963.591839799657464, -215067.787869014777243 ], [ 13342986.53478685207665, -215112.28529577475274 ], [ 13343044.766012486070395, -215182.389648429933004 ], [ 13343119.617238095030189, -215329.448482173116645 ], [ 13343145.588075296953321, -215391.678138992312597 ], [ 13343164.857479153200984, -215482.978784098057076 ], [ 13343177.659220594912767, -215519.189409623242682 ], [ 13343199.433312993496656, -215536.141910333011765 ], [ 13343230.190888300538063, -215542.880585479433648 ], [ 13343466.065757343545556, -215582.488406573422253 ], [ 13343554.164002357050776, -215585.350951895758044 ], [ 13343621.323051150888205, -215613.54201340052532 ], [ 13343716.913097897544503, -215609.231487326847855 ], [ 13343773.908677181228995, -215617.819124640664086 ], [ 13343798.67726388387382, -215631.36331087409053 ], [ 13343875.565636176615953, -215653.873839650652371 ], [ 13343887.198522962629795, -215659.131123353901785 ], [ 13343887.966627446934581, -215675.738348895392846 ], [ 13343895.124470707029104, -215691.577032162022078 ], [ 13343928.186359470710158, -215739.460654427733971 ], [ 13343965.367069398984313, -215777.130449083517306 ], [ 13344022.841322494670749, -215847.235048524453305 ], [ 13344021.405301062390208, -215880.828237284498755 ], [ 13344012.800304425880313, -215890.273538120090961 ], [ 13343947.656138410791755, -215947.379747947037686 ], [ 13343890.359996501356363, -215982.198171090334654 ], [ 13343843.650338163599372, -216073.610485378041631 ], [ 13343798.755187528207898, -216128.411114214017289 ], [ 13343765.147833257913589, -216203.951356775593013 ], [ 13343704.957384584471583, -216305.95635053186561 ], [ 13343698.278215136379004, -216347.112563167145709 ], [ 13343696.552763029932976, -216432.410095591127174 ], [ 13343702.285716807469726, -216500.331819884246215 ], [ 13343729.458804508671165, -216605.589378142671194 ], [ 13343730.605395261198282, -216618.042075178731466 ], [ 13343719.06156406737864, -216661.459445719519863 ], [ 13343660.719018941745162, -216746.857366214069771 ], [ 13343624.028114778921008, -216772.965724773239344 ], [ 13343544.223171830177307, -216805.556624554330483 ], [ 13343509.413567056879401, -216837.690856297063874 ], [ 13343482.863868502900004, -216878.501895460416563 ], [ 13343437.501176005229354, -216890.921195438917493 ], [ 13343404.250044105574489, -216914.055624586180784 ], [ 13343383.856313388794661, -216930.150595030310797 ], [ 13343366.946882739663124, -216976.508572981663747 ], [ 13343356.126628233119845, -217050.267013225558912 ], [ 13343381.017666375264525, -217152.918493908451637 ], [ 13343415.927458688616753, -217197.917641620209906 ], [ 13343448.566333390772343, -217211.818370622757357 ], [ 13343501.821577783674002, -217224.56070644792635 ], [ 13343539.347378132864833, -217244.877159765688702 ], [ 13343606.562086671590805, -217307.786893225391395 ], [ 13343684.341014888137579, -217413.334503423160641 ], [ 13343696.029561422765255, -217454.457543683325639 ], [ 13343696.485971335321665, -217498.610243772709509 ], [ 13343682.704618373885751, -217550.33708326582564 ], [ 13343653.527779838070273, -217591.148277662781766 ], [ 13343646.458992172032595, -217626.267743288801285 ], [ 13343626.287900440394878, -217667.43538408484892 ], [ 13343582.49481276422739, -217710.162414800288389 ], [ 13343471.208717819303274, -217743.187876672134735 ], [ 13343397.014277201145887, -217759.171534007531591 ], [ 13343302.170071046799421, -217766.879333015909651 ], [ 13343282.689160158857703, -217773.707195697934367 ], [ 13343270.711182948201895, -217786.560954180720728 ], [ 13343258.254531929269433, -217957.547213760757586 ], [ 13343225.504337737336755, -218098.760529582010349 ], [ 13343212.902971381321549, -218179.547782214242034 ], [ 13343196.739381317049265, -218378.102124412573176 ], [ 13343175.866976793855429, -218452.117302725469926 ], [ 13343162.419582303613424, -218475.541525553941028 ], [ 13343151.231973482295871, -218514.804673135775374 ], [ 13343150.530660687014461, -218541.225156110769603 ], [ 13343167.840841507539153, -218576.678955132840201 ], [ 13343269.965342359617352, -218666.332654225639999 ], [ 13343352.608932327479124, -218766.579107635159744 ], [ 13343402.179501576349139, -218815.555089014669647 ], [ 13343426.981484124436975, -218847.221849362162175 ], [ 13343615.445382038131356, -219006.914630488870898 ], [ 13343631.230485834181309, -219029.536950189067284 ], [ 13343638.777947308495641, -219058.207486351398984 ], [ 13343666.07348645105958, -219233.282752305822214 ], [ 13343665.650472385808825, -219425.01029590642429 ], [ 13343671.027203792706132, -219498.981336916593136 ], [ 13343676.337143503129482, -219538.979844657122158 ], [ 13343702.730994768440723, -219625.737985374260461 ], [ 13343705.803412716835737, -219665.736520470760297 ], [ 13343688.092481728643179, -219829.573550949484343 ], [ 13343685.331758357584476, -219972.993726013111882 ], [ 13343678.730512553825974, -220055.285501383099472 ], [ 13343666.051222553476691, -220096.821253018337302 ], [ 13343649.754049099981785, -220213.854326116270386 ], [ 13343648.551798598840833, -220386.714103981998051 ], [ 13343620.53268276900053, -220660.779442089435179 ], [ 13343625.208101380616426, -220761.918064346944448 ], [ 13343645.657491838559508, -220878.884727409807965 ], [ 13343653.360800603404641, -221001.153453626844566 ], [ 13343655.798697451129556, -221112.873969531210605 ], [ 13343646.91540208645165, -221177.043680362636223 ], [ 13343644.778067860752344, -221241.213413572928403 ], [ 13343648.585194446146488, -221273.671433306590188 ], [ 13343684.775160904973745, -221389.847576968779322 ], [ 13343693.903359148651361, -221468.341701404046034 ], [ 13343705.21341941319406, -221503.796061491622822 ], [ 13343709.777518536895514, -221537.757847331347875 ], [ 13343724.082073103636503, -221576.988228950358462 ], [ 13343749.841403272002935, -221730.924673902918585 ], [ 13343756.030766962096095, -221841.130772472068202 ], [ 13343755.440773660317063, -221930.206843720166944 ], [ 13343739.087940461933613, -222014.771787210513139 ], [ 13343740.724336976185441, -222094.78104192140745 ], [ 13343758.802622282877564, -222140.048718698468292 ], [ 13343815.887257160618901, -222196.555359465390211 ], [ 13343863.220304645597935, -222251.580569475103403 ], [ 13343885.79589737765491, -222298.340872272790875 ], [ 13343910.787123059853911, -222440.214689236920094 ], [ 13343921.329078840091825, -222469.63205015155836 ], [ 13343923.644524248316884, -222505.108881326275878 ], [ 13343938.728315250948071, -222553.384115710592596 ], [ 13343944.0271230135113, -222587.346096036955714 ], [ 13343944.316553687676787, -222684.208505544054788 ], [ 13343878.248435903340578, -222972.278684196935501 ], [ 13343713.050311567261815, -223469.212507014221046 ], [ 13343551.804029151797295, -223706.491004848328885 ], [ 13343485.401952892541885, -223867.836550159059698 ], [ 13343485.401952892541885, -224067.143330006394535 ], [ 13343608.710552845150232, -224171.547510923672235 ], [ 13343732.019152795895934, -224285.430898039601743 ], [ 13343817.378938337787986, -224494.239571105717914 ], [ 13343855.316620800644159, -224693.547038974764291 ], [ 13343903.863050734624267, -224742.12360310688382 ], [ 13344268.990980535745621, -225056.495936050923774 ], [ 13344191.434691300615668, -225240.688547127268976 ], [ 13343784.250257877632976, -225638.180317192978691 ], [ 13343745.477679235860705, -225890.24301742890384 ], [ 13344162.346908355131745, -226501.002795968350256 ], [ 13344608.303920423611999, -226675.505970910773613 ], [ 13344986.400570902973413, -226888.795285511383554 ], [ 13345267.549076851457357, -227499.558461198379518 ], [ 13345621.478265877813101, -227794.898977196658961 ], [ 13346224.406891910359263, -228163.535063812800217 ], [ 13346799.038103386759758, -228640.633319175976794 ], [ 13347331.612811239436269, -228892.900749745487701 ], [ 13348186.52423663623631, -228612.607339778274763 ], [ 13348354.705723324790597, -228360.329167339688865 ], [ 13348789.174563942477107, -227701.620600537542487 ], [ 13349437.46588247641921, -226497.137573726387927 ], [ 13349937.724542150273919, -226463.453334999096114 ], [ 13350487.909993449226022, -226883.192372030462138 ], [ 13350947.492511186748743, -226622.462156276451424 ], [ 13351199.764741221442819, -226622.462156276451424 ], [ 13351690.294077403843403, -226089.886193850456038 ], [ 13352250.899033039808273, -225823.60994268435752 ], [ 13352082.717546347528696, -225220.961571883352008 ], [ 13352194.838537475094199, -224968.688167488406179 ], [ 13352152.793165801092982, -224450.129749233543407 ], [ 13352489.768396383151412, -223927.328927158989245 ], [ 13353629.190176347270608, -223053.858922548679402 ], [ 13354924.470375368371606, -222437.964667884953087 ], [ 13355545.588606199249625, -221322.592385334399296 ], [ 13355774.372423678636551, -219879.329512419964885 ], [ 13356709.22237541154027, -219679.358969789056573 ], [ 13357327.223660496994853, -218914.676633666706039 ], [ 13359449.707863656803966, -218771.936725165636744 ], [ 13360056.477012125775218, -219291.125125787162688 ], [ 13360926.728263352066278, -219247.139078915701248 ], [ 13362126.941617235541344, -219526.404428734269459 ], [ 13363044.537047896534204, -220585.17056115239393 ], [ 13364183.892036166042089, -220881.390918031713227 ], [ 13365414.105992821976542, -220537.452774223813321 ], [ 13367807.152218353003263, -220318.679577094211709 ], [ 13368631.795874200761318, -220578.843832390586613 ], [ 13369367.550916649401188, -220973.67444978308049 ], [ 13369800.216381516307592, -221352.265756020322442 ], [ 13371148.484658155590296, -221569.536460757954046 ], [ 13373998.185698818415403, -221471.872656845953315 ], [ 13382482.623328609392047, -221965.00411026502843 ], [ 13385988.575031399726868, -222253.251375705644023 ], [ 13386855.397642310708761, -223516.240452482568799 ], [ 13387681.811278060078621, -223822.913747774757212 ], [ 13388304.309870576485991, -225124.922087933024159 ], [ 13390317.378146236762404, -225502.976208733976819 ], [ 13390506.153738722205162, -226318.201266756921541 ], [ 13391200.742833476513624, -227160.26389375544386 ], [ 13391411.036483531817794, -227771.506974654330406 ], [ 13392471.66632791236043, -227893.613261662540026 ], [ 13393981.937859505414963, -227075.184155222814297 ], [ 13397001.634894559159875, -227318.070318593090633 ], [ 13399016.539941817522049, -225137.698388410703046 ], [ 13398581.803934421390295, -224288.650020642700838 ], [ 13398971.566867534071207, -223612.913995778537355 ], [ 13399061.446224400773644, -222013.134399235714227 ], [ 13400185.695157770067453, -220477.571647300530458 ], [ 13401474.474298533052206, -219079.114480740390718 ], [ 13401265.72798939794302, -217848.913947653607465 ], [ 13401721.258477672934532, -217680.645565114042256 ], [ 13401721.258477672934532, -217077.389008137397468 ], [ 13401145.425015697255731, -216775.761457922839327 ], [ 13400202.003463171422482, -214821.465006229438586 ], [ 13400227.551286309957504, -214193.223419011512306 ], [ 13399829.227884354069829, -213841.734719091793522 ], [ 13399308.230403542518616, -213649.790107269393047 ], [ 13399363.066384704783559, -212799.747232603403972 ], [ 13399664.69767695851624, -212607.803668694104999 ], [ 13400021.109290631487966, -210503.420664500590647 ], [ 13400743.595049779862165, -210554.477320131321903 ], [ 13403693.962305968627334, -213373.930630442861002 ], [ 13403681.572446642443538, -215653.573105205898173 ], [ 13404063.108869388699532, -216051.979835051839473 ], [ 13406561.0403191447258, -215959.876954745850526 ], [ 13408410.59139477647841, -216760.902860704431077 ], [ 13409512.999444050714374, -215018.478717716032406 ], [ 13410139.449878491461277, -214883.727910761896055 ], [ 13410907.231538442894816, -217516.119844170520082 ], [ 13411978.292019110172987, -219568.073724269488594 ], [ 13412599.109687313437462, -221921.696885813318659 ], [ 13413676.726885989308357, -222698.655444755655481 ], [ 13415937.937438573688269, -227477.458624747814611 ], [ 13418529.644427375867963, -228628.77017552984762 ], [ 13419439.80371605232358, -229551.101323424518341 ], [ 13419871.033159486949444, -230446.536061226186575 ], [ 13419768.85299888625741, -231086.663400135585107 ], [ 13422486.506859572604299, -235779.672740417940076 ], [ 13423393.615994200110435, -236841.14203247972182 ], [ 13425082.020974962040782, -238565.642598910810193 ], [ 13428077.506020767614245, -240992.886073324800236 ], [ 13431577.457603, -243050.894225102325436 ], [ 13433902.944029573351145, -244616.844805202941643 ], [ 13435724.576176913455129, -245843.500971802830463 ], [ 13438664.379213424399495, -246201.291786554764258 ], [ 13439120.833653474226594, -247275.626948698831256 ], [ 13441338.451493464410305, -248134.692388080555247 ], [ 13444288.095172964036465, -248200.888505759678083 ], [ 13444666.13616369664669, -248158.755598417279543 ], [ 13444856.514756852760911, -248123.251224033680046 ], [ 13448339.234081910923123, -246256.168635337671731 ], [ 13448681.519252205267549, -245974.610266386211151 ], [ 13449339.706873467192054, -245791.253350845334353 ], [ 13450205.171386586502194, -245873.679829032626003 ], [ 13451578.4976806063205, -246014.470007939642528 ], [ 13452104.092656387016177, -246048.169210009044036 ], [ 13452942.450873501598835, -246101.909703810641076 ], [ 13454252.948446916416287, -246225.388135086162947 ], [ 13454915.388472728431225, -246621.279501778393751 ], [ 13456743.92242849804461, -246829.858943758241367 ], [ 13458893.512927662581205, -247160.692347675329074 ], [ 13460188.692939149215817, -247569.486469055555062 ], [ 13461698.764095656573772, -248065.700064309028676 ], [ 13462983.724977882578969, -248314.141636112181004 ], [ 13466441.241570228710771, -249481.413218849920668 ], [ 13469992.166347295045853, -251173.781355046085082 ], [ 13473244.933000225573778, -252669.144029220216908 ], [ 13474398.02481365762651, -252855.204718920052983 ], [ 13475125.085803877562284, -252444.625958374614129 ], [ 13476308.411991009488702, -252157.542298908025259 ], [ 13476946.228145457804203, -252352.659757041139528 ], [ 13477766.374493878334761, -252486.748835640086327 ], [ 13478947.518818989396095, -252331.091434435395058 ], [ 13479270.512321528047323, -252537.995937342406251 ], [ 13479544.113365998491645, -252975.00068903825013 ], [ 13479713.452575394883752, -253149.241429743968183 ], [ 13480151.784202340990305, -253118.804990074539091 ], [ 13480893.606157038360834, -253142.868938970263116 ], [ 13481144.498025387525558, -253256.147798640304245 ], [ 13481831.305887734517455, -253669.435834058182081 ], [ 13482099.107186736539006, -254307.434687945875339 ], [ 13482556.084828391671181, -254979.894716962124221 ], [ 13483140.65687039680779, -255578.237237222027034 ], [ 13483803.764813151210546, -256326.227039414021419 ], [ 13484468.798583099618554, -256537.893897189205745 ], [ 13484634.275006165727973, -257041.66638849672745 ], [ 13485170.801555939018726, -257297.56399784880341 ], [ 13485312.700510853901505, -257574.128626070683822 ], [ 13485985.949659226462245, -258075.798756530100945 ], [ 13486072.867917632684112, -258838.205827317287913 ], [ 13486163.14802466891706, -259539.251036224653944 ], [ 13486404.766979435458779, -259841.622592480969615 ], [ 13486548.491573996841908, -260166.199164962978102 ], [ 13486456.764313586056232, -260998.572419593925588 ], [ 13486883.975123403593898, -261425.261388046521461 ], [ 13487054.650166686624289, -261890.311135764059145 ], [ 13487169.186790764331818, -262269.997137940954417 ], [ 13487709.754238056018949, -262373.934936329897027 ], [ 13488196.621162990108132, -262553.121680569078308 ], [ 13488641.097625827416778, -262866.696196075121406 ], [ 13488992.08798030205071, -263177.252019857638516 ], [ 13489103.952936597168446, -263633.560976495675277 ], [ 13489481.637704962864518, -264145.601038948865607 ], [ 13489697.753364386036992, -264344.844556110503618 ], [ 13489954.778936678543687, -264449.051146281417459 ], [ 13490514.704843422397971, -264472.715734055556823 ], [ 13491277.966932045295835, -264458.265182613977231 ], [ 13492006.374888103455305, -264130.793990335310809 ], [ 13492135.839455895125866, -263917.646181782532949 ], [ 13492273.730909140780568, -263754.76896603644127 ], [ 13492595.611216768622398, -263633.672391094383784 ], [ 13492837.686581449583173, -263702.359506539942231 ], [ 13493395.230251086875796, -263575.458274190896191 ], [ 13494537.568601708859205, -262975.558898840448819 ], [ 13494885.597857724875212, -262692.121625550789759 ], [ 13495227.960951657965779, -262665.995063377078623 ], [ 13495900.319544102996588, -262943.315654570003971 ], [ 13496140.992283198982477, -263171.503043646342121 ], [ 13496699.315189272165298, -263327.817337275715545 ], [ 13497590.316393580287695, -263519.461328092438634 ], [ 13499112.877596955746412, -263663.93259909626795 ], [ 13499449.93075117841363, -263534.825390669459011 ], [ 13499617.767147447913885, -263565.921188422886189 ], [ 13499712.154943693429232, -263675.931954206258524 ], [ 13499705.119551872834563, -263947.40507875935873 ], [ 13499946.749638590961695, -264049.438809564104304 ], [ 13500186.910308027639985, -264074.484880909905769 ], [ 13500315.439792098477483, -263964.473830945906229 ], [ 13500364.2311249114573, -263853.03675056778593 ], [ 13500514.813000107184052, -263814.030449012992904 ], [ 13500770.246703680604696, -263793.318452281469945 ], [ 13501094.230949688702822, -263880.467066222277936 ], [ 13502268.117244, -264541.826601385662798 ], [ 13503331.641395140439272, -264865.120587411161978 ], [ 13503409.854469373822212, -265036.856518938438967 ], [ 13504931.369269534945488, -265935.002696262148675 ], [ 13506596.252441888675094, -266301.506944718712475 ], [ 13508662.442378554493189, -266877.408951548452023 ], [ 13515307.459006374701858, -268414.201896351936739 ], [ 13517317.833350356668234, -268064.093268085445743 ], [ 13518881.515973631292582, -267807.141702560766134 ], [ 13519252.387989157810807, -268392.018558281182777 ], [ 13520884.398515881970525, -269450.594137258769479 ], [ 13522287.580697333440185, -269802.900929015886504 ], [ 13524586.51742534711957, -271275.50098437583074 ], [ 13526961.830455996096134, -273789.551641059748363 ], [ 13530595.242975743487477, -275605.24107351427665 ], [ 13531782.365157512947917, -277273.493309992423747 ], [ 13532196.996864868327975, -277444.786595624638721 ], [ 13534724.906653497368097, -277482.091632241732441 ], [ 13539753.742386186495423, -277543.308460198284592 ], [ 13540739.287234025076032, -279204.00575118616689 ], [ 13541913.429563168436289, -282201.144270313961897 ], [ 13543732.501362219452858, -282494.324014632613398 ], [ 13544045.921388549730182, -282514.871467669203412 ], [ 13545431.849048925563693, -283082.412445212365128 ], [ 13545681.494138978421688, -283141.39190713793505 ], [ 13545956.798371659591794, -283082.501588533516042 ], [ 13546096.8494230248034, -282926.456289484514855 ], [ 13546184.335410840809345, -282283.133361524436623 ], [ 13546413.709221618250012, -282006.95800707541639 ], [ 13546638.374217938631773, -281913.246820694766939 ], [ 13546901.377646885812283, -281907.352266533591319 ], [ 13547389.168523592874408, -282053.200767123023979 ], [ 13548044.662213182076812, -282641.109110855672043 ], [ 13549886.265077173709869, -285275.700344306009356 ], [ 13551137.273514706641436, -287372.889104041329119 ], [ 13553975.230349091812968, -290249.659864045737777 ], [ 13554089.288299357518554, -290343.465689482924063 ], [ 13554143.400703832507133, -290483.483648558030836 ], [ 13554248.341587802395225, -290622.342822776001412 ], [ 13554523.890723364427686, -290803.213204696192406 ], [ 13554799.21721994318068, -291033.627990054781549 ], [ 13555346.519496427848935, -291559.815792202949524 ], [ 13555701.773387394845486, -291897.232715967693366 ], [ 13555927.328939642757177, -292222.013573646079749 ], [ 13556477.436467295512557, -292954.55347819434246 ], [ 13556463.265496116131544, -293415.501979677006602 ], [ 13556446.244745975360274, -293565.262654183898121 ], [ 13556412.036266455426812, -293719.826448712788988 ], [ 13556372.651430608704686, -294032.26425759884296 ], [ 13556329.615315470844507, -294154.533866316021886 ], [ 13556311.470238469541073, -294244.096534680575132 ], [ 13556286.022602874785662, -294278.720316625316627 ], [ 13556298.857740165665746, -294398.571936434484087 ], [ 13556312.27173880673945, -294431.446178523532581 ], [ 13556312.115891519933939, -294533.947001158958301 ], [ 13556407.104813011363149, -294788.873273278586566 ], [ 13556424.693292558193207, -294809.210784651630092 ], [ 13556469.866741919890046, -294820.766949982731603 ], [ 13556509.307237509638071, -294834.629892118740827 ], [ 13556593.353453056886792, -294876.129576093750075 ], [ 13556654.078235285356641, -294927.569588367943652 ], [ 13556689.444437509402633, -294967.275139547360595 ], [ 13556718.821651130914688, -294990.443216927233152 ], [ 13556740.272917008027434, -295023.005571796558797 ], [ 13556813.61019754037261, -295096.153887757274788 ], [ 13556864.973010594025254, -295154.046282926923595 ], [ 13556901.686178656294942, -295183.722413297567982 ], [ 13557137.438596257939935, -295282.958637281495612 ], [ 13557286.128040110692382, -295319.733449260238558 ], [ 13557327.026821030303836, -295351.214924884727225 ], [ 13557393.718327963724732, -295465.395232743350789 ], [ 13557452.528414949774742, -295601.818871239142027 ], [ 13557576.315688710659742, -295815.224850296101067 ], [ 13557579.087544031441212, -295898.135669787938241 ], [ 13557652.458220414817333, -296121.928268337855116 ], [ 13557622.134791122749448, -296644.023263570212293 ], [ 13557563.45828752592206, -296808.553248309937771 ], [ 13557552.215018954128027, -296995.193163782823831 ], [ 13557515.691094025969505, -297186.7589969066903 ], [ 13557457.604583729058504, -297283.288664808671456 ], [ 13557380.449044661596417, -297674.835181521659251 ], [ 13557227.451536513864994, -298184.766718990751542 ], [ 13557100.135434893891215, -298338.120994221884757 ], [ 13557062.197752431035042, -298437.225770845543593 ], [ 13556892.635904055088758, -298693.374006242258474 ], [ 13556641.666112063452601, -298840.666424658207688 ], [ 13556490.750278394669294, -298974.630560963531025 ], [ 13556297.922656442970037, -299128.308906434627715 ], [ 13556172.699361249804497, -299284.138257282669656 ], [ 13555935.566581958904862, -299442.452947575889993 ], [ 13555856.897097818553448, -299504.492831781273708 ], [ 13555790.62860494852066, -299537.100836879806593 ], [ 13555751.466408086940646, -299568.917609477590304 ], [ 13555705.09070822224021, -299588.163695852155797 ], [ 13555681.190413549542427, -299609.036842986417469 ], [ 13555496.477982476353645, -299682.945417507609818 ], [ 13555353.009422741830349, -299816.854662199039012 ], [ 13555153.313388206064701, -299959.278254788194317 ], [ 13555053.804895386099815, -300009.003960574045777 ], [ 13554808.768432252109051, -300185.11691049154615 ], [ 13554514.784789018332958, -300461.829676911293063 ], [ 13554261.766718393191695, -300772.566639965865761 ], [ 13554007.891487689688802, -301246.858960302663036 ], [ 13553968.707026932388544, -301370.795532226155046 ], [ 13553890.649799985811114, -301752.011811773234513 ], [ 13553870.033430291339755, -301960.902786363032646 ], [ 13553887.744361275807023, -302139.135722384031396 ], [ 13553868.641936657950282, -302303.059413028531708 ], [ 13553819.371930029243231, -302444.404611530771945 ], [ 13553770.591729164123535, -302911.046535562258214 ], [ 13553777.092787429690361, -303182.370940082881134 ], [ 13553951.05175568908453, -303654.01933808659669 ], [ 13553992.618453552946448, -303894.318710797931999 ], [ 13553985.171179620549083, -304043.255056300957222 ], [ 13553943.125807948410511, -304220.710632468922995 ], [ 13553904.742847520858049, -304489.463276719092391 ], [ 13553800.625727780163288, -304739.18138475343585 ], [ 13553680.189170692116022, -304835.850179179979023 ], [ 13553569.860423369333148, -304921.363225702836644 ], [ 13553473.168313665315509, -305022.211407383845653 ], [ 13553145.365809125825763, -305181.179234070063103 ], [ 13553019.318749701604247, -305310.346305086102802 ], [ 13552607.859647829085588, -305853.718660831800662 ], [ 13552574.586252031847835, -305938.429937709297519 ], [ 13552373.565515557304025, -306201.502205067721661 ], [ 13552201.432186944410205, -306949.709104915789794 ], [ 13551327.340413285419345, -307450.904769320040941 ], [ 13550266.1984992492944, -308016.007357442867942 ], [ 13550051.674708539620042, -308291.610677236167248 ], [ 13549987.565813792869449, -308575.205522311676759 ], [ 13550018.334521047770977, -308833.590981411805842 ], [ 13550102.091305920854211, -308997.444893714215141 ], [ 13550155.580321248620749, -309182.095635751262307 ], [ 13550154.600709727033973, -309512.646521405316889 ], [ 13550135.97695891931653, -309868.397281593759544 ], [ 13550270.139209222048521, -311191.782971644599456 ], [ 13550293.382718900218606, -311590.035064027062617 ], [ 13550345.313261354342103, -312410.304681146866642 ], [ 13550239.582008998841047, -312719.397806079068687 ], [ 13549772.552217323333025, -313413.408334128151182 ], [ 13549319.281514711678028, -313715.036413394671399 ], [ 13548913.778005601838231, -313863.783238570613321 ], [ 13548662.863873353227973, -313866.391269246058073 ], [ 13548161.046740805730224, -313532.418878617405426 ], [ 13547921.776627292856574, -313428.198269432235975 ], [ 13547428.909581808373332, -313439.510843540600035 ], [ 13547126.320941932499409, -313615.017476656648796 ], [ 13546174.171941330656409, -314094.895083572191652 ], [ 13545607.333094211295247, -314595.204154203063808 ], [ 13545317.579591626301408, -314928.29878809209913 ], [ 13544956.358975950628519, -315443.78019703598693 ], [ 13544986.682405242696404, -315608.600935583352111 ], [ 13544944.514582129195333, -316161.578950350405648 ], [ 13544878.468728242442012, -316255.926728283811826 ], [ 13544333.99396682344377, -316387.300412095908541 ], [ 13544224.288608647882938, -316566.455679900187533 ], [ 13544218.232828348875046, -316935.957242016680539 ], [ 13544472.72031625173986, -317844.37921349942917 ], [ 13544395.809680061414838, -318542.340649645368103 ], [ 13544524.55067116394639, -319495.658631203172263 ], [ 13544648.527188060805202, -319665.489102547289804 ], [ 13545552.953522957861423, -320023.998549482261296 ], [ 13545745.569637877866626, -320186.651715116226114 ], [ 13546274.114580165594816, -320507.165887561917771 ], [ 13546499.959563087671995, -320756.457724298757967 ], [ 13546612.459040481597185, -320997.06727738911286 ], [ 13546608.139844238758087, -321268.094918718910776 ], [ 13546513.507145117968321, -321700.262376212631352 ], [ 13546301.755209729075432, -322221.355324943200685 ], [ 13545657.515920661389828, -323267.582615306484513 ], [ 13545755.710843490436673, -323413.063557266141288 ], [ 13545801.418626410886645, -323552.926944371080026 ], [ 13545910.456067642197013, -323755.220860830857418 ], [ 13545982.056764118373394, -324127.529904680384789 ], [ 13546067.115987036377192, -324241.902412240277044 ], [ 13546173.403836844488978, -324413.444649386627134 ], [ 13546286.805002117529511, -324577.842299923824612 ], [ 13546322.850253235548735, -324716.636931309651118 ], [ 13546492.901907369494438, -324918.386549020651728 ], [ 13547033.358035173267126, -325322.14312704274198 ], [ 13547093.62640748731792, -325181.118540896917693 ], [ 13547574.604531357064843, -325050.66090836020885 ], [ 13547841.19244791008532, -325164.655279536964372 ], [ 13547916.333104195073247, -325024.411119192081969 ], [ 13548075.564503824338317, -324939.542411723756231 ], [ 13548364.772540904581547, -325166.795391927182209 ], [ 13548605.333960512652993, -325150.934038987616077 ], [ 13548653.223605450242758, -325352.673209729895461 ], [ 13548906.163752431049943, -325512.000457997375634 ], [ 13548931.756103362888098, -325396.735076407436281 ], [ 13549052.760389855131507, -325364.845117719029076 ], [ 13549129.28140782751143, -325249.646750236861408 ], [ 13549288.446015762165189, -325249.825093055726029 ], [ 13549364.722130853682756, -325358.803749319980852 ], [ 13549517.663979254662991, -325230.876169973227661 ], [ 13549708.699357407167554, -325192.666232621122617 ], [ 13549889.003536643460393, -324856.100499796797521 ], [ 13550034.075097046792507, -324770.908661187975667 ], [ 13550045.496476801112294, -325039.358450693660416 ], [ 13550188.709001706913114, -324959.672809161129408 ], [ 13550393.36988553032279, -324907.295884805032983 ], [ 13550632.050005741417408, -324765.736739315965679 ], [ 13550671.835591750219464, -324853.425365949282423 ], [ 13550628.721552968025208, -325000.69156920950627 ], [ 13550631.393220745027065, -325101.0872703747591 ], [ 13550742.234037728980184, -325040.852069301123265 ], [ 13550889.888210315257311, -325082.807154478039593 ], [ 13550986.791827050969005, -325101.488541241385974 ], [ 13551180.543400775641203, -325061.47292503103381 ], [ 13551366.702985228970647, -325042.958740352478344 ], [ 13551450.359582560136914, -325132.007423702802043 ], [ 13551510.739274369552732, -325239.748724188830238 ], [ 13551585.167485911399126, -325253.882392253319267 ], [ 13551566.476943409070373, -325328.76410819782177 ], [ 13551497.024713100865483, -325386.536084890831262 ], [ 13551643.665878323838115, -325645.390090776141733 ], [ 13551706.694974010810256, -325756.642971802153625 ], [ 13551841.63646075129509, -325854.921448327309918 ], [ 13551999.186936073005199, -325862.645959285553545 ], [ 13552201.721617620438337, -325900.622025155229494 ], [ 13552434.357089478522539, -325855.590237135998905 ], [ 13552626.984336350113153, -325777.709804426995106 ], [ 13552781.907671684399247, -325741.92963048745878 ], [ 13552948.775588383898139, -325682.184565367875621 ], [ 13553210.932989202439785, -325640.519087226537522 ], [ 13553318.790443830192089, -325573.216773851832841 ], [ 13553367.025179194286466, -325606.901365385216195 ], [ 13553438.247389402240515, -325628.581228071008809 ], [ 13553537.789278069511056, -325666.724419771693647 ], [ 13553709.410537024959922, -325741.238549347093794 ], [ 13553922.231139523908496, -325815.808455726422835 ], [ 13553977.133912382647395, -325848.712859057704918 ], [ 13554240.493563704192638, -326022.720672663010191 ], [ 13554376.047307640314102, -326104.112406315165572 ], [ 13554626.50502997636795, -326304.894514665997121 ], [ 13554843.533509228378534, -326466.753240690333769 ], [ 13554927.568592827767134, -326549.817245276120957 ], [ 13554975.580689206719398, -326603.454417735920288 ], [ 13555059.571245009079576, -326738.372295222710818 ], [ 13555081.0113789383322, -326756.54118776798714 ], [ 13555207.826542848721147, -326979.6620922323782 ], [ 13555245.55271827802062, -327022.921979141887277 ], [ 13555269.542068544775248, -327069.61503034690395 ], [ 13555284.948686070740223, -327107.658343309361953 ], [ 13555300.344171646982431, -327166.445483832852915 ], [ 13555313.079121392220259, -327295.233336224744562 ], [ 13555323.320514548569918, -327352.292840189067647 ], [ 13555357.540126016363502, -327461.228746493114159 ], [ 13555417.53019960410893, -327558.0929447124945 ], [ 13555497.168163318186998, -327738.813427957880776 ], [ 13555528.025926165282726, -327778.595823382260278 ], [ 13555570.917325969785452, -327813.217330021201633 ], [ 13555618.962818197906017, -327837.472454393748194 ], [ 13555656.733521422371268, -327840.972504901175853 ], [ 13555697.955128863453865, -327834.106163871474564 ], [ 13555763.221746314316988, -327811.701384905085433 ], [ 13555928.052516330033541, -327815.34634120791452 ], [ 13555991.560285830870271, -327829.246221424080431 ], [ 13556119.388457106426358, -327918.408360945584718 ], [ 13556248.006996769458055, -328056.827721281035338 ], [ 13556362.966634912416339, -328136.470755454152822 ], [ 13556433.353948943316936, -328141.731990582193248 ], [ 13556465.992823641747236, -328127.943542214110494 ], [ 13556613.780579617246985, -328015.752222583338153 ], [ 13556660.189675329253078, -327969.125696028408129 ], [ 13556708.301959250122309, -327932.87673266598722 ], [ 13556754.688791064545512, -327907.00532340479549 ], [ 13556839.703486181795597, -327888.947729441337287 ], [ 13556872.320096986368299, -327895.892100142489653 ], [ 13556920.354457262903452, -327930.524786146706901 ], [ 13556966.607705688104033, -328027.367056928924285 ], [ 13557000.905240800231695, -328065.432956380303949 ], [ 13557038.66481207869947, -328087.949247934739105 ], [ 13557074.710063198581338, -328098.360247489996254 ], [ 13557109.052126107737422, -328091.482745544577483 ], [ 13557153.713505813851953, -328074.249978972773533 ], [ 13557200.111469576135278, -328044.911923922598362 ], [ 13557246.52056528814137, -327993.10218406812055 ], [ 13557279.170571938157082, -327968.947349319350906 ], [ 13557315.238086953759193, -327958.614387297246139 ], [ 13557484.332393469288945, -327994.227997892652638 ], [ 13557621.711777059361339, -327975.367831008974463 ], [ 13557700.692955775186419, -327972.001536748313811 ], [ 13557741.903431268408895, -327975.501591047737747 ], [ 13557800.257108341902494, -327992.845810624246951 ], [ 13557856.885333307087421, -328024.023054606630467 ], [ 13557949.51428159698844, -328110.554717030550819 ], [ 13557983.845212556421757, -328120.965718482329976 ], [ 13558052.518206426873803, -328127.954688897647429 ], [ 13558107.443243185058236, -328140.104574607743416 ], [ 13558244.755835078656673, -328193.842753103584982 ], [ 13558359.715473219752312, -328268.302661384979729 ], [ 13558447.19032908603549, -328347.912391209974885 ], [ 13558569.029511759057641, -328422.372391993238125 ], [ 13558735.407622696831822, -328574.658838257601019 ], [ 13558958.525278095155954, -328669.974509674240835 ], [ 13559073.462652338668704, -328763.439895451418124 ], [ 13559189.223790813237429, -328892.352019123442005 ], [ 13559268.149309786036611, -328951.20688545529265 ], [ 13559410.582598257809877, -329030.872787926462479 ], [ 13559575.335444631054997, -329108.833285582310054 ], [ 13559697.18575925566256, -329159.094089998281561 ], [ 13559786.397199178114533, -329230.065635470440611 ], [ 13559829.310862876474857, -329247.398883877380285 ], [ 13559934.886267945170403, -329263.929566132603213 ], [ 13560022.394519656896591, -329319.340250822308008 ], [ 13560082.473648838698864, -329334.968052522744983 ], [ 13560125.398444490507245, -329338.468145328282844 ], [ 13560267.865128803998232, -329390.479090225126129 ], [ 13560434.387955084443092, -329418.312646022357512 ], [ 13560494.467084266245365, -329437.395968636847101 ], [ 13560570.832254948094487, -329472.909683169040363 ], [ 13560663.472335187718272, -329554.259090327075683 ], [ 13560740.683534001931548, -329602.736585202859715 ], [ 13560787.036969965323806, -329611.43110227631405 ], [ 13560876.326333533972502, -329611.531423630716745 ], [ 13560914.085904808714986, -329618.487037735874765 ], [ 13560941.548423189669847, -329634.070289989002049 ], [ 13560956.955040715634823, -329675.569904827862047 ], [ 13560943.195951653644443, -329699.758512979373336 ], [ 13560915.711169376969337, -329713.558283254620619 ], [ 13560896.797987889498472, -329737.735752018343192 ], [ 13560893.324819777160883, -329770.574313300836366 ], [ 13560901.863024720922112, -329813.801733491418418 ], [ 13560920.709414513781667, -329850.129275469866116 ], [ 13560972.172415105625987, -329896.856832145422231 ], [ 13561057.120318531990051, -329939.292870437493548 ], [ 13561175.575388683006167, -329960.159769322897773 ], [ 13561230.5004254411906, -329986.154223084042314 ], [ 13561257.951811868697405, -330008.648570423945785 ], [ 13561278.51252182200551, -330044.976169758010656 ], [ 13561262.961188955232501, -330136.569921981892549 ], [ 13561283.521898906677961, -330183.264146535948385 ], [ 13561319.533754177391529, -330228.252917210920714 ], [ 13561364.128342188894749, -330273.24170430097729 ], [ 13561503.93449067696929, -330402.177697209175676 ], [ 13561524.495200626552105, -330445.416485645459034 ], [ 13561536.462045887485147, -330490.371911314781755 ], [ 13561543.19687508046627, -330616.565992032701615 ], [ 13561562.032132921740413, -330666.715941294620279 ], [ 13561586.02148318849504, -330713.410366737807635 ], [ 13561615.176057826727629, -330746.282628644490615 ], [ 13561649.495856836438179, -330767.07163570355624 ], [ 13561685.552239906042814, -330770.560622218996286 ], [ 13561769.754302741959691, -330710.15546708763577 ], [ 13561816.107738707214594, -330713.655598906683736 ], [ 13561850.438669668510556, -330725.794591878424399 ], [ 13561907.912922766059637, -330773.391940422356129 ], [ 13561925.033860450610518, -330821.81417993438663 ], [ 13561950.759794771671295, -330851.230922678252682 ], [ 13561983.354141674935818, -330878.919898020743858 ], [ 13562058.884416177868843, -330899.742368284380063 ], [ 13562130.986050367355347, -330910.187045541300904 ], [ 13562304.410685071721673, -330919.015418044291437 ], [ 13562349.027536980807781, -330936.348903778649401 ], [ 13562388.490296468138695, -330967.515743435011245 ], [ 13562448.502633957192302, -331052.277102667547297 ], [ 13562484.525621177628636, -331083.432824746472761 ], [ 13562518.856552137061954, -331097.299631673435215 ], [ 13562542.90156214684248, -331085.216336803801823 ], [ 13562582.431113330647349, -331052.422012984578032 ], [ 13562629.741896914318204, -330965.174886105116457 ], [ 13562665.842807779088616, -330923.730571799678728 ], [ 13562689.898949740454555, -330911.64729397976771 ], [ 13562725.955332808196545, -330915.147431528836023 ], [ 13562770.58331666700542, -330932.480916718195658 ], [ 13562834.079954216256738, -330965.386677956848871 ], [ 13562895.873403556644917, -330984.470239997492172 ], [ 13562945.666611788794398, -330989.709302524162922 ], [ 13563028.09869471937418, -330979.420675688190386 ], [ 13563089.925539907068014, -330963.937575820134953 ], [ 13563244.448125075548887, -330974.471434049773961 ], [ 13563372.387615844607353, -330965.096857528202236 ], [ 13563532.119953185319901, -330923.77515954291448 ], [ 13563592.254742110148072, -330890.992025694111362 ], [ 13563652.389531038701534, -330851.297804253583308 ], [ 13563870.687052484601736, -330626.810000902332831 ], [ 13563923.94229687936604, -330602.665798552625347 ], [ 13564160.084332698956132, -330567.475019024801441 ], [ 13564245.945055946707726, -330564.108654199400917 ], [ 13564371.279670631513, -330574.609037502028514 ], [ 13564419.358558705076575, -330571.198084866045974 ], [ 13564465.734258571639657, -330555.692742538289167 ], [ 13564505.252677803859115, -330531.537407229014207 ], [ 13564548.222001247107983, -330491.821007877413649 ], [ 13564589.499268431216478, -330422.721414597588591 ], [ 13564637.711739897727966, -330298.311033070611302 ], [ 13564667.812530206516385, -330247.347511906758882 ], [ 13564690.165483957156539, -330221.442178078636061 ], [ 13564727.958451081067324, -330205.914586013415828 ], [ 13564755.42096946015954, -330209.403556637291331 ], [ 13564856.677178287878633, -330259.642515193729196 ], [ 13564916.756307469680905, -330280.442587009514682 ], [ 13564982.000661019235849, -330287.431679452420212 ], [ 13565024.947720568627119, -330261.548630953591783 ], [ 13565069.642496122047305, -330218.376788248191588 ], [ 13565100.567050665616989, -330199.393666741263587 ], [ 13565146.942750530317426, -330189.071665316354483 ], [ 13565186.427773913368583, -330194.299547139555216 ], [ 13565316.025925096124411, -330235.052509845874738 ], [ 13565370.96209380030632, -330242.030452841485385 ], [ 13565407.018476869910955, -330252.430486825061962 ], [ 13565455.063969098031521, -330280.141621315153316 ], [ 13565597.419333923608065, -330437.59136735618813 ], [ 13565712.401235962286592, -330501.674864956235979 ], [ 13565844.593131279572845, -330520.825236510601826 ], [ 13565921.871121788397431, -330519.175495421281084 ], [ 13565987.115475343540311, -330524.425685045600403 ], [ 13566018.874926067888737, -330532.239661949744914 ], [ 13566049.76608476229012, -330547.834176539443433 ], [ 13566175.000511903315783, -330656.862071012088563 ], [ 13566353.43452369607985, -330802.251325351884589 ], [ 13566567.902654659003019, -330964.963094253616873 ], [ 13566680.268548667430878, -331066.210787773830816 ], [ 13566742.017470208927989, -331135.422211829805747 ], [ 13566751.63547421246767, -331203.563566565746441 ], [ 13566729.683270627632737, -331244.562096577894408 ], [ 13566659.462935836985707, -331327.573572112596594 ], [ 13566455.636948192492127, -331519.702938862203155 ], [ 13566409.16106078773737, -331610.138500785804354 ], [ 13566437.380551705136895, -331667.066233052988537 ], [ 13566560.600096063688397, -331755.963615954387933 ], [ 13566700.818126663565636, -331820.98415007366566 ], [ 13566794.081596052274108, -331885.380485353583936 ], [ 13566842.672553785145283, -331942.341786380275153 ], [ 13566870.892044700682163, -332003.828809504339006 ], [ 13566939.798809502273798, -332106.325828290195204 ], [ 13566964.623055947944522, -332169.518432108568959 ], [ 13566964.567396203055978, -332225.287130346579943 ], [ 13566933.932272335514426, -332309.469710711331572 ], [ 13566903.263752624392509, -332427.806973917584401 ], [ 13566908.640484027564526, -332707.219808930531144 ], [ 13566950.385293075814843, -332813.674639391188975 ], [ 13567018.156599069014192, -332927.553542772831861 ], [ 13567056.450503904372454, -333084.661123280646279 ], [ 13567125.323872856795788, -333220.165737607516348 ], [ 13567197.214000012725592, -333347.232104688242543 ], [ 13567269.64959267154336, -333650.323657059052493 ], [ 13567336.597134431824088, -333710.094871452602092 ], [ 13567571.314280770719051, -333818.18921399168903 ], [ 13567613.4041802380234, -333850.337740658083931 ], [ 13567636.324863392859697, -333896.587491008045617 ], [ 13567663.008145337924361, -334019.229116878472269 ], [ 13567705.042385062202811, -334104.014883100055158 ], [ 13567777.711748650297523, -334173.428674877737649 ], [ 13568020.72219705209136, -334303.996269279567059 ], [ 13568106.159906236454844, -334368.282440131239127 ], [ 13568166.027528384700418, -334485.194848929531872 ], [ 13568179.964728632941842, -334590.491914283367805 ], [ 13568173.530462063848972, -334645.057812381361146 ], [ 13568155.630287943407893, -334678.421610546240117 ], [ 13568103.26559947617352, -334707.89501687057782 ], [ 13568039.446135403588414, -334710.403155030333437 ], [ 13567992.213275458663702, -334723.189086808939464 ], [ 13567966.643188426271081, -334766.819556369737256 ], [ 13567961.455700153484941, -334851.561254029220436 ], [ 13568003.389752337709069, -335023.017900292528793 ], [ 13568087.469363732263446, -335184.888089128187858 ], [ 13568212.425492148846388, -335300.57507616491057 ], [ 13568437.669349821284413, -335320.071766561595723 ], [ 13568755.508759932592511, -335289.572657065407839 ], [ 13568932.907500460743904, -335297.46496975311311 ], [ 13569033.740695221349597, -335284.723566897329874 ], [ 13569093.11851161159575, -335261.670883412996773 ], [ 13569204.193099522963166, -335228.407251126191113 ], [ 13569303.746120138093829, -335228.507577081269119 ], [ 13569354.786106668412685, -335236.266117851948366 ], [ 13569472.773634960874915, -335305.078599569096696 ], [ 13569605.410808239132166, -335400.221144189883489 ], [ 13569692.162087414413691, -335440.117495281854644 ], [ 13569837.545342389494181, -335553.263127826387063 ], [ 13570026.944324027746916, -335690.197352693183348 ], [ 13570069.03422349691391, -335715.925487085827626 ], [ 13570143.039420975372195, -335741.675921687157825 ], [ 13570219.616098694503307, -335743.035901502182242 ], [ 13570312.823908334597945, -335707.174799515807535 ], [ 13570420.057973815128207, -335682.89582507929299 ], [ 13570548.965944152325392, -335679.172603533894289 ], [ 13570638.29983551427722, -335686.964615222066641 ], [ 13570809.909962521865964, -335748.765652693226002 ], [ 13570860.949949050322175, -335755.242278392601293 ], [ 13570965.612534293904901, -335759.199597191589419 ], [ 13571023.654516793787479, -335786.042484172037803 ], [ 13571093.485233370214701, -335846.015400971285999 ], [ 13571114.101603062823415, -335937.167602888541296 ], [ 13571088.030578318983316, -336116.819128787727095 ], [ 13571131.97951328381896, -336174.150271832710132 ], [ 13571257.514503052458167, -336174.2840408157208 ], [ 13571348.139700507745147, -336143.12701917468803 ], [ 13571389.58394692838192, -336117.120108857343439 ], [ 13571394.827094946056604, -335935.584673029836267 ], [ 13571417.658722506836057, -335851.689420100417919 ], [ 13571451.811542281880975, -335814.84731634525815 ], [ 13571501.771729750558734, -335779.29831973311957 ], [ 13571549.817221978679299, -335766.63489793217741 ], [ 13571578.237087978050113, -335781.282553198630922 ], [ 13571596.538012266159058, -335802.908470601018053 ], [ 13571678.324442150071263, -335920.769788242003415 ], [ 13571727.594448775053024, -336033.258172465488315 ], [ 13571826.023142535239458, -336378.49371312209405 ], [ 13571875.270885260775685, -336511.895130019867793 ], [ 13571945.335372764617205, -336623.090958420652896 ], [ 13572056.977690083906054, -336740.875042122846935 ], [ 13572127.131233179941773, -336764.474233014218044 ], [ 13572190.817113863304257, -336759.312954688386526 ], [ 13572248.079859927296638, -336675.695817517291289 ], [ 13572344.315559718757868, -336597.351483888400253 ], [ 13572398.917769951745868, -336581.711606628785376 ], [ 13572487.260917844250798, -336605.333061373210512 ], [ 13572531.365700097754598, -336678.594157526444178 ], [ 13572531.243248658254743, -336811.940167991095223 ], [ 13572601.307736163958907, -336924.451675440534018 ], [ 13572736.293750699609518, -337091.920449286524672 ], [ 13572858.366704303771257, -337180.944415721111 ], [ 13572967.493201127275825, -337207.20794753060909 ], [ 13573139.069932287558913, -337178.614586562209297 ], [ 13573258.081599894911051, -337191.233566084818449 ], [ 13573289.206529520452023, -337226.303634474228602 ], [ 13573321.967855662107468, -337447.570807551499456 ], [ 13573338.443140299990773, -337467.870466245221905 ], [ 13573450.230172954499722, -337469.82128480594838 ], [ 13573496.03814341314137, -337482.774720848712604 ], [ 13573627.996267799288034, -337464.470468257786706 ], [ 13573662.850400367751718, -337436.846881602541544 ], [ 13573677.600232899188995, -337346.518466236069798 ], [ 13573721.604827607050538, -337322.595883534871973 ], [ 13573859.051002889871597, -337320.890312815026846 ], [ 13573931.464331652969122, -337291.460861052561086 ], [ 13574008.519683180376887, -337199.360100415244233 ], [ 13574039.700272550806403, -337179.10507690772647 ], [ 13574039.733668396249413, -337140.389788263652008 ], [ 13574048.950922233983874, -337086.937516966136172 ], [ 13574076.446836462244391, -337085.120474582770839 ], [ 13574131.371873216703534, -337138.639630100922659 ], [ 13574145.954726511612535, -337219.77119248296367 ], [ 13574281.530734350904822, -337251.2517694272683 ], [ 13574437.288965869694948, -337267.995337420608848 ], [ 13574501.342200871556997, -337357.476482169528026 ], [ 13574473.779494948685169, -337433.034425829653628 ], [ 13574369.194833349436522, -337560.149792475975119 ], [ 13574304.874431569129229, -337749.98145279509481 ], [ 13574357.884773084893823, -337891.990311143745203 ], [ 13574449.489582058042288, -337990.824740550771821 ], [ 13574648.718074731528759, -338004.35790694510797 ], [ 13574727.710385398939252, -338085.333985406032298 ], [ 13574661.475288374349475, -338285.032107653969433 ], [ 13574671.839132968336344, -338443.372866104706191 ], [ 13574673.453265586867929, -338674.808927183505148 ], [ 13574753.892729634419084, -338858.711788029759191 ], [ 13574939.495716633275151, -339005.994805891124997 ], [ 13575097.446942120790482, -339058.645295767870266 ], [ 13575321.633264627307653, -339204.746903087769169 ], [ 13575388.847973169758916, -339353.055934626667295 ], [ 13575640.975487865507603, -339633.209341643960215 ], [ 13575707.410959970206022, -339786.390469411737286 ], [ 13575820.600618209689856, -339756.135481132310815 ], [ 13575992.299800811335444, -339697.487200254166964 ], [ 13576121.541729623451829, -339638.794357127975672 ], [ 13576227.228454180061817, -339568.686267451848835 ], [ 13576319.701555183157325, -339519.446757514786441 ], [ 13576410.326752634719014, -339413.275874831131659 ], [ 13576453.774749893695116, -339341.217068041441962 ], [ 13576523.661126215010881, -339246.41699581220746 ], [ 13576587.725493166595697, -339199.563224827928934 ], [ 13576697.720282018184662, -339041.533605334116146 ], [ 13576779.295204872265458, -338893.002005249145441 ], [ 13576976.24164798296988, -338906.524125457974151 ], [ 13577180.190087063238025, -338969.084853109205142 ], [ 13577445.48669752292335, -338911.875006092886906 ], [ 13577652.841513024643064, -338897.383038258063607 ], [ 13577779.634413035586476, -338848.701186798629351 ], [ 13577972.873917106539011, -338873.025388566078618 ], [ 13578219.012443197891116, -338839.838795536139514 ], [ 13578437.799770403653383, -338747.368978516373318 ], [ 13578484.275657810270786, -338696.167819294088986 ], [ 13578613.940600687637925, -338741.906628681404982 ], [ 13578717.345275683328509, -338935.820199853216764 ], [ 13578746.978524133563042, -339010.531910504214466 ], [ 13578969.272415298968554, -339443.887503561214544 ], [ 13579163.34681554697454, -339330.314610016008373 ], [ 13579568.171275766566396, -339354.839568111696281 ], [ 13579840.369694653898478, -339340.158035776752513 ], [ 13580211.542272806167603, -339340.514762433303986 ], [ 13580444.188876613974571, -339290.940915047249291 ], [ 13581271.994006, -338917.727532060118392 ], [ 13581477.968459816649556, -338995.750091191206593 ], [ 13581694.139778986573219, -339077.819310095044784 ], [ 13582241.442055471241474, -339512.590907044010237 ], [ 13582638.552074978128076, -339493.539448200259358 ], [ 13583126.231632193550467, -339330.370348551485222 ], [ 13583452.208497082814574, -339327.839819068438374 ], [ 13583657.225603278726339, -339299.959407459769864 ], [ 13583916.867183605208993, -339365.507926447899081 ], [ 13584346.89437653683126, -339488.378052908112295 ], [ 13584671.301636608317494, -339733.605887231125962 ], [ 13585037.242198692634702, -339819.354369168635458 ], [ 13585280.976223787292838, -339942.403325004677754 ], [ 13585289.43650508671999, -341272.294371307943948 ], [ 13585139.600470477715135, -341641.635620842745993 ], [ 13584988.038983762264252, -341864.382469252275769 ], [ 13584902.044677127152681, -342128.655908229877241 ], [ 13585908.751360166817904, -342231.640882302599493 ], [ 13588542.359005300328135, -343235.50937148090452 ], [ 13588524.23619220033288, -343415.194131501484662 ], [ 13588374.244310306385159, -343569.528374046261888 ], [ 13588361.353513270616531, -343787.630069039470982 ], [ 13588383.572883635759354, -344082.988831703609321 ], [ 13588810.316151589155197, -344013.3017559449072 ], [ 13589090.562969662249088, -344081.171682990388945 ], [ 13589531.655319979414344, -344222.597217797185294 ], [ 13589874.029545865952969, -344386.475354676833376 ], [ 13590124.041990237310529, -344408.693680104683153 ], [ 13590440.935184678062797, -344368.805490219732746 ], [ 13590990.886865045875311, -344225.250481062219478 ], [ 13591685.676334884017706, -344078.161682115984149 ], [ 13593402.623633081093431, -343859.557786209043115 ], [ 13594063.137831700965762, -343583.017579888168257 ], [ 13595056.530703645199537, -343325.85338108293945 ], [ 13595547.449658043682575, -342107.463622716313694 ], [ 13596286.844847839325666, -341088.432395981915761 ], [ 13597037.705945190042257, -339708.010668422677554 ], [ 13597315.837692938745022, -339029.895427696174011 ], [ 13597741.946439797058702, -338498.063125794171356 ], [ 13598452.932895543053746, -338844.621142438147217 ], [ 13598544.437516974285245, -338878.443153699859977 ], [ 13598928.100141994655132, -339058.366603721689899 ], [ 13599674.85355013422668, -339523.749779311241582 ], [ 13600068.290026444941759, -339834.214324239466805 ], [ 13600403.851499492302537, -340093.54480468435213 ], [ 13601294.507613381370902, -340803.894479734648485 ], [ 13601701.870157988741994, -341033.072082240658347 ], [ 13601801.022428436204791, -341175.686812912696041 ], [ 13602137.518985209986567, -341542.118157893186435 ], [ 13602637.37689471617341, -342515.334958891384304 ], [ 13602716.83674724586308, -343120.6954338712967 ], [ 13602483.600150138139725, -343214.216555939696264 ], [ 13602441.499118717387319, -343381.682981142716017 ], [ 13602463.07283603399992, -343496.998835730541032 ], [ 13602977.057188922539353, -344176.454972466395702 ], [ 13603522.400242371484637, -344778.836211619258393 ], [ 13603628.654696332290769, -344690.93255079339724 ], [ 13603829.07430755905807, -344867.15242221869994 ], [ 13604182.279919896274805, -344762.25881363399094 ], [ 13604319.39213670603931, -344785.71466190344654 ], [ 13604751.022330308333039, -345110.362363610009197 ], [ 13605005.899436429142952, -345167.474855135777034 ], [ 13605175.027138790115714, -345152.279785883729346 ], [ 13605866.432496108114719, -345456.371063663973473 ], [ 13606046.658751701936126, -345469.057808503275737 ], [ 13606193.344444720074534, -345422.647517456498463 ], [ 13606383.032857030630112, -345285.479182972456329 ], [ 13606499.662287535145879, -345111.466040229017381 ], [ 13606855.149949433282018, -345032.993543520686217 ], [ 13607196.310792868956923, -344992.737250997219235 ], [ 13608140.544977676123381, -344430.443785960203968 ], [ 13608662.689049240201712, -344528.837702838121913 ], [ 13609640.107574252411723, -345031.365900299977511 ], [ 13610018.437995661050081, -345305.490320657962002 ], [ 13610444.836173199117184, -345374.13022096012719 ], [ 13610218.467988669872284, -345859.660831040760968 ], [ 13609695.63373626023531, -346570.970358399907127 ], [ 13609625.446797316893935, -346875.121044108644128 ], [ 13609509.206985030323267, -347062.648695932643022 ], [ 13609193.560568884015083, -347929.866256733017508 ], [ 13609140.650414912030101, -348687.399231155635789 ], [ 13609271.584399981424212, -349275.33266696362989 ], [ 13609310.980367774143815, -349384.065447675646283 ], [ 13609543.226221416145563, -349763.878442540531978 ], [ 13609741.219067739322782, -349918.031498792697676 ], [ 13610051.911766545847058, -350038.515627281274647 ], [ 13610499.738946055993438, -350123.914835281495471 ], [ 13610716.466862680390477, -350110.268795747251716 ], [ 13611067.301369868218899, -350198.856594011653215 ], [ 13611454.782253418117762, -350465.244724287302233 ], [ 13611720.991683702915907, -350355.206530005962122 ], [ 13612016.622855404391885, -350320.355549164058175 ], [ 13612379.045721577480435, -350306.218941871833522 ], [ 13613230.406055215746164, -350677.606470269849524 ], [ 13613542.390060111880302, -350944.397055442270357 ], [ 13613587.763884561136365, -351193.561954905278981 ], [ 13613765.741486441344023, -351450.264014269167092 ], [ 13613987.389724560081959, -351551.428751870640554 ], [ 13614545.746026480570436, -351701.626329981954768 ], [ 13614655.629495842382312, -351832.045970558945555 ], [ 13614716.287486376240849, -351916.29816219850909 ], [ 13615001.599341278895736, -352076.095427819469478 ], [ 13615503.828355940058827, -352267.143365927739069 ], [ 13615649.745944475755095, -352363.392134543857537 ], [ 13615842.974316591396928, -352410.9312292591203 ], [ 13615945.054289650171995, -352548.520450151409023 ], [ 13616034.777799230068922, -352604.67777020833455 ], [ 13616054.069466983899474, -352628.726088934403379 ], [ 13616383.575159732252359, -353134.488923582190182 ], [ 13616454.185112742707133, -353508.561301595007535 ], [ 13616304.471529575064778, -353727.160967208677903 ], [ 13616227.33825440518558, -354010.715688560216222 ], [ 13615881.746895236894488, -354336.671250122017227 ], [ 13615707.186801722273231, -355303.204721822636202 ], [ 13615770.861550457775593, -355610.555844708927907 ], [ 13615985.864014975726604, -355937.140312057221308 ], [ 13616202.213445331901312, -356766.360437744006049 ], [ 13615716.192548530176282, -357146.955916761246044 ], [ 13614548.618069343268871, -357695.965126666997094 ], [ 13614991.413607869297266, -358388.337515974591952 ], [ 13615786.234772134572268, -358364.611324303958099 ], [ 13615854.76305066794157, -358759.907271336356644 ], [ 13615510.140171069651842, -358890.714029251481406 ], [ 13615327.142060155048966, -359169.119299923011567 ], [ 13614885.971786193549633, -359464.528443378221709 ], [ 13614184.39182741753757, -359342.127837522770278 ], [ 13613890.942517736926675, -359325.927439313323703 ], [ 13613885.588050227612257, -359621.727229274867568 ], [ 13613984.873904068022966, -359836.960249584459234 ], [ 13614094.022664790973067, -360557.877894219534937 ], [ 13614204.818953976035118, -360666.041581996658351 ], [ 13614607.327968785539269, -361820.102517917926889 ], [ 13614806.333822477608919, -362087.420864882413298 ], [ 13615384.493861811235547, -362856.587657672876958 ], [ 13615695.965797049924731, -363152.943061654339544 ], [ 13615703.73589750751853, -363251.453336797771044 ], [ 13615763.392012622207403, -363571.514766089618206 ], [ 13615569.42893186584115, -364583.496934861526825 ], [ 13621891.619036387652159, -368155.535182375635486 ], [ 13624257.970848027616739, -373877.004826576041523 ], [ 13652304.571462972089648, -380308.313511715270579 ], [ 13704738.111037181690335, -406748.322541665052995 ], [ 13909574.857392171397805, -377073.107483818603214 ], [ 13910697.692568005993962, -311330.228738210047595 ], [ 13848214.685774890705943, -285163.567516427079681 ], [ 13832266.710433423519135, -257211.978796369512565 ], [ 13795070.827661875635386, -162717.016872560605407 ], [ 13900401.897579874843359, -61606.48882928716921 ], [ 13735292.550536565482616, -7409.738668521157706 ], [ 13623166.516636643558741, 10448.452079081071133 ], [ 13510162.227614114060998, 14254.294550712071214 ], [ 13506923.041939062997699, 51420.165255212319607 ], [ 13507144.189239472150803, 52740.859195935525349 ], [ 13507197.333164377138019, 52898.203559459463577 ], [ 13507238.154021652415395, 52979.191278570920986 ], [ 13507271.004403384402394, 53002.869751462480053 ], [ 13507296.440907029435039, 53014.92606868785515 ], [ 13507305.647028919309378, 53030.700585602178762 ], [ 13507303.58761833794415, 53039.706643746008922 ], [ 13507283.093700084835291, 53058.241980060862261 ], [ 13507282.815401358529925, 53067.103318181078066 ], [ 13507290.373994782567024, 53074.172350548964459 ], [ 13507338.497410651296377, 53097.984414390608435 ], [ 13507386.899125248193741, 53105.47647577108728 ], [ 13507442.024537090212107, 53138.016291502710374 ], [ 13507464.577865924686193, 53143.426606534339953 ], [ 13507532.505019206553698, 53139.430098101925978 ], [ 13507545.562795476987958, 53150.362051579359104 ], [ 13507549.414449857547879, 53162.830267548706615 ], [ 13507548.445970287546515, 53193.277206506267248 ], [ 13507534.274999111890793, 53222.34373693085945 ], [ 13507535.644228847697377, 53236.737848346936516 ], [ 13507540.998696353286505, 53247.959243977689766 ], [ 13507553.655722456052899, 53256.820584294633591 ], [ 13507579.225809494033456, 53259.592536249074328 ], [ 13507685.791958028450608, 53257.132289734792721 ], [ 13507701.465742332860827, 53264.056603473924042 ], [ 13507709.981683379039168, 53273.196252412162721 ], [ 13507717.818575529381633, 53302.396373931020207 ], [ 13507718.208193747326732, 53405.114461826371553 ], [ 13507724.787175653502345, 53471.563398069134564 ], [ 13507731.800303572788835, 53480.01284439011215 ], [ 13507765.763880215585232, 53494.685269186280493 ], [ 13507771.808528564870358, 53509.914311307540629 ], [ 13507770.840048996731639, 53530.820847698902071 ], [ 13507756.112480364739895, 53579.825415019746288 ], [ 13507751.425929799675941, 53609.170268750298419 ], [ 13507751.281214462593198, 53653.053963358674082 ], [ 13507762.402031591162086, 53704.81935980727576 ], [ 13507772.988515164703131, 53728.219546631466073 ], [ 13507801.720075741410255, 53750.372911608101276 ], [ 13507811.20449635758996, 53764.355136268837668 ], [ 13507813.820504391565919, 53776.82336229889188 ], [ 13507809.957718059420586, 53815.853364039496228 ], [ 13507838.422111855819821, 53875.600663819706824 ], [ 13507855.042111830785871, 53895.694549007595924 ], [ 13507943.507711166515946, 53922.735019171181193 ], [ 13507965.715949578210711, 53936.127232624647149 ], [ 13507977.705058736726642, 53947.482226761479978 ], [ 13508014.262379512190819, 54006.672919555967383 ], [ 13508029.813712375238538, 54021.857442587097466 ], [ 13508085.974395480006933, 54051.758930917450925 ], [ 13508110.553739048540592, 54058.226825608297077 ], [ 13508129.199753759428859, 54058.349281446353416 ], [ 13508142.502432905137539, 54044.244595503027085 ], [ 13508154.268903082236648, 54019.976075713988394 ], [ 13508166.981588931754231, 54003.956626612016407 ], [ 13508178.614475719630718, 53996.431159326624766 ], [ 13508194.889385275542736, 54003.611523820654838 ], [ 13508217.320262668654323, 54036.975171832775231 ], [ 13508232.28160222992301, 54045.458021513026324 ], [ 13508274.315841956064105, 54042.240772738521628 ], [ 13508296.52408036775887, 54050.734754826909921 ], [ 13508310.060530450195074, 54060.308574857976055 ], [ 13508339.148313391953707, 54098.570459151851537 ], [ 13508364.306518312543631, 54142.454182202425727 ], [ 13508396.477851150557399, 54219.211740479840955 ], [ 13508406.674716509878635, 54255.792647737944208 ], [ 13508430.062941523268819, 54279.47116047815507 ], [ 13508488.839632662013173, 54311.64365900613484 ], [ 13508503.210978923365474, 54326.594408792348986 ], [ 13508501.184964193031192, 54342.012717708021228 ], [ 13508486.813617927953601, 54353.011482673675346 ], [ 13508449.644039953127503, 54364.956497844774276 ], [ 13508446.78312904201448, 54377.035101450273942 ], [ 13508460.442030562087893, 54391.0284701107812 ], [ 13508555.664722986519337, 54430.860033252494759 ], [ 13508579.654073251411319, 54433.732180704726488 ], [ 13508649.017247967422009, 54414.261692959851644 ], [ 13508672.283021541312337, 54412.001825061190175 ], [ 13508687.611715422943234, 54414.395281210236135 ], [ 13508695.916149435564876, 54424.080429426467163 ], [ 13508702.083249226212502, 54445.120579432099476 ], [ 13508710.855225099250674, 54513.751549046035507 ], [ 13508709.074113247916102, 54545.311778066898114 ], [ 13508684.828728152438998, 54624.919261154296692 ], [ 13508676.001092532649636, 54685.479287548361754 ], [ 13508690.739793114364147, 54720.212246086834057 ], [ 13508713.771795760840178, 54750.937556915756431 ], [ 13508730.62556666508317, 54766.723242466105148 ], [ 13508789.992251105606556, 54807.745988219023275 ], [ 13508801.981360264122486, 54836.345021809647733 ], [ 13508782.622900815680623, 54856.761771259945817 ], [ 13508733.208178851753473, 54887.832190940433065 ], [ 13508483.095546938478947, 54964.166796167955908 ], [ 13508398.058587919920683, 55038.263804192800308 ], [ 13508270.853805791586637, 55105.180444475467084 ], [ 13508149.82725540176034, 55157.869927774678217 ], [ 13508115.385004946961999, 55183.685883462982019 ], [ 13508093.766759838908911, 55207.831985138407617 ], [ 13508046.255601165816188, 55280.392750952560164 ], [ 13508019.527791427448392, 55310.984496645796753 ], [ 13508014.173323921859264, 55326.16904629059718 ], [ 13508013.327295789495111, 55374.227480041474337 ], [ 13508031.2608657553792, 55400.421943865803769 ], [ 13508067.239325180649757, 55421.462121604970889 ], [ 13508072.103986928239465, 55430.557267406948085 ], [ 13508067.217061283066869, 55488.890885757304204 ], [ 13508073.272841582074761, 55512.213202026061481 ], [ 13508087.989278266206384, 55541.624926035139652 ], [ 13508088.21191724576056, 55567.563351292701554 ], [ 13508082.278588389977813, 55581.078050481999526 ], [ 13508067.428568312898278, 55590.752081603539409 ], [ 13508049.372546909376979, 55596.841489060927415 ], [ 13507990.350952889770269, 55604.956988292229653 ], [ 13507962.086934177204967, 55614.519696006791492 ], [ 13507935.937985790893435, 55634.212862811633386 ], [ 13507933.110470725223422, 55648.228520007083716 ], [ 13507936.628166636452079, 55660.451865421520779 ], [ 13507953.882687706500292, 55683.751922410745465 ], [ 13507968.844027269631624, 55715.122951102828665 ], [ 13507968.276297865435481, 55727.290635766628839 ], [ 13507960.929211474955082, 55741.80725158694986 ], [ 13507953.582125080749393, 55750.045208545903733 ], [ 13507938.331354841589928, 55757.715414500737097 ], [ 13507864.103518381714821, 55775.760993705313012 ], [ 13507841.873016072437167, 55796.355887235673435 ], [ 13507835.449881453067064, 55812.931993856458575 ], [ 13507836.941562628373504, 55832.970269656841992 ], [ 13507840.659633619710803, 55838.391736593097448 ], [ 13507877.662232359871268, 55857.506025887400028 ], [ 13507936.060437230393291, 55876.152755880342738 ], [ 13507964.981240939348936, 55890.858625065353408 ], [ 13508001.716672899201512, 55921.205483989724598 ], [ 13508017.891394913196564, 55947.800733002040943 ], [ 13508015.742928741499782, 55984.225872616749257 ], [ 13508001.505165865644813, 56027.942721991763392 ], [ 13507992.555078806355596, 56098.533138011829578 ], [ 13507990.863022549077868, 56177.372655085280712 ], [ 13508004.889278387650847, 56256.401431237514771 ], [ 13508004.232493391260505, 56278.399018585208978 ], [ 13507991.297168562188745, 56301.142476248220191 ], [ 13507967.764228206127882, 56308.823820407713356 ], [ 13507956.142473367974162, 56307.877567861927673 ], [ 13507898.011435275897384, 56287.739087504603958 ], [ 13507865.372560575604439, 56281.081922755896812 ], [ 13507784.643665853887796, 56296.878773655822442 ], [ 13507726.802058435976505, 56298.826940633560298 ], [ 13507692.749426204711199, 56318.019168740836903 ], [ 13507671.910417526960373, 56354.054693542668247 ], [ 13507660.288662688806653, 56366.511830894341983 ], [ 13507648.755963440984488, 56372.211611416496453 ], [ 13507631.545970164239407, 56370.063061331566132 ], [ 13507595.75675387494266, 56322.294003841117956 ], [ 13507574.550390878692269, 56309.180056660574337 ], [ 13507451.798388382419944, 56289.119502945119166 ], [ 13507413.760518377646804, 56293.605853145010769 ], [ 13507393.75640588067472, 56302.767804136041377 ], [ 13507280.555615693330765, 56380.36051645995758 ], [ 13507241.115120105445385, 56416.674353988484654 ], [ 13507207.151543462648988, 56466.859145342823467 ], [ 13507171.985716324299574, 56543.527887243821169 ], [ 13507140.070418315008283, 56594.825926171295578 ], [ 13507048.443345440551639, 56690.208227036258904 ], [ 13507032.43560266494751, 56700.783996469952399 ], [ 13507003.982340818271041, 56706.862280867659138 ], [ 13506985.102555179968476, 56705.737909574098012 ], [ 13506935.632173473015428, 56687.280408788996283 ], [ 13506919.635562643408775, 56687.369467898992298 ], [ 13506904.663091130554676, 56692.0450711898593 ], [ 13506890.147029533982277, 56704.769391728586925 ], [ 13506883.167297462001443, 56723.126701459848846 ], [ 13506883.812950506806374, 56746.159615304626641 ], [ 13506896.826198980212212, 56767.222096858291479 ], [ 13506907.8913563657552, 56777.063129677990219 ], [ 13506948.901456773281097, 56799.53942573122913 ], [ 13506959.688315432518721, 56802.166669892452774 ], [ 13507005.162327419966459, 56799.272248359440709 ], [ 13507019.856500204652548, 56813.132074652487063 ], [ 13507032.491262411698699, 56849.746508616030042 ], [ 13507032.680505545809865, 56867.25776030425186 ], [ 13507021.593084262683988, 56909.672173353792459 ], [ 13507013.778456006199121, 56919.312825069806422 ], [ 13507005.407230300828815, 56920.42606430635351 ], [ 13506997.60373399592936, 56914.993456848402275 ], [ 13506982.542206890881062, 56893.641528755862964 ], [ 13506962.827525071799755, 56881.00626399621251 ], [ 13506938.648931672796607, 56882.030444038900896 ], [ 13506913.62431014329195, 56908.42534542773501 ], [ 13506893.998683916404843, 56909.449525509699015 ], [ 13506862.372816581279039, 56917.954673203559651 ], [ 13506848.981081837788224, 56916.451800239825388 ], [ 13506836.056888956576586, 56909.616511392770917 ], [ 13506812.53508055396378, 56883.956347818806535 ], [ 13506791.061550779268146, 56872.901882840567851 ], [ 13506771.803278869017959, 56874.026254396507284 ], [ 13506756.452321089804173, 56887.975141272174369 ], [ 13506749.851075286045671, 56912.310550311645784 ], [ 13506755.795536095276475, 56943.770691496327345 ], [ 13506794.278684061020613, 57020.37269003426627 ], [ 13506853.033111304044724, 57102.874866239188123 ], [ 13506863.619594877585769, 57133.488953753651003 ], [ 13506863.341296149417758, 57149.219029050218523 ], [ 13506853.01084740459919, 57170.19246331967588 ], [ 13506784.927846835926175, 57206.406149317743257 ], [ 13506771.99252200499177, 57222.692846080914023 ], [ 13506763.153754437342286, 57245.536525286537653 ], [ 13506765.190901117399335, 57274.658877619302075 ], [ 13506772.437799967825413, 57289.075333057640819 ], [ 13506783.970499215647578, 57300.964734365239565 ], [ 13506817.444270096719265, 57322.795367808968876 ], [ 13506828.97696934081614, 57336.744263471642626 ], [ 13506837.248007507994771, 57355.480091038276441 ], [ 13506841.87889832444489, 57416.808480753963522 ], [ 13506839.251758342608809, 57501.347932459859294 ], [ 13506855.315160863101482, 57611.647774816563469 ], [ 13506856.784578144550323, 57698.625246424926445 ], [ 13506848.580331670120358, 57754.610111272711947 ], [ 13506820.371972704306245, 57864.709609908779385 ], [ 13506734.56690919958055, 58097.354694210087473 ], [ 13506721.731771910563111, 58114.955036057282996 ], [ 13506694.747927343472838, 58131.520064082375029 ], [ 13506627.600010499358177, 58149.28739296450658 ], [ 13506545.10113587230444, 58158.159925162894069 ], [ 13506530.963560538366437, 58162.379109271620109 ], [ 13506519.531048836186528, 58171.919586360658286 ], [ 13506513.942810397595167, 58184.74412519652833 ], [ 13506514.955817764624953, 58206.942155647207983 ], [ 13506538.844980487599969, 58256.002699871860386 ], [ 13506540.704015983268619, 58288.498215404753864 ], [ 13506535.004458054900169, 58359.367166142721544 ], [ 13506546.704136539250612, 58422.944391510704008 ], [ 13506547.81733144633472, 58464.512834418332204 ], [ 13506509.757197542116046, 58592.023547577977297 ], [ 13506448.598269300535321, 58731.702020239688864 ], [ 13506443.288329590111971, 58778.235541732014099 ], [ 13506451.281069030985236, 58810.920332861089264 ], [ 13506477.819635635241866, 58860.626600260009582 ], [ 13506513.085650319233537, 58950.532055146177299 ], [ 13506507.875898148864508, 58975.246038110046356 ], [ 13506499.126186173409224, 58988.070591780764516 ], [ 13506458.572495676577091, 59025.88744110292464 ], [ 13506453.362743509933352, 59038.055182582982525 ], [ 13506453.540854694321752, 59050.133864868534147 ], [ 13506456.602140689268708, 59060.809861645640922 ], [ 13506520.288021372631192, 59136.109597525333811 ], [ 13506530.329039441421628, 59155.958716146742518 ], [ 13506533.66862416639924, 59197.059641103653121 ], [ 13506525.108155325055122, 59226.738696243846789 ], [ 13506514.120921581983566, 59249.482249118955224 ], [ 13506476.261162763461471, 59303.129428464635566 ], [ 13506463.41489352658391, 59316.232299010625866 ], [ 13506420.445570077747107, 59342.337848975526867 ], [ 13506401.009186986833811, 59345.80003499436134 ], [ 13506332.191477779299021, 59333.988525850945734 ], [ 13506308.658537423238158, 59334.723266281805991 ], [ 13506265.32185965962708, 59353.347823224648891 ], [ 13506234.631076049059629, 59358.301755072890955 ], [ 13506120.706709170714021, 59326.908299920949503 ], [ 13506098.665449991822243, 59326.518664848284971 ], [ 13506036.348799047991633, 59349.729783133370802 ], [ 13505980.165852043777704, 59376.302896494788001 ], [ 13505945.946240574121475, 59381.624198749668722 ], [ 13505932.55450583063066, 59379.008077343038167 ], [ 13505920.554264724254608, 59369.734761969419196 ], [ 13505912.472469693049788, 59353.058380016635056 ], [ 13505912.016059778630733, 59334.055320435538306 ], [ 13505927.277961967512965, 59296.984326986363158 ], [ 13505986.065785055980086, 59219.380160697568499 ], [ 13506006.170085091143847, 59180.160614781103504 ], [ 13506000.971464872360229, 59160.022052334512409 ], [ 13505990.741203667595983, 59155.346432613674551 ], [ 13505973.252911666408181, 59155.335300185819506 ], [ 13505950.833166221156716, 59162.348729778845154 ], [ 13505784.900333244353533, 59254.814682819356676 ], [ 13505749.367151781916618, 59267.539049833343597 ], [ 13505736.064472632482648, 59276.144418035117269 ], [ 13505726.490996422246099, 59285.228480833502545 ], [ 13505714.11226904951036, 59309.84228394672391 ], [ 13505702.846736578270793, 59369.946278165029071 ], [ 13505694.842865193262696, 59390.73052780891885 ], [ 13505674.46026642806828, 59411.793088884107419 ], [ 13505651.862409798428416, 59415.722837401655852 ], [ 13505630.656046802178025, 59412.160459141166939 ], [ 13505597.56076218560338, 59393.324384396830283 ], [ 13505556.550661778077483, 59356.242255311386543 ], [ 13505515.362450186163187, 59311.200440453591 ], [ 13505491.373099921271205, 59294.902562548777496 ], [ 13505471.012765053659678, 59286.842683181559551 ], [ 13505453.713716184720397, 59285.150553823666996 ], [ 13505433.253193775191903, 59287.677615432054154 ], [ 13505414.56265127286315, 59297.218108019864303 ], [ 13505391.953662693500519, 59321.175098160128982 ], [ 13505380.131532771512866, 59351.043409995072579 ], [ 13505370.713903848081827, 59450.010729106841609 ], [ 13505403.174667365849018, 59676.255195314166485 ], [ 13505415.308491861447692, 59716.510086302179843 ], [ 13505433.620548093691468, 59738.797225532500306 ], [ 13505516.442249245941639, 59788.180719453106576 ], [ 13505541.422342978417873, 59813.351162616010697 ], [ 13505554.981056958436966, 59838.510474271410203 ], [ 13505553.789938407018781, 59851.446368502656696 ], [ 13505545.697011426091194, 59860.797617497824831 ], [ 13505515.941311538219452, 59861.977656070645025 ], [ 13505487.376730201765895, 59872.753857471943775 ], [ 13505463.799262050539255, 59921.146573930062004 ], [ 13505420.473716234788299, 59950.135449209003127 ], [ 13505409.764781218022108, 59964.028735495914589 ], [ 13505403.575417531654239, 59984.156189211113087 ], [ 13505400.213568909093738, 60071.846435627856408 ], [ 13505389.025960084050894, 60096.282148058176972 ], [ 13505369.500521399080753, 60112.09021761733311 ], [ 13505302.374868450686336, 60126.451069860901043 ], [ 13505277.628545647487044, 60140.57814108626917 ], [ 13505251.435069462284446, 60166.449941321494407 ], [ 13505223.349161935970187, 60184.651488121482544 ], [ 13505173.600481502711773, 60207.395072976920346 ], [ 13505158.594614142552018, 60225.129058175094542 ], [ 13505140.972738748416305, 60260.819678886880865 ], [ 13505111.439677841961384, 60342.04200928829232 ], [ 13505081.205304143950343, 60401.934578269392659 ], [ 13505073.579919023439288, 60431.402169460503501 ], [ 13505071.186549972742796, 60460.391066624557425 ], [ 13505075.93989222869277, 60491.072097395132005 ], [ 13505084.979034880176187, 60515.274043555087701 ], [ 13505131.376998642459512, 60568.231110938177153 ], [ 13505206.083508914336562, 60627.199706544895889 ], [ 13505235.828076854348183, 60658.359440391628596 ], [ 13505261.765518210828304, 60693.582521052703669 ], [ 13505305.057668179273605, 60768.592994192498736 ], [ 13505340.969335908070207, 60851.9862148471002 ], [ 13505518.457132028415799, 61089.730981688400789 ], [ 13505533.908277349546552, 61146.996356817202468 ], [ 13505546.509643709287047, 61219.368487451974943 ], [ 13505552.186937740072608, 61335.58026701225026 ], [ 13505549.782436739653349, 61426.866476556606358 ], [ 13505571.645584730431437, 61539.972334130310628 ], [ 13505571.868223713710904, 61596.035441571257252 ], [ 13505558.977426679804921, 61711.757458581334504 ], [ 13505550.606200970709324, 61861.990160325076431 ], [ 13505537.270125973969698, 61910.394153343208018 ], [ 13505528.464754251763225, 61918.776905946084298 ], [ 13505479.907192366197705, 61931.223011601519829 ], [ 13505473.717828679829836, 61939.839546424198488 ], [ 13505470.856917766854167, 61956.616184962702391 ], [ 13505474.174238590523601, 61976.743698784863227 ], [ 13505507.959704047068954, 62050.796924201364163 ], [ 13505503.184097891673446, 62091.519522259157384 ], [ 13505493.176475670188665, 62114.99791578330769 ], [ 13505480.319074483588338, 62129.136161696944328 ], [ 13505417.479221930727363, 62164.10327357109054 ], [ 13505400.336020348593593, 62178.709084623696981 ], [ 13505387.723522040992975, 62199.315301838556479 ], [ 13505382.959047835320234, 62216.325729072341346 ], [ 13505398.643964087590575, 62274.314813197670446 ], [ 13505432.429429545998573, 62327.995632462610956 ], [ 13505444.084580231457949, 62354.357347064949863 ], [ 13505451.687701450660825, 62387.899513341719285 ], [ 13505459.713836738839746, 62616.972628046481987 ], [ 13505485.896180972456932, 62631.83449641775951 ], [ 13505548.958672508597374, 62634.962724934703147 ], [ 13505564.910755535587668, 62639.048347255382396 ], [ 13505574.428572, 62650.5482053149899 ], [ 13505585.360145997256041, 62688.654706420391449 ], [ 13505597.972644301131368, 62703.984140887856483 ], [ 13505612.488705903291702, 62710.941945322694664 ], [ 13505650.804874632507563, 62716.942355927181779 ], [ 13505675.317426504567266, 62731.091747386912175 ], [ 13505703.625973014160991, 62771.346823441010201 ], [ 13505721.715390268713236, 62782.612901589738613 ], [ 13505805.249536160379648, 62798.688215018562914 ], [ 13505837.843883063644171, 62816.433402189213666 ], [ 13505867.120909145101905, 62840.401651379208488 ], [ 13505901.16240942850709, 62884.363853431103053 ], [ 13505927.300225865095854, 62930.029329579199839 ], [ 13505980.800373140722513, 63133.954330480402859 ], [ 13505985.542583448812366, 63177.326530274949619 ], [ 13505980.778109243139625, 63192.655976332149294 ], [ 13506034.077881436794996, 63209.421514703695721 ], [ 13506069.188048832118511, 63207.584652908612043 ], [ 13506090.160640897229314, 63197.498611872717447 ], [ 13506152.57747938670218, 63209.299057250515034 ], [ 13506164.666776083409786, 63221.478007706980861 ], [ 13506166.726186664775014, 63239.579446379881119 ], [ 13506163.65376871638, 63262.445594115451968 ], [ 13506150.796367531642318, 63295.642700016069284 ], [ 13506138.707070831209421, 63312.964865948764782 ], [ 13506119.036916809156537, 63328.89547012042749 ], [ 13506047.046602113172412, 63352.752413374866592 ], [ 13506029.291143331676722, 63369.92985836679145 ], [ 13506022.778953120112419, 63402.73733235392865 ], [ 13506026.118537843227386, 63475.054050535851275 ], [ 13506042.938912900164723, 63526.586396718783362 ], [ 13506091.730245716869831, 63586.278871168884507 ], [ 13506103.118229623883963, 63615.479425319950678 ], [ 13506112.513594646006823, 63658.528815057434258 ], [ 13506123.445168642327189, 63682.408035595763067 ], [ 13506154.95971648581326, 63710.918378862152167 ], [ 13506176.600225495174527, 63724.867407093443035 ], [ 13506222.09650138579309, 63777.590951509948354 ], [ 13506359.24211404286325, 63976.350737767163082 ], [ 13506363.461122741922736, 63989.687483796536981 ], [ 13506360.31078115478158, 64015.225460697038216 ], [ 13506352.395965360105038, 64028.517677502066363 ], [ 13506335.998604364693165, 64046.274031205604842 ], [ 13506270.59840352460742, 64055.157774498744402 ], [ 13506200.678631355985999, 64089.75761798293388 ], [ 13506090.416675725951791, 64131.337548217277799 ], [ 13505956.777627028524876, 64154.203727879721555 ], [ 13505896.286615731194615, 64173.418444241404359 ], [ 13505811.895309759303927, 64215.532740598711825 ], [ 13505777.419663462787867, 64217.258280160225695 ], [ 13505742.187044624239206, 64204.578347621056309 ], [ 13505717.051103604957461, 64213.896261147951009 ], [ 13505689.488397683948278, 64212.627154638015782 ], [ 13505663.918310649693012, 64200.336860147042898 ], [ 13505614.971130546182394, 64163.543905690799875 ], [ 13505580.796046873554587, 64153.324259415923734 ], [ 13505477.903441531583667, 64136.647756371145078 ], [ 13505404.766536081209779, 64139.731462174830085 ], [ 13505234.158284492790699, 64187.25615748600103 ], [ 13505176.45026046410203, 64224.383088722031971 ], [ 13505093.66195516102016, 64304.871166012191679 ], [ 13505075.283107232302427, 64314.779104311521223 ], [ 13505052.640722805634141, 64318.330376616140711 ], [ 13504989.656154913827777, 64313.354142389267508 ], [ 13504877.190073367208242, 64317.974136133270804 ], [ 13504847.501165170222521, 64313.899635624751681 ], [ 13504834.343201359733939, 64308.567160955157306 ], [ 13504821.263161189854145, 64295.909491616665036 ], [ 13504810.09781626611948, 64273.410679811582668 ], [ 13504801.292444543913007, 64235.671457451237075 ], [ 13504788.22353632375598, 64201.628231658447476 ], [ 13504770.067327374592423, 64179.352073455716891 ], [ 13504743.105746703222394, 64154.548835758272617 ], [ 13504711.279504287987947, 64135.601300253460067 ], [ 13504661.230261225253344, 64113.391939439236012 ], [ 13504606.2718286216259, 64077.333735742678982 ], [ 13504578.486483719199896, 64064.965516298776492 ], [ 13504549.231721539050341, 64060.300994356824958 ], [ 13504517.772833442315459, 64061.770485752502282 ], [ 13504390.167301146313548, 64095.245945967573789 ], [ 13504336.143952263519168, 64101.379959653633705 ], [ 13504286.239424539729953, 64100.923526691287407 ], [ 13504240.00844001583755, 64094.388742607821769 ], [ 13504184.148319533094764, 64073.804729810166464 ], [ 13504144.908199030905962, 64050.849492961351643 ], [ 13504121.397522572427988, 64029.38601328292134 ], [ 13504058.869364595040679, 63950.712569850293221 ], [ 13504037.562814056873322, 63911.926910927249992 ], [ 13504025.451253460720181, 63879.219603373763675 ], [ 13504005.769967487081885, 63804.409158101436333 ], [ 13503994.983108827844262, 63742.167319624968513 ], [ 13503964.214401574805379, 63635.90756826553843 ], [ 13503937.408668192103505, 63595.129210543957015 ], [ 13503874.802586566656828, 63521.253928645404812 ], [ 13503866.208721878007054, 63502.529061983586871 ], [ 13503857.982211509719491, 63469.977630397290341 ], [ 13503848.241756064817309, 63365.120619022665778 ], [ 13503830.107811016961932, 63305.41703266363038 ], [ 13503705.429981328547001, 63317.339937495336926 ], [ 13503610.864073898643255, 63316.427072691825742 ], [ 13503536.61397353745997, 63332.368809447201784 ], [ 13503341.927316088229418, 63361.88106198477908 ], [ 13503268.890598179772496, 63384.413239109228016 ], [ 13503252.148146765306592, 63393.452828177927586 ], [ 13503211.360685339197516, 63430.134413205661986 ], [ 13503185.567959321662784, 63474.430630516668316 ], [ 13503175.226378628984094, 63512.414722792709654 ], [ 13503158.76222593896091, 63728.641326196426235 ], [ 13503134.483444998040795, 63884.863784645807755 ], [ 13503114.4125408064574, 63954.58668286914326 ], [ 13503081.718006361275911, 64040.329270725451352 ], [ 13503049.435354029759765, 64096.793365022516809 ], [ 13503011.15258114784956, 64140.343750332569471 ], [ 13502924.534885361790657, 64191.620102513959864 ], [ 13502900.634590687230229, 64210.645567285500874 ], [ 13502838.173224402591586, 64294.350939560834377 ], [ 13502793.812407322227955, 64328.58342309967702 ], [ 13502733.388187719509006, 64359.275768452855118 ], [ 13502685.92155684530735, 64396.569697528946563 ], [ 13502668.700431620702147, 64423.41019530993799 ], [ 13502623.638301746919751, 64557.267593238262634 ], [ 13502606.150009743869305, 64583.429014150467992 ], [ 13502592.312997037544847, 64591.644813793012872 ], [ 13502485.11232740432024, 64627.357938688037393 ], [ 13502439.337752789258957, 64650.647172098797455 ], [ 13502361.091282712295651, 64679.714184988464694 ], [ 13502271.64607185870409, 64724.466922895044263 ], [ 13502225.337163688614964, 64728.329908132363926 ], [ 13502130.17013100720942, 64717.898734793881886 ], [ 13501960.663942376151681, 64727.428173824126134 ], [ 13501747.821075979620218, 64793.277046773844631 ], [ 13501706.376829558983445, 64790.894686753032147 ], [ 13501621.406662235036492, 64754.502468679820595 ], [ 13501547.902402466163039, 64728.931064338568831 ], [ 13501477.637539878487587, 64736.723830026727228 ], [ 13501409.265108631923795, 64728.552558579038305 ], [ 13501353.505175694823265, 64741.655537505008397 ], [ 13501286.880460452288389, 64745.507390325328743 ], [ 13501233.480500720441341, 64755.816106371101341 ], [ 13501184.600112311542034, 64777.346405871867319 ], [ 13501126.680581253021955, 64794.379166599617747 ], [ 13500872.671767162159085, 64838.675479178884416 ], [ 13500809.420032493770123, 64860.406166965702141 ], [ 13500781.946382163092494, 64864.068767594078963 ], [ 13500709.176831033080816, 64856.699036260295543 ], [ 13500661.587748719379306, 64856.075614882538503 ], [ 13500549.066007426008582, 64878.808230521441146 ], [ 13500478.656429497525096, 64884.830926575596095 ], [ 13500437.824440274387598, 64883.127650236478075 ], [ 13500366.891660740599036, 64858.836480988662515 ], [ 13500348.590736454352736, 64863.044575318926945 ], [ 13500321.517836295068264, 64880.711892299405008 ], [ 13500256.774420449510217, 64935.183339658615296 ], [ 13500205.333683751523495, 64954.398079832324584 ], [ 13500150.987508347257972, 64969.059617197999614 ], [ 13500123.847816491499543, 64987.339226148375019 ], [ 13500074.689129358157516, 65070.566003003739752 ], [ 13499944.690228009596467, 65247.339446638638037 ], [ 13499914.912264222279191, 65298.370973407261772 ], [ 13499896.611339936032891, 65338.926790528166748 ], [ 13499870.00598163716495, 65374.806946060321934 ], [ 13499836.988620668649673, 65404.35269157323637 ], [ 13499780.070965025573969, 65443.13844252328272 ], [ 13499727.684012657031417, 65455.963123048248235 ], [ 13499667.616015426814556, 65458.45681095882901 ], [ 13499643.715720752254128, 65453.625290641182801 ], [ 13499599.321507822722197, 65426.974001821836282 ], [ 13499567.183570832014084, 65424.580506850106758 ], [ 13499539.442753726616502, 65431.3713530729583 ], [ 13499434.19017518311739, 65482.102316465417971 ], [ 13499374.58971980959177, 65490.707766668325348 ], [ 13499342.585366206243634, 65502.797700789968076 ], [ 13499314.09870851226151, 65517.871154895583459 ], [ 13499268.19055050984025, 65551.023849186472944 ], [ 13499228.761186871677637, 65568.26814923400525 ], [ 13499172.789746899157763, 65603.524895884285797 ], [ 13499141.341990752145648, 65611.595985942476545 ], [ 13499116.361897015944123, 65613.288131733512273 ], [ 13499046.497784595936537, 65607.020512806935585 ], [ 13498976.500088784843683, 65643.345985370397102 ], [ 13498826.563866637647152, 65691.071180417915457 ], [ 13498768.432828541845083, 65725.036559399275575 ], [ 13498752.836967881768942, 65741.000622140491032 ], [ 13498680.234395986422896, 65861.588311611922109 ], [ 13498647.762500522658229, 65902.288888628449058 ], [ 13498560.053873725235462, 65989.167262771370588 ], [ 13498546.751194579526782, 66013.9705732682487 ], [ 13498529.251770624890924, 66067.785299745344673 ], [ 13498520.936204664409161, 66079.196159811501275 ], [ 13498410.351422509178519, 66150.511256881174631 ], [ 13498326.961991954594851, 66238.013088812265778 ], [ 13498257.554289447143674, 66301.602214188940707 ], [ 13498130.160264182835817, 66388.536307498026872 ], [ 13498116.378911221399903, 66401.917635287434678 ], [ 13498036.77434335462749, 66510.827404700961779 ], [ 13497960.064082249999046, 66584.73643742853892 ], [ 13497905.584323456510901, 66616.041184818328475 ], [ 13497812.966507114470005, 66639.319360393434181 ], [ 13497682.811758477240801, 66691.197076729236869 ], [ 13497646.298965500667691, 66701.305439138202928 ], [ 13497614.294611897319555, 66721.143657480701222 ], [ 13497514.886306617408991, 66856.61577295413008 ], [ 13497486.466440619900823, 66889.289839337725425 ], [ 13497458.725623514503241, 66913.402967477653874 ], [ 13497407.273754868656397, 66935.656958701001713 ], [ 13497295.442194418981671, 66940.688876789427013 ], [ 13497092.773929480463266, 66932.829287935106549 ], [ 13496915.63122378103435, 66893.909852272947319 ], [ 13496792.734505942091346, 66827.938297396714916 ], [ 13496701.062905276194215, 66802.556060840957798 ], [ 13496614.411813644692302, 66837.011333966162056 ], [ 13496418.912523910403252, 66989.093259113476961 ], [ 13496324.190769193693995, 67049.910454241529806 ], [ 13496227.454131696373224, 67102.623147976046312 ], [ 13496123.659838480874896, 67184.748086714927922 ], [ 13496085.310273902490735, 67370.350266665525851 ], [ 13496023.817387189716101, 67506.234432415294577 ], [ 13495935.10688497312367, 67667.478635427716654 ], [ 13495837.334976211190224, 67808.428191307844827 ], [ 13495776.832832965999842, 67949.388912882408476 ], [ 13495700.167099656537175, 68256.692752416900476 ], [ 13495640.666831824928522, 68450.399789586430416 ], [ 13495576.13492301478982, 68608.605049359655823 ], [ 13495510.612270733341575, 68701.885054472397314 ], [ 13495422.948171734809875, 68757.648224826873047 ], [ 13495361.444153070449829, 68881.364776268266723 ], [ 13495241.486269790679216, 69099.396753350214567 ], [ 13495148.734870061278343, 69292.068734119253349 ], [ 13495173.659304050728679, 69356.493128681424423 ], [ 13495167.815030783414841, 69384.602962636563461 ], [ 13495166.534856639802456, 69475.522977377666393 ], [ 13495153.087462151423097, 69520.187008400374907 ], [ 13495098.240349037572742, 69576.061582418537 ], [ 13495090.592700021341443, 69596.924096580667538 ], [ 13495095.268118632957339, 69618.632690015860135 ], [ 13495124.623068355023861, 69687.23185057300725 ], [ 13495128.986792394891381, 69708.30588837013056 ], [ 13495132.415432713925838, 69757.066739439760568 ], [ 13495127.706618253141642, 69791.989753316287533 ], [ 13495106.767422033473849, 69812.429235790594248 ], [ 13495042.3802285566926, 69839.470360492559848 ], [ 13495025.815888326615095, 69853.297070273460122 ], [ 13494930.159049890935421, 69967.15035242914746 ], [ 13494912.648493988439441, 69993.25634429132333 ], [ 13494911.390583740547299, 70002.696805603060056 ], [ 13494922.633852312341332, 70042.974624573675101 ], [ 13494956.998179119080305, 70048.329414978827117 ], [ 13494981.065453028306365, 70061.554968207667116 ], [ 13495006.357241338118911, 70097.735986576837604 ], [ 13495024.468922488391399, 70150.593675313895801 ], [ 13495048.525064449757338, 70170.74372220422083 ], [ 13495060.080027595162392, 70188.990091235653381 ], [ 13495101.635593507438898, 70206.624166550085647 ], [ 13495108.504006089642644, 70213.548658392261132 ], [ 13495116.619196970015764, 70235.56898830535647 ], [ 13495136.935004036873579, 70252.56850544885674 ], [ 13495193.173610785976052, 70265.170636358016054 ], [ 13495223.163081606850028, 70282.170154370600358 ], [ 13495250.347301257774234, 70310.491552875551861 ], [ 13495282.518634097650647, 70357.693886797991581 ], [ 13495303.758392939344049, 70380.983341652769013 ], [ 13495405.292900493368506, 70450.228284671131405 ], [ 13495434.65898216329515, 70487.043887177176657 ], [ 13495412.450743751600385, 70552.793197042003158 ], [ 13495407.441366665065289, 70575.125253537145909 ], [ 13495409.311534110456705, 70594.941336296193185 ], [ 13495436.785184439271688, 70647.487356799465488 ], [ 13495449.586925880983472, 70685.872673112855409 ], [ 13495451.457093324512243, 70697.829120770446025 ], [ 13495442.184179743751884, 70808.520900783973048 ], [ 13495444.432833457365632, 70827.546574462845456 ], [ 13495472.652324372902513, 70878.734434570040321 ], [ 13495475.769270112738013, 70892.895148306939518 ], [ 13495471.372150227427483, 70944.172075344366021 ], [ 13495482.927113372832537, 70985.70794817506976 ], [ 13495485.108975391834974, 71007.728307600002154 ], [ 13495482.292592275887728, 71021.254464086930966 ], [ 13495476.348131466656923, 71027.856119179705274 ], [ 13495416.658620502799749, 71034.758355614321772 ], [ 13495397.277897156774998, 71050.165928858899861 ], [ 13495386.335191210731864, 71075.96025580407877 ], [ 13495381.314682176336646, 71138.559095516757225 ], [ 13495387.559705609455705, 71155.558639335387852 ], [ 13495413.486015016213059, 71186.707772018766263 ], [ 13495485.955003520473838, 71256.264526184764691 ], [ 13495506.571373216807842, 71281.747148389491485 ], [ 13495509.064929811283946, 71308.487760594012798 ], [ 13495501.862558756023645, 71350.958802121400367 ], [ 13495507.473061092197895, 71385.258484363803291 ], [ 13495504.645546028390527, 71421.116739249642706 ], [ 13495493.391145506873727, 71448.803633032701327 ], [ 13495470.570649893954396, 71479.941649080778006 ], [ 13495438.354789257049561, 71545.679940255227848 ], [ 13495419.597455060109496, 71573.667421649079188 ], [ 13495355.833650732412934, 71622.094451182740158 ], [ 13495303.958768025040627, 71639.695172594700125 ], [ 13495220.190851202234626, 71686.541371142971911 ], [ 13495193.607756800949574, 71748.817430999333737 ], [ 13495144.515861360356212, 71817.383447608415736 ], [ 13495119.190677205100656, 71865.509916244307533 ], [ 13495107.936276687309146, 71874.627561353117926 ], [ 13495081.375446183606982, 71881.229226340408786 ], [ 13495032.316946590319276, 71880.58353229102795 ], [ 13495007.626283530145884, 71875.540439137679641 ], [ 13494999.511092653498054, 71835.897052801316022 ], [ 13494986.397656640037894, 71814.500090029119747 ], [ 13494901.104662790894508, 71768.221646256119129 ], [ 13494860.495312551036477, 71733.610226620818139 ], [ 13494815.188279796391726, 71707.481890328170266 ], [ 13494795.506993824616075, 71681.988116409120266 ], [ 13494785.822198124602437, 71676.009882254133117 ], [ 13494746.448494233191013, 71672.848209095187485 ], [ 13494658.038554644212127, 71626.258062650289503 ], [ 13494648.353758944198489, 71614.301595576805994 ], [ 13494635.552017504349351, 71585.033857405753224 ], [ 13494641.819304836913943, 71510.790217964502517 ], [ 13494634.32750310562551, 71489.716114247974474 ], [ 13494610.594187669456005, 71451.954172298006597 ], [ 13494553.743323720991611, 71395.622978170649731 ], [ 13494546.863779190927744, 71384.289944135860424 ], [ 13494536.266163665801287, 71326.088472308489145 ], [ 13494528.774361934512854, 71310.358044924985734 ], [ 13494519.401260809972882, 71301.229276224723435 ], [ 13494492.840430308133364, 71296.809616308935801 ], [ 13494425.959680238738656, 71299.303328700538259 ], [ 13494401.903538277372718, 71289.228285399556626 ], [ 13494380.35208486020565, 71262.164827424101532 ], [ 13494368.797121718525887, 71255.240322956960881 ], [ 13494258.178943714126945, 71244.508454463255475 ], [ 13494235.046753529459238, 71237.261103550990811 ], [ 13494225.050263255834579, 71230.9711600534647 ], [ 13494198.188870126381516, 71200.445452948246384 ], [ 13494143.197041675448418, 71170.532042790131527 ], [ 13494131.95377310551703, 71159.21014586664387 ], [ 13494113.40794594027102, 71128.317065431197989 ], [ 13494050.467905845493078, 71121.882398797344649 ], [ 13494030.474925296381116, 71107.398832815379137 ], [ 13494018.29657300375402, 71089.152434686693596 ], [ 13494004.23692131973803, 71081.281657882165746 ], [ 13493986.737497365102172, 71081.905085743928794 ], [ 13493951.104128364473581, 71113.354795722829294 ], [ 13493936.409955577924848, 71121.214440327385091 ], [ 13493832.660190159454942, 71119.288493410043884 ], [ 13493792.663097115233541, 71134.684936288904282 ], [ 13493758.899895558133721, 71157.017015416713548 ], [ 13493707.648401996120811, 71170.209196168754715 ], [ 13493700.145468316972256, 71174.294875838939333 ], [ 13493662.007410772144794, 71223.990992748760618 ], [ 13493614.807946676388383, 71270.848289736313745 ], [ 13493554.172220041975379, 71299.459185725369025 ], [ 13493521.043539579957724, 71306.361425439463346 ], [ 13493471.985039986670017, 71306.027446096530184 ], [ 13493429.806084925308824, 71295.317841937023331 ], [ 13493320.12299064733088, 71284.585972689790651 ], [ 13493299.495489004999399, 71291.811058913895977 ], [ 13493270.418838009238243, 71326.411319018021459 ], [ 13493246.663258673623204, 71344.023163931109593 ], [ 13493217.909434203058481, 71356.591920842023683 ], [ 13493134.464343901723623, 71380.471446471550735 ], [ 13493080.095904599875212, 71390.201379345933674 ], [ 13492970.724504895508289, 71391.114256351822405 ], [ 13492945.722147261723876, 71399.597332988705602 ], [ 13492906.025616845116019, 71421.294861601796583 ], [ 13492883.516815809533, 71438.272148548072437 ], [ 13492857.579374453052878, 71448.647775967023335 ], [ 13492814.765898294746876, 71450.82977489035693 ], [ 13492721.647144244983792, 71426.571736309924745 ], [ 13492686.959990913048387, 71428.130306908162311 ], [ 13492639.1482696197927, 71439.441076520364732 ], [ 13492521.327720561996102, 71483.76014741200197 ], [ 13492445.385563943535089, 71501.661446052748943 ], [ 13492414.115918979048729, 71542.863379952614196 ], [ 13492351.298330323770642, 71582.172766307456186 ], [ 13492328.177272086963058, 71580.580797336864634 ], [ 13492283.805323056876659, 71554.77531492462731 ], [ 13492226.319938011467457, 71533.356097453041002 ], [ 13492140.704117642715573, 71521.065652864795993 ], [ 13492077.574834413826466, 71523.236519416779629 ], [ 13492052.260782208293676, 71517.258286932119518 ], [ 13492023.206395110115409, 71504.656128529619309 ], [ 13491996.033307407051325, 71488.291135260980809 ], [ 13491987.906984580680728, 71477.280946177066653 ], [ 13491958.874861380085349, 71400.187363258155528 ], [ 13491943.256736824288964, 71374.704735761712072 ], [ 13491922.64036712795496, 71353.619504435060662 ], [ 13491880.149717492982745, 71329.060888571970281 ], [ 13491841.722229268401861, 71313.953889221404097 ], [ 13491831.714607046917081, 71315.21187809825642 ], [ 13491798.897621160373092, 71353.574973852330004 ], [ 13491782.021586356684566, 71361.434621762964525 ], [ 13491693.578250922262669, 71378.077927540492965 ], [ 13491659.514486737549305, 71391.904674248333322 ], [ 13491633.565913435071707, 71411.086224383310764 ], [ 13491576.347695168107748, 71496.952335721405689 ], [ 13491557.601492919027805, 71507.016250046654022 ], [ 13491506.038304781541228, 71514.853634777216939 ], [ 13491464.460474971681833, 71562.98007775611768 ], [ 13491382.562725596129894, 71625.233858757055714 ], [ 13491352.194768507033587, 71783.462249525357038 ], [ 13491335.930990902706981, 71823.105632191538461 ], [ 13491301.856094770133495, 71866.812436965148663 ], [ 13491209.961855120956898, 71945.431257307995111 ], [ 13490992.744132734835148, 72047.907376984148868 ], [ 13490959.29262575134635, 72072.44375864182075 ], [ 13490938.97681868262589, 72091.937046281615039 ], [ 13490902.085539432242513, 72151.697169296981883 ], [ 13490882.682552188634872, 72228.768589162718854 ], [ 13490843.921105490997434, 72262.099782819859684 ], [ 13490762.034488065168262, 72298.87097169898334 ], [ 13490651.093483543023467, 72334.384171837795293 ], [ 13490634.840837884694338, 72346.329521479347022 ], [ 13490597.637864062562585, 72386.273525665339548 ], [ 13490522.29683269187808, 72479.676601163548185 ], [ 13490516.975761033594608, 72491.633086562418612 ], [ 13490510.708473701030016, 72539.759612769732485 ], [ 13490465.412572897970676, 72584.869189545483096 ], [ 13490450.529156979173422, 72592.9960386595194 ], [ 13490423.600972155109048, 72597.159657292344491 ], [ 13490394.26828633248806, 72565.442680839521927 ], [ 13490211.136592028662562, 72597.337780015295721 ], [ 13490159.885098464787006, 72626.260457905402291 ], [ 13490122.069867445155978, 72640.087235161030549 ], [ 13490104.247616967186332, 72655.183137288870057 ], [ 13490044.535842107608914, 72726.26524828109541 ], [ 13490022.027041068300605, 72746.070273453457048 ], [ 13490003.280838817358017, 72754.56450312679226 ], [ 13489945.472627250477672, 72760.509350707550766 ], [ 13489909.227001048624516, 72749.176289269249537 ], [ 13489890.781361423432827, 72747.283734827462467 ], [ 13489873.905326619744301, 72751.681140746150049 ], [ 13489725.43852174654603, 72880.29692966795119 ], [ 13489705.746103826910257, 72888.156598851099261 ], [ 13489681.678829915821552, 72890.661450951156439 ], [ 13489636.371797164902091, 72881.209809085834422 ], [ 13489610.122661236673594, 72894.090315177410957 ], [ 13489600.73842816054821, 72905.412246879379381 ], [ 13489586.667644523084164, 72948.829686214448884 ], [ 13489525.69795941747725, 73033.115191560180392 ], [ 13489521.634798003360629, 73042.544570642348845 ], [ 13489518.495588362216949, 73093.821692743615131 ], [ 13489482.227698262780905, 73118.981550300159142 ], [ 13489471.919513415545225, 73130.615201634631376 ], [ 13489462.223585765808821, 73150.743088919960428 ], [ 13489432.812976298853755, 73249.523378179990686 ], [ 13489396.54508619941771, 73302.359095164618338 ], [ 13489327.437946315854788, 73417.159347135384451 ], [ 13489240.54195180349052, 73506.154050683806418 ], [ 13489226.471168166026473, 73529.744217808416579 ], [ 13489217.398629665374756, 73552.388107348859194 ], [ 13489213.636030875146389, 73575.354845818888862 ], [ 13489210.808515811339021, 73625.374023112657596 ], [ 13489200.155240541324019, 73699.617942739801947 ], [ 13489178.893217800185084, 73747.733440743759274 ], [ 13489099.80071959272027, 73845.545292060254724 ], [ 13489093.533432260155678, 73890.220799695249298 ], [ 13489101.314664665609598, 73973.270718863335787 ], [ 13489094.435120135545731, 73988.68950550435693 ], [ 13489067.8631576821208, 73999.688611329111154 ], [ 13489063.176607120782137, 74007.236580838187365 ], [ 13489045.966613844037056, 74068.889468408975517 ], [ 13489025.962501347064972, 74081.458286532724742 ], [ 13488963.156044643372297, 74077.662035855653812 ], [ 13488936.895776763558388, 74095.273967370900209 ], [ 13488877.217397751286626, 74092.101147808425594 ], [ 13488853.083332147449255, 74094.828659361010068 ], [ 13488842.430056877434254, 74105.393591992673464 ], [ 13488812.507377753034234, 74162.548879112844588 ], [ 13488797.501510392874479, 74172.924557117177756 ], [ 13488710.6277797780931, 74193.030216984683648 ], [ 13488653.120130835101008, 74216.286432446417166 ], [ 13488563.118322528898716, 74216.564750014164019 ], [ 13488539.685569716617465, 74223.478158442376298 ], [ 13488537.79313837364316, 74268.777128223984619 ], [ 13488530.279072744771838, 74291.421048167307163 ], [ 13488511.844565069302917, 74310.613830602640519 ], [ 13488483.71412974409759, 74326.956641234603012 ], [ 13488454.014089601114392, 74360.287960888963426 ], [ 13488439.319916816428304, 74369.405646879546111 ], [ 13488419.004109749570489, 74375.061061465341481 ], [ 13488373.385382419452071, 74372.533937223895919 ], [ 13488358.301591418683529, 74375.428440761301317 ], [ 13488288.682381875813007, 74432.272040258423658 ], [ 13488249.609240606427193, 74455.851114404722466 ], [ 13488138.991062605753541, 74464.623688048392069 ], [ 13488119.92203383333981, 74473.41852724882483 ], [ 13488111.795711006969213, 74481.601067644718569 ], [ 13488002.32412375882268, 74763.113930132589303 ], [ 13487986.672603351995349, 74835.46544227861159 ], [ 13487986.004686407744884, 74936.127463657350745 ], [ 13487982.25321956910193, 74946.514289088430814 ], [ 13487971.933902772143483, 74960.040541153561207 ], [ 13487918.801109816879034, 75007.19873617545818 ], [ 13487934.085275901481509, 75070.131999517368968 ], [ 13487935.332054199650884, 75090.259957918271539 ], [ 13487930.010982539504766, 75101.904783750505885 ], [ 13487882.499823870137334, 75138.999010728250141 ], [ 13487871.245423348620534, 75157.245541677650181 ], [ 13487854.658819222822785, 75219.210275534001994 ], [ 13487828.398551343008876, 75251.606501054935507 ], [ 13487705.557493252679706, 75323.290114873685525 ], [ 13487664.881351314485073, 75352.057077962570474 ], [ 13487653.181672835722566, 75376.983251940400805 ], [ 13487639.656354703009129, 75469.496216789950267 ], [ 13487620.63185372762382, 75496.125703717494616 ], [ 13487614.04173987172544, 75527.965309379957034 ], [ 13487606.338431106880307, 75548.649921339791035 ], [ 13487651.055470561608672, 75553.31453523383243 ], [ 13487749.361712880432606, 75596.387069735501427 ], [ 13487800.657734237611294, 75609.31217057754111 ], [ 13487876.889321532100439, 75616.759967844554922 ], [ 13487955.024472121149302, 75610.09146176656941 ], [ 13488027.448932830244303, 75612.273477101858589 ], [ 13488063.783614624291658, 75618.262886588054243 ], [ 13488099.884525489062071, 75631.421775321738096 ], [ 13488183.452067228034139, 75688.844408606091747 ], [ 13488213.363614404574037, 75716.587179734400706 ], [ 13488305.480493037030101, 75813.931810148598743 ], [ 13488367.719220338389277, 75891.638309589106939 ], [ 13488463.409454623237252, 75953.669924390313099 ], [ 13488552.420519463717937, 76021.434907349030254 ], [ 13488620.815214604139328, 76062.024878250595066 ], [ 13488685.480706807225943, 76085.114182875040569 ], [ 13488741.541202370077372, 76094.62154389252828 ], [ 13488797.479246495291591, 76088.487403450882994 ], [ 13488844.957009317353368, 76125.002795865293592 ], [ 13488883.07280296459794, 76164.657624234052491 ], [ 13488912.427752688527107, 76210.59132298710756 ], [ 13488949.26337219402194, 76319.458435263732099 ], [ 13488979.241711063310504, 76369.177281335068983 ], [ 13489084.193726981058717, 76469.260686852663639 ], [ 13489048.549226030707359, 76525.236152562851203 ], [ 13489021.654437055811286, 76578.083321003941819 ], [ 13489011.012293735519052, 76619.608485485179699 ], [ 13489011.001161785796285, 76654.209080782587989 ], [ 13489022.233298406004906, 76701.400822986033745 ], [ 13489046.590002993121743, 76753.001140391992521 ], [ 13489092.186466421931982, 76832.934328083472792 ], [ 13489104.04199219122529, 76873.201510909479111 ], [ 13489105.277638537809253, 76911.587260619562585 ], [ 13489085.206734348088503, 77107.880093894404126 ], [ 13489082.034128861501813, 77229.939716915687313 ], [ 13489147.634704787284136, 77274.637770908200764 ], [ 13489176.377397309988737, 77310.518677269894397 ], [ 13489258.809480240568519, 77468.470397179204156 ], [ 13489323.753271169960499, 77613.207562552692252 ], [ 13489344.358508914709091, 77649.71192739160324 ], [ 13489403.079540310427547, 77733.419262164068641 ], [ 13489442.430980304256082, 77779.364230030740146 ], [ 13489516.135615156963468, 77895.167387207082356 ], [ 13489536.128595704212785, 77921.596605872400687 ], [ 13489558.615132845938206, 77938.596360961033497 ], [ 13489622.356673274189234, 77969.445295806959621 ], [ 13489636.093498434871435, 77982.036471109400736 ], [ 13489645.466599563136697, 78005.949685517785838 ], [ 13489612.927912402898073, 78097.171706233493751 ], [ 13489601.65124798566103, 78159.459634119441034 ], [ 13489594.749439556151628, 78228.037593728513457 ], [ 13489592.857008215039968, 78287.174958366915234 ], [ 13489596.58621115423739, 78339.410000651609153 ], [ 13489614.041107309982181, 78441.341824642207939 ], [ 13489619.651609648019075, 78497.339766180113656 ], [ 13489609.588327679783106, 78652.118998701320379 ], [ 13489618.939164906740189, 78712.525550545091392 ], [ 13489644.531515840440989, 78796.845360299499589 ], [ 13489679.496967896819115, 78874.251714807338431 ], [ 13489697.597517099231482, 78934.658292639331194 ], [ 13489700.703330894932151, 78984.366254089924041 ], [ 13489690.66231282427907, 79088.803086376574356 ], [ 13489692.532480269670486, 79120.264394021432963 ], [ 13489731.828260518610477, 79310.924857992577017 ], [ 13489730.570350272580981, 79342.386179244655068 ], [ 13489801.770296586677432, 79438.050428020884283 ], [ 13489867.983129708096385, 79539.381297313637333 ], [ 13489889.211756601929665, 79587.842441963875899 ], [ 13489922.930430363863707, 79683.484470998009783 ], [ 13489966.634462447836995, 79774.10561619035434 ], [ 13490055.088929835706949, 79808.116381839514361 ], [ 13490148.107496339827776, 79850.398836046413635 ], [ 13490195.006397811695933, 79878.164093561106711 ], [ 13490230.662030713632703, 79907.398885186412372 ], [ 13490293.513015212491155, 79972.203050369091216 ], [ 13490334.890469942241907, 80031.797061473087524 ], [ 13490356.263812176883221, 80045.624030861348729 ], [ 13490389.32570094242692, 80079.044774849331588 ], [ 13490411.133189186453819, 80122.195612111187074 ], [ 13490435.289518687874079, 80196.395912314706948 ], [ 13490457.330777864903212, 80225.207674718360067 ], [ 13490513.736363850533962, 80279.59155064119841 ], [ 13490524.801521234214306, 80294.888060498808045 ], [ 13490542.590375863015652, 80341.323101622081595 ], [ 13490559.433014821261168, 80410.791979534609709 ], [ 13490570.843262629583478, 80486.305996585520916 ], [ 13490570.075158141553402, 80542.738342507363996 ], [ 13490560.401494391262531, 80614.088697757775662 ], [ 13490554.323450192809105, 80721.643059479625663 ], [ 13490543.625647129490972, 80759.23866364301648 ], [ 13490525.057556064799428, 80784.710605517495424 ], [ 13490485.294233955442905, 80820.179841410223162 ], [ 13490479.661467719823122, 80831.323817170559778 ], [ 13490467.071233311668038, 80901.716788640565937 ], [ 13490453.557047128677368, 80940.225299581012223 ], [ 13490421.140811409801245, 80995.555544519142131 ], [ 13490386.130831554532051, 81035.188480253316811 ], [ 13490362.36412027105689, 81071.03625066272798 ], [ 13490331.083343356847763, 81140.872613228246337 ], [ 13490309.799056718125939, 81232.718633325464907 ], [ 13490282.893135793507099, 81315.758582842550823 ], [ 13490250.332184735685587, 81452.915360324113863 ], [ 13490215.934462081640959, 81523.998656325013144 ], [ 13490194.672439340502024, 81551.674943144316785 ], [ 13490166.542004015296698, 81569.910566594087868 ], [ 13490134.036712702363729, 81584.995591380255064 ], [ 13490037.778749015182257, 81612.649615863483632 ], [ 13490019.644803963601589, 81622.7025889120996 ], [ 13489992.137757791206241, 81657.926961194141768 ], [ 13489987.094984857365489, 81749.160768872592598 ], [ 13489990.824187798425555, 81806.417088931484614 ], [ 13490045.070175664499402, 81842.398509070757427 ], [ 13490095.798467615619302, 81894.032742150564445 ], [ 13490105.594582807272673, 81908.66132921204553 ], [ 13490130.596940437331796, 81957.467820668243803 ], [ 13490168.011421293020248, 82073.884236297511961 ], [ 13490139.480235803872347, 82106.470150015011313 ], [ 13490095.676016177982092, 82168.246457646833733 ], [ 13490074.391729537397623, 82253.81372582410404 ], [ 13490064.384107314050198, 82270.791360158429598 ], [ 13490047.508072510361671, 82287.780127951220493 ], [ 13490037.500450288876891, 82306.650352363431011 ], [ 13490038.090443590655923, 82386.551009673916269 ], [ 13490004.894971435889602, 82548.879527172088274 ], [ 13489925.468514753505588, 82695.443933079775888 ], [ 13489916.696538880467415, 82735.077004384671454 ], [ 13489916.618615236133337, 82947.125123055215226 ], [ 13490070.328568125143647, 83030.243290227052057 ], [ 13490134.07010855153203, 83052.920992450934136 ], [ 13490175.926237089559436, 83074.952987909564399 ], [ 13490230.283544445410371, 83122.802165897461236 ], [ 13490254.640249028801918, 83161.188387450878508 ], [ 13490279.620342763140798, 83224.122648737087729 ], [ 13490368.542352009564638, 83492.002483849588316 ], [ 13490371.893068682402372, 83540.541942746553104 ], [ 13490367.651796083897352, 83713.191048161359504 ], [ 13490396.060530135408044, 83806.351230588901672 ], [ 13490432.3061563372612, 83957.06859036195965 ], [ 13490433.731045816093683, 83984.166102620976744 ], [ 13490416.643503982573748, 84093.658325567856082 ], [ 13490418.70291456207633, 84136.787246623964165 ], [ 13490426.651126204058528, 84169.005911378917517 ], [ 13490468.006317034363747, 84270.026023435551906 ], [ 13490480.418440258130431, 84312.520383697905345 ], [ 13490490.069840108975768, 84451.526064091434819 ], [ 13490499.765767758712173, 84499.943156962603098 ], [ 13490604.862499015405774, 84508.649105196906021 ], [ 13490637.022699905559421, 84521.80822418241587 ], [ 13490659.31999391131103, 84537.205061827728059 ], [ 13490730.9429542850703, 84625.889965623719036 ], [ 13490774.068125020712614, 84697.407906485546846 ], [ 13490801.441587805747986, 84732.209448806985165 ], [ 13490819.753644041717052, 84747.773287168107345 ], [ 13490891.710562890395522, 84793.496240122374729 ], [ 13490876.726959431543946, 84832.762095820522518 ], [ 13490877.350348576903343, 84861.785654962339322 ], [ 13490890.708687471225858, 84899.303645409614546 ], [ 13490947.682002862915397, 85005.45619512986741 ], [ 13490959.771299563348293, 85032.564899329532636 ], [ 13490964.212947243824601, 85054.363193184093689 ], [ 13490972.127763038501143, 85188.882512745884014 ], [ 13490971.43758219666779, 85303.028580983766005 ], [ 13490975.099993444979191, 85313.771872729208553 ], [ 13491018.87081722356379, 85371.184473238245118 ], [ 13491028.255050297826529, 85390.110482290343498 ], [ 13491035.412893557921052, 85411.752931210168754 ], [ 13491035.713456181809306, 85439.485103562823497 ], [ 13491067.817997325211763, 85439.451704719205736 ], [ 13491115.663114467635751, 85432.282086341263494 ], [ 13491162.417300602421165, 85441.522433028570958 ], [ 13491189.367749320343137, 85442.758190249747713 ], [ 13491250.003475958481431, 85427.583982431679033 ], [ 13491290.045096797868609, 85395.454296747018816 ], [ 13491361.901828100904822, 85300.523668435402215 ], [ 13491374.436402767896652, 85293.754838148364797 ], [ 13491419.309289505705237, 85286.574089017929509 ], [ 13491443.832973325625062, 85278.580635074293241 ], [ 13491577.661265159025788, 85227.769880825449945 ], [ 13491603.264748042449355, 85224.251870871739811 ], [ 13491676.969382895156741, 85233.514479413206573 ], [ 13491785.973428279161453, 85263.406432482894161 ], [ 13491924.477138726040721, 85290.99386792727455 ], [ 13492064.48366229608655, 85293.498780425579753 ], [ 13492110.280500808730721, 85335.024665092016221 ], [ 13492126.844841040670872, 85363.257815552671673 ], [ 13492201.350976226851344, 85408.580041260720463 ], [ 13492285.196816692128778, 85449.88327699295769 ], [ 13492357.621277401223779, 85421.227069395536091 ], [ 13492413.603849321603775, 85390.088216396878124 ], [ 13492427.919535838067532, 85385.879962554608937 ], [ 13492449.337405866011977, 85388.819060472291312 ], [ 13492497.961759444326162, 85424.099369846197078 ], [ 13492521.817526321858168, 85429.966433223627973 ], [ 13492545.673293199390173, 85423.297797625666135 ], [ 13492617.385309167206287, 85384.55514190827671 ], [ 13492708.633895769715309, 85350.967043222306529 ], [ 13492775.548041686415672, 85340.568871951152687 ], [ 13492790.442589554935694, 85341.982756040015374 ], [ 13492803.355650486424565, 85351.122904463642044 ], [ 13492826.153882201761007, 85384.989326825569151 ], [ 13492838.087331615388393, 85417.241474225273123 ], [ 13492846.536480966955423, 85444.617392561514862 ], [ 13492845.779508428648114, 85483.282122523203725 ], [ 13492895.194230392575264, 85512.539513133597211 ], [ 13493076.856507416814566, 85668.000046556277084 ], [ 13493093.02009748108685, 85698.526605284248944 ], [ 13493104.920151045545936, 85788.625610090995906 ], [ 13493120.527143657207489, 85836.541855378105538 ], [ 13493126.772167088463902, 85845.793342886157916 ], [ 13493186.105455681681633, 85885.404406966481474 ], [ 13493209.426889002323151, 85906.690623770729871 ], [ 13493231.657391315326095, 85928.900877157080686 ], [ 13493288.39693577028811, 86001.988760946056573 ], [ 13493307.510492339730263, 86012.732068501922186 ], [ 13493358.583874717354774, 86026.25861670426093 ], [ 13493418.852247031405568, 86023.508775186535786 ], [ 13493442.374055437743664, 86026.848663671684335 ], [ 13493463.135140469297767, 86035.922027508800966 ], [ 13493542.494805455207825, 86086.821931919068447 ], [ 13493610.27724340185523, 86123.672041113910382 ], [ 13493624.058596361428499, 86139.948434670441202 ], [ 13493624.225575596094131, 86183.790050200914266 ], [ 13493619.984302997589111, 86201.369002822990296 ], [ 13493603.44222666323185, 86228.733833476915606 ], [ 13493585.052246786653996, 86245.566878996323794 ], [ 13493513.740980984643102, 86289.564365889469627 ], [ 13493464.292863175272942, 86330.054971701189061 ], [ 13493436.362802933901548, 86355.204348907267558 ], [ 13493420.922789562493563, 86385.619622293263092 ], [ 13493418.718663644045591, 86405.235916053410619 ], [ 13493436.34053903631866, 86434.281837202681345 ], [ 13493523.414644733071327, 86504.619954948269879 ], [ 13493540.858408942818642, 86524.2362536691071 ], [ 13493552.057149715721607, 86553.092921606250457 ], [ 13493550.209246169775724, 86576.772758077117032 ], [ 13493532.732086112722754, 86615.615708215089398 ], [ 13493441.639346797019243, 86764.753072564970353 ], [ 13493453.973546378314495, 86800.757128364173695 ], [ 13493471.840324649587274, 86824.715301844640635 ], [ 13493525.974993024021387, 86875.503961759415688 ], [ 13493646.979279514402151, 86961.406056696709129 ], [ 13493766.1801902577281, 87033.837254756770562 ], [ 13493913.30002929084003, 87105.388958050156361 ], [ 13493925.511777428910136, 87115.876232115901075 ], [ 13493936.955421082675457, 87135.826546063108253 ], [ 13493942.220832996070385, 87152.6596241191437 ], [ 13493946.18380686827004, 87195.399168286501663 ], [ 13493935.374684313312173, 87304.11282198507979 ], [ 13493937.712393620982766, 87424.839002317268751 ], [ 13493935.062989739701152, 87481.350087529077427 ], [ 13493926.446861149743199, 87505.152433985800599 ], [ 13493915.459627410396934, 87521.985525386800873 ], [ 13493862.705320723354816, 87583.428540774009889 ], [ 13493858.653291258960962, 87609.323896313901059 ], [ 13493877.911563165485859, 87708.307403223385336 ], [ 13493888.331067504361272, 87825.782851275696885 ], [ 13493921.57106745429337, 87880.924625592349912 ], [ 13493929.819841722026467, 87931.423942539389827 ], [ 13493937.85710895806551, 88031.509686200690339 ], [ 13493942.443471979349852, 88047.786146228303551 ], [ 13493960.811187960207462, 88074.071183092339197 ], [ 13493991.66895080730319, 88104.419770506108762 ], [ 13494026.578743120655417, 88100.545482640096452 ], [ 13494079.132674723863602, 88102.237700324694742 ], [ 13494145.456827338784933, 88112.624799800891196 ], [ 13494189.372366456314921, 88125.962147595288116 ], [ 13494220.78672675602138, 88144.108956982774544 ], [ 13494275.455728685483336, 88187.772632555657765 ], [ 13494360.002881944179535, 88292.345037085120566 ], [ 13494395.647382896393538, 88318.073437066719634 ], [ 13494461.971535513177514, 88327.157978467963403 ], [ 13494513.779626527801156, 88351.973472988291178 ], [ 13494589.66612339951098, 88375.49753879076161 ], [ 13494613.911508493125439, 88385.873511405574391 ], [ 13494687.115205641835928, 88429.169820259645348 ], [ 13494795.117375606670976, 88446.236738703242736 ], [ 13494852.068427097052336, 88473.646233314881101 ], [ 13494906.258755214512348, 88512.322346687549725 ], [ 13494937.483872381970286, 88528.4318283758912 ], [ 13495057.831373879685998, 88556.787634765190887 ], [ 13495170.464434664696455, 88588.66147811592964 ], [ 13495265.642599292099476, 88601.275193192923325 ], [ 13495302.021808883175254, 88617.206549623864703 ], [ 13495405.626858964562416, 88676.445371783338487 ], [ 13495514.953730873763561, 88701.461279622744769 ], [ 13495567.875016795471311, 88699.82472486255574 ], [ 13495596.172431357204914, 88705.012714802636765 ], [ 13495713.369591264054179, 88788.866671933719772 ], [ 13495802.469711694866419, 88835.525193492314429 ], [ 13495832.403522768989205, 88867.721914075460518 ], [ 13495909.525665989145637, 88994.293345543788746 ], [ 13495979.322986718267202, 89070.72162155037222 ], [ 13495999.516342347487807, 89101.81618819385767 ], [ 13496038.255525143817067, 89177.487435666131205 ], [ 13496054.229872072115541, 89229.300593667954672 ], [ 13496136.851198138669133, 89223.210821676562773 ], [ 13496200.314439838752151, 89240.600627834501211 ], [ 13496278.082236109301448, 89214.727446570061147 ], [ 13496359.735082605853677, 89216.386269249065663 ], [ 13496401.379704110324383, 89213.012958706822246 ], [ 13496443.970541287213564, 89196.758723440405447 ], [ 13496481.841432057321072, 89174.793240675324341 ], [ 13496497.737855341285467, 89173.034220813875436 ], [ 13496544.503173423931003, 89180.793947722049779 ], [ 13496587.761927545070648, 89176.875118621377624 ], [ 13496608.511880628764629, 89180.003502076884615 ], [ 13496640.438310589641333, 89202.403173566577607 ], [ 13496663.058431116864085, 89238.908405951311579 ], [ 13496688.929080780595541, 89243.639947416741052 ], [ 13496739.601712986826897, 89243.795809959949111 ], [ 13496782.593300331383944, 89237.305248383592698 ], [ 13496825.985637845471501, 89224.702648811362451 ], [ 13496862.108812607824802, 89205.052836569026113 ], [ 13496874.50980388186872, 89203.839335444150493 ], [ 13496913.449361760169268, 89207.513237942242995 ], [ 13496977.446937017142773, 89227.897830825400888 ], [ 13497017.199127180501819, 89228.320886285408051 ], [ 13497167.747606528922915, 89174.114125411564601 ], [ 13497310.058443557471037, 89143.787733351724455 ], [ 13497356.812629690393806, 89141.505460903077619 ], [ 13497408.019595457240939, 89154.141457286532386 ], [ 13497434.547030113637447, 89155.933876185110421 ], [ 13497466.239689143374562, 89134.948102565322188 ], [ 13497488.258684419095516, 89106.024475571452058 ], [ 13497520.975482765585184, 89076.700061159528559 ], [ 13497570.601711759343743, 89057.473310591012705 ], [ 13497648.736862348392606, 89058.842673806837411 ], [ 13497641.924109511077404, 89003.088441476400476 ], [ 13497636.847940731793642, 88864.148211575389723 ], [ 13497625.67146385461092, 88828.923307428354747 ], [ 13497662.774250134825706, 88833.788440994088887 ], [ 13497727.82936055585742, 88832.096220617517247 ], [ 13497865.086292706429958, 88877.953168427819037 ], [ 13497944.857839807868004, 88916.451187398153706 ], [ 13498034.503425743430853, 88982.180606106019695 ], [ 13498135.136245418339968, 88979.553210461483104 ], [ 13498238.440732875838876, 88965.826181767610251 ], [ 13498334.153231058269739, 88934.141573719636654 ], [ 13498496.345729146152735, 88844.364818489193567 ], [ 13498587.126773888245225, 88819.549297362740617 ], [ 13498836.649412501603365, 88767.658254614216276 ], [ 13499005.576739780604839, 88770.096387578989379 ], [ 13499211.094783682376146, 88763.227309807378333 ], [ 13499327.468179358169436, 88727.211968556788634 ], [ 13499518.002619797363877, 88660.547412370011443 ], [ 13499577.937033642083406, 88643.70314644969767 ], [ 13499629.656069066375494, 88637.85830878309207 ], [ 13499703.238252479583025, 88638.069836240218137 ], [ 13499873.523677546530962, 88653.544739946024492 ], [ 13499926.890241432934999, 88664.933824085892411 ], [ 13500076.036095198243856, 88706.983260353241349 ], [ 13500271.446329334750772, 88739.892485601740191 ], [ 13500464.118104001507163, 88743.766778851349954 ], [ 13500652.849168691784143, 88726.299060407283832 ], [ 13500779.007547607645392, 88706.036953166869353 ], [ 13500821.754232071340084, 88703.810348030194291 ], [ 13500872.905538089573383, 88706.871930095905554 ], [ 13500911.511137498542666, 88712.649970486469101 ], [ 13500984.748230490833521, 88735.550605274693226 ], [ 13501169.327078174799681, 88842.483336580073228 ], [ 13501262.26772103831172, 88864.437670343817445 ], [ 13501322.63628089800477, 88868.45669403221109 ], [ 13501436.560647774487734, 88865.784766922413837 ], [ 13501532.996722649782896, 88855.431049519305816 ], [ 13501613.235811613500118, 88856.744746983269579 ], [ 13501682.498798783868551, 88870.204579691649997 ], [ 13501722.061745811253786, 88884.454857928314595 ], [ 13501823.395878281444311, 88949.12663403377519 ], [ 13501938.889849977567792, 88822.210091174201807 ], [ 13502040.390961682423949, 88728.303005128080258 ], [ 13502102.718744577839971, 88684.116026067058556 ], [ 13502136.470814187079668, 88669.364767942970502 ], [ 13502190.438503324985504, 88636.655942186640459 ], [ 13502308.503955261781812, 88586.557336799654877 ], [ 13502439.026058215647936, 88571.282829755611601 ], [ 13502706.727169673889875, 88572.073274349662825 ], [ 13502846.522186214104295, 88585.555364747662679 ], [ 13502914.749902121722698, 88601.497853656372172 ], [ 13503040.307155786082149, 88540.02130380293238 ], [ 13503199.05988160520792, 88417.123893859330565 ], [ 13503411.379546394571662, 88280.722168849708396 ], [ 13503555.271120196208358, 88232.226756271571503 ], [ 13503617.932861560955644, 88220.715219691570383 ], [ 13503725.255982637405396, 88192.114507710997714 ], [ 13503780.793276593089104, 88182.384254214543034 ], [ 13503973.888065323233604, 88164.159512233847636 ], [ 13504021.132057217881083, 88154.028470882054535 ], [ 13504061.852726949378848, 88136.338114593294449 ], [ 13504088.7363839764148, 88119.037414385165903 ], [ 13504189.781085766851902, 88008.687017496689805 ], [ 13504240.331266537308693, 87892.480685730290134 ], [ 13504283.278326086699963, 87830.93743236408045 ], [ 13504337.602237593382597, 87770.552019498078153 ], [ 13504396.490248220041394, 87719.729863033469883 ], [ 13504458.027662733569741, 87681.131747047518729 ], [ 13504509.301420193165541, 87663.575004842117778 ], [ 13504569.313757678493857, 87665.501013941917336 ], [ 13504662.989109182730317, 87691.841694109069067 ], [ 13504739.78842587955296, 87592.334939765016316 ], [ 13504791.796891978010535, 87507.234304383979179 ], [ 13504841.812739193439484, 87454.385971546085784 ], [ 13504891.617079371586442, 87419.684425737446873 ], [ 13504947.978137562051415, 87394.301198488174123 ], [ 13505055.345786429941654, 87440.235934428070323 ], [ 13505211.883254384621978, 87494.910077082400676 ], [ 13505279.031171232461929, 87527.028773127574823 ], [ 13505419.182410139590502, 87613.587835047292174 ], [ 13505508.616489045321941, 87652.519935423886636 ], [ 13505655.725196126848459, 87743.632418731591315 ], [ 13505819.097680814564228, 87830.870634336679359 ], [ 13505858.37119716592133, 87856.665806645745761 ], [ 13505887.436716210097075, 87893.382459221422323 ], [ 13505907.808183027431369, 87969.866217269955087 ], [ 13505917.526374574750662, 88079.103303831521771 ], [ 13505916.023561445996165, 88206.097572591635981 ], [ 13506071.614813730120659, 88198.560522440107889 ], [ 13506161.872656865045428, 88198.872246816172265 ], [ 13506220.44897291995585, 88208.001317922680755 ], [ 13506275.340613830834627, 88227.116702763931244 ], [ 13506308.66966937482357, 88247.334256842121249 ], [ 13506419.733125338330865, 88347.509133139683399 ], [ 13506461.611517775803804, 88378.035866833699401 ], [ 13506493.226253161206841, 88399.533724636057741 ], [ 13506607.97438426874578, 88455.566209065989824 ], [ 13506643.407378189265728, 88481.706539920967771 ], [ 13506693.968690907582641, 88541.290468276696629 ], [ 13506741.657960765063763, 88582.026196537539363 ], [ 13506775.254183085635304, 88571.427559047369868 ], [ 13506851.162943858653307, 88536.703663353051525 ], [ 13506936.155375076457858, 88520.293589802080533 ], [ 13507020.747056130319834, 88520.193392611239688 ], [ 13507079.379031931981444, 88526.194091079261852 ], [ 13507130.229775326326489, 88536.425337813037913 ], [ 13507178.842996956780553, 88552.356691994558787 ], [ 13507241.159647904336452, 88564.458287049521459 ], [ 13507260.395655913278461, 88563.935035002839868 ], [ 13507283.461054401472211, 88551.877972049551317 ], [ 13507380.598442072048783, 88466.754893939141766 ], [ 13507462.830149920657277, 88432.298198609263636 ], [ 13507509.873766727745533, 88432.18686841854651 ], [ 13507558.486988360062242, 88438.699684622362838 ], [ 13507655.8470150064677, 88479.468802851784858 ], [ 13507693.51753069087863, 88487.44004539665184 ], [ 13507715.402942581102252, 88477.364662035484798 ], [ 13507745.715239923447371, 88449.7881719096913 ], [ 13507805.560598174110055, 88377.646211212166236 ], [ 13507838.644750837236643, 88351.661748508675373 ], [ 13507871.851354941725731, 88338.279862118593883 ], [ 13507906.126626156270504, 88333.648527152327006 ], [ 13507971.827389623969793, 88341.708831306255888 ], [ 13508071.313618544489145, 88386.096171764686005 ], [ 13508206.099257998168468, 88456.501382716596709 ], [ 13508264.575386509299278, 88491.703992233640747 ], [ 13508391.401682371273637, 88537.627704147089389 ], [ 13508470.015506768599153, 88531.927597109839553 ], [ 13508533.823838893324137, 88516.664224903201102 ], [ 13508645.889170272275805, 88507.746675073925871 ], [ 13508750.885713988915086, 88530.691831726333476 ], [ 13508855.103021271526814, 88570.314256804194883 ], [ 13508931.045177889987826, 88613.554917912304518 ], [ 13508972.033014399930835, 88660.213421631939127 ], [ 13509023.662994230166078, 88729.060050913773011 ], [ 13509104.291701409965754, 88850.888773571161437 ], [ 13509196.341788347810507, 89025.822095291368896 ], [ 13509258.22429327853024, 89080.897215270844754 ], [ 13509346.311406346037984, 89144.789706625466351 ], [ 13509434.765873730182648, 89226.639797486190218 ], [ 13509500.166074570268393, 89274.745658885120065 ], [ 13509611.441037565469742, 89259.582459257013397 ], [ 13509704.081117805093527, 89235.646425628467114 ], [ 13509835.426984993740916, 89193.374280005737091 ], [ 13509927.143113458529115, 89184.044794615212595 ], [ 13510074.652570707723498, 89178.489409013913246 ], [ 13510216.751900704577565, 89347.333082597106113 ], [ 13510264.39664276316762, 89382.502361528851907 ], [ 13510252.563380893319845, 89574.803439994691871 ], [ 13510254.389020543545485, 89642.837494712744956 ], [ 13510240.741250971332192, 89866.35576595668681 ], [ 13510224.243702435865998, 90028.876118325002608 ], [ 13510216.451338080689311, 90065.982602366231731 ], [ 13510160.168203536421061, 90155.225211931960075 ], [ 13510066.693227117881179, 90253.719414909413899 ], [ 13510019.794325646013021, 90316.086841553318664 ], [ 13509977.971592951565981, 90401.81145135431143 ], [ 13509898.934754490852356, 90529.619081747441669 ], [ 13509852.34754759259522, 90617.180689227941912 ], [ 13509816.246636727824807, 90702.170573520284961 ], [ 13509786.602256331592798, 90739.288246141950367 ], [ 13509697.312892764806747, 90781.649600924050901 ], [ 13509573.759389935061336, 90851.598727192234946 ], [ 13509450.528713624924421, 90961.348627738057985 ], [ 13509360.972183281555772, 91061.034247494622832 ], [ 13509299.134206147864461, 91113.894131724373437 ], [ 13509245.511607430875301, 91176.161480210605077 ], [ 13509216.880234399810433, 91196.635226765472908 ], [ 13509176.371071698144078, 91215.895467721056775 ], [ 13509078.421051753684878, 91248.315019693414797 ], [ 13508818.445512952283025, 91323.374307381120161 ], [ 13508678.33880184032023, 91408.419991404254688 ], [ 13508614.118587601929903, 91453.386553510921658 ], [ 13508678.060503114014864, 91526.586648861906724 ], [ 13508716.28761625289917, 91583.409970734559465 ], [ 13508772.136604780331254, 91671.784501053960412 ], [ 13508797.072170721367002, 91730.511601669568336 ], [ 13508801.380235016345978, 91783.082104778775829 ], [ 13508796.070295302197337, 91845.616741438265308 ], [ 13508795.613885389640927, 91979.024738033040194 ], [ 13508801.268915520980954, 92059.873365745035699 ], [ 13508811.688419859856367, 92131.971383324620547 ], [ 13508839.874514929950237, 92193.158962758985581 ], [ 13508890.569411037489772, 92265.012073603327735 ], [ 13508906.432438474148512, 92293.824573152218363 ], [ 13508930.811406958848238, 92366.612882179804728 ], [ 13508977.521065296605229, 92571.328674200500245 ], [ 13508980.493295699357986, 92611.753040527153644 ], [ 13508968.938332557678223, 92660.627451491585816 ], [ 13508924.822418354451656, 92759.745664285102976 ], [ 13508933.471942789852619, 92850.068727753212443 ], [ 13508945.449919996783137, 92923.603048688833951 ], [ 13508974.704682178795338, 93057.623694456080557 ], [ 13508995.343315772712231, 93111.819793807517271 ], [ 13509017.050616474822164, 93217.05020147866162 ], [ 13508969.706437043845654, 93247.866728543871432 ], [ 13508907.21167491003871, 93297.553929765505018 ], [ 13508868.895506178960204, 93346.651080159193953 ], [ 13508859.377689715474844, 93397.874666317919036 ], [ 13508871.867736583575606, 93499.587069124754635 ], [ 13508866.524401023983955, 93560.374046249315143 ], [ 13508841.065633481368423, 93601.655756437932723 ], [ 13508670.090027572587132, 93763.320226140669547 ], [ 13508556.878105435520411, 93852.741712006565649 ], [ 13508407.954890651628375, 93962.792955927841831 ], [ 13508354.766437951475382, 94019.349397674130159 ], [ 13508327.782593382522464, 94063.692770457157167 ], [ 13508311.429760186001658, 94109.561390823480906 ], [ 13508306.476042844355106, 94147.414139451269875 ], [ 13508308.7246965598315, 94229.999941938614938 ], [ 13508349.211595358327031, 94473.036980026532547 ], [ 13508382.507255056872964, 94536.295658047951292 ], [ 13508404.147764066234231, 94597.038248158627539 ], [ 13508437.254180626943707, 94713.313127502406132 ], [ 13508454.219271024689078, 94788.640206119351205 ], [ 13508465.373484004288912, 94824.210712662199512 ], [ 13508492.14582153968513, 94884.029289470461663 ], [ 13508641.792613010853529, 94780.468453232999309 ], [ 13508772.470563255250454, 94711.676550564152421 ], [ 13508920.72586109302938, 94661.599525901823654 ], [ 13509000.764574972912669, 94657.847645898669725 ], [ 13509144.44464173913002, 94680.993517419614363 ], [ 13509204.523770920932293, 94701.912754946257337 ], [ 13509248.973643595352769, 94731.771934489806881 ], [ 13509318.125311275944114, 94801.844155934813898 ], [ 13509526.392946600914001, 94922.316300298014539 ], [ 13509564.720247281715274, 94949.392199522335432 ], [ 13509599.886074423789978, 94985.619577229736024 ], [ 13509627.337460853159428, 95029.60678765551711 ], [ 13509675.728043500334024, 95125.530317639975692 ], [ 13509702.789811711758375, 95160.165664357802598 ], [ 13509815.111177921295166, 95015.167047364302562 ], [ 13509907.829181803390384, 94958.488009801905719 ], [ 13509981.956830725073814, 94925.689654425514163 ], [ 13510041.457098552957177, 94915.168797580918181 ], [ 13510146.598357608541846, 94909.446342220442602 ], [ 13510199.586435224860907, 94884.997876209934475 ], [ 13510269.773374168202281, 94810.405570492672268 ], [ 13510301.031887182965875, 94753.3146324295667 ], [ 13510319.232623927295208, 94703.181937032262795 ], [ 13510389.041076604276896, 94611.288710423905286 ], [ 13510446.1702392809093, 94587.229922451937455 ], [ 13510583.34924778342247, 94569.784240391323692 ], [ 13510627.420634191483259, 94568.604124080913607 ], [ 13510676.634981069713831, 94574.994565272136242 ], [ 13510716.342643434181809, 94601.480384392212727 ], [ 13510752.298838961869478, 94637.306938449983136 ], [ 13510788.444277621805668, 94690.055922481740708 ], [ 13510832.315288946032524, 94729.266969683259958 ], [ 13510938.20238858833909, 94847.501324490644038 ], [ 13510975.550077747553587, 94868.019775633947575 ], [ 13511075.737619461491704, 94904.46981009162846 ], [ 13511186.589568393304944, 94959.044668943999568 ], [ 13511277.092314409092069, 95016.580961773783201 ], [ 13511315.80923330783844, 95054.211126513517229 ], [ 13511403.195033580064774, 95016.747959538988653 ], [ 13511524.555542441084981, 94977.882014739312581 ], [ 13511608.379119008779526, 94931.957635927654337 ], [ 13511644.947571735829115, 94921.225248473667307 ], [ 13511686.057859685271978, 94916.270982571571949 ], [ 13511785.666540047153831, 94923.084489849454258 ], [ 13511839.433854099363089, 94919.92266619723523 ], [ 13511911.580016084015369, 94895.073405066301348 ], [ 13511965.146955052390695, 94893.314362442295533 ], [ 13512017.712018605321646, 94905.271399155433755 ], [ 13512132.326566327363253, 94953.277680266837706 ], [ 13512231.334121437743306, 94999.279993651245604 ], [ 13512361.566793717443943, 95069.775319878928713 ], [ 13512421.234040781855583, 95086.308101005095523 ], [ 13512482.292781481519341, 95112.003495430864859 ], [ 13512528.334522876888514, 95139.090539839511621 ], [ 13512571.214790727943182, 95170.141000994946808 ], [ 13512631.505426941439509, 95144.501269014523132 ], [ 13512739.83042343147099, 95118.683407579446794 ], [ 13512781.341461548581719, 95098.398741344222799 ], [ 13512823.052874747663736, 95070.766173409880139 ], [ 13512914.000898726284504, 94997.576616518665105 ], [ 13512959.875660885125399, 94949.83752682650811 ], [ 13513046.448828872293234, 94836.913670486421324 ], [ 13513117.882546117529273, 94695.577977748442208 ], [ 13513259.19150773063302, 94747.091186247067526 ], [ 13513399.298218842595816, 94818.499391694640508 ], [ 13513440.408506792038679, 94833.239721208505216 ], [ 13513541.931882394477725, 94847.701721729827113 ], [ 13513567.245934601873159, 94844.150237338020816 ], [ 13513591.758486473932862, 94805.161843220441369 ], [ 13513654.531547332182527, 94730.090824773578788 ], [ 13513686.725144071504474, 94704.395453240838833 ], [ 13513730.095217680558562, 94677.286169949278701 ], [ 13513881.489725161343813, 94615.741979978658492 ], [ 13514070.120602309703827, 94579.548033008133643 ], [ 13514106.032270040363073, 94509.765310255665099 ], [ 13514112.811627028509974, 94484.682276268009446 ], [ 13514173.135659091174603, 94341.788055912562413 ], [ 13514196.412564616650343, 94303.144835467086523 ], [ 13514283.553462009876966, 94210.650503379642032 ], [ 13514355.733019838109612, 94115.239302906338708 ], [ 13514379.577654765918851, 94072.966692580564995 ], [ 13514443.01863256841898, 93897.964587005335488 ], [ 13514553.492095233872533, 93931.642383491416695 ], [ 13514648.926294689998031, 93992.763415869820165 ], [ 13514697.94026648811996, 94014.873867959599011 ], [ 13514747.154613366350532, 94026.44121972953144 ], [ 13514802.291157154366374, 94026.263089189844322 ], [ 13514962.980842117220163, 94014.3840089886653 ], [ 13515041.650326257571578, 94014.027747919259127 ], [ 13515158.057117782533169, 94047.104362833197229 ], [ 13515311.83386236615479, 94065.785804484432447 ], [ 13515490.969186946749687, 94114.125986805796856 ], [ 13515681.592682983726263, 94225.05681716100662 ], [ 13515706.37240163423121, 94245.541839130703011 ], [ 13515734.480573058128357, 94277.716685382634751 ], [ 13515780.53344639763236, 94343.001571102198795 ], [ 13515813.105529407039285, 94378.371643771810341 ], [ 13515932.540211079642177, 94482.544707527049468 ], [ 13515975.420478930696845, 94531.998253720492357 ], [ 13516051.507350889965892, 94604.809203304132097 ], [ 13516095.868167970329523, 94527.723115779284853 ], [ 13516125.612735910341144, 94455.435438217173214 ], [ 13516156.303519520908594, 94403.621669095999096 ], [ 13516192.382166486233473, 94359.478658418549458 ], [ 13516230.37550869397819, 94332.458462183436495 ], [ 13516268.368850903585553, 94297.288790262275143 ], [ 13516422.401630315929651, 94130.981592875075876 ], [ 13516456.098040176555514, 94093.563038944106665 ], [ 13516503.197316732257605, 94018.547810259158723 ], [ 13516519.294115101918578, 94004.453231788647827 ], [ 13516625.682152451947331, 93981.819521824363619 ], [ 13516793.162326350808144, 93972.456536395708099 ], [ 13516834.484121331945062, 93966.066104126672144 ], [ 13516880.726237809285522, 93949.132572385540698 ], [ 13516945.56984119489789, 93912.682618734368589 ], [ 13516994.03834748454392, 93895.904953255594592 ], [ 13517043.464201396331191, 93889.692652599493158 ], [ 13517215.219043744727969, 93895.036567137023667 ], [ 13517302.61597596667707, 93884.682732780405786 ], [ 13517396.20227187499404, 93898.309714823815739 ], [ 13517436.555587287992239, 93910.801115406793542 ], [ 13517538.546504752710462, 93956.914649020662182 ], [ 13517582.562231412157416, 93964.451796338471468 ], [ 13517688.70536588318646, 93970.096307044950663 ], [ 13517861.428687795996666, 93965.052986824404798 ], [ 13517927.207374909892678, 93972.757131644131732 ], [ 13518048.245057247579098, 94074.380603894154774 ], [ 13518137.033483102917671, 94140.801041363767581 ], [ 13518385.96612841822207, 94307.108242532922304 ], [ 13518533.620301006361842, 94325.589298433143995 ], [ 13518610.464145500212908, 94364.945043606523541 ], [ 13518640.008338356390595, 94384.160891069943318 ], [ 13518745.683930967003107, 94350.282662311627064 ], [ 13518838.969664249569178, 94328.5729870502837 ], [ 13518908.087936084717512, 94325.72289643046679 ], [ 13519009.77829092182219, 94335.520083015027922 ], [ 13519066.506703432649374, 94335.698213682262576 ], [ 13519190.126997958868742, 94326.312954252571217 ], [ 13519254.48079558648169, 94329.697436870323145 ], [ 13519298.017848437651992, 94322.99527065960865 ], [ 13519347.599549632519484, 94308.778217431114172 ], [ 13519391.782255530357361, 94304.636679695438943 ], [ 13519474.570560833439231, 94300.829136973567074 ], [ 13519552.115718118846416, 94291.109883335768245 ], [ 13519598.513681881129742, 94292.724192344088806 ], [ 13519827.7984370701015, 94285.777097068552393 ], [ 13519940.309046415612102, 94267.429640853006276 ], [ 13519982.73290435411036, 94267.284909708760097 ], [ 13520052.953239146620035, 94286.667750302745844 ], [ 13520127.303527049720287, 94337.08985952254443 ], [ 13520186.714739285409451, 94384.138624734026962 ], [ 13520217.049300525337458, 94396.785903716692701 ], [ 13520248.519320573657751, 94401.283703726061503 ], [ 13520292.368067998439074, 94400.18152005605225 ], [ 13520361.497471779584885, 94386.287326154735638 ], [ 13520431.105549370869994, 94356.250039908307372 ], [ 13520563.330840537324548, 94312.463295396024478 ], [ 13520657.08411568403244, 94296.665332982796826 ], [ 13520725.245039895176888, 94296.375870674761245 ], [ 13520763.383097443729639, 94309.824735037283972 ], [ 13520852.995287528261542, 94317.707016663189279 ], [ 13520907.497310223057866, 94315.480383420945145 ], [ 13521044.320096356794238, 94292.980255152840982 ], [ 13521053.860176715999842, 94280.511109858896816 ], [ 13521065.671174690127373, 94143.105605837321491 ], [ 13521078.561971725896001, 94103.438152386355796 ], [ 13521093.979721199721098, 94076.25097477278905 ], [ 13521113.85025030374527, 94058.493584911935613 ], [ 13521151.342654805630445, 94062.189793901256053 ], [ 13521223.633532125502825, 94085.736427210373222 ], [ 13521300.844730939716101, 94117.276671377752791 ], [ 13521343.42443616874516, 94141.290900477892137 ], [ 13521389.488441459834576, 94178.108267758259899 ], [ 13521492.113880019634962, 94246.131896843144204 ], [ 13521598.368333984166384, 94361.994754239858594 ], [ 13521658.881609179079533, 94434.805675076582702 ], [ 13521760.260269444435835, 94308.755951099112281 ], [ 13521843.861207028850913, 94244.962914583418751 ], [ 13521970.21996103040874, 94163.579490757896565 ], [ 13522003.270717846229672, 94154.795425819960656 ], [ 13522033.30471646040678, 94160.729401227406925 ], [ 13522077.19799168035388, 94069.081219781961408 ], [ 13522092.148199295625091, 94021.42016516966396 ], [ 13522113.966819489374757, 93905.924793211219367 ], [ 13522128.917027104645967, 93874.106235574727179 ], [ 13522147.195687491446733, 93851.39460034215881 ], [ 13522206.640295576304197, 93815.902106096662465 ], [ 13522442.793463347479701, 93742.089305847184733 ], [ 13522503.173155153170228, 93730.43289645810728 ], [ 13522570.866537502035499, 93729.820573146396782 ], [ 13522645.227957351133227, 93744.571998622850515 ], [ 13522671.499357180669904, 93608.291112594481092 ], [ 13522696.512846760451794, 93436.807267781463452 ], [ 13522714.179249947890639, 93379.070788847617223 ], [ 13522738.502558687701821, 93343.400202910008375 ], [ 13522793.182692566886544, 93297.353533244604478 ], [ 13522963.356798142194748, 93296.774609962565592 ], [ 13523033.276570310816169, 93292.165490013649105 ], [ 13523113.059249360114336, 93257.007035581074888 ], [ 13523209.829282706603408, 93240.73038664185151 ], [ 13523262.539061598479748, 93364.241443777369568 ], [ 13523301.44522362947464, 93433.211262410317431 ], [ 13523342.266080904752016, 93481.217379906593123 ], [ 13523368.314841747283936, 93491.459873193176463 ], [ 13523418.06352218426764, 93488.765652109665098 ], [ 13523579.97772154584527, 93468.826189981002244 ], [ 13523634.168049659579992, 93473.646841545341886 ], [ 13523687.545745495706797, 93485.982365883843158 ], [ 13523742.370594713836908, 93493.051912932220148 ], [ 13523885.527459871023893, 93502.381488582861493 ], [ 13523925.413233423605561, 93501.913896481040865 ], [ 13524026.803025636821985, 93483.399476282211253 ], [ 13524088.45175964012742, 93483.588739743892802 ], [ 13524165.195416593924165, 93492.896048901573522 ], [ 13524342.827928051352501, 93536.638177980217733 ], [ 13524397.352214641869068, 93503.539335694265901 ], [ 13524502.126119377091527, 93460.242535711047822 ], [ 13524591.549066329374909, 93435.304293396722642 ], [ 13524662.582033405080438, 93434.691970500716707 ], [ 13524728.661283142864704, 93478.712422346026869 ], [ 13524880.835027055814862, 93624.189248227339704 ], [ 13525001.24932024627924, 93700.384522599604679 ], [ 13525106.423975149169564, 93758.811299614942982 ], [ 13525149.31537495367229, 93777.225533178003388 ], [ 13525195.869186002761126, 93791.164240119047463 ], [ 13525236.233633359894156, 93797.098210542215384 ], [ 13525277.221469873562455, 93819.987973385344958 ], [ 13525311.374289648607373, 93853.431967571785208 ], [ 13525358.540357895195484, 93913.116811811123625 ], [ 13525394.752588249742985, 93970.40803544902883 ], [ 13525532.254423281177878, 94244.005462449247716 ], [ 13525604.511904753744602, 94348.824217426517862 ], [ 13525683.036673557013273, 94279.742921455253963 ], [ 13525728.967095460742712, 94251.765278062928701 ], [ 13525803.974168356508017, 94224.12163139860786 ], [ 13525856.67281529866159, 94219.067175051313825 ], [ 13526001.332493584603071, 94224.990018177893944 ], [ 13526062.190859202295542, 94237.180832763726357 ], [ 13526126.054851070046425, 94262.642379954195349 ], [ 13526384.06003488227725, 94390.395465170251555 ], [ 13526512.300088273361325, 94445.794113280513557 ], [ 13526536.701320657506585, 94444.335668072177214 ], [ 13526573.815238885581493, 94429.005293928974424 ], [ 13526598.327790759503841, 94423.68363912521454 ], [ 13526670.551876386627555, 94426.37786602601409 ], [ 13526754.698279475793242, 94441.752772753476165 ], [ 13526872.641279973089695, 94439.793334935849998 ], [ 13526885.231514381244779, 94445.137256277681445 ], [ 13526910.400851249694824, 94469.162636796114384 ], [ 13526950.141909461468458, 94518.538249252349488 ], [ 13526976.635948270559311, 94541.89564354425238 ], [ 13527047.524200011044741, 94573.94804702179681 ], [ 13527213.824387304484844, 94623.368204198282911 ], [ 13527291.347280692309141, 94628.734394168190192 ], [ 13527340.383516386151314, 94612.079165766495862 ], [ 13527368.88130603171885, 94610.754318080435041 ], [ 13527414.589088950306177, 94624.782117316615768 ], [ 13527494.750254269689322, 94678.844814527517883 ], [ 13527626.585927218198776, 94743.606501751361066 ], [ 13527677.603649847209454, 94759.638277301288326 ], [ 13527735.901667175814509, 94771.005251856011455 ], [ 13527944.625712413340807, 94765.739258709509159 ], [ 13527988.363140346482396, 94769.09034524980234 ], [ 13528017.517714984714985, 94779.778196184328408 ], [ 13528087.059000885114074, 94846.510471475994564 ], [ 13528106.940661938861012, 94853.190379484120058 ], [ 13528151.334874866530299, 94865.21421416089288 ], [ 13528311.022684412077069, 94869.945815862214658 ], [ 13528390.527064735069871, 94889.996674474823521 ], [ 13528421.006341313943267, 94891.343789384700358 ], [ 13528597.948671931400895, 94831.369347042753361 ], [ 13528633.069971274584532, 94824.711705733148847 ], [ 13528728.481906834989786, 94824.077114510029787 ], [ 13528823.893842393532395, 94856.140672220819397 ], [ 13528935.179937338456511, 94949.570330443937564 ], [ 13529009.374377952888608, 94987.623550271629938 ], [ 13529045.119066448882222, 95077.691015005082591 ], [ 13529053.011618342250586, 95235.79341768429731 ], [ 13529075.509287433698773, 95306.511446745615103 ], [ 13529212.576976446434855, 95556.730007987149293 ], [ 13529258.262495469301939, 95669.487056619196665 ], [ 13529282.741651492193341, 95764.887469947672798 ], [ 13529286.02557647228241, 95832.922484299502685 ], [ 13529250.191832387819886, 95987.00607864302583 ], [ 13529259.965683678165078, 96074.101187127089361 ], [ 13529258.507398350164294, 96129.477787212425028 ], [ 13529208.291176050901413, 96289.896290254313499 ], [ 13529186.728590685874224, 96371.424851156276418 ], [ 13529176.208898805081844, 96437.634114643718931 ], [ 13529170.787639603018761, 96530.808056262729224 ], [ 13529171.388764852657914, 96662.836980735170073 ], [ 13529183.288818418979645, 96786.939086215934367 ], [ 13529205.574980476871133, 96877.608127680636244 ], [ 13529250.180700436234474, 96932.071908068741322 ], [ 13529338.223285704851151, 97056.341091667200089 ], [ 13529376.26115570962429, 97126.658628466204391 ], [ 13529390.554578326642513, 97180.18724893910985 ], [ 13529382.528443040326238, 97237.812909577667597 ], [ 13529361.233024451881647, 97285.240526489986223 ], [ 13529314.623553656041622, 97325.275673966767499 ], [ 13529278.645094234496355, 97349.568415489426116 ], [ 13529301.209555014967918, 97365.834087848183117 ], [ 13529377.96434391848743, 97470.664747074872139 ], [ 13529534.02313806116581, 97567.601957195307477 ], [ 13529555.674779020249844, 97568.147486522386316 ], [ 13529580.888643683865666, 97545.290921654072008 ], [ 13529605.712890133261681, 97533.66780780305271 ], [ 13529640.75626583583653, 97534.346936093847034 ], [ 13529687.221021290868521, 97545.725118442132953 ], [ 13529707.55909226089716, 97571.108931453316472 ], [ 13529724.468522911891341, 97634.947001357111731 ], [ 13529736.413104275241494, 97649.230965668743011 ], [ 13529836.945736408233643, 97711.91118897634442 ], [ 13529876.052273524925113, 97753.683165414535324 ], [ 13529966.054081831127405, 97871.740234504643013 ], [ 13529996.499962562695146, 97897.124067393378937 ], [ 13530038.511938385665417, 97899.651317507072235 ], [ 13530079.599962439388037, 97888.57372351034428 ], [ 13530150.75538095459342, 97888.86318827435025 ], [ 13530291.730384096503258, 97918.121396998511045 ], [ 13530317.066700199618936, 97932.271771896092105 ], [ 13530383.858394676819444, 97984.509037297553732 ], [ 13530398.174081191420555, 97990.454199633109965 ], [ 13530526.146967809647322, 98029.754619461222319 ], [ 13530587.706646218895912, 98040.097421785234474 ], [ 13530679.467302475124598, 98049.115365894889692 ], [ 13530780.35615698248148, 98079.331046723047621 ], [ 13530791.666217248886824, 98037.703769986590487 ], [ 13530808.219425527378917, 97996.878092364800978 ], [ 13530827.666940569877625, 97963.311305617869948 ], [ 13530868.12044352479279, 97909.93845028708165 ], [ 13530943.884488958865404, 97852.479695671601803 ], [ 13531027.65240577980876, 97809.293785542686237 ], [ 13531101.969297833740711, 97776.417275888059521 ], [ 13531244.803336471319199, 97747.66007367054408 ], [ 13531378.976718723773956, 97737.796008636665647 ], [ 13531472.963764801621437, 97743.384903243393637 ], [ 13531605.545278334990144, 97770.405317072014441 ], [ 13531633.508734421804547, 97771.863773739765747 ], [ 13531698.753087976947427, 97765.673682879729313 ], [ 13531723.833369251340628, 97755.119355510541936 ], [ 13531793.296731509268284, 97712.590317557638627 ], [ 13531879.947823140770197, 97674.826316817750921 ], [ 13532102.508881082758307, 97538.121108090825146 ], [ 13532158.19089037925005, 97488.97894204716431 ], [ 13532230.570823291316628, 97379.839711782813538 ], [ 13532273.117132674902678, 97344.836786072031828 ], [ 13532335.355859976261854, 97312.216377663833555 ], [ 13532345.586121177300811, 97319.230321919021662 ], [ 13532363.441767502576113, 97323.861751840959187 ], [ 13532461.636690331622958, 97325.487205623780028 ], [ 13532508.368612566962838, 97330.653031386536895 ], [ 13532593.027085315436125, 97362.538646990607958 ], [ 13532632.534372597932816, 97368.895730560092488 ], [ 13532794.003293992951512, 97378.603921416768571 ], [ 13532830.760989854112267, 97370.164920636336319 ], [ 13532991.361619222909212, 97247.443164689320838 ], [ 13533049.804351888597012, 97194.337598797632381 ], [ 13533092.350661270320415, 97163.298122314750799 ], [ 13533275.259716590866446, 97059.091001450186013 ], [ 13533390.809348033741117, 96979.176626528147608 ], [ 13533488.102582989260554, 96927.674280403924058 ], [ 13533537.728811984881759, 96908.658716247009579 ], [ 13533620.305610252544284, 96908.291319524156279 ], [ 13533655.749736122786999, 96915.182791440296569 ], [ 13533717.175831140950322, 96951.944732394360472 ], [ 13533774.394049411639571, 97001.788229255587794 ], [ 13533890.82310483045876, 97029.988718265027273 ], [ 13533930.853593718260527, 97050.885805106634507 ], [ 13533937.154276898130774, 97064.63535402288835 ], [ 13534046.781711431220174, 97030.968443144316552 ], [ 13534149.830164059996605, 97023.086111226017238 ], [ 13534202.740318031981587, 97013.856657798140077 ], [ 13534263.253593230620027, 97023.520307471917477 ], [ 13534394.521536771208048, 97060.315657634637319 ], [ 13534431.802434237673879, 97060.460389729385497 ], [ 13534453.865957314148545, 97053.591181902287644 ], [ 13534485.636539986357093, 97036.034066136126057 ], [ 13534531.322059007361531, 97022.562849084133632 ], [ 13534615.490725995972753, 96989.163139251613757 ], [ 13534657.625153262168169, 96980.846611916858819 ], [ 13534719.162567770108581, 97083.561859341760282 ], [ 13534747.237343348562717, 97115.291590764754801 ], [ 13534796.318106841295958, 97160.381213237007614 ], [ 13534829.658294335007668, 97181.011108791877632 ], [ 13534871.792721597477794, 97197.677571296633687 ], [ 13534965.256566070020199, 97212.384583850973286 ], [ 13535001.223893545567989, 97217.81760603057046 ], [ 13535089.177423220127821, 97229.351645153801655 ], [ 13535158.885688355192542, 97228.839515996776754 ], [ 13535331.531086627393961, 97177.760202355260844 ], [ 13535371.450256025418639, 97172.494179311150219 ], [ 13535414.631086502224207, 97172.371713659755187 ], [ 13535495.35998122766614, 97193.023876288643805 ], [ 13535618.880088211968541, 97244.882518799829995 ], [ 13535649.982753939926624, 97251.896461925731273 ], [ 13535691.081909939646721, 97251.517931658803718 ], [ 13535751.205566916614771, 97235.67532697020215 ], [ 13535836.164602288976312, 97189.316506857590866 ], [ 13535965.874072963371873, 97175.355422267704853 ], [ 13536081.935774063691497, 97128.08368316553242 ], [ 13536173.317944057285786, 97108.689579782992951 ], [ 13536199.311045156791806, 97106.986194167126087 ], [ 13536328.352598885074258, 97110.070101463643368 ], [ 13536353.944949816912413, 97124.754844461422181 ], [ 13536386.750803753733635, 97156.350980117218569 ], [ 13536410.517515037208796, 97165.079440845482168 ], [ 13536474.181131822988391, 97164.979241677938262 ], [ 13536518.430629413574934, 97156.796309741810546 ], [ 13536550.980448521673679, 97155.360121704230551 ], [ 13536834.544587418437004, 97147.934250301565044 ], [ 13536895.970682436600327, 97203.466857024701312 ], [ 13536960.914473367854953, 97288.068370485139894 ], [ 13536975.597514200955629, 97338.958432423401973 ], [ 13536978.981626722961664, 97417.336487871536519 ], [ 13536994.065417723730206, 97470.074684879407869 ], [ 13537037.357567694038153, 97555.466713165034889 ], [ 13537108.334875026717782, 97665.97537963965442 ], [ 13537126.312972787767649, 97686.204503000990371 ], [ 13537157.28205512650311, 97706.177562473618309 ], [ 13537175.538451617583632, 97712.389918959757779 ], [ 13537233.947788437828422, 97720.873459687325521 ], [ 13537277.918987298384309, 97740.980119897430995 ], [ 13537346.5585853215307, 97802.858762452829978 ], [ 13537375.946930890902877, 97855.597008254582761 ], [ 13537396.006703132763505, 97904.115754970145645 ], [ 13537448.360259652137756, 97995.196969647251535 ], [ 13537472.750360086560249, 98061.417623298839317 ], [ 13537561.327278912067413, 98156.206250501578324 ], [ 13537598.341009598225355, 98178.561851900871261 ], [ 13537644.939348444342613, 98199.069331934355432 ], [ 13537778.778772227466106, 98357.184041081680334 ], [ 13537810.816521678119898, 98343.055918225029018 ], [ 13537843.644639512524009, 98318.751985393202631 ], [ 13537893.148417066782713, 98298.678697007489973 ], [ 13537962.077445765957236, 98276.768419947344228 ], [ 13538096.128376578912139, 98252.631490056810435 ], [ 13538207.069381102919579, 98218.830883958493359 ], [ 13538279.271202832460403, 98204.981097539668554 ], [ 13538342.433881908655167, 98169.065174465897144 ], [ 13538368.560566397383809, 98159.947028340960969 ], [ 13538421.993921978399158, 98158.254771695152158 ], [ 13538514.67853001318872, 98169.655237653045333 ], [ 13538551.825844090431929, 98165.702927641905262 ], [ 13538597.656078448519111, 98142.189467171527212 ], [ 13538648.339842608198524, 98108.37773681586259 ], [ 13538714.641731325536966, 98076.15806613471068 ], [ 13538745.900244338437915, 98068.89917730113666 ], [ 13538792.108964968472719, 98070.769565822789446 ], [ 13538885.962427655234933, 98099.871921645113616 ], [ 13539014.981717485934496, 98153.578799420283758 ], [ 13539101.621677169576287, 98183.349157138174633 ], [ 13539141.2625478412956, 98211.126661874164711 ], [ 13539209.033853836357594, 98279.251139291736763 ], [ 13539233.067731896415353, 98298.021834009661688 ], [ 13539348.995849609375, 98330.853851906533237 ], [ 13539379.909272205084562, 98344.458710543811321 ], [ 13539430.381529331207275, 98384.917024388938444 ], [ 13539533.006967891007662, 98483.925237297691638 ], [ 13539641.587999211624265, 98545.692657976367627 ], [ 13539680.583216836676002, 98577.600633417401696 ], [ 13539689.399720504879951, 98595.035348186283954 ], [ 13539693.006472008302808, 98619.651029104628833 ], [ 13539692.004596590995789, 98726.641861926531419 ], [ 13539701.143926786258817, 98744.399448208831018 ], [ 13539781.917349306866527, 98816.565396074292948 ], [ 13539826.044395457953215, 98840.412893505519605 ], [ 13539878.553799264132977, 98848.373192908926285 ], [ 13539957.946860095486045, 98853.127106052663294 ], [ 13540010.211361024528742, 98862.579266072963946 ], [ 13540034.868628235533834, 98877.976601411952288 ], [ 13540091.55251294746995, 98922.676750292055658 ], [ 13540203.71803187020123, 98999.162445947178639 ], [ 13540269.274079997092485, 99068.945914023177465 ], [ 13540302.547475796192884, 99098.493671947479015 ], [ 13540352.340684030205011, 99129.533293338477961 ], [ 13540446.750744169577956, 99179.466118185169762 ], [ 13540478.554722689092159, 99201.320776769323857 ], [ 13540545.346417166292667, 99271.594144308794057 ], [ 13540613.117723159492016, 99351.542361164087197 ], [ 13540643.43002050369978, 99376.380753396559157 ], [ 13540683.371453799307346, 99387.558587057792465 ], [ 13540721.587434988468885, 99385.343060242114007 ], [ 13540817.010502496734262, 99364.523788740829332 ], [ 13540860.903777716681361, 99365.291986440526671 ], [ 13540904.785920986905694, 99373.252296022095834 ], [ 13540963.217521704733372, 99390.152646108457702 ], [ 13541019.9125383682549, 99414.49004212282307 ], [ 13541099.03843242302537, 99455.727792378966114 ], [ 13541193.960562221705914, 99481.824254191989894 ], [ 13541294.537722153589129, 99519.588420310319634 ], [ 13541343.351318867877126, 99553.121933950431412 ], [ 13541442.6705685518682, 99650.961431044270284 ], [ 13541476.444902056828141, 99667.85065930330893 ], [ 13541522.308532264083624, 99675.065043110153056 ], [ 13541576.298485299572349, 99673.094447520605172 ], [ 13541625.869054550305009, 99661.693939889984904 ], [ 13541751.381780419498682, 99613.341985772174667 ], [ 13541785.657051634043455, 99610.380526184977498 ], [ 13541821.891545888036489, 99614.110183939294075 ], [ 13541879.833340846002102, 99635.731066278633079 ], [ 13541917.559516275301576, 99633.259472050063778 ], [ 13541968.599502805620432, 99619.632304139595362 ], [ 13542105.711719615384936, 99543.224425820299075 ], [ 13542157.742449613288045, 99526.613535323835094 ], [ 13542194.244110643863678, 99508.510782776735141 ], [ 13542296.1125766672194, 99391.143509870365961 ], [ 13542412.029562430456281, 99294.127938985911896 ], [ 13542461.945222100242972, 99237.314722865150543 ], [ 13542530.117278264835477, 99264.758299725799588 ], [ 13542562.099367968738079, 99264.591300266751205 ], [ 13542593.725235305726528, 99254.660399223066634 ], [ 13542647.292174274101853, 99253.947868215705967 ], [ 13542688.769816543906927, 99282.115110542872571 ], [ 13542725.149026134982705, 99290.23128467942297 ], [ 13542773.40602539293468, 99291.53388054347306 ], [ 13542829.344069516286254, 99286.768829026768799 ], [ 13542880.706882569938898, 99292.858743007731391 ], [ 13542968.983238769695163, 99324.365977664027014 ], [ 13543069.137384632602334, 99367.095581045461586 ], [ 13543107.876567428931594, 99394.528033299866365 ], [ 13543169.458509735763073, 99466.137430317219696 ], [ 13543239.600920885801315, 99609.333995358552784 ], [ 13543260.239554477855563, 99636.94459678370913 ], [ 13543285.275307957082987, 99659.222345504240366 ], [ 13543333.164952898398042, 99673.96284557582112 ], [ 13543377.770672857761383, 99676.189507264367421 ], [ 13543413.22593067586422, 99682.82495916816697 ], [ 13543483.412869619205594, 99709.723033762478735 ], [ 13543534.040974032133818, 99722.982805458770599 ], [ 13543584.669078446924686, 99750.237148636238999 ], [ 13543735.796419147402048, 99862.550000363931758 ], [ 13543764.850806245580316, 99895.693876183388056 ], [ 13543785.667551023885608, 99934.894278308143839 ], [ 13543845.212346646934748, 100075.140678317839047 ], [ 13543890.708622535690665, 100139.023669922287809 ], [ 13543919.763009632006288, 100163.31657734743203 ], [ 13543951.066050443798304, 100183.111623977121781 ], [ 13543986.710551396012306, 100192.875547782576177 ], [ 13544033.687376512214541, 100197.495876689092256 ], [ 13544140.609747417271137, 100226.609516671000165 ], [ 13544207.134275116026402, 100251.848761893837946 ], [ 13544247.888340694829822, 100273.759144551047939 ], [ 13544366.499258132651448, 100345.023562993912492 ], [ 13544391.356900429353118, 100368.949082945298869 ], [ 13544413.821173671633005, 100399.699334486824227 ], [ 13544446.716083200648427, 100430.805854893973446 ], [ 13544563.679472178220749, 100520.651830974486074 ], [ 13544629.101936915889382, 100560.241960097337142 ], [ 13544702.984682956710458, 100591.804959516026429 ], [ 13544729.968527523800731, 100573.768959546650876 ], [ 13544754.525607194751501, 100568.892559693049407 ], [ 13544813.803236039355397, 100587.618826118137804 ], [ 13544867.915640514343977, 100590.892026164918207 ], [ 13544898.127750316634774, 100582.118959432511474 ], [ 13544970.195988656952977, 100538.888228553812951 ], [ 13545006.230107827112079, 100522.310697386987158 ], [ 13545126.098935512825847, 100504.463967144969502 ], [ 13545191.209705676883459, 100475.862440406723181 ], [ 13545239.199538158252835, 100424.493257323963917 ], [ 13545288.157850209623575, 100393.609403963666409 ], [ 13545335.335050409659743, 100372.645347670550109 ], [ 13545400.278841335326433, 100353.484891433312441 ], [ 13545459.255907559767365, 100323.257909727602964 ], [ 13545495.278894778341055, 100315.954447819196503 ], [ 13545558.118747333064675, 100320.686111388116842 ], [ 13545640.50630246847868, 100334.70296920229157 ], [ 13545796.231138138100505, 100341.427498460630886 ], [ 13545866.974674537777901, 100354.631624116998864 ], [ 13545975.199483485892415, 100381.663343075299053 ], [ 13546050.306743925437331, 100414.540061355248326 ], [ 13546133.751834223046899, 100457.136179152468685 ], [ 13546153.09916172362864, 100471.475908263528254 ], [ 13546215.772035038098693, 100546.403227795439307 ], [ 13546249.345993462949991, 100568.23569305059209 ], [ 13546285.480300173163414, 100575.093826183714555 ], [ 13546325.655504401773214, 100571.263959614530904 ], [ 13546400.907480178400874, 100548.173427637084387 ], [ 13546500.404841048642993, 100487.229570876996149 ], [ 13546554.405926033854485, 100462.636044139697333 ], [ 13546599.679562941193581, 100465.218976710079005 ], [ 13546629.435262827202678, 100471.86557482254284 ], [ 13546728.46508183889091, 100509.139966258953791 ], [ 13546756.940607581287622, 100527.554496628261404 ], [ 13546819.413105817511678, 100586.416426107592997 ], [ 13546911.42979690618813, 100650.010031570694991 ], [ 13546935.441411070525646, 100673.345502750918968 ], [ 13546975.805858431383967, 100737.55145545816049 ], [ 13547015.101638680323958, 100788.286077986427699 ], [ 13547040.816441053524613, 100806.689487734241993 ], [ 13547061.009796686470509, 100816.754026753420476 ], [ 13547150.27689635194838, 100841.180574930214789 ], [ 13547183.639347743242979, 100856.60025172852329 ], [ 13547225.28396924957633, 100894.921212793778977 ], [ 13547241.013413297012448, 100902.848152318183566 ], [ 13547266.305201604962349, 100902.859285660349997 ], [ 13547321.786835817620158, 100890.256342556633172 ], [ 13547351.542535707354546, 100900.320883660737309 ], [ 13547378.526380276307464, 100914.660628499725135 ], [ 13547407.647559063509107, 100936.715780524813454 ], [ 13547484.780834237113595, 101001.367108938255114 ], [ 13547502.625348610803485, 101008.648316542356042 ], [ 13547523.675864320248365, 101006.31031408632407 ], [ 13547573.636051788926125, 100974.435548622714123 ], [ 13547627.637136770412326, 100950.064659090901841 ], [ 13547674.825468916445971, 100939.810849911096739 ], [ 13547722.013801066204906, 100948.171990710165119 ], [ 13547746.659936329349875, 100960.808335655805422 ], [ 13547773.432273864746094, 100981.572022263964755 ], [ 13547827.18845596909523, 101048.572493910149205 ], [ 13547879.664463927969337, 101132.050332110244199 ], [ 13547905.568509433418512, 101192.404218716663308 ], [ 13547946.333706963807344, 101331.726986581285018 ], [ 13547984.994966115802526, 101401.232521656289464 ], [ 13548061.259949259459972, 101506.375948875807808 ], [ 13548095.679935812950134, 101562.454681341347168 ], [ 13548107.568857429549098, 101587.493609688273864 ], [ 13548134.530438097193837, 101689.363876777715632 ], [ 13548164.263874089345336, 101767.698233132905443 ], [ 13548203.570786288008094, 101818.644519749708707 ], [ 13548233.738368295133114, 101848.181344925804297 ], [ 13548329.150303851813078, 101922.474318924738327 ], [ 13548375.058461854234338, 101943.672256795442081 ], [ 13548456.878287587314844, 101971.95102020354534 ], [ 13548666.448360959067941, 102016.751710903015919 ], [ 13548707.25808628089726, 102028.965021342912223 ], [ 13548806.922426387667656, 102070.292105569591513 ], [ 13548864.953276937827468, 102085.934497134192497 ], [ 13548939.336960688233376, 102094.952530984242912 ], [ 13549024.574294786900282, 102091.133783291952568 ], [ 13549155.730918841436505, 102067.208160828246037 ], [ 13549258.200510114431381, 102029.376956159132533 ], [ 13549313.259130261838436, 102015.270972288097255 ], [ 13549341.322773890569806, 102014.847904113368713 ], [ 13549368.740764474496245, 102021.928729412102257 ], [ 13549386.37377181276679, 102042.04673531006847 ], [ 13549421.41714751534164, 102113.099933054152643 ], [ 13549498.71740192361176, 102309.793331128079444 ], [ 13549514.00156801007688, 102357.945207985481829 ], [ 13549530.154026122763753, 102370.57046406189329 ], [ 13549633.770208153873682, 102390.989088935632026 ], [ 13549734.280576391145587, 102426.259649531770265 ], [ 13549816.746055170893669, 102481.113838854129426 ], [ 13549961.70629608258605, 102545.876750841460307 ], [ 13549977.057253861799836, 102556.66500383951643 ], [ 13549996.694012036547065, 102580.579522367406753 ], [ 13550029.154775552451611, 102660.584062711714068 ], [ 13550050.572645582258701, 102684.498587508147466 ], [ 13550074.851426523178816, 102700.152136643489939 ], [ 13550125.368211448192596, 102719.936175091308542 ], [ 13550226.045558918267488, 102794.75258153458708 ], [ 13550249.077561564743519, 102803.570230368262855 ], [ 13550289.608988160267472, 102810.228000703660655 ], [ 13550349.064728196710348, 102811.330206840240862 ], [ 13550378.876087829470634, 102815.661097649033763 ], [ 13550425.296315489336848, 102833.652665115325362 ], [ 13550466.172832509502769, 102857.75646810841863 ], [ 13550494.91552503220737, 102866.20671624908573 ], [ 13550587.767112303525209, 102874.868499115618761 ], [ 13550793.029121376574039, 102922.708709445345448 ], [ 13550853.92088283970952, 102943.695166117831832 ], [ 13550910.994385769590735, 102971.896066945191706 ], [ 13550949.82262415997684, 103000.330771199107403 ], [ 13551021.055966317653656, 103081.15926823944028 ], [ 13551112.749830884858966, 103148.093292367077083 ], [ 13551177.459850883111358, 103207.812880368393962 ], [ 13551229.958122739568353, 103246.557136930394336 ], [ 13551290.604981323704123, 103280.959367932679015 ], [ 13551329.188316833227873, 103307.779750108908047 ], [ 13551398.573755443096161, 103369.8596454582148 ], [ 13551461.68077477440238, 103414.816362012308673 ], [ 13551526.390794772654772, 103449.597143772436539 ], [ 13551555.857063986361027, 103460.029152217539377 ], [ 13551714.509602267295122, 103495.088273342218599 ], [ 13551873.885717233642936, 103588.976370180724189 ], [ 13551892.743238974362612, 103591.71519084511965 ], [ 13551913.582247650250793, 103587.250690503642545 ], [ 13551956.484779400750995, 103570.383563736468204 ], [ 13551981.887887200340629, 103572.999916685876087 ], [ 13551996.682247528806329, 103578.844960572052514 ], [ 13552083.823144922032952, 103637.451272079590126 ], [ 13552129.430740296840668, 103646.536141819844488 ], [ 13552158.897009510546923, 103638.842949415891781 ], [ 13552202.300478970631957, 103619.381733993272064 ], [ 13552247.930338246747851, 103591.347788071958348 ], [ 13552274.680411884561181, 103585.769946012587752 ], [ 13552305.382327448576689, 103591.982392862177221 ], [ 13552330.028462709859014, 103608.381917007121956 ], [ 13552346.425823701545596, 103613.59235659375554 ], [ 13552450.854638013988733, 103612.267479854708654 ], [ 13552571.547229932621121, 103620.250140610514791 ], [ 13552590.404751673340797, 103623.489965315064183 ], [ 13552605.722313605248928, 103633.465508215798764 ], [ 13552644.428100556135178, 103682.252151366483304 ], [ 13552668.061228450387716, 103697.749872230895562 ], [ 13552698.362393844872713, 103706.311472597357351 ], [ 13552732.57087336666882, 103709.094827763270587 ], [ 13552771.599486839026213, 103701.479568076261785 ], [ 13552855.857209419831634, 103660.60878359733033 ], [ 13552887.082326587289572, 103650.677773682982661 ], [ 13552955.042875714600086, 103648.61809116495715 ], [ 13552986.490631865337491, 103652.33665312427911 ], [ 13553021.834570191800594, 103667.132967377343448 ], [ 13553086.789493069052696, 103704.596925825026119 ], [ 13553112.270524512976408, 103709.918700896159862 ], [ 13553142.115279994904995, 103712.245585834840313 ], [ 13553265.056525627151132, 103701.24576624610927 ], [ 13553323.966800155118108, 103707.480481764650904 ], [ 13553360.201294405385852, 103720.272782308384194 ], [ 13553443.078655304387212, 103773.924741875176551 ], [ 13553467.479887682944536, 103775.405487076292047 ], [ 13553588.940584089607, 103702.693110911219264 ], [ 13553649.242352252826095, 103694.999917406370514 ], [ 13553707.150751363486052, 103709.918700896159862 ], [ 13553779.385968938469887, 103748.22880348675244 ], [ 13553886.274943998083472, 103794.298905659350567 ], [ 13554046.196524472907186, 103809.674163292642334 ], [ 13554087.384736064821482, 103817.456426437624032 ], [ 13554135.830978460609913, 103832.720350737319677 ], [ 13554161.389933547005057, 103853.261518950064783 ], [ 13554196.33312170393765, 103872.544611173812882 ], [ 13554265.006115576252341, 103870.195458432965097 ], [ 13554309.355800706893206, 103848.318278371167253 ], [ 13554347.838948674499989, 103839.456072444474557 ], [ 13554408.240904377773404, 103815.43014331489394 ], [ 13554478.895385183393955, 103805.031525696060271 ], [ 13554531.961386445909739, 103781.072399213328026 ], [ 13554561.850669724866748, 103776.262760616329615 ], [ 13554637.670374903827906, 103814.428135181151447 ], [ 13554710.695960864424706, 103873.813821665244177 ], [ 13554787.506409510970116, 103985.170358167495579 ], [ 13554818.92076981253922, 104025.462238159991102 ], [ 13554842.442578218877316, 104045.257476659433451 ], [ 13554875.805029608309269, 104051.26952904551581 ], [ 13554918.841144748032093, 104051.213861893367721 ], [ 13554958.448619574308395, 104046.092483929736773 ], [ 13555005.02469452098012, 104054.064020093472209 ], [ 13555031.65231672115624, 104070.463563578246976 ], [ 13555079.564225556328893, 104141.22765727256774 ], [ 13555111.846877887845039, 104162.336646797164576 ], [ 13555147.869865106418729, 104173.458947116319905 ], [ 13555212.96950332261622, 104175.874902282594121 ], [ 13555312.823086565360427, 104160.855900131908129 ], [ 13555476.885752098634839, 104194.701539597139345 ], [ 13555517.706609370186925, 104212.693170191239915 ], [ 13555562.278933482244611, 104242.241307879507076 ], [ 13555594.36121073178947, 104257.627716559174587 ], [ 13555632.755303105339408, 104262.960632589005399 ], [ 13555669.835825487971306, 104250.992188573727617 ], [ 13555750.030386656522751, 104177.834386668051593 ], [ 13555792.398584850132465, 104165.186805807781639 ], [ 13555822.287868129089475, 104162.77085070758767 ], [ 13555854.726367745548487, 104169.673579604772385 ], [ 13555878.559870725497603, 104185.88385955915146 ], [ 13555922.898423906415701, 104233.868964192908606 ], [ 13555996.235704444348812, 104302.384133099825704 ], [ 13556041.353494061157107, 104353.26394620075007 ], [ 13556129.785697547718883, 104435.172665836755186 ], [ 13556149.300004282966256, 104440.984322281306959 ], [ 13556369.534484868869185, 104439.392240143220988 ], [ 13556394.826273176819086, 104446.094571985231596 ], [ 13556432.073774797841907, 104476.010130965310964 ], [ 13556463.554926792159677, 104517.537873887529713 ], [ 13556499.466594522818923, 104552.352154008578509 ], [ 13556552.688443072140217, 104577.369005126500269 ], [ 13556682.65394857339561, 104597.943612858987763 ], [ 13556756.024624953046441, 104602.530592653318308 ], [ 13556859.830050118267536, 104589.170457480635378 ], [ 13556913.163218159228563, 104590.617805435540504 ], [ 13557044.019279586151242, 104612.973765299466322 ], [ 13557204.163499042391777, 104594.280709130005562 ], [ 13557246.476037492975593, 104607.707645156086073 ], [ 13557271.311415886506438, 104635.385393684104201 ], [ 13557277.934925587847829, 104709.478491255955305 ], [ 13557347.620926825329661, 104785.08575234413729 ], [ 13557366.76787924207747, 104853.144546710202121 ], [ 13557391.157979676499963, 104891.733097943273606 ], [ 13557438.914041226729751, 104919.455400535123772 ], [ 13557503.768776562064886, 104946.431763554312056 ], [ 13557540.470812676474452, 104976.213759575344739 ], [ 13557571.194992134347558, 105031.480243489742861 ], [ 13557591.455139460042119, 105052.433412901344127 ], [ 13557679.720363710075617, 105084.230573323802673 ], [ 13557706.837791668251157, 105113.188703837804496 ], [ 13557754.248762795701623, 105194.362775202913326 ], [ 13557781.911656258627772, 105212.287651301929145 ], [ 13557811.767543686553836, 105220.838151497795479 ], [ 13557834.510115657001734, 105236.291399727240787 ], [ 13557884.347851684316993, 105326.171867995144567 ], [ 13557901.568976912647486, 105345.109895748624695 ], [ 13558018.888588258996606, 105559.284469477264793 ], [ 13558053.887436164543033, 105598.54109967504337 ], [ 13558103.636116599664092, 105624.827234609925654 ], [ 13558220.733088962733746, 105641.304778812875156 ], [ 13558414.429002944380045, 105633.901017310126917 ], [ 13558429.067515984177589, 105635.871642538331798 ], [ 13558499.888976028189063, 105672.545313879076275 ], [ 13558535.644796470180154, 105679.147465769579867 ], [ 13558587.786845955997705, 105672.612114740841207 ], [ 13558722.349846428260207, 105623.524617969902465 ], [ 13558765.564072754234076, 105621.587393231297028 ], [ 13558811.171668130904436, 105632.297796792932786 ], [ 13558871.829658664762974, 105665.174952205910813 ], [ 13558942.061125406995416, 105694.578465401995345 ], [ 13558994.993543280288577, 105706.32428444022662 ], [ 13559081.64463491179049, 105732.577026297469274 ], [ 13559190.548492757603526, 105727.255223520100117 ], [ 13559213.324460573494434, 105738.845174851361662 ], [ 13559268.015726398676634, 105780.718191168052726 ], [ 13559336.243442306295037, 105813.105486096115783 ], [ 13559395.754842082038522, 105825.764254226116464 ], [ 13559473.867728773504496, 105848.521090857189847 ], [ 13559531.252926275134087, 105852.863148880191147 ], [ 13559829.589161602780223, 105804.465904920434696 ], [ 13559899.57572546415031, 105785.282918029581197 ], [ 13559973.436207607388496, 105759.319643041962991 ], [ 13560006.409040780737996, 105756.469472309574485 ], [ 13560074.870527617633343, 105801.393064239760861 ], [ 13560230.506307695060968, 105846.093991778514464 ], [ 13560258.280520649626851, 105864.107966039460734 ], [ 13560274.844860877841711, 105890.861725415496039 ], [ 13560275.935791889205575, 105969.953998736804351 ], [ 13560284.318149544298649, 106027.669992253926466 ], [ 13560316.77891306206584, 106128.851137643854599 ], [ 13560336.927740892395377, 106176.279808736973791 ], [ 13560356.675818560644984, 106215.681237379234517 ], [ 13560379.763480953872204, 106250.451136662464705 ], [ 13560546.464418413117528, 106358.145436485632672 ], [ 13560718.497559487819672, 106488.674575771437958 ], [ 13560769.058872204273939, 106534.85633924290596 ], [ 13560870.793754840269685, 106640.73595787078375 ], [ 13560887.959220319986343, 106660.809668058995157 ], [ 13560982.925877917557955, 106831.642217278669705 ], [ 13561006.614665558561683, 106898.977695684196078 ], [ 13561042.314826253801584, 106952.618963296205038 ], [ 13561052.533955510705709, 107001.962701411044691 ], [ 13561075.988972220569849, 107038.74783886501973 ], [ 13561109.496138948947191, 107047.81052158093371 ], [ 13561145.652709560468793, 107047.198178147344152 ], [ 13561258.263506446033716, 106988.780619121884229 ], [ 13561390.154839135706425, 106945.682784015676589 ], [ 13561447.10589062795043, 106937.265847530536121 ], [ 13561526.610270950943232, 106933.090779898673645 ], [ 13561711.21138253249228, 106887.009169799624942 ], [ 13561771.012212987989187, 106885.016271107495413 ], [ 13561848.223411802202463, 106874.250164945449797 ], [ 13561893.697423791512847, 106874.116562802679255 ], [ 13561940.551797464489937, 106881.776419066038216 ], [ 13562027.236284945160151, 106919.185021636527381 ], [ 13562073.47840142250061, 106928.247701503103599 ], [ 13562134.002808565273881, 106927.958230152667966 ], [ 13562176.281951170414686, 106943.9570893508062 ], [ 13562258.457999274134636, 107098.39009259964223 ], [ 13562307.638950306922197, 107169.377412965026451 ], [ 13562339.431796876713634, 107238.048973904878949 ], [ 13562378.671917382627726, 107301.966532310456387 ], [ 13562392.186103563755751, 107353.882160314315115 ], [ 13562384.794489374384284, 107381.972047356714029 ], [ 13562358.912707762792706, 107439.588052861072356 ], [ 13562353.981254322454333, 107497.905479533568723 ], [ 13562367.885058723390102, 107537.307044947097893 ], [ 13562419.292399572208524, 107617.167873786907876 ], [ 13562419.759941432625055, 107650.813414143602131 ], [ 13562412.92492469586432, 107695.536825667979429 ], [ 13562415.362821547314525, 107741.284527922995039 ], [ 13562420.294274987652898, 107756.381604889436858 ], [ 13562448.769800735637546, 107783.825776584795676 ], [ 13562591.303276745602489, 107868.963955999497557 ], [ 13562724.786478156223893, 107973.107114112470299 ], [ 13562746.683021994307637, 108008.344783171341987 ], [ 13562780.846973719075322, 108113.857406260285643 ], [ 13562814.955265698954463, 108185.178923860992654 ], [ 13562835.983517507091165, 108240.290002766181715 ], [ 13562873.89893607236445, 108302.203691150338273 ], [ 13562930.838855613023043, 108413.628315557434689 ], [ 13562966.928634529933333, 108445.793163827067474 ], [ 13563009.196645185351372, 108457.539067915029591 ], [ 13563056.585352413356304, 108477.924614176867181 ], [ 13563194.365486167371273, 108551.996190562233096 ], [ 13563268.571058733388782, 108603.032439294707729 ], [ 13563356.557984255254269, 108686.489635887090117 ], [ 13563393.805485874414444, 108704.826618474224233 ], [ 13563447.149785861372948, 108722.206115246735862 ], [ 13563562.343194937333465, 108739.930753401538823 ], [ 13563598.778064271435142, 108764.491402885891148 ], [ 13563631.717501597478986, 108800.486228910493082 ], [ 13563677.736979091539979, 108806.16434901424509 ], [ 13563816.407668773084879, 108776.883063913192018 ], [ 13563823.520984234288335, 108776.226183399179718 ], [ 13563838.259684816002846, 108783.051060660218354 ], [ 13563972.132504440844059, 108870.160108617361402 ], [ 13564018.641787694767118, 108906.989962709805695 ], [ 13564168.010280441492796, 109053.930873807388707 ], [ 13564171.338733218610287, 109066.422746626398293 ], [ 13564140.547762064263225, 109135.217123239781358 ], [ 13564119.174419831484556, 109177.658327766694129 ], [ 13564102.866114431992173, 109197.331364138386562 ], [ 13564012.09620163962245, 109277.927362701637321 ], [ 13563944.491874879226089, 109312.797746268232004 ], [ 13563924.565686024725437, 109341.578062113476335 ], [ 13563916.918037008494139, 109423.521255979081616 ], [ 13563917.997836070135236, 109452.68012239120435 ], [ 13563935.374808583408594, 109500.142612015872146 ], [ 13563937.712517891079187, 109548.7852683585661 ], [ 13563901.24425270780921, 109664.507832315997803 ], [ 13563907.923422152176499, 109714.430873744189739 ], [ 13563932.001828012987971, 109791.263828200710122 ], [ 13563978.166020844131708, 109864.055301559710642 ], [ 13564051.325190192088485, 109936.123105048478465 ], [ 13564077.03999256528914, 109989.252661114820512 ], [ 13564091.878880688920617, 110030.614003527996829 ], [ 13564149.642564460635185, 110114.784071288246196 ], [ 13564164.837674953043461, 110170.48551688423322 ], [ 13564191.142470629885793, 110316.636441574970377 ], [ 13564207.061157813295722, 110373.818688553088577 ], [ 13564238.052504049614072, 110448.592060719776782 ], [ 13564249.685390837490559, 110495.720669527116115 ], [ 13564264.891633281484246, 110530.13468936017307 ], [ 13564281.934647319838405, 110539.531465312145883 ], [ 13564416.731418719515204, 110583.052792133355979 ], [ 13564451.641211036592722, 110585.635792505607242 ], [ 13564485.860822504386306, 110580.614528867590707 ], [ 13564563.940313348546624, 110557.44546183780767 ], [ 13564618.442336039617658, 110549.974801900403691 ], [ 13564651.704599890857935, 110552.246060643272358 ], [ 13564692.770360041409731, 110565.60640647332184 ], [ 13564744.055249450728297, 110522.463624809446628 ], [ 13564763.068618476390839, 110493.549613708921243 ], [ 13564811.603916464373469, 110514.926163860902307 ], [ 13564865.916696023195982, 110522.263219641899923 ], [ 13564917.112529836595058, 110523.87759460574307 ], [ 13565012.101451331749558, 110552.602336525771534 ], [ 13565064.310292514041066, 110487.325920434348518 ], [ 13565173.069435019046068, 110389.127410773740849 ], [ 13565242.744304306805134, 110298.577719780529151 ], [ 13565266.299508560448885, 110276.310493137745652 ], [ 13565289.999428147450089, 110265.98963404467213 ], [ 13565342.364116618409753, 110260.478495812203619 ], [ 13565372.709809808060527, 110269.630325407008058 ], [ 13565468.188537059351802, 110318.618224908364937 ], [ 13565504.667934194207191, 110320.098995608233963 ], [ 13565612.347277637571096, 110291.006862571186502 ], [ 13565644.240311751142144, 110290.51698358063004 ], [ 13565708.54958158172667, 110321.913774744723924 ], [ 13565746.498395994305611, 110324.763980032410473 ], [ 13565777.745777059346437, 110305.725499817897798 ], [ 13565807.111858731135726, 110281.354019854625221 ], [ 13565827.416533851996064, 110214.107002631295472 ], [ 13565840.574497664347291, 110130.326588542928221 ], [ 13565873.224504314363003, 110072.654500584831112 ], [ 13565892.549567913636565, 110055.508746440929826 ], [ 13566024.87504662014544, 110020.337685721329763 ], [ 13566065.395341269671917, 109990.533025615455699 ], [ 13566129.248201187700033, 109883.093759019902791 ], [ 13566168.722092622891068, 109792.967268756765407 ], [ 13566197.431389298290014, 109753.40959564212244 ], [ 13566224.515421409159899, 109746.907574909375398 ], [ 13566273.573921, 109749.011824757311842 ], [ 13566376.733693121001124, 109734.237541685783071 ], [ 13566449.514376200735569, 109728.16973155195592 ], [ 13566509.571241484954953, 109704.087763137256843 ], [ 13566547.753826824948192, 109675.741629411000758 ], [ 13566593.339158304035664, 109632.832757105730707 ], [ 13566632.523619063198566, 109605.021041276762844 ], [ 13566683.352098559960723, 109582.241711129347095 ], [ 13566776.715755486860871, 109563.392540172615554 ], [ 13566807.206164017319679, 109550.499841392360395 ], [ 13566831.006271148100495, 109527.497842780227074 ], [ 13566846.190249694511294, 109471.195280066967825 ], [ 13566865.715688375756145, 109462.589016041631112 ], [ 13566890.30616389401257, 109464.047516140562948 ], [ 13567063.252124791964889, 109516.052511958958348 ], [ 13567097.827958632260561, 109481.705388021524413 ], [ 13567195.176853330805898, 109399.561776774644386 ], [ 13567214.835875403136015, 109368.332067582348827 ], [ 13567231.61172266677022, 109352.878650955302874 ], [ 13567246.973812397569418, 109351.386750536810723 ], [ 13567288.974656272679567, 109365.827010808876366 ], [ 13567368.779599223285913, 109273.28465862259327 ], [ 13567406.906524818390608, 109222.760463058904861 ], [ 13567425.007074020802975, 109192.688661063977634 ], [ 13567457.746136264875531, 109109.186817082663765 ], [ 13567477.984019689261913, 109084.358939079378615 ], [ 13567528.456276815384626, 109039.323621986244689 ], [ 13567555.005975371226668, 109031.240645995610976 ], [ 13567653.434669129550457, 109036.451159424061188 ], [ 13567720.849752752110362, 109022.489655657700496 ], [ 13567748.490382319316268, 109024.237626993781305 ], [ 13567774.839705789461732, 109029.737613289398723 ], [ 13567806.421045327559114, 109048.531089340380277 ], [ 13567823.419531570747495, 109079.437897985320888 ], [ 13567881.506041867658496, 109029.125266633040155 ], [ 13567914.835097407922149, 109016.644528637931217 ], [ 13567975.292712859809399, 109020.084803387027932 ], [ 13568010.814762372523546, 109032.309469257059391 ], [ 13568044.577963929623365, 109030.928905878245132 ], [ 13568111.147019423544407, 108958.727675000191084 ], [ 13568207.505170654505491, 108924.102263141103322 ], [ 13568278.237575102597475, 108878.866561101182015 ], [ 13568306.457066021859646, 108877.252193297928898 ], [ 13568422.964045085012913, 108909.929225707965088 ], [ 13568476.942866172641516, 108892.661055924967513 ], [ 13568517.652403952553868, 108864.225915416667704 ], [ 13568532.279785044491291, 108843.328203900891822 ], [ 13568535.029376465827227, 108814.18051871926582 ], [ 13568518.810126658529043, 108754.203986495820573 ], [ 13568522.016127992421389, 108725.479383787489496 ], [ 13568535.207487650215626, 108699.382304789018235 ], [ 13568557.204219033941627, 108672.472477368850377 ], [ 13568578.377186181023717, 108628.350162122776965 ], [ 13568592.626081002876163, 108610.091118222524528 ], [ 13568600.763535780832171, 108606.227771852805745 ], [ 13568673.110072845593095, 108596.396835881329025 ], [ 13568724.383830307051539, 108572.147937158850254 ], [ 13568747.916770659387112, 108553.321084365947172 ], [ 13568796.68583957478404, 108499.523719562741462 ], [ 13568836.493689483031631, 108470.988406886419398 ], [ 13568857.510809347033501, 108446.305307504735538 ], [ 13568880.275645211338997, 108403.485645041044336 ], [ 13568899.890139490365982, 108325.639822934594122 ], [ 13568915.58618769235909, 108287.17339362592611 ], [ 13568956.306857423856854, 108233.5542037999694 ], [ 13568966.370139393955469, 108147.781329664518125 ], [ 13569002.15935568138957, 108109.203583071575849 ], [ 13569016.975979907438159, 108055.940692110030795 ], [ 13569030.534693887457252, 108031.291020624514204 ], [ 13569046.63149225525558, 108014.256695743941236 ], [ 13569088.877239009365439, 107987.480519956166972 ], [ 13569095.300373628735542, 107975.589894478514907 ], [ 13569113.534506220370531, 107887.345432853122475 ], [ 13569130.989402377977967, 107871.357667350035626 ], [ 13569149.535229543223977, 107862.573303444980411 ], [ 13569237.511023117229342, 107827.892325006760075 ], [ 13569254.309134276583791, 107824.674731984225218 ], [ 13569259.596810089424253, 107827.369048631037003 ], [ 13569251.492751160636544, 107721.433431325975107 ], [ 13569256.524392144754529, 107707.972985601169057 ], [ 13569266.72125750221312, 107696.494309766436345 ], [ 13569283.474840866401792, 107686.96400303383416 ], [ 13569376.560199066996574, 107652.539112025609938 ], [ 13569424.683614937588573, 107622.411768198755453 ], [ 13569465.805034836754203, 107593.898789057508111 ], [ 13569484.940855303779244, 107570.807842277426971 ], [ 13569502.584994593635201, 107539.912291293105227 ], [ 13569513.739207573235035, 107532.17448702728143 ], [ 13569539.565329436212778, 107530.125917291312362 ], [ 13569579.373179344460368, 107533.644113149028271 ], [ 13569603.919127063825727, 107522.388113225650159 ], [ 13569615.451826307922602, 107506.812303794868058 ], [ 13569630.190526889637113, 107457.64663648714486 ], [ 13569651.374625988304615, 107417.187394220745773 ], [ 13569706.110419610515237, 107376.03787762572756 ], [ 13569742.289254119619727, 107366.975187071409891 ], [ 13569828.072053726762533, 107376.895159175895969 ], [ 13569846.996367160230875, 107375.336465449770913 ], [ 13569881.627860745415092, 107361.297088677325519 ], [ 13569986.657800309360027, 107333.652544181852136 ], [ 13570021.367217538878322, 107332.082717108263751 ], [ 13570058.481135768815875, 107344.786069712747121 ], [ 13570082.103131715208292, 107327.551372329617152 ], [ 13570109.220559673383832, 107294.69634092283377 ], [ 13570189.838134903460741, 107168.041390501908609 ], [ 13570195.448637241497636, 107154.347160525561776 ], [ 13570206.58058631978929, 107085.809216942740022 ], [ 13570222.454745708033442, 107056.973406168166548 ], [ 13570246.68899885378778, 107026.133564633710193 ], [ 13570272.114370550960302, 106962.427589428814827 ], [ 13570288.834558065980673, 106946.128124575639958 ], [ 13570301.836674591526389, 106940.383231392232119 ], [ 13570351.418375790119171, 106928.860044745131745 ], [ 13570398.261617517098784, 106873.448552089350414 ], [ 13570433.093486186116934, 106849.144096433112281 ], [ 13570481.951610695570707, 106823.793092346633784 ], [ 13570499.473298547789454, 106809.653534366603708 ], [ 13570531.566707741469145, 106772.411945190571714 ], [ 13570628.637303715571761, 106605.375947373671806 ], [ 13570642.596767857670784, 106569.926872128664399 ], [ 13570652.170244067907333, 106522.086212671405519 ], [ 13570644.689574284479022, 106418.923200589706539 ], [ 13570647.461429605260491, 106380.267695355636533 ], [ 13570667.487806001678109, 106313.73392015020363 ], [ 13570780.287846021354198, 106122.772252054797718 ], [ 13570818.09194509498775, 106025.432161325021298 ], [ 13570854.63813392072916, 105944.547385514044436 ], [ 13570961.682956267148256, 105827.913016140024411 ], [ 13570999.008381532505155, 105771.711205885614618 ], [ 13571022.997731799259782, 105709.385990883485647 ], [ 13571060.634851634502411, 105643.709609647383331 ], [ 13571084.156660040840507, 105626.341387291060528 ], [ 13571124.68808663636446, 105621.553992804867448 ], [ 13571155.10057152248919, 105628.790751934866421 ], [ 13571179.07878983952105, 105625.651111803337699 ], [ 13571202.923424767330289, 105616.944733983735205 ], [ 13571228.693886885419488, 105586.093875032966025 ], [ 13571241.23959350027144, 105563.247986128000775 ], [ 13571249.688742849975824, 105534.501357860703138 ], [ 13571255.098870102316141, 105479.70240782147448 ], [ 13571266.442326214164495, 105421.908562202792382 ], [ 13571299.003277271986008, 105340.144369275483768 ], [ 13571316.569492917507887, 105261.731366637846804 ], [ 13571327.489934965968132, 105240.366247706217109 ], [ 13571345.824255097657442, 105227.273293696955079 ], [ 13571422.144897986203432, 105197.880949576690909 ], [ 13571480.042165149003267, 105152.946294474197202 ], [ 13571547.702151652425528, 105083.907702984259231 ], [ 13571621.217543372884393, 105044.17238635609101 ], [ 13571656.539217799901962, 105010.682943621839513 ], [ 13571685.771716082468629, 104924.866259826390888 ], [ 13571721.471876779571176, 104841.098150371559313 ], [ 13571735.1975699942559, 104788.114051136377384 ], [ 13571745.405567301437259, 104724.163511069637025 ], [ 13571776.16314260661602, 104638.814495408805669 ], [ 13571784.400784926488996, 104562.828725642786594 ], [ 13571775.595413204282522, 104522.659258040017448 ], [ 13571762.838199559599161, 104493.912706995586632 ], [ 13571742.956538503989577, 104420.42085628536006 ], [ 13571747.375922288745642, 104382.422424141390366 ], [ 13571761.535761516541243, 104350.102049525739858 ], [ 13571836.053028652444482, 104278.625378008320695 ], [ 13571845.55971316806972, 104261.6246202156035 ], [ 13571847.652519596740603, 104241.795970444829436 ], [ 13571827.481427865102887, 104162.82651787562645 ], [ 13571826.446156600490212, 104120.697607373353094 ], [ 13571854.220369551330805, 103938.365427348180674 ], [ 13571862.201977042481303, 103917.41231788645382 ], [ 13571875.660503478720784, 103902.560327055543894 ], [ 13571925.041829595342278, 103886.283258291121456 ], [ 13571950.311354003846645, 103869.917122801067308 ], [ 13572034.769451668485999, 103771.00778517962317 ], [ 13572100.793041657656431, 103714.984407359399484 ], [ 13572126.808406658470631, 103661.443790047749644 ], [ 13572135.457931092008948, 103626.841124230006244 ], [ 13572148.760610241442919, 103598.194839810035774 ], [ 13572238.673362953588367, 103481.828376734702033 ], [ 13572344.883289121091366, 103268.489950523304287 ], [ 13572364.564575094729662, 103240.222228053899016 ], [ 13572374.716912655159831, 103235.969266439962666 ], [ 13572404.283369408920407, 103235.813398737736861 ], [ 13572479.657796625047922, 103252.780711830913788 ], [ 13572511.261400062590837, 103253.905186018411769 ], [ 13572606.005418673157692, 103244.586523789155763 ], [ 13572644.521962489932775, 103257.668277877150103 ], [ 13572656.199377072975039, 103266.185335027432302 ], [ 13572690.931058201938868, 103306.800010088612908 ], [ 13572706.237488185986876, 103316.597410401431262 ], [ 13572724.171058151870966, 103317.944552963512251 ], [ 13572785.185271056368947, 103307.746349880908383 ], [ 13572902.259979523718357, 103280.469497955593397 ], [ 13573000.74433302693069, 103272.83197975497751 ], [ 13573018.945069771260023, 103279.088955296116183 ], [ 13573028.44062233902514, 103286.938008384138811 ], [ 13573057.305766299366951, 103327.274350338091608 ], [ 13573093.90761487185955, 103366.76455718705256 ], [ 13573133.637541137635708, 103390.256055105797714 ], [ 13573205.850494815036654, 103414.037023147655418 ], [ 13573222.214459961280227, 103426.573245643478003 ], [ 13573267.387909324839711, 103474.40238949326158 ], [ 13573293.169503392651677, 103493.362594077494578 ], [ 13573318.995625257492065, 103502.714662441663677 ], [ 13573381.534915182739496, 103501.556787298803101 ], [ 13573453.380514541640878, 103520.038256332743913 ], [ 13573514.416991345584393, 103516.197228058357723 ], [ 13573576.377419920638204, 103501.99099047697382 ], [ 13573615.361505594104528, 103476.150335502999951 ], [ 13573643.881559137254953, 103447.57086254839669 ], [ 13573698.995839027687907, 103420.694803783961106 ], [ 13573797.224157704040408, 103399.162784541113069 ], [ 13573871.285014929249883, 103373.010400809638668 ], [ 13573902.877486417070031, 103367.120826339320047 ], [ 13573979.821518452838063, 103363.814203282163362 ], [ 13574023.837245114147663, 103343.139459746380453 ], [ 13574103.285965690389276, 103284.221456659390242 ], [ 13574137.349729875102639, 103267.510210600696155 ], [ 13574202.761062663048506, 103244.541990158992121 ], [ 13574227.540781313553452, 103229.589824105190928 ], [ 13574254.725000968202949, 103209.271356624027248 ], [ 13574347.409609002992511, 103121.76279083560803 ], [ 13574417.585415996611118, 103024.724052791352733 ], [ 13574527.268510274589062, 102888.195175695873331 ], [ 13574535.984826406463981, 102873.410024095224799 ], [ 13574551.202200796455145, 102827.674031528644264 ], [ 13574605.726487388834357, 102769.95851194007264 ], [ 13574632.576748564839363, 102700.330270918813767 ], [ 13574665.83901241607964, 102429.655331825153553 ], [ 13574740.51212683878839, 102406.854160786009743 ], [ 13574808.172113344073296, 102392.581162783972104 ], [ 13574842.135689983144403, 102379.900239092152333 ], [ 13574876.021342981606722, 102366.028043840065948 ], [ 13574928.129996623843908, 102330.657288153277477 ], [ 13574981.529956355690956, 102314.280083800433204 ], [ 13575055.123271718621254, 102277.361792845389573 ], [ 13575143.989621218293905, 102263.11106625222601 ], [ 13575169.637631898745894, 102254.838965034272405 ], [ 13575214.75542151555419, 102144.072985612860066 ], [ 13575216.748040404170752, 102123.77684054771089 ], [ 13575205.950049797073007, 102078.34153545818117 ], [ 13575203.100270831957459, 102044.395877182847471 ], [ 13575209.72378053329885, 101978.942777764663333 ], [ 13575212.272996872663498, 101963.200190052870312 ], [ 13575231.275233952328563, 101919.668709585079341 ], [ 13575229.059976084157825, 101871.361018530878937 ], [ 13575235.661221887916327, 101844.318066122403252 ], [ 13575262.533746965229511, 101796.299851721181767 ], [ 13575283.606526574119925, 101744.941633429043577 ], [ 13575286.088951218873262, 101673.699234020299627 ], [ 13575292.534349732100964, 101666.06174672904308 ], [ 13575385.118770226836205, 101632.249723839529906 ], [ 13575466.259547067806125, 101615.872548155544791 ], [ 13575533.485387558117509, 101584.06453448200773 ], [ 13575557.196439092978835, 101551.967055971486843 ], [ 13575624.477939330041409, 101414.93768304475816 ], [ 13575637.502319753170013, 101394.964442314609187 ], [ 13575678.84637863561511, 101349.996820920263417 ], [ 13575726.313009509816766, 101275.136152158054756 ], [ 13575778.610906284302473, 101244.252233685299871 ], [ 13575800.21801944822073, 101226.594738465675618 ], [ 13575837.109298694878817, 101185.958009034438874 ], [ 13575862.167316073551774, 101141.33554484481283 ], [ 13575893.626204170286655, 101066.196581274780328 ], [ 13575924.483967017382383, 101018.634927185892593 ], [ 13575942.42866893671453, 101002.113043044548249 ], [ 13575970.158354092389345, 100997.325704774440965 ], [ 13576004.144194630905986, 101000.420774626269122 ], [ 13576035.40270764566958, 101013.513588363406598 ], [ 13576074.208682134747505, 101037.639548124745488 ], [ 13576094.61354479752481, 101039.13141647305747 ], [ 13576118.825534045696259, 101029.50107238147757 ], [ 13576140.15434848330915, 101013.624921815353446 ], [ 13576179.038246612995863, 100968.412409501252114 ], [ 13576205.320778392255306, 100951.779193984621088 ], [ 13576279.77125383540988, 100940.378650412647403 ], [ 13576317.530825113877654, 100943.25105296188849 ], [ 13576380.760295880958438, 100957.479465891578002 ], [ 13576425.555258978158236, 100955.007863609527703 ], [ 13576475.571106191724539, 100943.039519440120785 ], [ 13576496.287663428112864, 100942.304718786399462 ], [ 13576558.537522679194808, 100955.174863763269968 ], [ 13576590.664327722042799, 100955.308463886278332 ], [ 13576641.270168237388134, 100964.226272198138759 ], [ 13576716.177053591236472, 100963.213137910555815 ], [ 13576789.603389717638493, 100967.499475298449397 ], [ 13576881.909511482343078, 100963.202004566774121 ], [ 13576967.848158376291394, 100989.25402991293231 ], [ 13577005.9528200738132, 100990.467564468024648 ], [ 13577049.578928519040346, 100984.444425106848939 ], [ 13577147.662531856447458, 100998.294305768693448 ], [ 13577179.789336897432804, 101009.249517176111112 ], [ 13577209.07749492675066, 100966.631074473334593 ], [ 13577301.083054067566991, 100864.360190383551526 ], [ 13577320.474909363314509, 100851.623648394204793 ], [ 13577413.727246798574924, 100819.570761723007308 ], [ 13577471.546590317040682, 100765.217800286161946 ], [ 13577516.00759494304657, 100734.478654298451147 ], [ 13577524.011466328054667, 100722.398983299310203 ], [ 13577586.483964562416077, 100738.531189166169497 ], [ 13577649.312685165554285, 100779.312606871098978 ], [ 13577665.465143281966448, 100785.146476407287992 ], [ 13577689.376569902524352, 100788.241544630553108 ], [ 13577708.022584609687328, 100785.769943385603256 ], [ 13577748.99928916990757, 100776.228672054930939 ], [ 13577802.07642238214612, 100755.331395960936788 ], [ 13577863.903267567977309, 100723.311916947452119 ], [ 13577913.206670040264726, 100691.348107153724413 ], [ 13578113.470433978363872, 100608.115293514259974 ], [ 13578193.553675653412938, 100592.049892854498466 ], [ 13578247.888719109818339, 100595.289692936174106 ], [ 13578306.431639317423105, 100613.938027244250407 ], [ 13578468.702061049640179, 100649.052564747587894 ], [ 13578556.009937677532434, 100657.424832858800073 ], [ 13578623.658792233094573, 100658.794233111591893 ], [ 13578667.251504827290773, 100666.554167964975932 ], [ 13578702.773554340004921, 100687.061772699351422 ], [ 13578735.891102850437164, 100718.814048749729409 ], [ 13578782.712080677971244, 100778.65573988664255 ], [ 13578829.243627829477191, 100818.234760944469599 ], [ 13578863.986440906301141, 100870.182927808098611 ], [ 13578897.014933822676539, 100908.147623210752499 ], [ 13578928.217787092551589, 100925.159370580266113 ], [ 13578941.542730141431093, 100943.351253051208914 ], [ 13578980.237385142594576, 100972.164346429563011 ], [ 13579019.867123864591122, 100985.824959813820897 ], [ 13579048.465101050212979, 101005.954047046601772 ], [ 13579090.855563141405582, 101019.725995030428749 ], [ 13579108.867056753486395, 101035.624412528646644 ], [ 13579128.993620686233044, 101073.767257069455809 ], [ 13579144.890043973922729, 101094.430749374980223 ], [ 13579171.539930067956448, 101106.432498086898704 ], [ 13579182.04849, 101133.69806768775743 ], [ 13579194.805703645572066, 101151.990159721593955 ], [ 13579217.759782647714019, 101164.826911353433388 ], [ 13579287.612763119861484, 101183.19693825225113 ], [ 13579336.070137459784746, 101229.088609118014574 ], [ 13579351.721657868474722, 101250.04157654910523 ], [ 13579396.026815202087164, 101358.914637983689317 ], [ 13579423.45593773573637, 101403.77092681718932 ], [ 13579425.637799752876163, 101417.643088638214977 ], [ 13579416.387150069698691, 101446.645483080326812 ], [ 13579385.78542205132544, 101501.009669944731286 ], [ 13579362.107766358181834, 101529.06573486016714 ], [ 13579324.281403386965394, 101550.530852518670144 ], [ 13579346.433982053771615, 101629.321649551857263 ], [ 13579360.73853662237525, 101709.515266017333488 ], [ 13579375.877987369894981, 101839.096516444609733 ], [ 13579404.42030480876565, 101942.336252274515573 ], [ 13579455.51595108397305, 102082.961886020901147 ], [ 13579465.968851268291473, 102183.997276181224152 ], [ 13579505.921416515484452, 102268.544155705647427 ], [ 13579505.798965074121952, 102286.134896658200887 ], [ 13579497.683774195611477, 102310.628334723311127 ], [ 13579461.059661725535989, 102363.456232413940597 ], [ 13579444.851543866097927, 102375.324418614371098 ], [ 13579402.461081769317389, 102392.970831209357129 ], [ 13579381.555281400680542, 102397.223783762703533 ], [ 13579293.134209863841534, 102399.539527580491267 ], [ 13579283.872428227216005, 102402.779342271343921 ], [ 13579255.831048497930169, 102416.45113789003517 ], [ 13579242.795536126941442, 102428.720127518492518 ], [ 13579207.251222714781761, 102484.77672288431495 ], [ 13579194.905891187489033, 102529.421603902577772 ], [ 13579200.360546236857772, 102589.040897983344621 ], [ 13579194.883627289906144, 102629.510769380067359 ], [ 13579174.378577085211873, 102673.576730334068998 ], [ 13579149.543198687955737, 102710.13878958002897 ], [ 13579122.036152513697743, 102766.740961037852685 ], [ 13579117.683560425415635, 102788.239545590404305 ], [ 13579118.674303891137242, 102807.867720906404429 ], [ 13579136.574478011578321, 102858.379938320824294 ], [ 13579135.884297169744968, 102898.05936600190762 ], [ 13579128.982488740235567, 102918.867686991929077 ], [ 13579103.323346111923456, 102960.128063473239308 ], [ 13579097.980010552331805, 102988.373499074776191 ], [ 13579096.777760053053498, 103013.534984598736628 ], [ 13579108.087820317596197, 103118.578637281127158 ], [ 13579125.264417747035623, 103165.450270870642271 ], [ 13579191.56630646251142, 103218.456417136505479 ], [ 13579214.932267578318715, 103253.470983113948023 ], [ 13579224.984417600557208, 103287.973415398955694 ], [ 13579241.036688173189759, 103307.211946233190247 ], [ 13579293.401376640424132, 103343.551395928981947 ], [ 13579352.734665233641863, 103407.423776272669784 ], [ 13579446.243037501350045, 103463.480510461959057 ], [ 13579509.617223607376218, 103543.273694839313976 ], [ 13579609.693445833399892, 103723.612808628720813 ], [ 13579677.642863010987639, 103934.346260143458494 ], [ 13579695.765676114708185, 104005.41093179253221 ], [ 13579705.806694183498621, 104086.896508045334485 ], [ 13579710.493244746699929, 104098.542077510108356 ], [ 13579725.19854947924614, 104114.919355996476952 ], [ 13579826.054008137434721, 104139.880511882773135 ], [ 13579856.410833278670907, 104152.171822057774989 ], [ 13579880.812065659090877, 104174.216020623032819 ], [ 13579889.572909584268928, 104204.543495834252099 ], [ 13579892.200049566105008, 104270.898772868560627 ], [ 13579903.510109832510352, 104315.688591245663702 ], [ 13580017.423344759270549, 104480.964512931139325 ], [ 13580036.113887265324593, 104494.580713579809526 ], [ 13580174.639861607924104, 104568.940987013455015 ], [ 13580251.194275425747037, 104599.713830782886362 ], [ 13580309.781723430380225, 104616.603268864797428 ], [ 13580311.42925189435482, 104619.687233577264124 ], [ 13580287.495561372488737, 104671.179427787385066 ], [ 13580282.597503779456019, 104705.025111588896834 ], [ 13580280.248662522062659, 104784.762882253737189 ], [ 13580270.06292911618948, 104824.253236340271542 ], [ 13580290.222888898104429, 104848.513030143876676 ], [ 13580336.876887489110231, 104890.230081594316289 ], [ 13580408.533243712037802, 104929.141506727202795 ], [ 13580485.599727191030979, 104954.670521103165811 ], [ 13580614.69694066233933, 104977.850377740804106 ], [ 13580650.230122122913599, 104977.505240576065262 ], [ 13580676.790952626615763, 104972.45065116675687 ], [ 13580702.105004834011197, 104961.985201938528917 ], [ 13580765.534850686788559, 104923.118307331067626 ], [ 13580811.84375885874033, 104901.463737261845381 ], [ 13580840.742298668250442, 104892.490172847145004 ], [ 13580881.963906109333038, 104884.841489694779739 ], [ 13580929.308085542172194, 104886.132970391146955 ], [ 13580941.163611313328147, 104891.387960855208803 ], [ 13580964.562968276441097, 104916.059696697469917 ], [ 13581007.242861047387123, 105038.527722766812076 ], [ 13581020.211581725627184, 105061.21771221079689 ], [ 13581034.12651807256043, 105074.900733965536347 ], [ 13581051.202927961945534, 105086.679934529049206 ], [ 13581116.892559478059411, 105108.86892106308369 ], [ 13581208.664347687736154, 105149.661923208288499 ], [ 13581259.414903542026877, 105164.313559307949618 ], [ 13581324.5590695515275, 105170.69303325425426 ], [ 13581370.611942894756794, 105182.394302493732539 ], [ 13581473.81624280847609, 105247.770001657743705 ], [ 13581496.759189860895276, 105273.555106752217398 ], [ 13581509.004333848133683, 105295.521434685899294 ], [ 13581571.198533354327083, 105376.5842096543347 ], [ 13581628.661654502153397, 105431.516746686407714 ], [ 13581781.314072227105498, 105515.719189426396042 ], [ 13581911.54674450494349, 105598.452031876542605 ], [ 13581933.821774613112211, 105621.98819834884489 ], [ 13581947.413884438574314, 105643.509207077251631 ], [ 13581958.545833518728614, 105676.575632557651261 ], [ 13581953.536456434056163, 105817.636812898635981 ], [ 13582016.487628478556871, 105865.310382151219528 ], [ 13582075.909972663968801, 105927.969626959893503 ], [ 13582107.524708047509193, 105949.234582656135899 ], [ 13582181.496509678661823, 105990.261476947693154 ], [ 13582249.056308642029762, 106041.854055261035683 ], [ 13582301.699295837432146, 106070.010646567490767 ], [ 13582339.525658812373877, 106079.206908153733821 ], [ 13582445.646529382094741, 106095.305933204799658 ], [ 13582520.308511858806014, 106132.669924793954124 ], [ 13582584.306087115779519, 106170.657395542511949 ], [ 13582609.286180848255754, 106179.664390184916556 ], [ 13582740.654311934486032, 106220.490906256221933 ], [ 13582814.915544241666794, 106233.261022757433238 ], [ 13582896.512730995193124, 106257.298235356385703 ], [ 13582936.031150225549936, 106378.397267782129347 ], [ 13582958.47315956838429, 106432.472668643196812 ], [ 13582993.438611628487706, 106488.262636247774935 ], [ 13583015.891752921044827, 106506.577245229811524 ], [ 13583058.627305438742042, 106526.138807282521157 ], [ 13583099.559482201933861, 106552.469539800658822 ], [ 13583124.216749411076307, 106576.094832848655642 ], [ 13583129.960835138335824, 106572.365109296675655 ], [ 13583166.228725237771869, 106505.085356076233438 ], [ 13583178.863487442955375, 106490.622938389496994 ], [ 13583213.639696365222335, 106469.380219639031566 ], [ 13583260.894820207729936, 106450.264000473165652 ], [ 13583289.38147790171206, 106448.894580033767852 ], [ 13583319.33755287528038, 106458.959263702621683 ], [ 13583402.860566815361381, 106509.805960582089028 ], [ 13583482.732301460579038, 106551.211454019605299 ], [ 13583511.007452122867107, 106581.216244352559443 ], [ 13583564.173640925437212, 106707.648329273521085 ], [ 13583577.954993883147836, 106721.520679289969848 ], [ 13583595.821772156283259, 106726.720027299365029 ], [ 13583645.347813611850142, 106725.873880723404 ], [ 13583701.809059340506792, 106731.752372763599851 ], [ 13583728.503473233431578, 106747.57308758723957 ], [ 13583747.071564298123121, 106765.854308489855612 ], [ 13583773.54333920776844, 106815.465226638159947 ], [ 13583807.139561528339982, 106944.202026657570968 ], [ 13583820.052622463554144, 106974.529719863829087 ], [ 13583837.696761751547456, 107004.43434189115942 ], [ 13583933.153225107118487, 107117.751281703283894 ], [ 13584046.06458461843431, 107317.28626224504842 ], [ 13584100.332836382091045, 107389.620780336597818 ], [ 13584135.109045306220651, 107448.372406934111496 ], [ 13584277.152715556323528, 107812.216301128035411 ], [ 13584318.507906386628747, 107866.425508630374679 ], [ 13584412.250049581751227, 107954.658831815162557 ], [ 13584437.085427980870008, 107988.994682028947864 ], [ 13584451.022628229111433, 108016.973280836682534 ], [ 13584456.276908190920949, 108043.793992906270432 ], [ 13584443.631014039739966, 108096.433403468952747 ], [ 13584501.138662982732058, 108127.117462599286227 ], [ 13584568.93223287537694, 108183.230552532346337 ], [ 13584617.033384846523404, 108249.887124807559303 ], [ 13584653.000712322071195, 108337.30778837770049 ], [ 13584675.24234658293426, 108365.375481543989736 ], [ 13584699.36528023891151, 108381.830877402593615 ], [ 13584761.559479745104909, 108405.857092678415938 ], [ 13584771.47804637439549, 108413.951188717779587 ], [ 13584795.901542652398348, 108439.680840423403424 ], [ 13584822.696144089102745, 108484.471147018120973 ], [ 13584852.774670500308275, 108514.253419464701437 ], [ 13584910.404770882800221, 108557.162163067128859 ], [ 13584956.301796939224005, 108598.256140852783574 ], [ 13584999.527155213057995, 108675.267002178487019 ], [ 13585009.067235574126244, 108712.519912589792511 ], [ 13585010.636840395629406, 108776.203916263126303 ], [ 13585006.640470674261451, 108828.030679003466503 ], [ 13585013.798313930630684, 108856.465816757889115 ], [ 13585066.407905282452703, 108950.410895717301173 ], [ 13585097.84452948346734, 109020.107070537633263 ], [ 13585111.759465832263231, 109080.517854961944977 ], [ 13585127.032499969005585, 109125.152368205584935 ], [ 13585167.341287584975362, 109195.427521863442962 ], [ 13585207.416304269805551, 109250.104539842184749 ], [ 13585327.607958476990461, 109393.939315567855374 ], [ 13585417.364863907918334, 109532.830832651074161 ], [ 13585433.17223159968853, 109549.842959514819086 ], [ 13585497.559425072744489, 109586.75081595958909 ], [ 13585520.947650087997317, 109606.156667743009166 ], [ 13585554.766511391848326, 109643.966350896036602 ], [ 13585619.576718932017684, 109737.377215959219029 ], [ 13585652.271253379061818, 109797.097833797743078 ], [ 13585667.432968024164438, 109839.483445922014653 ], [ 13585672.408949263393879, 109873.696999776890152 ], [ 13585669.781809279695153, 109917.39638572181866 ], [ 13585633.536183077841997, 110010.718250893449294 ], [ 13585634.282023664563894, 110042.549228901378228 ], [ 13585710.001541303470731, 110033.419672144562355 ], [ 13585747.282438769936562, 110040.957123255619081 ], [ 13585825.083630885928869, 110078.677781937090913 ], [ 13585861.217937596142292, 110090.657543291905313 ], [ 13585891.697214176878333, 110095.289123994181864 ], [ 13586028.330757174640894, 110090.479405573772965 ], [ 13586059.433422902598977, 110104.763824121109792 ], [ 13586180.638084480538964, 110180.828640527106472 ], [ 13586449.196356017142534, 110324.45223882800201 ], [ 13586625.23699875921011, 110500.58606133023568 ], [ 13586673.104379799216986, 110581.560886754188687 ], [ 13586694.021312119439244, 110610.508305638853926 ], [ 13586718.544995941221714, 110634.401061557524372 ], [ 13586754.54571926407516, 110654.853529064042959 ], [ 13586799.095779478549957, 110670.707810592153692 ], [ 13586851.79442642070353, 110680.02665475885442 ], [ 13586874.51473449356854, 110689.145093903367524 ], [ 13586944.968840215355158, 110738.611795183023787 ], [ 13586991.433595670387149, 110781.030916372095817 ], [ 13587001.775176366791129, 110779.917553548613796 ], [ 13587035.660829363390803, 110752.706967192192678 ], [ 13587057.000775748863816, 110741.205930275202263 ], [ 13587090.007004769518971, 110728.602664677047869 ], [ 13587122.779462859034538, 110725.284843946574256 ], [ 13587143.239985266700387, 110732.822309206341743 ], [ 13587190.851331477984786, 110767.414489272821811 ], [ 13587269.821378249675035, 110857.418747752322815 ], [ 13587371.166642664000392, 110959.425085198192392 ], [ 13587404.718337191268802, 110986.758156862473697 ], [ 13587434.3293217420578, 111003.024397219414823 ], [ 13587456.4707684610039, 111008.780486553543597 ], [ 13587483.109522609040141, 111005.774405071817455 ], [ 13587568.224405266344547, 110984.319890916362056 ], [ 13587595.174853989854455, 110979.532428146965685 ], [ 13587627.791464792564511, 110979.810769003946916 ], [ 13587652.381940307095647, 110986.925161379927886 ], [ 13587688.972656931728125, 111007.466717606672319 ], [ 13587765.861029222607613, 111060.496225535549456 ], [ 13587838.508128913119435, 111140.535948766118963 ], [ 13587861.862958081066608, 111159.685808635971625 ], [ 13587878.260319076478481, 111167.022877305134898 ], [ 13587939.263400031253695, 111179.114010516263079 ], [ 13588086.795121179893613, 111189.768904478230979 ], [ 13588170.819072831422091, 111216.378306636906927 ], [ 13588215.480452535673976, 111216.055431034270441 ], [ 13588246.805757245048881, 111224.773072405776475 ], [ 13588263.269909933209419, 111235.249829424661584 ], [ 13588315.690258149057627, 111283.347166243052925 ], [ 13588377.606158927083015, 111359.568097689145361 ], [ 13588434.746453551575541, 111489.776108956284588 ], [ 13588507.67185197211802, 111610.075214952477836 ], [ 13588574.663921531289816, 111681.497609017955256 ], [ 13588590.771851848810911, 111706.314528331742622 ], [ 13588602.582849822938442, 111750.27020652902138 ], [ 13588620.616607328876853, 111781.822993998255697 ], [ 13588701.345502054318786, 111858.06629695907759 ], [ 13588772.033378705382347, 111879.242520914805937 ], [ 13588795.844617787748575, 111891.422747029471793 ], [ 13588885.345488386228681, 111954.661953160422854 ], [ 13588919.988113921135664, 111956.866418643025099 ], [ 13588992.612949714064598, 111928.23063573865511 ], [ 13589041.103719905018806, 111926.593987250438659 ], [ 13589065.293445251882076, 111932.728635703315376 ], [ 13589082.837397, 111942.893670482066227 ], [ 13589166.538522128015757, 112004.184494095257833 ], [ 13589253.779607063159347, 112029.30204441594833 ], [ 13589289.056753696873784, 112029.769658401157358 ], [ 13589360.123116618022323, 112014.783743841413525 ], [ 13589420.346961136907339, 112010.675421161504346 ], [ 13589455.746559210121632, 112010.797891484602587 ], [ 13589534.772265722975135, 112022.911320011800854 ], [ 13589551.403397647663951, 112021.252403765000054 ], [ 13589603.166960867121816, 111891.322544070717413 ], [ 13589644.600075339898467, 111769.431232044284116 ], [ 13589654.496378069743514, 111715.087849696035846 ], [ 13589654.830336544662714, 111605.888961268457933 ], [ 13589766.049639796838164, 111577.865556860953802 ], [ 13589810.121026201173663, 111557.435305104503641 ], [ 13589975.853484092280269, 111463.968309617121122 ], [ 13590033.372264986857772, 111441.211131731091882 ], [ 13590215.83604234829545, 111382.102597556775436 ], [ 13590272.219364434480667, 111349.191539917112095 ], [ 13590316.201695244759321, 111317.260245960671455 ], [ 13590331.953403191640973, 111302.029420537393889 ], [ 13590358.425178103148937, 111264.119364399462938 ], [ 13590404.990121100097895, 111234.058529727248242 ], [ 13590455.284267041832209, 111215.276076132475282 ], [ 13590504.843704342842102, 111203.930895679077366 ], [ 13590623.922163646668196, 111199.121162756928243 ], [ 13590645.852103332057595, 111195.146452959277667 ], [ 13590766.778466181829572, 111143.263690372434212 ], [ 13590803.179939670488238, 111136.438769575222977 ], [ 13590876.628539694473147, 111136.238364072502009 ], [ 13590902.933335367590189, 111147.939818887709407 ], [ 13590933.40148, 111170.218231991500943 ], [ 13591000.092986933887005, 111232.967432811565232 ], [ 13591055.196134876459837, 111275.709486872030539 ], [ 13591160.615692658349872, 111341.832200302451383 ], [ 13591225.659671127796173, 111370.256397848323104 ], [ 13591264.176214940845966, 111382.759482702240348 ], [ 13591420.580099506303668, 111393.614788243052317 ], [ 13591452.795960145071149, 111400.640119488089113 ], [ 13591501.787668043747544, 111425.490420634378097 ], [ 13591522.916107395663857, 111442.0461553564528 ], [ 13591609.277768351137638, 111529.567775534771499 ], [ 13591636.217085123062134, 111553.839135567744961 ], [ 13591660.71850504539907, 111569.771391586735263 ], [ 13591765.971083592623472, 111597.149043492696364 ], [ 13592051.060299513861537, 111687.44298118945153 ], [ 13592082.151833292096853, 111703.943059522091062 ], [ 13592129.106394508853555, 111741.786359412057209 ], [ 13592178.109234357252717, 111811.471928400162142 ], [ 13592206.206273831427097, 111835.509500347572612 ], [ 13592247.427881270647049, 111859.368935305610648 ], [ 13592338.977030500769615, 111881.847797764261486 ], [ 13592349.285215348005295, 111889.730430396826705 ], [ 13592393.813011664897203, 111963.457547842539498 ], [ 13592477.347157556563616, 111991.113570989560685 ], [ 13592499.878222493454814, 112001.490147045173217 ], [ 13592518.123487032949924, 112016.665333377037314 ], [ 13592535.734230477362871, 112045.846672925486928 ], [ 13592549.560111233964562, 112103.853081663386547 ], [ 13592601.212354963645339, 112136.819875866553048 ], [ 13592695.566755356267095, 112216.225216181599535 ], [ 13592725.956976344808936, 112223.684776526948554 ], [ 13592804.080994984135032, 112227.659497549713706 ], [ 13592844.590157682076097, 112249.4926297715283 ], [ 13592873.087947327643633, 112275.033276681351708 ], [ 13592917.192729579284787, 112337.704732198326383 ], [ 13592987.268349034711719, 112419.926937133786851 ], [ 13593044.152608828619123, 112443.886613636728725 ], [ 13593058.590746784582734, 112469.427274258225225 ], [ 13593058.679802378639579, 112488.577204067507409 ], [ 13593033.36575017310679, 112565.577746025912347 ], [ 13593032.018784331157804, 112590.628533166120178 ], [ 13593034.657056262716651, 112606.738973635583534 ], [ 13593067.629889436066151, 112697.155633168760687 ], [ 13593077.537324119359255, 112703.568636847368907 ], [ 13593130.091255722567439, 112697.745718571910402 ], [ 13593181.13124225102365, 112698.569611400569556 ], [ 13593211.977873150259256, 112704.782208736840403 ], [ 13593239.173224749043584, 112714.256976564807701 ], [ 13593329.052581615746021, 112761.040733928137342 ], [ 13593361.635796571150422, 112772.653171547863167 ], [ 13593398.181985400617123, 112783.040903695131419 ], [ 13593470.094376450404525, 112789.810186970295035 ], [ 13593522.904342884197831, 112781.27064707010868 ], [ 13593568.467410463839769, 112763.568081297737081 ], [ 13593589.606981767341495, 112762.632851431975723 ], [ 13593720.040029127150774, 112785.468048012757208 ], [ 13593773.796211235225201, 112786.514614833606174 ], [ 13593839.919988764449954, 112776.382957439869642 ], [ 13593867.037416722625494, 112768.522572888658033 ], [ 13593969.362292658537626, 112715.448281115415739 ], [ 13593999.730249749496579, 112740.131666941422736 ], [ 13594030.888575220480561, 112755.38482005498372 ], [ 13594071.442265717312694, 112770.081289358233334 ], [ 13594131.621582441031933, 112779.088443946835469 ], [ 13594163.481220703572035, 112775.904208800813649 ], [ 13594224.851655976846814, 112748.827077505993657 ], [ 13594258.570329740643501, 112738.940362309367629 ], [ 13594349.240054989233613, 112726.069819058277062 ], [ 13594429.456880057230592, 112706.307523869807483 ], [ 13594474.307502895593643, 112700.384402367664734 ], [ 13594615.482881119474769, 112722.84104962956917 ], [ 13594716.661166302859783, 112746.934350476643885 ], [ 13594719.911695435643196, 112754.31598594719253 ], [ 13594718.108319683000445, 112825.504797920439159 ], [ 13594721.603751696646214, 112855.866374020348303 ], [ 13594730.397991467267275, 112885.437460497996653 ], [ 13594745.637629756703973, 112912.158323859708617 ], [ 13594766.287395300343633, 112934.770856027520495 ], [ 13594790.499384544789791, 112951.560467240633443 ], [ 13594825.097482286393642, 112971.27824109030189 ], [ 13594888.148841869086027, 112997.564896670519374 ], [ 13594908.008239028975368, 113032.546971579664387 ], [ 13594918.249632181599736, 113059.457118723104941 ], [ 13594924.349940277636051, 113091.54443788935896 ], [ 13594921.366577925160527, 113177.886284211170278 ], [ 13594924.939933579415083, 113221.207520138952532 ], [ 13594948.89588799700141, 113310.477562226064038 ], [ 13594980.466095583513379, 113400.638323195264093 ], [ 13595007.372016509994864, 113392.911529505581711 ], [ 13595066.081915955990553, 113393.612953133357223 ], [ 13595145.341393399983644, 113423.12841528528952 ], [ 13595244.415740204975009, 113439.305695269446005 ], [ 13595376.162357559427619, 113450.361469277850119 ], [ 13595541.883683502674103, 113524.812596779869637 ], [ 13595617.814708171412349, 113547.614440627541626 ], [ 13595676.313100583851337, 113548.560806248264271 ], [ 13595710.276677226647735, 113544.574936944904039 ], [ 13595740.84500939771533, 113537.516162924206583 ], [ 13595821.117494208738208, 113499.316396148627973 ], [ 13595845.173636171966791, 113494.9742486236064 ], [ 13595892.272912723943591, 113494.707039546847227 ], [ 13595963.940400898456573, 113508.31243529090716 ], [ 13596023.930474486202002, 113513.300338278990239 ], [ 13596115.646602949127555, 113528.019105983272311 ], [ 13596259.092898786067963, 113563.869662225246429 ], [ 13596302.730139177292585, 113563.947598220984219 ], [ 13596327.643441217020154, 113553.481907516426872 ], [ 13596405.778591804206371, 113504.382234994292958 ], [ 13596525.914586268365383, 113456.81902122288011 ], [ 13596578.802476346492767, 113427.147684366689646 ], [ 13596614.480373142287135, 113402.731460419352516 ], [ 13596683.50958938524127, 113345.248127153259702 ], [ 13596733.981846509501338, 113350.291696408923599 ], [ 13596807.397050688043237, 113369.430539328561281 ], [ 13596842.907968251034617, 113390.707055255741579 ], [ 13596886.144458474591374, 113441.487902398177539 ], [ 13596907.729307739064097, 113458.455676648096414 ], [ 13596920.653500620275736, 113464.456746604555519 ], [ 13596979.597170995548368, 113465.837326720065903 ], [ 13597003.152375247329473, 113472.584355425540707 ], [ 13597019.549736240878701, 113481.947806364114513 ], [ 13597090.46025187894702, 113545.988918508344796 ], [ 13597120.082368375733495, 113564.782626747808536 ], [ 13597147.155268538743258, 113565.751259841374122 ], [ 13597186.016902776435018, 113551.822984230704606 ], [ 13597222.017626097425818, 113554.305802305534598 ], [ 13597242.633995791897178, 113565.53971928046667 ], [ 13597291.614571740850806, 113612.813470887151198 ], [ 13597306.509119609370828, 113620.929949357712758 ], [ 13597353.174250150099397, 113618.747741136292461 ], [ 13597363.738469826057553, 113628.333870208094595 ], [ 13597388.362341189756989, 113687.654312263795873 ], [ 13597398.49241485260427, 113700.369017902819905 ], [ 13597409.724551472812891, 113706.670702301198617 ], [ 13597428.41509397700429, 113709.031050549645443 ], [ 13597474.178536642342806, 113698.73236137231288 ], [ 13597500.31635307893157, 113697.852797661718796 ], [ 13597519.062555328011513, 113701.872069825200015 ], [ 13597530.584122627973557, 113710.367096734917141 ], [ 13597541.293057641014457, 113727.936104535358027 ], [ 13597546.836768282577395, 113749.735926567140268 ], [ 13597569.746319487690926, 113800.427754845979507 ], [ 13597585.642742773517966, 113865.025610127820983 ], [ 13597594.659621527418494, 113874.990292394038988 ], [ 13597613.016205558553338, 113883.84160257311305 ], [ 13597666.92823495157063, 113889.976284347852925 ], [ 13597698.542970335111022, 113902.156578419817379 ], [ 13597714.27241438254714, 113918.345013779922738 ], [ 13597730.536191990599036, 113958.804971664736513 ], [ 13597762.907899914309382, 113940.712667420928483 ], [ 13597783.96954756975174, 113934.010164789142436 ], [ 13597824.734745100140572, 113927.107255233451724 ], [ 13597895.489413445815444, 113924.991847493089153 ], [ 13597926.157933160662651, 113910.495737946272129 ], [ 13597962.69299003854394, 113930.135628441465087 ], [ 13597973.702487679198384, 113940.055777622561436 ], [ 13597979.223934423178434, 113952.982033029591548 ], [ 13597987.673083772882819, 114031.218732722947607 ], [ 13598006.797772292047739, 114078.782022890532971 ], [ 13598035.718576001003385, 114112.417021943139844 ], [ 13598054.342326810583472, 114126.957674617835437 ], [ 13598143.5537667311728, 114185.27616351096367 ], [ 13598172.007028579711914, 114149.759556882432662 ], [ 13598186.166867807507515, 114141.386990568964393 ], [ 13598214.998615922406316, 114136.04279940786364 ], [ 13598300.959526712074876, 114144.760511280692299 ], [ 13598391.028126712888479, 114143.702806763671106 ], [ 13598429.177316209301353, 114149.158335358719341 ], [ 13598447.288997359573841, 114158.555205216180184 ], [ 13598466.502741470932961, 114176.82566023360414 ], [ 13598482.588407890871167, 114199.271266217445373 ], [ 13598510.217905506491661, 114248.359900502604432 ], [ 13598559.899794248864055, 114321.664419368215022 ], [ 13598640.862459901720285, 114527.315740576683311 ], [ 13598646.205795461311936, 114554.849489923202782 ], [ 13598644.380155809223652, 114643.596579278470017 ], [ 13598625.923384234309196, 114756.559598286359687 ], [ 13598633.470845712348819, 114827.192121262807632 ], [ 13598724.22962655685842, 114831.200272421294358 ], [ 13598784.520262770354748, 114820.600939456373453 ], [ 13598807.685848804190755, 114812.272892349210451 ], [ 13598830.005406707525253, 114797.587472860352136 ], [ 13598868.009880863130093, 114765.35526163506438 ], [ 13598889.349827248603106, 114740.059379782920587 ], [ 13598910.044120587408543, 114727.121962033183081 ], [ 13599035.178360186517239, 114690.803671354122343 ], [ 13599142.980155074968934, 114654.151371961561381 ], [ 13599170.999270904809237, 114649.141185522224987 ], [ 13599214.937073919922113, 114653.505614594309009 ], [ 13599245.293899059295654, 114667.166723286820343 ], [ 13599276.418828686699271, 114686.973661762924166 ], [ 13599310.460328970104456, 114690.246983910998097 ], [ 13599340.538855383172631, 114678.08893037046073 ], [ 13599390.487910902127624, 114665.296253605920356 ], [ 13599491.855439221486449, 114662.991567762626801 ], [ 13599537.641145782545209, 114655.85483536706306 ], [ 13599607.816952778026462, 114606.042451317378436 ], [ 13599642.392786620184779, 114589.007820021026419 ], [ 13599727.56332902610302, 114567.65329645233578 ], [ 13599843.491446735337377, 114560.961915765190497 ], [ 13599885.692665698006749, 114536.200468195675057 ], [ 13599899.529678404331207, 114534.574941572063835 ], [ 13599939.337528310716152, 114544.417171379434876 ], [ 13600013.87705934420228, 114553.502306828275323 ], [ 13600031.44327499344945, 114558.523625662608538 ], [ 13600089.140167070552707, 114599.284267430732143 ], [ 13600204.4337636847049, 114715.320187216988415 ], [ 13600296.472718672826886, 114759.732717317398055 ], [ 13600345.954232331365347, 114792.031730543749291 ], [ 13600375.119938919320703, 114822.315537414484425 ], [ 13600398.185337411239743, 114854.135804922465468 ], [ 13600428.030092891305685, 114914.814769429969601 ], [ 13600434.564547002315521, 114939.15316068464017 ], [ 13600437.325270373374224, 114965.640368805281469 ], [ 13600435.020956913009286, 115057.159867359092459 ], [ 13600454.546395599842072, 115137.222747379273642 ], [ 13600515.226650031283498, 115271.752030243325862 ], [ 13600521.104319145902991, 115296.61373316848767 ], [ 13600532.447775257751346, 115430.608655727817677 ], [ 13600592.883126808330417, 115427.947684190119617 ], [ 13600643.366515882313251, 115431.388019780293689 ], [ 13600716.770588111132383, 115440.740388544640155 ], [ 13600773.732771553099155, 115454.512865379205323 ], [ 13600851.200005194172263, 115487.390898349782219 ], [ 13600867.497178643941879, 115500.183604862409993 ], [ 13600892.143313905224204, 115542.102267839611159 ], [ 13600970.467707630246878, 115519.779048289143248 ], [ 13601001.592637255787849, 115516.138303888190421 ], [ 13601124.533882888033986, 115507.799106610109448 ], [ 13601177.933842621743679, 115512.697967470492586 ], [ 13601223.530306050553918, 115524.388431162689812 ], [ 13601247.820218941196799, 115534.776243511936627 ], [ 13601301.954887313768268, 115565.928548621828668 ], [ 13601362.423634713515639, 115588.886396396337659 ], [ 13601381.169836962595582, 115603.126497683944763 ], [ 13601416.035101477056742, 115569.491357101651374 ], [ 13601501.439414814114571, 115560.851546600344591 ], [ 13601927.169675406068563, 115586.114085892098956 ], [ 13602009.557230541482568, 115602.770216800301569 ], [ 13602012.551724845543504, 115604.27327678068832 ], [ 13601998.213774429634213, 115719.507894393129391 ], [ 13602017.883928453549743, 115721.166827811233816 ], [ 13602069.313533198088408, 115744.670241039420944 ], [ 13602102.954283315688372, 115752.719965590164065 ], [ 13602112.282856645062566, 115735.952489762930782 ], [ 13602133.38903209939599, 115711.703113786032191 ], [ 13602189.182360883802176, 115671.265223314578179 ], [ 13602246.233599917963147, 115618.825124478040379 ], [ 13602315.630170477554202, 115569.246414017572533 ], [ 13602346.098315106704831, 115572.564279444515705 ], [ 13602415.67299685254693, 115577.051191464270232 ], [ 13602490.802521189674735, 115584.243611347352271 ], [ 13602567.034108486026525, 115588.418777755519841 ], [ 13602627.792286558076739, 115591.469432709098328 ], [ 13602673.15497905574739, 115595.600064093450783 ], [ 13602688.171978367492557, 115599.953371076640906 ], [ 13602707.697417052462697, 115605.264182993472787 ], [ 13602750.477497363463044, 115617.388867103916709 ], [ 13602764.848843624815345, 115626.841444813224371 ], [ 13602933.620323617011309, 115856.954451461293502 ], [ 13603027.529446048662066, 116022.892432141830795 ], [ 13604950.184031285345554, 132388.974044567032252 ], [ 13613869.725022790953517, 151933.645533040631562 ], [ 13522239.323698073625565, 168219.776616407529218 ], [ 13459449.620575873181224, 175504.017739722825354 ], [ 13454601.133550217375159, 175501.946413290133933 ], [ 13449855.071588043123484, 174510.607247888663551 ], [ 13449762.309056363999844, 174479.671119451581035 ], [ 13447968.228482997044921, 173794.021549542434514 ], [ 13437671.175584618002176, 169339.998271155403927 ], [ 13435244.822567438706756, 168109.086580425268039 ], [ 13382906.539081500843167, 137393.84870953738573 ], [ 13321390.386593719944358, 176302.871818677347619 ], [ 13275801.837980592623353, 80223.771539691180806 ], [ 13233350.773555723950267, -25319.684682857154257 ] ] ] } }
]
}
