{
"type": "FeatureCollection",
"name": "sumatera-barat",
"crs": { "type": "name", "properties": { "name": "urn:ogc:def:crs:EPSG::3857" } },
"features": [
{ "type": "Feature", "properties": { "place": "Sumatera Barat, Sumatera, Indonesia", "query": "Sumatera Barat, Indonesia", "baselineYear": 1990, "comparisonYear": 2024, "forestLossHa": 622110.4171, "forestGainHa": 126948.432, "forestLossPct": 14.6169, "forestGainPct": 2.9827, "netForestChangeHa": -495161.9851, "baselineForestAreaHa": 2978698.1903, "comparisonForestAreaHa": 2483536.2052000002, "analyzedAreaHa": 4256109.7761000004, "aoiAreaHa": 10397133.035, "coverageFraction": 0.409356, "validPixelCount": 1821148, "sourceFormat": "pmtiles_png", "zoom": 10, "forestClasses": "3,5,76", "baselinePmtiles": "landcover-processing/landcover-mapbiomas-pmtiles-values/1990_landcover.pmtiles", "comparisonPmtiles": "landcover-processing/landcover-mapbiomas-pmtiles-values/2024_landcover.pmtiles" }, "geometry": { "type": "Polygon", "coordinates": [ [ [ 10935626.114419933408499, -115070.253169818475726 ], [ 10957563.801942767575383, -148301.286524663242744 ], [ 10987890.793458560481668, -198381.60395095279091 ], [ 10989624.683583257719874, -200851.244765355135314 ], [ 10991679.541195759549737, -203060.986410888610408 ], [ 11013448.201203772798181, -223507.284869320690632 ], [ 11114665.359151965007186, -330149.165879597538151 ], [ 11151583.566585678607225, -381449.901332353358157 ], [ 11201021.298287559300661, -432691.659432229993399 ], [ 11230163.460803095251322, -384288.52322836779058 ], [ 11235707.805965697392821, -363497.266677067498676 ], [ 11221410.887915829196572, -317834.370308557641692 ], [ 11212262.730086080729961, -299538.059240428963676 ], [ 11245705.82131595723331, -275986.042292629601434 ], [ 11245846.306513339281082, -275937.561839388450608 ], [ 11247202.111119505017996, -274967.98954355501337 ], [ 11253340.568404471501708, -270648.49629777536029 ], [ 11254601.283901603892446, -269786.332909345102962 ], [ 11256178.180148437619209, -268651.678577687358484 ], [ 11257144.2440853882581, -267994.323443497647531 ], [ 11258459.817827582359314, -267032.434580088651273 ], [ 11259120.777304166927934, -266683.398732981760986 ], [ 11259296.962662246078253, -266538.913479183800519 ], [ 11259308.094611324369907, -266440.677400351210963 ], [ 11259306.15765218436718, -266379.50967987801414 ], [ 11259311.59004333615303, -266316.470185929152649 ], [ 11259351.976754596456885, -266236.695960795681458 ], [ 11259394.244765250012279, -266181.010010994039476 ], [ 11259463.006814712658525, -266146.838590853731148 ], [ 11259508.970632461830974, -266100.422516905528028 ], [ 11259568.715803170576692, -266030.809574024518952 ], [ 11259607.788944439962506, -265998.309432119771373 ], [ 11259658.405916901305318, -265984.326685498061124 ], [ 11259704.380866600200534, -265947.18049470189726 ], [ 11259807.863465240225196, -265882.135686821187846 ], [ 11259840.079325877130032, -265877.445063683087938 ], [ 11259881.512440349906683, -265877.389355570601765 ], [ 11259994.334744269028306, -265902.691982316377107 ], [ 11260031.036780383437872, -265893.789824741368648 ], [ 11260113.580182807520032, -265858.482023387623485 ], [ 11260152.898226954042912, -265829.224129160866141 ], [ 11260172.768756061792374, -265820.678507644566707 ], [ 11260196.524335397407413, -265827.608594417746644 ], [ 11260261.212091496214271, -265867.261621070210822 ], [ 11260293.071729762479663, -265874.860207288293168 ], [ 11260353.340102076530457, -265858.10320827056421 ], [ 11260408.476645868271589, -265793.13642954925308 ], [ 11260461.70962636359036, -265718.777300077141263 ], [ 11260506.070443445816636, -265648.351193504233379 ], [ 11260582.368822436779737, -265552.878802974824794 ], [ 11260674.096082849428058, -265479.243993669573683 ], [ 11260778.914515379816294, -265415.525233526306693 ], [ 11260918.609344376251101, -265364.663888642448001 ], [ 11261034.748969120904803, -265316.777362915046979 ], [ 11261234.021989589557052, -265270.885194653936196 ], [ 11261339.886825334280729, -265254.72990683541866 ], [ 11261597.725029909983277, -265206.475743485032581 ], [ 11261770.971553429961205, -265301.925635194696952 ], [ 11261873.708311485126615, -265314.560188167844899 ], [ 11262083.378572393208742, -265322.760392418014817 ], [ 11262276.0280831605196, -265277.681557623844128 ], [ 11262345.825403887778521, -265217.862432245223317 ], [ 11262415.600460717454553, -265143.135909977776464 ], [ 11262469.66833739541471, -265059.952977471868508 ], [ 11262494.893334010615945, -264999.665991464920808 ], [ 11262531.628765972331166, -264941.685330885229632 ], [ 11262570.679643342271447, -264890.645878180570435 ], [ 11262673.472061140462756, -264822.916405775176827 ], [ 11262760.234472263604403, -264782.272051732463297 ], [ 11263113.918758412823081, -264790.238255145726725 ], [ 11263313.447813710197806, -264775.275162921170704 ], [ 11263452.597177201882005, -264773.648497733578552 ], [ 11263689.952595472335815, -264574.883511178253684 ], [ 11263726.743687178939581, -264549.335989774786867 ], [ 11263786.511121785268188, -264498.263242738088593 ], [ 11263846.256292494013906, -264437.920769391406793 ], [ 11263910.587826224043965, -264368.308580632263329 ], [ 11263942.736895164474845, -264314.963025784585625 ], [ 11264062.216104632243514, -264182.691086454724427 ], [ 11264205.740324113518, -263975.080523857031949 ], [ 11264281.548897342756391, -263882.2719856199692 ], [ 11264366.563592461869121, -263791.769787764002103 ], [ 11264437.830330468714237, -263733.733874712663237 ], [ 11264516.032272750511765, -263698.849945155787282 ], [ 11264759.955540975555778, -263666.016052516410127 ], [ 11264914.088507929816842, -263617.116182599100284 ], [ 11264983.084328321740031, -263589.195689655898605 ], [ 11265047.482653746381402, -263556.651498147344682 ], [ 11265148.705466724932194, -263526.369028264365625 ], [ 11265233.842613283544779, -263512.330799206800293 ], [ 11265363.88604242913425, -263508.654120378778316 ], [ 11265409.927783818915486, -263513.210973848355934 ], [ 11265462.904729487374425, -263540.930906896654051 ], [ 11265513.566229747608304, -263559.392295935249422 ], [ 11265616.82618940807879, -263609.361727548297495 ], [ 11265677.77361061796546, -263578.811852387036197 ], [ 11265718.460884502157569, -263526.525008594326209 ], [ 11265839.877053109928966, -263227.522146530973259 ], [ 11265956.974025476723909, -263046.596560920996126 ], [ 11266106.286858476698399, -262863.309209109225776 ], [ 11266286.668961359187961, -262671.866576112923212 ], [ 11266578.637721812352538, -262462.854229345684871 ], [ 11266700.499168382957578, -262383.884179338230751 ], [ 11266859.630380470305681, -262340.377135949500371 ], [ 11267022.056649489328265, -262309.58240121655399 ], [ 11267151.064807368442416, -262220.68547875713557 ], [ 11267419.756662296131253, -261959.030902108963346 ], [ 11267535.985342632979155, -261817.591662540333346 ], [ 11267881.220479430630803, -261575.891852952889167 ], [ 11268112.976527314633131, -261486.371437042718753 ], [ 11268309.96749822050333, -261350.692677066719625 ], [ 11268562.440103339031339, -261139.219884064805228 ], [ 11268797.379888659343123, -260820.067082930239849 ], [ 11269203.79621759802103, -260785.094678207155084 ], [ 11269455.30034314468503, -260804.66986523088417 ], [ 11269662.098561193794012, -260621.908795167197241 ], [ 11269813.159110199660063, -260442.835686396399979 ], [ 11269895.591193132102489, -260207.354804947390221 ], [ 11270003.21487683057785, -259951.040240095055196 ], [ 11270095.476470800116658, -259707.71670862819883 ], [ 11270148.253041384741664, -259604.371169196150731 ], [ 11270240.659350693225861, -259454.321945348434383 ], [ 11270382.613965352997184, -259247.575562753976556 ], [ 11270504.853898191824555, -259130.794113743468188 ], [ 11270739.994058594107628, -259007.116392585070571 ], [ 11270869.736925113946199, -258901.29798543205834 ], [ 11271189.157071994617581, -258790.310172714351211 ], [ 11271517.772208817303181, -258663.724891072459286 ], [ 11271849.949569346383214, -258581.938063292182051 ], [ 11272117.806528091430664, -258433.327016102848575 ], [ 11272292.555864740163088, -258299.60058979265159 ], [ 11272282.292207688093185, -258197.715456549514784 ], [ 11272284.919347669929266, -258011.292014696053229 ], [ 11272329.758838562294841, -257581.013781302637653 ], [ 11272376.936038760468364, -257285.14177424646914 ], [ 11272420.31724432297051, -257097.204234082571929 ], [ 11272476.711698357015848, -256944.160472811723594 ], [ 11272551.88575049303472, -256776.154534011031501 ], [ 11272615.237672701478004, -256664.132105470547685 ], [ 11272780.613908225670457, -256537.971883872320177 ], [ 11272778.153747478500009, -256472.162277893337887 ], [ 11272786.691952422261238, -256346.70408822238096 ], [ 11272826.599989870563149, -256247.15980881251744 ], [ 11272899.08011032640934, -256096.913239520101342 ], [ 11273024.626232042908669, -255930.412220640952 ], [ 11273156.795863460749388, -255823.604331962618744 ], [ 11273282.219533739611506, -255709.209564195887651 ], [ 11273471.774362660944462, -255596.853661274159094 ], [ 11273847.499907987192273, -255311.535755295306444 ], [ 11273996.356331076472998, -255223.834860037517501 ], [ 11274172.330182122066617, -255143.843485941644758 ], [ 11274907.361647879704833, -254984.295351059437962 ], [ 11275118.735097, -254934.451213972875848 ], [ 11275333.759825414046645, -254910.78806627515587 ], [ 11275571.916744017973542, -254870.43594585111714 ], [ 11275870.642597561702132, -254840.990713666018564 ], [ 11275119.547729281708598, -253514.924785134295234 ], [ 11274549.34703354164958, -251946.248873513919534 ], [ 11274407.102988203987479, -250644.660275726462714 ], [ 11274317.435138370841742, -249927.957131126458989 ], [ 11274046.5502894744277, -247980.231170585146174 ], [ 11273814.638394305482507, -245930.416986737953266 ], [ 11273632.820269992575049, -244044.01994026984903 ], [ 11273319.266660273075104, -241996.114695600874256 ], [ 11273078.070719573646784, -240018.782929243781837 ], [ 11272835.026875324547291, -238050.753592760127503 ], [ 11272593.830934623256326, -236869.949104561354034 ], [ 11272330.382227711379528, -234034.93741954737925 ], [ 11271901.802188158035278, -233309.014789780543651 ], [ 11270102.756765497848392, -233560.27522111768485 ], [ 11270395.270991455763578, -230795.249557691247901 ], [ 11269949.970764383673668, -230113.128506337932777 ], [ 11269347.019874451681972, -229089.094146553514292 ], [ 11268372.974330009892583, -227451.649494606739609 ], [ 11267418.710259083658457, -225345.149099031288642 ], [ 11266831.199382523074746, -224447.846286524669267 ], [ 11266274.601928556337953, -223519.615504460030934 ], [ 11265656.155365506187081, -222529.502687601925572 ], [ 11265037.719934403896332, -221632.224887803226011 ], [ 11264450.197925895452499, -220703.997260671603726 ], [ 11263893.600471928715706, -219713.89962459472008 ], [ 11263398.840995099395514, -218816.63552359121968 ], [ 11262780.405563995242119, -218012.192454869073117 ], [ 11262347.495196249336004, -217238.684205560362898 ], [ 11261883.660273961722851, -216619.891044576448621 ], [ 11261388.91192908026278, -215908.273074985074345 ], [ 11260770.465366030111909, -215165.71563655405771 ], [ 11260461.242084503173828, -214144.705309025302995 ], [ 11259780.957544317469001, -213185.584117923717713 ], [ 11259317.133753977715969, -212350.223349119536579 ], [ 11258667.762636383995414, -211422.052699785825098 ], [ 11258605.924659246578813, -210339.190741251921281 ], [ 11258636.849213790148497, -209318.20611420890782 ], [ 11258513.150995621457696, -208451.921008335339138 ], [ 11258420.388463942334056, -207369.075598660419928 ], [ 11258451.31301848590374, -206409.98798610639642 ], [ 11258389.463909400627017, -205327.15381738243741 ], [ 11258389.463909400627017, -204399.005407479475252 ], [ 11258358.5504868067801, -203347.122471049893647 ], [ 11258327.625932265073061, -202233.364852230151882 ], [ 11258265.776823179796338, -201336.170749515935313 ], [ 11258203.938846044242382, -200408.051942960271845 ], [ 11258204.027901638299227, -200377.112123840779532 ], [ 11257925.517667623236775, -199325.617706407472724 ], [ 11257955.19544386677444, -198335.473118093970697 ], [ 11257956.865236228331923, -197345.344445297843777 ], [ 11257894.470661638304591, -196324.025162740843371 ], [ 11257956.186187336221337, -195334.886194164690096 ], [ 11258079.906669402495027, -194313.521107175940415 ], [ 11257894.470661638304591, -193292.25009795758524 ], [ 11257802.075484281405807, -192271.941825587535277 ], [ 11257863.791009975597262, -191281.83075640903553 ], [ 11257802.442838601768017, -190291.757706039701588 ], [ 11257864.136100398376584, -189270.416960184491472 ], [ 11257863.824405824765563, -188311.536238738219254 ], [ 11257925.640119060873985, -187569.136065297789173 ], [ 11258246.57421101629734, -187471.566905750863953 ], [ 11258791.048972437158227, -187692.82099150645081 ], [ 11259027.758737660944462, -187976.864482422795845 ], [ 11259491.226305628195405, -188335.992655737354653 ], [ 11259935.914275500923395, -188621.072715385613265 ], [ 11260615.397315353155136, -189177.825202350650216 ], [ 11260766.146169785410166, -189376.027742512698751 ], [ 11260972.910991985350847, -189703.462704159668647 ], [ 11261139.801172582432628, -189863.109842105652206 ], [ 11261172.451179232448339, -190106.17242038086988 ], [ 11261370.477421404793859, -190278.426832517550793 ], [ 11261648.397662118077278, -190334.055671138281468 ], [ 11261914.58482850342989, -190353.656626733281882 ], [ 11262101.289878461509943, -190451.973265212029219 ], [ 11262718.556454911828041, -189796.811996338074096 ], [ 11263306.078463420271873, -189023.424024375737645 ], [ 11263707.162588747218251, -188457.18337499993504 ], [ 11263584.37719040364027, -188064.421896326879505 ], [ 11263643.632555352523923, -187896.278728040633723 ], [ 11263721.923553226515651, -187775.344468819122994 ], [ 11263886.453760618343949, -187626.434718993812567 ], [ 11263952.477350609377027, -187514.476838907896308 ], [ 11263971.023177774623036, -187366.458208354917588 ], [ 11264017.287558149546385, -187136.974403468397213 ], [ 11264531.82850849442184, -186600.150742104277015 ], [ 11264635.722989249974489, -186950.745901243150001 ], [ 11264767.180175930261612, -187081.179338532703696 ], [ 11264844.079680170863867, -187221.61365106300218 ], [ 11264939.758782505989075, -187597.12275276312721 ], [ 11264944.94627077691257, -187971.607920415466651 ], [ 11264914.021716233342886, -188868.74453638898558 ], [ 11264997.277563398703933, -189339.253846162144328 ], [ 11265099.557911537587643, -189920.553884972265223 ], [ 11265532.468279285356402, -190910.502707615378313 ], [ 11265753.370676815509796, -191056.608223065297352 ], [ 11266147.47507007047534, -191138.810021026758477 ], [ 11266305.51535115018487, -191560.165732213208685 ], [ 11267035.459516180679202, -191772.815146786539117 ], [ 11267171.336086641997099, -191993.260669342416804 ], [ 11268452.846064653247595, -191320.743282733979868 ], [ 11268686.516807779669762, -191900.456127951532835 ], [ 11268863.481402292847633, -191881.456427259196062 ], [ 11269133.141736790537834, -191673.35079003602732 ], [ 11269389.499392138794065, -191569.231226111063734 ], [ 11269544.300276035442948, -191805.479915476083988 ], [ 11269890.38144096173346, -191748.770405505696544 ], [ 11270238.043342659249902, -191616.273795253859134 ], [ 11270479.383998699486256, -191413.213461861916585 ], [ 11271419.109744127839804, -190811.506505155615741 ], [ 11271751.175785165280104, -190456.895780470833415 ], [ 11271936.58952902816236, -190006.397008368279785 ], [ 11272187.815355852246284, -189315.710537265753374 ], [ 11272356.998717959970236, -189145.071740666782716 ], [ 11272568.583674108609557, -189024.081097821152071 ], [ 11272695.487893614917994, -188910.307190113293473 ], [ 11272956.498703677207232, -188799.918937723618001 ], [ 11273225.8696074988693, -188764.30336956816609 ], [ 11273539.924154924228787, -188753.277913452038774 ], [ 11274111.672191588208079, -188837.817561583011411 ], [ 11274341.079398216679692, -188862.407680188509403 ], [ 11274535.1649304125458, -188872.831753053003922 ], [ 11274757.481085477396846, -188872.564469127071789 ], [ 11275126.015391696244478, -188925.531240255339071 ], [ 11275351.904902413487434, -188967.873483397415839 ], [ 11275553.114882024005055, -189031.553916298697004 ], [ 11275726.049710972234607, -189052.64708937695832 ], [ 11276025.988946964964271, -189048.73805872965022 ], [ 11276135.393742516636848, -189062.81502412824193 ], [ 11276281.099824015051126, -189098.386094277782831 ], [ 11276514.069254348054528, -189165.574672065296909 ], [ 11276609.347606517374516, -189165.452166765986476 ], [ 11276806.973098522052169, -189175.876254304050235 ], [ 11277124.656661348417401, -189264.25828176579671 ], [ 11277463.535455221310258, -189373.934013538790168 ], [ 11277662.363197727128863, -189380.760906491603237 ], [ 11277824.678147252649069, -189377.007785869209329 ], [ 11278156.209854733198881, -189238.131232063460629 ], [ 11278393.042071396484971, -188973.742595610383432 ], [ 11278722.592291940003633, -188714.688821485789958 ], [ 11279169.963061541318893, -188629.302823488716967 ], [ 11279750.560997722670436, -188774.994721492024837 ], [ 11280066.652691829949617, -188738.098422772280173 ], [ 11280263.443287653848529, -188464.411164026329061 ], [ 11280303.941318402066827, -188277.869691085303202 ], [ 11280286.430762501433492, -188025.50996061557089 ], [ 11280280.80912821739912, -187944.3228018770169 ], [ 11280124.59448678791523, -187646.792728266387712 ], [ 11280373.516000149771571, -187483.761656200425932 ], [ 11280727.890467142686248, -187122.129128306434723 ], [ 11281429.514953713864088, -187226.068349217734067 ], [ 11282270.589366402477026, -187031.175390302407322 ], [ 11282861.206056755036116, -186972.395708168623969 ], [ 11283096.913946561515331, -187034.237992591923103 ], [ 11283527.353021612390876, -187093.864083575230325 ], [ 11284295.502035880461335, -186981.238273962342646 ], [ 11284533.892725413665175, -186769.25066520186374 ], [ 11284639.757561160251498, -186556.873477806075243 ], [ 11284811.768438333645463, -186517.02632851281669 ], [ 11285922.180358994752169, -187574.960592475137673 ], [ 11286053.114344066008925, -187699.70351513416972 ], [ 11286202.505100710317492, -187814.189538922189968 ], [ 11286382.185890799388289, -187926.103026677825255 ], [ 11286612.650632588192821, -188043.941343144135317 ], [ 11286810.354048239067197, -188125.362411880603759 ], [ 11286947.989466654136777, -188150.052680470485939 ], [ 11287167.700745634734631, -188135.251883128978079 ], [ 11287282.137182168662548, -188154.440576942433836 ], [ 11287372.339365558698773, -188120.796327335177921 ], [ 11287545.174006966874003, -188074.422732680075569 ], [ 11287689.722365759313107, -187978.379085058782948 ], [ 11287784.856002593412995, -187868.191770943434676 ], [ 11287824.674984447658062, -187813.577016260416713 ], [ 11287946.959445085376501, -187701.106748133606743 ], [ 11288027.977770484983921, -187590.941848535556346 ], [ 11288115.94243210926652, -187436.719992488622665 ], [ 11288122.799712741747499, -187232.215832821209915 ], [ 11288101.593349745497108, -187071.512650094373384 ], [ 11288088.580101272091269, -187021.274832650640747 ], [ 11288147.746410626918077, -186882.644799361994956 ], [ 11288298.784695737063885, -186737.511009466019459 ], [ 11288450.346182452514768, -186613.058193412260152 ], [ 11288786.252745920792222, -186360.39970599397202 ], [ 11289027.548874164000154, -186228.663706681487383 ], [ 11289122.304024728015065, -186214.17486757869483 ], [ 11289277.728297773748636, -186206.913743347424315 ], [ 11289438.239871548488736, -186254.612206476478605 ], [ 11289827.613186443224549, -186415.203419705241686 ], [ 11290207.457552928477526, -186489.930716618866427 ], [ 11290703.307960771024227, -186734.782512960664462 ], [ 11290760.871269458904862, -186769.150434702780331 ], [ 11291114.97856967151165, -186990.704497187572997 ], [ 11291226.943713512271643, -187168.346604950580513 ], [ 11291230.049527306109667, -187339.718866774870548 ], [ 11291342.203914280980825, -187810.50326620216947 ], [ 11291675.728240646421909, -188388.190855559718329 ], [ 11291970.880738534033298, -188801.021483548393007 ], [ 11292613.383443545550108, -188003.648449717991753 ], [ 11293687.282571228221059, -187360.500045743683586 ], [ 11294884.078416746109724, -187234.543412709172117 ], [ 11296536.493806134909391, -186420.794045205868315 ], [ 11297286.141521034762263, -185264.428544753202004 ], [ 11297856.030522203072906, -184456.466396717965836 ], [ 11297547.764588298276067, -184114.171982033789391 ], [ 11297437.992438424378633, -183963.705601259018295 ], [ 11297266.315519722178578, -183944.060675376385916 ], [ 11297501.566999616101384, -183852.406650802702643 ], [ 11297633.202297480776906, -183698.588341509457678 ], [ 11297411.865753935649991, -183540.115057528630132 ], [ 11297764.470241023227572, -183296.536383959377417 ], [ 11298061.13668398745358, -183189.091011601936771 ], [ 11298502.585256677120924, -183420.085262597247493 ], [ 11299024.885175531730056, -183166.539517473807791 ], [ 11299611.227197436615825, -183218.914670068596024 ], [ 11300914.466740051284432, -182145.822307680704398 ], [ 11301516.861032528802752, -182154.141264909412712 ], [ 11302541.256382659077644, -180667.669900330016389 ], [ 11306451.498212108388543, -175824.405389913183171 ], [ 11310006.953692454844713, -174056.944591690407833 ], [ 11311960.143214013427496, -172298.873677286028396 ], [ 11312206.192684514448047, -171998.569056097825523 ], [ 11312110.090568112209439, -171521.26957071229117 ], [ 11312594.207901623100042, -170006.692765960324323 ], [ 11313408.387525336816907, -169595.622367330128327 ], [ 11314022.192065622657537, -169605.923060858127428 ], [ 11314745.701964082196355, -169164.574930941103958 ], [ 11314753.984134199097753, -168398.985451082204236 ], [ 11316328.787574604153633, -168366.93653644938604 ], [ 11316312.178706577047706, -166822.803023508109618 ], [ 11318944.272406639531255, -166781.968205967772519 ], [ 11319099.284797567874193, -166472.238508804322919 ], [ 11319348.918755672872066, -166534.231186939170584 ], [ 11319641.32166213914752, -166321.816965343867196 ], [ 11319694.287475859746337, -166381.738358265545685 ], [ 11319733.861554836854339, -166340.190927418560022 ], [ 11321931.252643350511789, -161102.675941349676577 ], [ 11323208.332105629146099, -159330.22227831496275 ], [ 11322540.415160870179534, -158838.404540539195295 ], [ 11322503.312374586239457, -158300.197758690861519 ], [ 11321622.029361823573709, -157588.770586153579643 ], [ 11320725.350863484665751, -156784.588204088940984 ], [ 11320545.937240174040198, -156713.411296301172115 ], [ 11320768.520562013611197, -155522.492674555629492 ], [ 11320762.965719424188137, -155111.056328798033064 ], [ 11321620.23711802251637, -154458.309307452553185 ], [ 11321861.054572453722358, -153923.396466989099281 ], [ 11322759.95946061052382, -153348.097456352814334 ], [ 11324328.952023595571518, -151991.614909415162401 ], [ 11323931.908795785158873, -150867.438828825892415 ], [ 11324265.867268165573478, -150715.912928486359306 ], [ 11322936.222742334008217, -148949.742727247474249 ], [ 11318941.122065048664808, -150366.361440317879897 ], [ 11318109.287170097231865, -148745.593993330869125 ], [ 11319262.679546155035496, -147799.122631509613711 ], [ 11319980.066872622817755, -144591.700015976646682 ], [ 11320592.479919273406267, -144206.714234042738099 ], [ 11320789.726925009861588, -143816.718326772679575 ], [ 11320731.161740902811289, -143555.173621151188854 ], [ 11320264.554963294416666, -142627.61548844553181 ], [ 11321232.41114404797554, -141610.025230606406694 ], [ 11321266.45264433324337, -141498.678322945925174 ], [ 11321396.295698394998908, -141241.957056893937988 ], [ 11321535.445061884820461, -141238.872750916809309 ], [ 11321538.539743728935719, -141207.94061554223299 ], [ 11321538.539743728935719, -141115.15536401324789 ], [ 11321618.934679981321096, -141108.964485458884155 ], [ 11321637.491639094427228, -141189.379108976136195 ], [ 11321634.396957250311971, -141217.21580193482805 ], [ 11321739.53821630589664, -141217.21580193482805 ], [ 11321742.62176620028913, -141322.382852211245336 ], [ 11321798.281511597335339, -141387.331458402681164 ], [ 11321847.763025254011154, -141362.590190952440025 ], [ 11321838.490111673250794, -141402.797535310412059 ], [ 11321863.225302526727319, -141418.26361304949387 ], [ 11321863.225302526727319, -141464.650716568197822 ], [ 11321909.60100238956511, -141477.032489103585249 ], [ 11321965.260747786611319, -141446.100328137690667 ], [ 11321983.81770690344274, -141458.470965187472757 ], [ 11322042.572134144604206, -141427.538806217664387 ], [ 11322002.374666016548872, -141303.821338270354318 ], [ 11322048.750365881249309, -141300.725896949676098 ], [ 11322058.034411415457726, -141266.709448657667963 ], [ 11322129.156434081494808, -141238.872750916809309 ], [ 11322141.52402950823307, -141183.199363504070789 ], [ 11322172.504243796691298, -141133.672327101550763 ], [ 11322221.918965758755803, -141074.936925130023155 ], [ 11322225.01364760287106, -140827.502345012384467 ], [ 11322255.938202146440744, -140889.366537493333453 ], [ 11322318.544283768162131, -140895.62421932813595 ], [ 11322351.795415667816997, -140898.641713642165996 ], [ 11322342.51137013733387, -140768.733601357438602 ], [ 11322345.606051979586482, -140700.689699558890425 ], [ 11322450.747311035171151, -140694.509964548080461 ], [ 11322466.198456358164549, -140700.689699558890425 ], [ 11322543.509842712432146, -140722.346609783213353 ], [ 11322543.509842712432146, -140669.768756512232358 ], [ 11322562.066801827400923, -140660.482453052216442 ], [ 11322571.339715410023928, -140629.550379648659145 ], [ 11322571.339715410023928, -140586.258844023424899 ], [ 11322596.074906265363097, -140524.394716390030226 ], [ 11322620.810097118839622, -140499.653522898064693 ], [ 11322670.291610777378082, -140409.952795898192562 ], [ 11322729.101697763428092, -140348.122109852527501 ], [ 11322729.046038018539548, -140338.813547419384122 ], [ 11322744.497183341532946, -140202.725961846823338 ], [ 11322744.497183341532946, -140097.570453426364111 ], [ 11322759.95946061052382, -140085.199874623824144 ], [ 11322849.63844239525497, -140147.052773906296352 ], [ 11322896.025274205952883, -140202.725961846823338 ], [ 11322948.590337758883834, -140196.546237458591349 ], [ 11322954.768569499254227, -140301.701781742362073 ], [ 11323047.542233126237988, -140301.701781742362073 ], [ 11323103.201978523284197, -140026.431281532277353 ], [ 11323121.747805688530207, -140032.611002300312975 ], [ 11323242.351342014968395, -139924.360128864238504 ], [ 11323137.210082961246371, -139874.87784630357055 ], [ 11323134.115401117131114, -139584.141769618057879 ], [ 11323155.767042076215148, -139475.879928323294735 ], [ 11323242.351342014968395, -139522.277855385182193 ], [ 11323248.529573753476143, -139602.692038755427347 ], [ 11323316.556914577260613, -139593.416904039215297 ], [ 11323545.385259851813316, -139602.692038755427347 ], [ 11323533.017664425075054, -139290.310563055973034 ], [ 11323477.357919028028846, -139005.754767823847942 ], [ 11323461.895641757175326, -138977.918286832224112 ], [ 11323347.481469118967652, -138928.436164755286882 ], [ 11323681.439941499382257, -138198.497891720908228 ], [ 11324624.560931397601962, -137252.06161344825523 ], [ 11325125.498639967292547, -137106.700403856288176 ], [ 11325632.625712225213647, -137351.036437232804019 ], [ 11326197.015530547127128, -137588.792159346747212 ], [ 11327620.235220339149237, -136908.806624913413543 ], [ 11334234.928418869152665, -135507.965604845725466 ], [ 11336988.816773807629943, -131920.563548354170052 ], [ 11339603.221806781366467, -128638.391857037786394 ], [ 11341591.510363789275289, -126328.050994991586776 ], [ 11341697.386331483721733, -126325.735095408657799 ], [ 11341658.157342927530408, -126173.509270867987652 ], [ 11341661.485795702785254, -125851.555006132941344 ], [ 11341718.848729308694601, -125494.228011944753234 ], [ 11341781.566130420193076, -125116.236538114710129 ], [ 11341769.187403045594692, -124865.174017963319784 ], [ 11341743.505996519699693, -124408.643557974573923 ], [ 11341737.650591302663088, -124242.668066305559478 ], [ 11341741.390926193445921, -124162.458299589663511 ], [ 11341746.02181700989604, -124146.4363899071177 ], [ 11341750.908742656931281, -124085.354954062742763 ], [ 11341750.719499522820115, -123967.478726421948522 ], [ 11341759.357892006635666, -123916.785392465666519 ], [ 11341803.930216122418642, -123802.627996771698236 ], [ 11341826.70618393830955, -123769.949572750163497 ], [ 11341920.670966116711497, -123670.789781954546925 ], [ 11341988.698306940495968, -123613.482874044973869 ], [ 11342054.298882864415646, -123550.865040089571266 ], [ 11342120.812278613448143, -123505.994871232309379 ], [ 11342200.906652240082622, -123462.483060718353954 ], [ 11342289.906585128977895, -123426.898687710869126 ], [ 11342453.568500492721796, -123368.322542637120932 ], [ 11342503.372840674594045, -123343.849942245651619 ], [ 11342525.358440104871988, -123328.484980234396062 ], [ 11342557.696752179414034, -123293.457323136011837 ], [ 11342601.345124520361423, -123257.115854475603555 ], [ 11342634.507200827822089, -123215.886552196912817 ], [ 11342660.667281163856387, -123151.075390968166175 ], [ 11342649.212505562230945, -122967.15249637272791 ], [ 11342637.401507588103414, -122795.989281810514512 ], [ 11342637.100944962352514, -122670.664863610290922 ], [ 11342619.100583303719759, -122624.224919320346089 ], [ 11342567.047589406371117, -122561.417994694726076 ], [ 11342533.173068357631564, -122541.733075542200822 ], [ 11342444.362378604710102, -122523.985474094050005 ], [ 11342363.188205918297172, -122529.775155767070828 ], [ 11342222.424709809944034, -122575.435706499643857 ], [ 11342061.679365104064345, -122584.109096387852333 ], [ 11341977.076552100479603, -122594.842277513307636 ], [ 11341926.348260145634413, -122631.08346738461114 ], [ 11341794.968997111544013, -122692.120097800143412 ], [ 11341620.520223090425134, -122694.736589869469753 ], [ 11341528.548059796914458, -122663.650438618380576 ], [ 11341447.329359315335751, -122627.999347539443988 ], [ 11341386.660236831754446, -122570.536744403652847 ], [ 11341333.716687010601163, -122493.734388993863831 ], [ 11341271.244188778102398, -122380.056246937339893 ], [ 11341219.046479545533657, -122243.631393782052328 ], [ 11341190.493030155077577, -122146.164426929593901 ], [ 11341166.893298106268048, -122037.351955818507122 ], [ 11341153.501563366502523, -121963.622703141416423 ], [ 11341108.72886416874826, -121855.188846936740447 ], [ 11341069.956285525113344, -121801.400590231947717 ], [ 11340995.873164400458336, -121750.674185924668564 ], [ 11340874.94680155441165, -121744.094005420993199 ], [ 11340787.917223650962114, -121775.848109487633337 ], [ 11340706.820974608883262, -121847.361658556357725 ], [ 11340659.309815937653184, -121958.668080131552415 ], [ 11340649.413513205945492, -122083.791818146433798 ], [ 11340614.692964026704431, -122227.910195005330024 ], [ 11340558.977558884769678, -122589.798573061547359 ], [ 11340461.138858426362276, -122890.862213785454514 ], [ 11340366.005221595987678, -123033.411044165302883 ], [ 11340166.476166296750307, -123277.702672474770225 ], [ 11340078.12188645452261, -123437.965917202061974 ], [ 11340031.067137695848942, -123512.085189078483381 ], [ 11339863.119421936571598, -123694.805910891343956 ], [ 11339778.516608934849501, -123763.168939348237473 ], [ 11339685.030500564724207, -123805.845736144139664 ], [ 11339634.71409072726965, -123811.702244563697604 ], [ 11339549.120534256100655, -123806.547181063418975 ], [ 11339447.741873990744352, -123788.487758380681043 ], [ 11339224.624218594282866, -123609.775238807982532 ], [ 11339019.874279176816344, -123457.138724101532716 ], [ 11338622.5304887406528, -122958.813116990946583 ], [ 11338518.14620222337544, -122827.899362457843381 ], [ 11338474.130475563928485, -122739.884998828536482 ], [ 11338371.928051065653563, -122568.365613497851882 ], [ 11338334.569229956716299, -122531.267112214613007 ], [ 11338301.295834159478545, -122507.985911995536298 ], [ 11338257.268975548446178, -122488.390068025924847 ], [ 11338219.476008426398039, -122484.626775395896402 ], [ 11338079.246845871210098, -122487.577285886261961 ], [ 11338002.035647058859468, -122500.5038623434084 ], [ 11337869.899411486461759, -122533.081954767942079 ], [ 11337664.069673009216785, -122614.170911618741229 ], [ 11337380.68364529684186, -122619.348224516754271 ], [ 11337346.530825523659587, -122679.783616321612499 ], [ 11337302.882453182712197, -122738.170361236654571 ], [ 11337496.155353097245097, -123014.639086578768911 ], [ 11337522.126190299168229, -123078.726509634419926 ], [ 11337557.859746843576431, -123222.399957696514321 ], [ 11337559.741046238690615, -123411.478051665122621 ], [ 11337502.077550007030368, -123624.917533132029348 ], [ 11337386.527918566018343, -123780.237430592591409 ], [ 11337161.551227672025561, -123832.233426995735499 ], [ 11336878.7997210547328, -123832.567448412490194 ], [ 11336441.314122239127755, -123604.319559406096232 ], [ 11335804.455315411090851, -123636.508069184637861 ], [ 11335647.082951275631785, -123553.537209147398244 ], [ 11335645.079200442880392, -123544.474102514228434 ], [ 11335630.27370816655457, -123540.955746689447551 ], [ 11335615.546139532700181, -123530.088926404670929 ], [ 11335604.325134862214327, -123511.07199176902941 ], [ 11335603.323259444907308, -123491.353613982340903 ], [ 11335612.51824938505888, -123425.518067558965413 ], [ 11335623.115864908322692, -123398.72958414304594 ], [ 11335619.59816899895668, -123389.911430477382964 ], [ 11335595.998436950147152, -123367.75470702968596 ], [ 11335589.85360105894506, -123353.63675537816016 ], [ 11335592.180178416892886, -123342.948085760028334 ], [ 11335611.950519980862737, -123337.236328074839548 ], [ 11335616.614806644618511, -123328.796733079710975 ], [ 11335612.97465929761529, -123284.95092508837115 ], [ 11335592.35828960314393, -123229.726147283770842 ], [ 11335679.087304878979921, -123195.956645568861859 ], [ 11335798.054444689303637, -123135.621365739454632 ], [ 11335871.19135014154017, -123086.442386806127615 ], [ 11335949.237445136532187, -123013.726096972459345 ], [ 11335754.806822516024113, -122745.997570575724239 ], [ 11335329.56636768579483, -121743.93812974228058 ], [ 11335096.908631928265095, -121176.885158989636693 ], [ 11335077.539040530100465, -121066.881669982205494 ], [ 11335320.516093084588647, -119817.74335417097609 ], [ 11335525.933949446305633, -119236.353162069368409 ], [ 11335474.059066735208035, -118863.367904461862054 ], [ 11335293.72149165160954, -118546.609101904483396 ], [ 11334952.749891351908445, -118210.7003501746658 ], [ 11334721.094031009823084, -117913.42638861197338 ], [ 11334763.417701410129666, -117307.455921440094244 ], [ 11334912.786194156855345, -116619.786606222012779 ], [ 11335131.195035092532635, -115799.559791080551804 ], [ 11335178.272047748789191, -115596.156752962982864 ], [ 11335079.320152381435037, -115353.318017822879483 ], [ 11335025.396991044282913, -115313.637264753153431 ], [ 11334918.530279882252216, -115296.168382451287471 ], [ 11334855.913066308945417, -115265.183107684992137 ], [ 11334797.893347708508372, -115226.103587873411016 ], [ 11334746.586194401606917, -115207.744008691806812 ], [ 11334667.894446359947324, -115190.397603040575632 ], [ 11334563.031486034393311, -115149.748230875411537 ], [ 11334527.576228214427829, -115112.260851815954084 ], [ 11334485.51972459256649, -115019.293950304752798 ], [ 11334474.833053477108479, -114891.534086588726495 ], [ 11334472.094594003632665, -114787.711834774556337 ], [ 11334461.430186785757542, -114689.233812766658957 ], [ 11334460.873589331284165, -114609.58298263058532 ], [ 11334479.742243019863963, -114465.623671845925855 ], [ 11334506.035906746983528, -114300.554854064655956 ], [ 11334531.995612, -114204.437318588490598 ], [ 11334550.775210097432137, -114052.962904618005268 ], [ 11334542.749074811115861, -113951.812991823637276 ], [ 11334547.457889270037413, -113895.16459968786512 ], [ 11334524.114192049950361, -113810.748714394343551 ], [ 11334518.737460646778345, -113709.598870177796925 ], [ 11334508.117581224068999, -113648.385692708572606 ], [ 11334531.995612, -113548.78348051237117 ], [ 11334648.046181151643395, -113419.342954141699011 ], [ 11334696.893173711374402, -113382.713052786639309 ], [ 11334729.899402732029557, -113295.179850769491168 ], [ 11334732.493146866559982, -113222.287489335678401 ], [ 11334686.629516661167145, -113107.988911728782114 ], [ 11334654.747614497318864, -113072.639417437443626 ], [ 11334607.96003251709044, -112942.408570315266843 ], [ 11334609.306998355314136, -112803.448957112777862 ], [ 11334780.260340366512537, -112629.195615073942463 ], [ 11334806.153253925964236, -112547.106966753330198 ], [ 11334766.902001472190022, -112357.411338856603834 ], [ 11334785.136134063825011, -112222.46007257909514 ], [ 11334909.246234349906445, -112144.702514032571344 ], [ 11334896.878638923168182, -112132.33300704343128 ], [ 11334756.0260872207582, -112070.9085577900114 ], [ 11334648.547118861228228, -112009.829262566534453 ], [ 11334551.487654838711023, -111941.323823909508064 ], [ 11334495.171124445274472, -111798.122670741897309 ], [ 11334368.11105765402317, -111656.05720672076859 ], [ 11334046.753951633349061, -111561.276415020387503 ], [ 11334015.595626158639789, -111498.33788575802464 ], [ 11334148.566757911816239, -111111.744359009826439 ], [ 11334291.423060446977615, -110543.272361966388416 ], [ 11334380.478653080761433, -110545.788560332628549 ], [ 11334404.724038176238537, -110537.75008596634143 ], [ 11334511.624145185574889, -110457.164946824676008 ], [ 11334599.622202657163143, -110415.324811074548052 ], [ 11334628.453950772061944, -110408.678041676161229 ], [ 11334665.701452391222119, -110407.419942959284526 ], [ 11334663.87581274099648, -109478.465513609800837 ], [ 11334856.681170796975493, -109070.586704325702158 ], [ 11334949.443702474236488, -108832.45070614751603 ], [ 11334921.613829776644707, -108820.081310417503119 ], [ 11334594.56829777546227, -108750.496508580443333 ], [ 11334365.962591482326388, -108510.211937121071969 ], [ 11334187.428392147645354, -108405.667822209157748 ], [ 11334110.117005791515112, -108365.843090888665756 ], [ 11334048.969209499657154, -108297.249259677701048 ], [ 11333521.982740083709359, -107791.262980454761419 ], [ 11332699.866036677733064, -107327.440037077743909 ], [ 11332025.314450265839696, -107306.364274488485535 ], [ 11331545.371597658842802, -107414.225875831689336 ], [ 11331034.570982206612825, -107710.444630685888114 ], [ 11330519.29532322101295, -107776.04343317115854 ], [ 11329844.743736810982227, -107719.819068496610271 ], [ 11329355.639290113002062, -107799.50179928423313 ], [ 11328589.327047441154718, -108328.879687348555308 ], [ 11328083.413357632234693, -108619.343109258290497 ], [ 11327605.607839249074459, -108666.204280361707788 ], [ 11327184.007531767711043, -108563.129752083870699 ], [ 11326850.950747262686491, -108170.62737366768124 ], [ 11326631.250600233674049, -107410.607479335114476 ], [ 11326387.661290479823947, -106660.998937655371265 ], [ 11326219.023393876850605, -106070.678655876254197 ], [ 11326016.032302416861057, -105719.305919926962815 ], [ 11325768.680393872782588, -105572.800506762694567 ], [ 11325491.383542308583856, -105569.382530237999163 ], [ 11325185.343998217955232, -105663.081858584308065 ], [ 11324498.291232991963625, -105956.682884170601028 ], [ 11324023.613792300224304, -105919.196441392719862 ], [ 11323883.228782460093498, -105820.208647053543245 ], [ 11323786.26950597949326, -105544.399015453556785 ], [ 11323665.98879617638886, -105325.392525309129269 ], [ 11323205.404403019696474, -105157.099075809630449 ], [ 11322349.724873140454292, -104994.684164986392716 ], [ 11321431.583976974710822, -104676.111545342108002 ], [ 11321037.602035159245133, -104459.454702246919624 ], [ 11320950.661512849852443, -104307.550048175355187 ], [ 11320988.131653452292085, -104145.135492272573174 ], [ 11321254.062785007059574, -103686.304716246042517 ], [ 11321606.466897010803223, -103176.9065451057686 ], [ 11322199.822046836838126, -102377.339560959415394 ], [ 11322568.389748904854059, -101688.874008764629252 ], [ 11322868.128609815612435, -101149.87482341217401 ], [ 11323317.837088720872998, -100783.398542205366539 ], [ 11323727.815641364082694, -100531.851962723798351 ], [ 11324312.999940566718578, -100346.136895673203981 ], [ 11325037.522846395149827, -99800.60424841909844 ], [ 11325195.752370608970523, -99180.1007159982546 ], [ 11325212.405766429379582, -98672.044247202808037 ], [ 11325243.007494447752833, -98336.108756335335784 ], [ 11325216.56911538541317, -97868.322323791115195 ], [ 11325174.924493879079819, -97564.317647996285814 ], [ 11324950.081386374309659, -97181.200373893414508 ], [ 11324717.334595026448369, -96913.535072781247436 ], [ 11324354.644562071189284, -96783.498917910997989 ], [ 11323944.276391211897135, -96727.977500002540182 ], [ 11323619.023103011772037, -96691.883572339822422 ], [ 11323288.682514082640409, -96744.632811282368493 ], [ 11322972.223465654999018, -96841.803651208421797 ], [ 11322800.168060684576631, -96851.678828338568565 ], [ 11322686.310485500842333, -96816.809545529467869 ], [ 11322622.457625584676862, -96622.47903290623799 ], [ 11322566.942595524713397, -96394.826879875341547 ], [ 11322547.328101245686412, -96338.158791632231441 ], [ 11322497.056219205260277, -96253.368204641563352 ], [ 11322481.861108709126711, -96124.456707975594327 ], [ 11322452.238992212340236, -95962.245820979209384 ], [ 11322489.219327053055167, -95756.292636640268029 ], [ 11322500.317880284041166, -95656.338745992848999 ], [ 11322429.095670074224472, -95583.728015034968848 ], [ 11321961.097398832440376, -95572.706148033379577 ], [ 11321411.457413040101528, -95435.289096829641494 ], [ 11320755.652028879150748, -95023.015942373531288 ], [ 11320388.242049515247345, -94748.73889649771445 ], [ 11319893.716343613341451, -94579.514633489117841 ], [ 11319412.793879490345716, -94385.864265770520433 ], [ 11319089.510946277529001, -94284.853044340008637 ], [ 11318788.202480547130108, -94279.676122463686625 ], [ 11318507.143030192703009, -94098.528428538513253 ], [ 11318188.602307286113501, -93473.869504436443094 ], [ 11317987.436855474486947, -93193.091689165565185 ], [ 11317900.897083330899477, -93078.531720484446851 ], [ 11317786.171216120943427, -92990.46863572167058 ], [ 11317601.191618269309402, -92925.428882098538452 ], [ 11317141.742683917284012, -92681.257130463010981 ], [ 11316611.216254694387317, -92431.151562695289613 ], [ 11316399.286208122968674, -92274.709015861080843 ], [ 11316135.4924107901752, -92025.305064700558432 ], [ 11315748.256430117413402, -91806.673147908310057 ], [ 11315368.089237108826637, -91691.623683747908217 ], [ 11314880.086853370070457, -91744.205315347993746 ], [ 11314580.28120076470077, -91937.854511644429294 ], [ 11314340.832976069301367, -92335.005965846663457 ], [ 11314018.295883445069194, -92769.509416212138603 ], [ 11313574.698844581842422, -93162.16383460148063 ], [ 11312768.990634119138122, -93212.140487649361603 ], [ 11312100.684071140363812, -93137.181076790511725 ], [ 11311463.602625330910087, -93137.181076790511725 ], [ 11311080.696972850710154, -93202.476924083210179 ], [ 11310645.404368, -93437.007664366494282 ], [ 11310189.450865661725402, -93768.074082059247303 ], [ 11309802.214884987100959, -94061.666535397831467 ], [ 11309452.437912965193391, -94261.551329803289264 ], [ 11309039.832220340147614, -94346.708915693481686 ], [ 11308677.954819669947028, -94324.019521967464243 ], [ 11308396.895369313657284, -94142.871809440883226 ], [ 11308034.639482375234365, -93736.845591556048021 ], [ 11307547.460862865671515, -93399.533504570659716 ], [ 11307091.741131456568837, -93264.310374837354175 ], [ 11306448.192023230716586, -93093.450120924375369 ], [ 11306101.3204899225384, -92887.10864835283428 ], [ 11305542.541173936799169, -92493.786489214966423 ], [ 11305236.412574253976345, -92212.864571478756261 ], [ 11304930.450953807681799, -91994.065565341035835 ], [ 11304511.978724017739296, -91650.509149554520263 ], [ 11304217.082260956987739, -91459.376157818580396 ], [ 11304105.99654109403491, -91288.216009972500615 ], [ 11303473.868812624365091, -90821.216557207182632 ], [ 11303087.924138044938445, -90563.630613204280962 ], [ 11302631.981767654418945, -90326.262463213744923 ], [ 11302275.97090414725244, -90151.362039720406756 ], [ 11301932.450087508186698, -90082.648791959931259 ], [ 11301463.917482709512115, -90079.019414614609559 ], [ 11300970.582895360887051, -90221.110672782815527 ], [ 11300684.569727666676044, -90278.100824868946802 ], [ 11300227.046620504930615, -90233.635368609160651 ], [ 11299574.636480813845992, -90010.02785142067296 ], [ 11299096.830962428823113, -89588.396890466086916 ], [ 11298742.779321962967515, -89089.41398699452111 ], [ 11298548.760581457987428, -88632.692585650220281 ], [ 11298323.906342003494501, -88154.8300477721059 ], [ 11297972.58202906139195, -87761.311626999202417 ], [ 11297567.746436893939972, -87574.087955015682383 ], [ 11296866.044026678428054, -87494.063969348295359 ], [ 11296098.830096129328012, -87079.671758312353631 ], [ 11295248.582957401871681, -86522.633105502289254 ], [ 11294739.919676169753075, -86084.762333755817963 ], [ 11293857.100454432889819, -85625.806155702477554 ], [ 11293260.094025310128927, -85168.264304559212178 ], [ 11292810.385546404868364, -84718.527076301019406 ], [ 11292372.833155890926719, -84296.043659861534252 ], [ 11292079.628749089315534, -84109.500466231664177 ], [ 11291817.304369036108255, -83744.084868628226104 ], [ 11291620.558301009237766, -83519.222432107839268 ], [ 11291554.979988981038332, -83238.127833051155903 ], [ 11291405.077162679284811, -83050.738945455916109 ], [ 11291198.957993527874351, -83003.89173476396536 ], [ 11290976.319011941552162, -82940.144800790498266 ], [ 11290871.522843308746815, -82952.480043392628431 ], [ 11290693.656560918316245, -82961.43088749673916 ], [ 11290760.715422172099352, -82760.894166876896634 ], [ 11290745.33106854557991, -82447.737309702759376 ], [ 11290586.34457179531455, -82233.718887250317493 ], [ 11290441.117164105176926, -82157.313976621735492 ], [ 11290283.143674720078707, -82211.742593810980907 ], [ 11290150.695744574069977, -82435.212820815271698 ], [ 11290102.817231582477689, -82638.476965114183258 ], [ 11289924.806233856827021, -82797.766287457634462 ], [ 11289456.373816598206758, -82863.350129544109222 ], [ 11289033.248432094231248, -82873.503324009434436 ], [ 11288116.643744900822639, -83022.62839192483807 ], [ 11287517.043571641668677, -82975.781183920029434 ], [ 11287217.23791903629899, -82779.018505995409214 ], [ 11287151.659607011824846, -82460.462190737991477 ], [ 11287270.693538516759872, -82224.08895104858675 ], [ 11287760.621749445796013, -81823.327910758045618 ], [ 11288012.816055839881301, -81481.894187526660971 ], [ 11288247.800368953496218, -80914.486161557026207 ], [ 11288397.703195257112384, -80427.268573771973024 ], [ 11288414.801869042217731, -79873.822292967801332 ], [ 11287976.102887773886323, -78918.782917831282248 ], [ 11287610.730055093765259, -78637.69089595063997 ], [ 11287301.618093058466911, -78513.137198495242046 ], [ 11285587.075295859947801, -78515.898131042340538 ], [ 11285013.379168108105659, -78420.367646903148852 ], [ 11284612.718056844547391, -78178.596891743974993 ], [ 11284088.069296734407544, -77672.645442436914891 ], [ 11283702.458580628037453, -77287.752169536805013 ], [ 11283488.469123477116227, -77129.21046742326871 ], [ 11282916.977121641859412, -76876.240753751946613 ], [ 11282227.831549987196922, -76342.948529896239052 ], [ 11281989.463124353438616, -76089.199898888778989 ], [ 11282055.052568327635527, -75620.734352975428919 ], [ 11282111.257779227569699, -75077.301471339931595 ], [ 11282311.009473508223891, -74758.638579181861132 ], [ 11282720.231053613126278, -74552.616617264604429 ], [ 11283123.085158845409751, -74393.340964916205849 ], [ 11283347.939398298040032, -74149.735139702403103 ], [ 11283450.99898287653923, -73784.326604575631791 ], [ 11283366.674468599259853, -73418.918311615430866 ], [ 11283048.656947301700711, -73196.253491618364933 ], [ 11282832.652607364580035, -73315.863041336575407 ], [ 11282514.111884461715817, -73437.665756167261861 ], [ 11282101.89581005461514, -73559.468497778900201 ], [ 11281727.138744298368692, -73484.512104947047192 ], [ 11281488.258249005302787, -73039.549879983838764 ], [ 11281296.176467642188072, -72706.8498673424765 ], [ 11281052.587157886475325, -72528.827331876309472 ], [ 11280640.359951531514525, -72463.244783656584332 ], [ 11280143.819362847134471, -72481.981063413331867 ], [ 11279509.242605578154325, -72390.136560780345462 ], [ 11279178.835224956274033, -72303.969731957258773 ], [ 11279000.824227228760719, -71976.034933035916765 ], [ 11278774.934716511517763, -71232.218016104074195 ], [ 11278537.590430190786719, -70836.619672430999344 ], [ 11278279.429399091750383, -70515.977590341091854 ], [ 11277804.751958400011063, -70224.492027501270059 ], [ 11277467.476165194064379, -69995.46060293292976 ], [ 11277265.94335906393826, -69886.238484029236133 ], [ 11277073.293848296627402, -70136.355051441743854 ], [ 11276962.252656230702996, -70239.064632261375664 ], [ 11276812.34982992708683, -70280.71178050711751 ], [ 11276620.813514068722725, -70258.502194261498516 ], [ 11276415.395657708868384, -70277.928624289284926 ], [ 11276138.733327239751816, -70225.471698398017907 ], [ 11275921.281833922490478, -70244.619811712589581 ], [ 11275765.824165031313896, -70141.899097286295728 ], [ 11275638.140709090977907, -70022.53513400083466 ], [ 11275527.099517025053501, -69894.832864673575386 ], [ 11275338.335056487470865, -69722.711490978908841 ], [ 11275146.798740627244115, -69564.472534051339608 ], [ 11274999.667769644409418, -69467.307111623405945 ], [ 11274860.874628525227308, -69400.689581090424326 ], [ 11274719.298500135540962, -69384.024067032616585 ], [ 11274591.615044195204973, -69353.487324734262074 ], [ 11274427.830677390098572, -69267.432277518179035 ], [ 11274255.719612674787641, -69242.450711192999734 ], [ 11274097.89083862863481, -69235.904739443882136 ], [ 11273776.878823028877378, -69259.795310159839573 ], [ 11273514.554442973807454, -69297.27879375880002 ], [ 11273239.728884100914001, -69359.732717397258966 ], [ 11272985.731201959773898, -69384.725421322087641 ], [ 11272673.446634437888861, -69405.543398233086918 ], [ 11272465.245790805667639, -69434.688567150660674 ], [ 11272315.342964505776763, -69505.480830311935279 ], [ 11272130.051672078669071, -69624.677698485189467 ], [ 11271642.873052572831511, -69596.56785300282354 ], [ 11271408.65684394352138, -69287.381907004368259 ], [ 11271127.597393587231636, -68968.833607225795276 ], [ 11270820.144091965630651, -68772.042671531235101 ], [ 11270584.202431229874492, -68725.230106385191903 ], [ 11270237.564668847247958, -68350.451403569881222 ], [ 11270106.396912846714258, -67807.036619036065531 ], [ 11269923.409933881834149, -67164.00811536864785 ], [ 11269591.121253861114383, -66579.659992057015188 ], [ 11269088.513752931728959, -66112.593800245042075 ], [ 11268691.715427998453379, -65858.226283761672676 ], [ 11268571.991315649822354, -65749.895521991566056 ], [ 11268101.488355863839388, -65324.17618421510997 ], [ 11267811.055804383009672, -65127.419828179015894 ], [ 11267511.483922708779573, -65030.266251458393526 ], [ 11267202.08253, -65108.683781441519386 ], [ 11266939.758149944245815, -65333.54977701658936 ], [ 11266518.1578424628824, -65436.603644475588226 ], [ 11265946.66584062948823, -65305.440131567971548 ], [ 11265377.856638520956039, -64721.026973525025824 ], [ 11265342.123081976547837, -64475.733027113703429 ], [ 11265221.37483031488955, -64150.941901811260323 ], [ 11264975.870825318619609, -63917.014467086431978 ], [ 11264787.395795457065105, -63833.075361911236541 ], [ 11264554.225990042090416, -63629.038813861683593 ], [ 11264326.51083967462182, -63205.770056110166479 ], [ 11264158.652179507538676, -62796.216802540257049 ], [ 11264017.287558149546385, -62278.055326383735519 ], [ 11263767.252849878743291, -61585.916028061394172 ], [ 11263645.591778390109539, -61381.279032535683655 ], [ 11263609.012193715199828, -61072.286417576397071 ], [ 11263575.705402070656419, -60664.203977983896038 ], [ 11263454.957150407135487, -60397.704247943576775 ], [ 11263336.991886014118791, -60298.948307277809363 ], [ 11263138.49810197763145, -60297.757135496933188 ], [ 11262851.18249624222517, -60389.377176748246711 ], [ 11262484.763260347768664, -60426.848997937973763 ], [ 11262151.650816097855568, -60343.567154566189856 ], [ 11262007.347360180690885, -60237.118701915620477 ], [ 11261801.884976023808122, -59839.712777683569584 ], [ 11261543.723944926634431, -59544.068659039847262 ], [ 11261310.543007561936975, -59419.140494062761718 ], [ 11261110.613202096894383, -59433.100564119406044 ], [ 11260702.616136390715837, -59581.540433524387481 ], [ 11260406.984964691102505, -59589.867494800149871 ], [ 11260211.274167926982045, -59544.068659039847262 ], [ 11259966.493739621713758, -59402.174667678504193 ], [ 11259765.740169925615191, -59231.759421752547496 ], [ 11259503.415789870545268, -59073.523092642964912 ], [ 11259286.209199434146285, -59000.171538041184249 ], [ 11259195.283439354971051, -58981.914360692077025 ], [ 11259066.208489779382944, -58902.796220287164033 ], [ 11258862.170995105057955, -58677.932428724045167 ], [ 11258575.000104706734419, -58350.772941761249967 ], [ 11258254.244123933836818, -58086.634182599678752 ], [ 11258021.063186569139361, -57953.390371294866782 ], [ 11257678.265946621075273, -57794.163548992437427 ], [ 11257504.741124371066689, -57720.199846827847068 ], [ 11257129.995190566405654, -57516.165158970048651 ], [ 11256874.283188262954354, -57330.309736946735939 ], [ 11256542.885064171627164, -56780.157934144692263 ], [ 11256224.923202620819211, -56340.762627651114599 ], [ 11255959.938286734744906, -56071.236543587459892 ], [ 11255700.252178614959121, -55845.995149222610053 ], [ 11255521.139117928221822, -55771.374838077201275 ], [ 11255371.670437637716532, -55758.33882747014286 ], [ 11255077.809245843440294, -55773.534518763881351 ], [ 11254678.817926941439509, -55784.143671920719498 ], [ 11254318.432207446545362, -55803.725519548410375 ], [ 11254102.839749626815319, -55889.055180077411933 ], [ 11253936.684277670457959, -56217.070726377089159 ], [ 11253740.583862688392401, -56526.150232091218641 ], [ 11253447.023233518004417, -56657.323151287520886 ], [ 11253131.721907794475555, -56687.302673566497106 ], [ 11252816.197943089529872, -56682.304231034919212 ], [ 11252466.432103017345071, -56576.123515721803415 ], [ 11252081.355720464140177, -56402.614152423171618 ], [ 11251716.929103456437588, -56282.56252962614235 ], [ 11251277.384094059467316, -56186.156103649642318 ], [ 11250705.101723838597536, -56051.454305937280878 ], [ 11250492.748663201928139, -55870.319390744662087 ], [ 11250473.412467651069164, -55691.366465801977029 ], [ 11250698.856700405478477, -55339.394299462524941 ], [ 11250792.543183855712414, -55083.305348457419313 ], [ 11250813.549171769991517, -54856.450065157252538 ], [ 11250767.563090123236179, -54658.572378154327453 ], [ 11250642.640357553958893, -54396.238411731457745 ], [ 11250442.487913109362125, -54083.363669874459447 ], [ 11250363.90748455747962, -53943.396655321950675 ], [ 11250119.627993961796165, -53749.081559662037762 ], [ 11249885.901591092348099, -53619.512214815724292 ], [ 11249492.264739697799087, -53313.239271035599813 ], [ 11249174.681364413350821, -53001.055181111601996 ], [ 11248895.447553709149361, -52597.029510084154026 ], [ 11248710.857574073597789, -52197.056215249569505 ], [ 11248587.315203191712499, -51797.528418324560334 ], [ 11248562.27944971062243, -51607.499804254301125 ], [ 11248556.245933311060071, -51485.823627279496577 ], [ 11248562.335109457373619, -51219.082350007927744 ], [ 11248468.648626005277038, -50938.002754522407486 ], [ 11248318.144674453884363, -50650.900683585707156 ], [ 11248237.549363119527698, -50482.045973429812875 ], [ 11248031.441325915977359, -50313.402812267893751 ], [ 11247806.587086461484432, -50157.250119254400488 ], [ 11247597.662666141986847, -49911.838750763090502 ], [ 11247456.821246389299631, -49526.405567449590308 ], [ 11247412.126470835879445, -49259.364365754838218 ], [ 11247388.114856673404574, -48964.258779339819739 ], [ 11247469.311293257400393, -48664.444346206648333 ], [ 11247473.975579919293523, -48300.753062788913667 ], [ 11247469.311293257400393, -48102.309271780504787 ], [ 11247587.977870441973209, -47814.985543748596683 ], [ 11247814.112284040078521, -47496.758764699647145 ], [ 11247850.302250497043133, -47396.501657342792896 ], [ 11247887.783523047342896, -47221.6139264678568 ], [ 11247800.342063028365374, -47059.216617840371327 ], [ 11247550.507729841396213, -46846.85780318898469 ], [ 11247288.439384615048766, -46599.989076578443928 ], [ 11247063.329110333696008, -46259.732037744237459 ], [ 11246919.671307465061545, -45922.447437999631802 ], [ 11246855.529016869142652, -45703.231441887568508 ], [ 11246844.731026262044907, -45447.746688200364588 ], [ 11246863.466096563264728, -45197.906047308584675 ], [ 11246832.229847446084023, -44985.547679816729215 ], [ 11246731.841930650174618, -44775.53826132377435 ], [ 11246576.150490825995803, -44535.839258931271615 ], [ 11246444.993866773322225, -44379.687615908114822 ], [ 11246401.267570789903402, -44098.610272549638466 ], [ 11246463.728937074542046, -43861.271475922396348 ], [ 11246563.660443959757686, -43686.384437177730433 ], [ 11246788.514683412387967, -43461.524950374718173 ], [ 11246979.21610308997333, -43384.011392602864362 ], [ 11247256.947100669145584, -43399.062136048873072 ], [ 11247500.536410424858332, -43361.591128775442485 ], [ 11247719.145626444369555, -43217.93001700421155 ], [ 11247825.322156760841608, -43043.043098435038701 ], [ 11247875.961393123492599, -42889.251732435070153 ], [ 11247837.81220362894237, -42705.759685009688837 ], [ 11247825.322156760841608, -42380.966713525078376 ], [ 11247875.961393123492599, -41868.796829819686536 ], [ 11247954.408238286152482, -41580.439782726207341 ], [ 11247975.224983064457774, -41376.409105648919649 ], [ 11247937.74371051415801, -41205.685957068984862 ], [ 11247829.485505718737841, -40910.037527872496867 ], [ 11247783.198861446231604, -40755.578569154138677 ], [ 11247700.410556145012379, -40622.72718551359867 ], [ 11247546.344380885362625, -40393.704978189205576 ], [ 11247404.768252495676279, -40073.076201797928661 ], [ 11247381.201916292309761, -39858.826503744428919 ], [ 11247417.258299360051751, -39689.996081284945831 ], [ 11247496.373061468824744, -39523.436647845177504 ], [ 11247538.01768297329545, -39327.733244241528155 ], [ 11247504.699759380891919, -39161.17386927777261 ], [ 11247433.922827133908868, -39044.575643405092706 ], [ 11247288.439384615048766, -38962.06409408604668 ], [ 11247154.933919306844473, -38878.717639595175569 ], [ 11247043.903859188780189, -38739.910796964271867 ], [ 11246946.744207626208663, -38581.678365962921816 ], [ 11246824.604462327435613, -38436.381518338057504 ], [ 11246719.118112850934267, -38379.039808989626181 ], [ 11246505.373558580875397, -38312.413889676216058 ], [ 11246291.617872359231114, -38251.342917015579587 ], [ 11246072.318475496023893, -38206.925642347421672 ], [ 11245930.753479054197669, -38212.480584616780106 ], [ 11245742.33410893753171, -38250.841970298461092 ], [ 11245678.136158596724272, -38251.342917015579587 ], [ 11245580.987638982012868, -38176.390158606584009 ], [ 11245494.926540650427341, -38004.276024708844488 ], [ 11245216.661209512501955, -37601.470504244301992 ], [ 11244567.301223868504167, -37044.863520346036239 ], [ 11244267.963113125413656, -36807.838088217598852 ], [ 11244010.703769901767373, -36457.331758403575805 ], [ 11243635.05614821985364, -36094.402084518493211 ], [ 11243482.381466597318649, -35980.587220423694816 ], [ 11243206.721011547371745, -35807.961352458849433 ], [ 11243018.802579138427973, -35655.807484784534608 ], [ 11242802.275037596002221, -35328.233679512966773 ], [ 11242613.510577058419585, -35197.765242321198457 ], [ 11242402.749385138973594, -35158.580185565217107 ], [ 11242069.436565805226564, -35208.875096722658782 ], [ 11241769.630913201719522, -35233.855571338164737 ], [ 11241533.678120516240597, -35203.320169508573599 ], [ 11241367.121898390352726, -35153.348090019288065 ], [ 11241114.515709882602096, -35067.296819857096125 ], [ 11241031.23759881965816, -35047.860143160112784 ], [ 11240889.049213230609894, -34965.048326674193959 ], [ 11240837.229990266263485, -34952.713941822446941 ], [ 11240778.008021164685488, -34955.174139512593683 ], [ 11240694.106520952656865, -34983.549904196996067 ], [ 11240629.953098407015204, -34979.854041515485733 ], [ 11240591.714853320270777, -34984.785569132283854 ], [ 11240546.062730146571994, -35023.035522193342331 ], [ 11240499.174960624426603, -35034.134242802123481 ], [ 11240451.062676703557372, -35034.134242802123481 ], [ 11240421.451692152768373, -35060.049811497308838 ], [ 11240406.646199876442552, -35109.398488366954552 ], [ 11240349.89552347175777, -35152.579973866646469 ], [ 11240195.673500927165151, -35185.887271851788682 ], [ 11240120.421525148674846, -35206.871315359792789 ], [ 11240053.79680990986526, -35243.874478421348613 ], [ 11240000.741940598934889, -35284.595770550295128 ], [ 11239939.059810750186443, -35304.333018455494312 ], [ 11239867.503642067313194, -35315.442873883024731 ], [ 11239807.046026619151235, -35362.320230980512861 ], [ 11239755.226803652942181, -35395.627535023035307 ], [ 11239702.183066291734576, -35384.528810941774282 ], [ 11239679.974827876314521, -35341.347316764084098 ], [ 11239666.404981950297952, -35264.858522982962313 ], [ 11239639.254158144816756, -35241.41428011842072 ], [ 11239592.377520572394133, -35231.540090602422424 ], [ 11239487.503428295254707, -35252.513002820662223 ], [ 11239457.892443746328354, -35242.649945328739705 ], [ 11239422.114359403029084, -35137.774256821459858 ], [ 11239392.503374852240086, -35109.398488366954552 ], [ 11239323.418498866260052, -35081.022720607354131 ], [ 11239288.876060873270035, -35057.578481467906386 ], [ 11239250.62668383680284, -34994.659756545268465 ], [ 11239208.681499706581235, -34963.812661759868206 ], [ 11239166.736315574496984, -34950.242612021320383 ], [ 11239111.210153566673398, -34958.881134231989563 ], [ 11239068.02932308986783, -34941.604089874745114 ], [ 11239055.695123508572578, -34895.962414648500271 ], [ 11239053.223830813542008, -34841.671087687886029 ], [ 11239028.55543165281415, -34804.656805324812012 ], [ 11238969.333462551236153, -34815.766655968065606 ], [ 11238912.582786144688725, -34857.712465762087959 ], [ 11238853.360817041248083, -34924.338177889854705 ], [ 11238784.275941057130694, -34972.451184071273019 ], [ 11238727.5141327008605, -34979.854041515485733 ], [ 11238604.149873003363609, -34870.046849608246703 ], [ 11238546.16355025023222, -34834.268231121437566 ], [ 11238484.470288451761007, -34834.268231121437566 ], [ 11238438.818165276199579, -34868.811184794678411 ], [ 11238428.955258393660188, -34921.866848148936697 ], [ 11238427.71961204521358, -34976.147046729267458 ], [ 11238398.108627492561936, -35026.731385012179089 ], [ 11238357.399089710786939, -35042.772765636233089 ], [ 11238261.163389921188354, -34932.965567792285583 ], [ 11238227.8565982747823, -34913.228326212862157 ], [ 11238180.968828752636909, -34913.228326212862157 ], [ 11238136.552351927384734, -34919.395518413257378 ], [ 11237978.634522287175059, -34929.269705271421117 ], [ 11237934.218045460060239, -34962.576996846859402 ], [ 11237904.60706090927124, -35118.037011761654867 ], [ 11237883.634468844160438, -35153.815638981999655 ], [ 11237846.620738154277205, -35156.286969216642319 ], [ 11237821.952338995411992, -35141.48125212402374 ], [ 11237823.187985341995955, -35029.202714975901472 ], [ 11237819.481046298518777, -34944.075419657536258 ], [ 11237787.398769052699208, -34909.532463754614582 ], [ 11237685.007101422175765, -34852.780938683194108 ], [ 11237586.300108935683966, -34759.015135453206312 ], [ 11237535.716532317921519, -34745.433955981468898 ], [ 11237472.798756122589111, -34761.475332735026313 ], [ 11237338.324811244383454, -34849.073944301264419 ], [ 11237272.935742352157831, -34852.780938683194108 ], [ 11237190.269888490438461, -34845.3780820463071 ], [ 11237133.519212082028389, -34897.186947375143063 ], [ 11237113.782266363501549, -34966.28399158983666 ], [ 11237139.686311872676015, -35062.521141531964531 ], [ 11237227.283619178459048, -35216.734372546110535 ], [ 11237242.089111452922225, -35274.721580664736393 ], [ 11237223.576680134981871, -35309.264547454695276 ], [ 11237191.505534837022424, -35324.070266698763589 ], [ 11237158.187611242756248, -35303.097353179087804 ], [ 11237105.143873877823353, -35253.74866804285557 ], [ 11237054.560297261923552, -35196.99712613907468 ], [ 11236992.867035465314984, -35177.259880069068458 ], [ 11236948.450558638200164, -35180.955743379723572 ], [ 11236779.43417576700449, -35046.168061355376267 ], [ 11236651.249782118946314, -35003.966206089076877 ], [ 11236209.823473326861858, -35067.196630801132414 ], [ 11235940.040687389671803, -35096.741270571175846 ], [ 11235729.902884619310498, -35148.416561685939087 ], [ 11235443.978772515431046, -35281.668023145874031 ], [ 11235307.957486715167761, -35364.947411344539432 ], [ 11235259.75614720210433, -35405.969275010647834 ], [ 11235152.510949773713946, -35414.908367884418112 ], [ 11235024.816361885517836, -35448.226805572354351 ], [ 11234877.685390902683139, -35534.278104178803915 ], [ 11234424.859966253861785, -35653.347285598516464 ], [ 11234269.758519729599357, -35731.372338386638148 ], [ 11234128.182391339913011, -35889.604356575655402 ], [ 11233986.617394898086786, -36025.627803962575854 ], [ 11233822.83302809484303, -36106.124214659328572 ], [ 11233651.801762439310551, -36117.178417268558405 ], [ 11233284.302727483212948, -36099.188899281121849 ], [ 11232631.369386184960604, -36117.178417268558405 ], [ 11232282.193539414554834, -36202.127685856983589 ], [ 11232003.215763537213206, -36356.19635344712151 ], [ 11231672.78611901588738, -36550.095809335754893 ], [ 11231363.362462405115366, -36706.669254984088184 ], [ 11231113.528129218146205, -36898.20875936072116 ], [ 11230992.501578828319907, -37075.788596930455242 ], [ 11230944.20005177333951, -37236.870633422673563 ], [ 11231058.013099160045385, -37436.748203787487 ], [ 11231196.80624028109014, -37633.842775198478193 ], [ 11231210.353822311386466, -37802.160788375476841 ], [ 11231116.188665049150586, -37941.613172800025495 ], [ 11230996.932094562798738, -38022.477084708720213 ], [ 11230852.584110848605633, -38003.051488573175448 ], [ 11230663.830782260745764, -37905.89011674257199 ], [ 11230458.401793951168656, -37847.591071438873769 ], [ 11230214.122303355485201, -37858.689820129118743 ], [ 11230095.767420742660761, -37910.699203683827363 ], [ 11229847.70306745916605, -38100.201737074959965 ], [ 11229459.075593151152134, -38330.614954937977018 ], [ 11229286.964528435841203, -38388.902894476777874 ], [ 11229075.335044488310814, -38405.456402718504251 ], [ 11228776.197308829054236, -38294.524524918684619 ], [ 11228576.323163110762835, -38033.586967356211971 ], [ 11228456.888481436297297, -37848.849003832307062 ], [ 11228279.300497774034739, -37594.980465170279786 ], [ 11228159.932607797905803, -37300.724583412673383 ], [ 11227987.832675030454993, -37075.866521890551667 ], [ 11227865.692929731681943, -36992.587006976675184 ], [ 11227776.60394125059247, -36983.01336978909967 ], [ 11227693.581865018233657, -37023.122457307523291 ], [ 11227624.185294456779957, -37131.39362343565881 ], [ 11227488.164008656516671, -37453.401886606130574 ], [ 11227277.191309705376625, -37731.004122456608457 ], [ 11226972.632314842194319, -37941.613172800025495 ], [ 11226726.8722750172019, -38057.242779991138377 ], [ 11226390.420246046036482, -38157.543431382648123 ], [ 11226354.608765857294202, -38157.599092124102754 ], [ 11226014.049047673121095, -38158.077774500765372 ], [ 11225712.952088974416256, -37947.869438894515042 ], [ 11225531.824145507067442, -37566.871805822134775 ], [ 11225553.308807229623199, -37354.092061219736934 ], [ 11225619.265605522319674, -37254.570734248685767 ], [ 11225844.119844978675246, -37148.392397867268301 ], [ 11225937.806328428909183, -36911.044111504284956 ], [ 11225920.351432273164392, -36765.936734950897517 ], [ 11225737.932182710617781, -36636.225116876514221 ], [ 11225394.411366071552038, -36498.810079034876253 ], [ 11225073.711045045405626, -36290.661506488111627 ], [ 11224938.468995679169893, -36111.567824994133844 ], [ 11224932.223972246050835, -35811.757406924232782 ], [ 11225074.946691391989589, -35577.893758386511763 ], [ 11225225.773469466716051, -35461.986107218472171 ], [ 11225450.627708921208978, -35424.515388074127259 ], [ 11225706.707065543159842, -35455.740987276134547 ], [ 11225981.521492462605238, -35355.807940697224694 ], [ 11226062.717929048463702, -35199.657702482247259 ], [ 11226045.585859416052699, -35050.353737403143896 ], [ 11225828.501720419153571, -34873.308559437733493 ], [ 11225678.59889411740005, -34507.919190240572789 ], [ 11225622.393683215603232, -34226.855659727363673 ], [ 11225695.552852563560009, -33899.415839891225914 ], [ 11225837.874821543693542, -33683.452996856452955 ], [ 11225978.404546720907092, -33364.919005898809701 ], [ 11226021.162363134324551, -33052.763790613149467 ], [ 11225969.031445596367121, -32755.937550432074204 ], [ 11225781.658478694036603, -32287.487911539617926 ], [ 11225472.490856911987066, -31865.893404401336738 ], [ 11225225.228003963828087, -31656.921865292508301 ], [ 11224900.998855078592896, -31659.771679361962015 ], [ 11224554.349960749968886, -31706.615499034942331 ], [ 11224076.544442364946008, -31612.927861396725348 ], [ 11223609.236351964995265, -31560.440077845847554 ], [ 11223280.198201078921556, -31388.082011689151841 ], [ 11222877.344095846638083, -31125.754481590189243 ], [ 11222455.743788363412023, -30694.776011869787908 ], [ 11221987.311371106654406, -30038.963194521711557 ], [ 11221859.973005587235093, -29644.798827180366061 ], [ 11221762.457131654024124, -28671.110461623880838 ], [ 11221687.505718503147364, -28108.974860107628047 ], [ 11221481.39768129773438, -27471.887366635193757 ], [ 11221214.319958986714482, -27000.934834838757524 ], [ 11220703.786510311067104, -26347.628425706956477 ], [ 11220094.813235925510526, -25860.445725833415054 ], [ 11219572.980858935043216, -25461.306461199677869 ], [ 11219406.736331382766366, -25367.051500112927897 ], [ 11219116.181328466162086, -25130.172899630208121 ], [ 11218932.893786873668432, -24938.724164641782409 ], [ 11218564.704571073874831, -24265.926420730778773 ], [ 11218435.050760148093104, -24082.170017432938039 ], [ 11218288.955060429871082, -23969.825590257154545 ], [ 11218190.87145709246397, -23866.186415619275067 ], [ 11218142.759173173457384, -23723.685343782221025 ], [ 11218190.760137602686882, -23602.880600964308542 ], [ 11218308.847853435203433, -23480.561911279099149 ], [ 11218492.068603333085775, -23372.302976257615228 ], [ 11218579.510063348338008, -23193.25551432226348 ], [ 11218589.662400908768177, -23024.627642863044457 ], [ 11218567.008884534239769, -22930.929419428146502 ], [ 11218612.816854994744062, -22697.746990315856237 ], [ 11218762.719681298360229, -22564.496721030252957 ], [ 11219007.110491385683417, -22458.753678088360175 ], [ 11219195.76363243162632, -22310.497467200540996 ], [ 11219223.560109283775091, -22069.133086549343716 ], [ 11219191.600283477455378, -21806.662438569350343 ], [ 11219183.362641157582402, -21252.789156457140052 ], [ 11219225.953478336334229, -20933.289338751652394 ], [ 11219213.463431470096111, -20700.107159437357041 ], [ 11219158.627450304105878, -20594.141580930940108 ], [ 11218913.657778864726424, -20550.203549364687206 ], [ 11218526.410666242241859, -20450.271526296470256 ], [ 11218255.703928530216217, -20315.841422751418577 ], [ 11217955.965067621320486, -19983.907308621332049 ], [ 11217859.896347066387534, -19616.996498879376304 ], [ 11217876.850305514410138, -19184.440352367295418 ], [ 11217813.509515251964331, -18819.210614143645216 ], [ 11217693.640687566250563, -18409.953895178055973 ], [ 11217661.99255633354187, -18182.204411920283746 ], [ 11217585.371350821107626, -18031.031934263835865 ], [ 11217439.643005423247814, -17814.514669822467113 ], [ 11217318.88362181186676, -17502.217773442505859 ], [ 11217243.742965525016189, -17075.56199355267745 ], [ 11217231.442161791026592, -16636.126769023794623 ], [ 11217177.318625368177891, -16457.079897514227923 ], [ 11217019.089101154357195, -16348.810202727272554 ], [ 11216852.532879030331969, -16198.918020458686442 ], [ 11216711.45768834836781, -15955.661896356210491 ], [ 11216556.89057538099587, -15711.737876491211864 ], [ 11216344.715625928714871, -15448.689134918522541 ], [ 11215890.16474917344749, -14972.485262944332135 ], [ 11215771.075157923623919, -14666.71206022464321 ], [ 11215796.055251656100154, -14341.925474054445658 ], [ 11215939.713054524734616, -14085.845481525380819 ], [ 11216177.736389739438891, -13939.0703786998547 ], [ 11216351.940260883420706, -13873.491910802466009 ], [ 11216489.341908367350698, -13642.392110267412136 ], [ 11216508.076978668570518, -13317.605638524597452 ], [ 11216439.337193103507161, -13085.927017987403815 ], [ 11216364.430307749658823, -12861.662307867984055 ], [ 11216233.262551747262478, -12505.639608406925618 ], [ 11216223.499832404777408, -12039.210078446565603 ], [ 11216222.854179356247187, -11476.811923189889058 ], [ 11216231.180877270177007, -11165.907227536767095 ], [ 11216228.409021949395537, -10968.815772365622252 ], [ 11216204.742498205974698, -10798.507835444423108 ], [ 11216090.996242513880134, -10620.09583604990803 ], [ 11216028.53487622924149, -10438.956513786888536 ], [ 11216003.554782494902611, -10057.965064661004362 ], [ 11216033.021051708608866, -9803.232365104380733 ], [ 11215984.819712195545435, -9583.275929220981197 ], [ 11215859.908111575990915, -9270.99102055916228 ], [ 11215710.005285274237394, -9039.891519570583114 ], [ 11215615.884655809029937, -8743.224788305047696 ], [ 11215578.837529271841049, -8271.652741803278332 ], [ 11215459.102284975349903, -7767.319389982024404 ], [ 11215322.758172649890184, -7272.314666109709833 ], [ 11215322.123651552945375, -6692.773917600519781 ], [ 11215316.513149218633771, -6279.221795402374482 ], [ 11215216.581642331555486, -5960.692057781362564 ], [ 11214968.684268284589052, -5763.567420217264043 ], [ 11214329.665863335132599, -5685.866384345048573 ], [ 11213929.939835794270039, -5479.758268176662568 ], [ 11213893.516098408028483, -5171.414303112201196 ], [ 11214104.822755830362439, -4549.127036708579908 ], [ 11214396.312842473387718, -4343.319512114599092 ], [ 11215179.100369783118367, -4324.272742843024389 ], [ 11215490.338534090667963, -4501.638129982837199 ], [ 11215821.959297163411975, -4733.705933271937283 ], [ 11215959.839618461206555, -4917.628048608773497 ], [ 11216234.654045382514596, -4942.619281757835779 ], [ 11216373.469450403004885, -4858.17229111681263 ], [ 11216453.263261402025819, -4293.047618550709558 ], [ 11216397.280689481645823, -3896.182420078776886 ], [ 11216428.472410801798105, -3599.059515885938254 ], [ 11216622.079269191250205, -3208.695401869814305 ], [ 11216806.068123573437333, -2788.553333209325956 ], [ 11216977.912021512165666, -2475.500634513952718 ], [ 11217327.677861584350467, -2319.363905693292963 ], [ 11217626.125416399911046, -2339.56839461982463 ], [ 11217864.816668558865786, -2488.001814276385176 ], [ 11218091.752582490444183, -2780.50493325797197 ], [ 11218349.913613589480519, -3151.098690174942021 ], [ 11218577.907062681391835, -3339.584876392569186 ], [ 11218878.725722653791308, -3346.798380386922418 ], [ 11219157.703498529270291, -3134.445292330590291 ], [ 11219407.537831716239452, -2872.120883176472034 ], [ 11219928.034374820068479, -2489.037085619561367 ], [ 11220294.086256394162774, -2339.56839461982463 ], [ 11220548.451292857527733, -2301.664105495793592 ], [ 11221250.064647478982806, -2225.666284344389169 ], [ 11221662.291853837668896, -2194.441165302316676 ], [ 11221918.371210457757115, -2263.147559215136425 ], [ 11222068.274036761373281, -2456.765562812977805 ], [ 11222075.198109088465571, -2684.658842887700303 ], [ 11221899.63614015839994, -3075.100864757403542 ], [ 11221663.315993152558804, -3393.385593787292237 ], [ 11221506.144004102796316, -3774.643778054245558 ], [ 11221562.360346950590611, -4211.851163918855491 ], [ 11221749.733313854783773, -4617.83344416719774 ], [ 11221839.568142926320434, -4792.304529564950826 ], [ 11221880.901069857180119, -4848.921638753506159 ], [ 11222161.960520213469863, -4917.628048608773497 ], [ 11222474.256219683215022, -4880.15789695512558 ], [ 11222650.341390220448375, -4846.105254823020914 ], [ 11222698.409146346151829, -4849.222201465510807 ], [ 11222709.273928647860885, -4917.750500085043313 ], [ 11222698.843292359262705, -5096.062115385047946 ], [ 11222699.667056592181325, -5133.565663892437442 ], [ 11222708.327712973579764, -5184.5611393072586 ], [ 11222758.877893744036555, -5271.479426918313038 ], [ 11222794.989936556667089, -5348.790840068677426 ], [ 11222809.216567480936646, -5437.879860402122176 ], [ 11222841.443560065701604, -5436.098747902300602 ], [ 11222886.472294092178345, -4474.175604805658622 ], [ 11222892.728449473157525, -4143.144759463817536 ], [ 11222855.247176924720407, -3918.290475098651314 ], [ 11222842.757130056619644, -3743.407523512720218 ], [ 11222948.933660374954343, -3699.69235203658809 ], [ 11223111.326533544808626, -3724.672450001536163 ], [ 11223398.642139283940196, -3874.575302906701836 ], [ 11223709.735588250681758, -3907.937760506460563 ], [ 11223836.539620215073228, -3887.410442571289877 ], [ 11223903.164335455745459, -3798.588604743738415 ], [ 11223969.789050694555044, -3618.150811612590587 ], [ 11224161.937623754143715, -3243.549538895828846 ], [ 11224216.228139411658049, -3155.952220566771757 ], [ 11224219.946210404857993, -3072.418064717748166 ], [ 11224213.678923074156046, -3027.9347911100499 ], [ 11224161.703852823004127, -2946.571366364777987 ], [ 11224037.949974907562137, -2875.427072388627039 ], [ 11223838.086961137130857, -2742.188760935944174 ], [ 11223663.192909153178334, -2514.562646822118495 ], [ 11223616.004577005282044, -2314.688486771468888 ], [ 11223667.066827431321144, -2189.28707257424594 ], [ 11223854.740356959402561, -2001.012407630837288 ], [ 11224035.178119586780667, -1873.317813850109815 ], [ 11224315.547389099374413, -1698.434886953003797 ], [ 11224574.320677395910025, -1521.370099251088504 ], [ 11224670.856939813122153, -1429.175294509067498 ], [ 11224948.45435400493443, -1218.202591004642954 ], [ 11225634.104493645951152, -729.632472046810904 ], [ 11225742.373830391094089, -624.157253924997804 ], [ 11225774.066489420831203, -509.275538971299454 ], [ 11225771.517273081466556, -147.04191540186028 ], [ 11225808.987413682043552, 271.430314483167649 ], [ 11225954.682363232597709, 682.755834186324023 ], [ 11226083.81297255307436, 977.218153752027888 ], [ 11226133.773160021752119, 1158.346099766091811 ], [ 11226140.018183454871178, 1545.582089198428321 ], [ 11226158.76438570395112, 1964.054334902031542 ], [ 11226101.245604811236262, 2317.30449497757354 ], [ 11225940.155169684439898, 2907.175394424944898 ], [ 11225890.183850267902017, 3294.422552870327763 ], [ 11225902.729556880891323, 3582.328193768340043 ], [ 11225965.135263416916132, 3775.356222920109303 ], [ 11226158.76438570395112, 3931.492969206469297 ], [ 11226446.068859493359923, 4112.632080647093062 ], [ 11226638.673842461779714, 4334.035464434437927 ], [ 11226858.296065850183368, 4481.133074694727839 ], [ 11227320.483459673821926, 4549.839481630899172 ], [ 11227720.220619162544608, 4649.771014504492996 ], [ 11228001.280069518834352, 4699.742347343842994 ], [ 11228182.408012988045812, 4905.850442990556076 ], [ 11228194.909191805869341, 5037.007106886941983 ], [ 11228110.56241362914443, 5160.282350381661672 ], [ 11227853.470049642026424, 5231.67156351689664 ], [ 11227767.408951310440898, 5228.899707264170502 ], [ 11227598.080873865634203, 5320.504547564132736 ], [ 11227467.614430654793978, 5423.219078150580572 ], [ 11227362.128081180155277, 5525.922478190247602 ], [ 11227234.433493290096521, 5573.110828199509342 ], [ 11227012.362241107970476, 5553.685569666334231 ], [ 11226937.410827957093716, 5559.22928241151476 ], [ 11226826.369635889306664, 5617.527322117457516 ], [ 11226715.339575773105025, 5814.618559723712679 ], [ 11226604.298383707180619, 5961.749593405797896 ], [ 11226435.393320325762033, 6084.501650639130276 ], [ 11226293.394177870824933, 6203.246206561006147 ], [ 11226190.679683715105057, 6255.989406456737925 ], [ 11225921.887641243636608, 6374.344347084562287 ], [ 11225602.166931737214327, 6591.974064023765095 ], [ 11225374.117822898551822, 6724.399802428833027 ], [ 11225178.852304097265005, 6892.726100368054176 ], [ 11225022.715586312115192, 7304.953562121625509 ], [ 11224841.576510893180966, 7554.78806483560129 ], [ 11224691.684816541150212, 7623.483371233285652 ], [ 11224551.433390090242028, 7608.689000359532656 ], [ 11224423.104281101375818, 7498.571682842019982 ], [ 11224335.662821086123586, 7148.805612146860767 ], [ 11224279.457610182464123, 6761.558269221233786 ], [ 11224192.016150165349245, 6436.772349004638272 ], [ 11224017.133230129256845, 6174.447840735576392 ], [ 11223750.556445525959134, 6068.460504735976428 ], [ 11223548.689680922776461, 6052.653129907128459 ], [ 11223303.018696689978242, 6052.653129907128459 ], [ 11222927.404470857232809, 5980.328824560800967 ], [ 11222603.487016543745995, 5956.884929534749972 ], [ 11222258.574706271290779, 6030.845631876783955 ], [ 11222105.900024648755789, 6074.51628777886981 ], [ 11221774.869254877790809, 6037.046130288641507 ], [ 11221520.871572732925415, 5932.595006093119082 ], [ 11221434.82160634920001, 5890.961498652493901 ], [ 11221367.384258827194571, 5814.284601112564815 ], [ 11221298.800320548936725, 5663.791720583339156 ], [ 11221250.498793495818973, 5599.371106149779735 ], [ 11221226.620762718841434, 5578.665672912762602 ], [ 11221184.063321391120553, 5550.902581342021222 ], [ 11221084.131814504042268, 5558.305330287026663 ], [ 11221029.407152829691768, 5590.710446433796278 ], [ 11220974.938525984063745, 5711.915155588700145 ], [ 11220963.839972753077745, 5806.291858357156343 ], [ 11220972.95703904889524, 5947.133337895211298 ], [ 11220997.1467643994838, 6157.905756673250835 ], [ 11221008.256449580192566, 6322.614154087681527 ], [ 11220957.361178388819098, 6543.305156846890895 ], [ 11220862.973382143303752, 6665.444967626256584 ], [ 11220692.353998605161905, 6771.009299307746005 ], [ 11220513.207542072981596, 6862.536236913118046 ], [ 11220416.047890508547425, 7034.647403771206882 ], [ 11220316.116383623331785, 7323.343554092487466 ], [ 11220223.888185501098633, 7517.77430830875528 ], [ 11220080.163590937852859, 7695.317890439589974 ], [ 11219899.725828310474753, 7825.784430226938639 ], [ 11219691.536116629838943, 7947.92426890571187 ], [ 11219572.168226649984717, 8050.638843844050825 ], [ 11219475.008575087413192, 8208.857364639336083 ], [ 11219441.701783442869782, 8364.315164739617103 ], [ 11219369.522225610911846, 8455.920053349334921 ], [ 11219311.235340232029557, 8489.226874381089146 ], [ 11219153.005816018208861, 8505.891416942695287 ], [ 11219025.311228130012751, 8544.753085894317337 ], [ 11218914.270036062225699, 8597.496308256146222 ], [ 11218890.837283251807094, 8648.291438325786658 ], [ 11218903.1714828312397, 8744.616283247565661 ], [ 11218894.844784919172525, 8852.874591056588542 ], [ 11218872.63654650747776, 8947.262479194596381 ], [ 11218797.685133354738355, 9069.402346317538104 ], [ 11218719.961864883080125, 9130.47228112340963 ], [ 11218656.109004965052009, 9202.651913497622445 ], [ 11218635.425843575969338, 9312.502102725517034 ], [ 11218661.663847554475069, 9383.078735687346125 ], [ 11218708.852179702371359, 9488.565200599419768 ], [ 11218822.665227090939879, 9682.884723192086312 ], [ 11218905.94333815202117, 9805.024611023525722 ], [ 11218954.534295883029699, 9943.305848198571766 ], [ 11218955.914657568559051, 10052.087388243235182 ], [ 11218892.061797650530934, 10376.862419150023925 ], [ 11218806.01183126680553, 10501.785319048236488 ], [ 11218669.990545466542244, 10621.153372678589221 ], [ 11218589.495421674102545, 10712.758309762764839 ], [ 11218514.21005005016923, 10833.250698475141689 ], [ 11218434.037752781063318, 10912.621610739808602 ], [ 11218306.343164892867208, 11059.741668021926671 ], [ 11218181.431564273312688, 11223.526284722740456 ], [ 11218134.243232125416398, 11381.756057385109671 ], [ 11218178.648577002808452, 11548.312548602541938 ], [ 11218347.987786399200559, 11687.10591997199117 ], [ 11218475.682374287396669, 11759.285599726592409 ], [ 11218563.368737185373902, 11780.703506223168006 ], [ 11218939.261261746287346, 11725.967619665625534 ], [ 11219164.104369251057506, 11764.829319794576804 ], [ 11219308.452352961525321, 11773.167163849309873 ], [ 11219404.120323350653052, 11809.891526621095181 ], [ 11219475.019707037135959, 11882.561015552533718 ], [ 11219561.069673418998718, 12206.211880188706346 ], [ 11219649.891495123505592, 12383.866985631417265 ], [ 11219764.083028780296445, 12633.534819739334125 ], [ 11219858.092338755726814, 12780.821930321806576 ], [ 11219863.64718134328723, 12866.883202605518818 ], [ 11219835.884100340306759, 12933.508054118785367 ], [ 11219741.507436046376824, 13011.231483348972688 ], [ 11219511.098354, 13161.134625168380808 ], [ 11219376.312714548781514, 13256.613557171143839 ], [ 11219291.798957139253616, 13394.304935841673796 ], [ 11219261.264020815491676, 13585.85281209470304 ], [ 11219294.581944409757853, 13752.409416718806824 ], [ 11219461.138166535645723, 14021.669639293380897 ], [ 11219533.095085384324193, 14102.521181960368267 ], [ 11219642.956290846690536, 14193.079810508083028 ], [ 11219792.859117150306702, 14238.887894752617285 ], [ 11219967.742037186399102, 14251.377972771168061 ], [ 11220571.505559401586652, 14172.263014264801313 ], [ 11220854.646684233099222, 14280.521488360405783 ], [ 11221458.410206448286772, 14572.00118866410412 ], [ 11221766.542556965723634, 14692.749758084835776 ], [ 11221970.991933755576611, 14795.297546997850077 ], [ 11222507.718858614563942, 14909.27788265070194 ], [ 11222736.313432959839702, 15074.220427800310063 ], [ 11222915.782716017216444, 15367.303217721297187 ], [ 11222986.55964826233685, 15825.339764023219686 ], [ 11223094.828985009342432, 16016.87667662261083 ], [ 11223253.058509223163128, 16166.779980021399751 ], [ 11223328.154637711122632, 16188.342634748127239 ], [ 11223436.268127169460058, 16154.289893062357805 ], [ 11223573.669774655252695, 16054.346935647461578 ], [ 11223794.360665151849389, 15929.434942395004327 ], [ 11224025.137101517990232, 15816.04455794691421 ], [ 11224244.058012111112475, 15754.551482905293597 ], [ 11224585.497154273092747, 15617.138287915307956 ], [ 11224756.21672535315156, 15600.484842224275781 ], [ 11224947.764173161238432, 15683.763203727983637 ], [ 11225085.165820647031069, 15800.348461535008028 ], [ 11225216.255653005093336, 15892.109400995168471 ], [ 11225384.971473252400756, 15979.406418150545505 ], [ 11225555.691044332459569, 16137.625311895279083 ], [ 11225655.622551215812564, 16275.038534920484381 ], [ 11225668.112598083913326, 16454.085393245622981 ], [ 11225642.987789012491703, 16631.462466497832793 ], [ 11225651.459202263504267, 17049.524271487091028 ], [ 11225747.227360192686319, 17282.706053403664555 ], [ 11225921.2865159958601, 17481.200574545571726 ], [ 11226267.712771344929934, 17757.396417015857878 ], [ 11226480.666957231238484, 18067.489213475513679 ], [ 11226571.681772904470563, 18423.612853639511741 ], [ 11226592.49851768091321, 18731.746511267338064 ], [ 11226591.986448025330901, 18867.757255945231009 ], [ 11226517.547104531899095, 19185.60921230833992 ], [ 11226455.085738247260451, 19477.089505822150386 ], [ 11226407.685899067670107, 19626.280588344492571 ], [ 11226351.725591046735644, 19697.948417055347818 ], [ 11226243.934928109869361, 19755.07785296869406 ], [ 11226035.734084479510784, 19834.192996084959304 ], [ 11225931.639228638261557, 19934.124988594452589 ], [ 11225894.16908803768456, 20063.211704668192397 ], [ 11225898.332436993718147, 20233.932127586984279 ], [ 11225960.782671328634024, 20533.739311286488373 ], [ 11226094.610963160172105, 20734.827891780874779 ], [ 11226152.330119136720896, 21058.390860319461353 ], [ 11226129.197928948327899, 21368.595469140349451 ], [ 11226110.830212969332933, 21421.617240912317357 ], [ 11226044.060782389715314, 21509.248440335817577 ], [ 11225971.89235650934279, 21718.374436494956171 ], [ 11225912.670387405902147, 21834.960018733203469 ], [ 11225871.081425648182631, 21976.815282510800898 ], [ 11225864.023769931867719, 22114.774351557429327 ], [ 11225897.864895131438971, 22305.020514754585747 ], [ 11225933.43147244118154, 22393.130432626920083 ], [ 11226076.454754211008549, 22564.340872767857945 ], [ 11226184.712959008291364, 22726.734769505510485 ], [ 11226234.673146476969123, 22872.464045973822067 ], [ 11226222.773092910647392, 22952.581200451571931 ], [ 11226054.246515799313784, 23120.218315042682661 ], [ 11225931.038103388622403, 23330.023550302426884 ], [ 11225891.386100769042969, 23364.51055960105441 ], [ 11225841.42591330036521, 23392.262695081364654 ], [ 11225760.363060105592012, 23403.628491569121252 ], [ 11225676.717594724148512, 23394.121743081621389 ], [ 11225583.309409998357296, 23415.183532540802844 ], [ 11225455.726141599938273, 23503.538410028395447 ], [ 11225394.377970222383738, 23620.157504319591681 ], [ 11225353.045043291524053, 23738.847163375980017 ], [ 11225322.09822485037148, 23862.423790493339766 ], [ 11225308.216684348881245, 23954.285279672472825 ], [ 11225308.439323332160711, 24143.930512287144666 ], [ 11225322.632558407261968, 24268.943200767174858 ], [ 11225359.880060026422143, 24365.346580438588717 ], [ 11225402.771459830924869, 24452.710756569362275 ], [ 11225524.131968691945076, 24582.966655117357732 ], [ 11225670.23880035802722, 24671.510838136317034 ], [ 11225772.953294513747096, 24776.997980161148007 ], [ 11225795.150400975719094, 24863.059730113942351 ], [ 11225771.005203424021602, 24918.931408000400552 ], [ 11225717.42713250592351, 24999.082055050959752 ], [ 11225650.802417265251279, 25132.321382480346074 ], [ 11225559.197608292102814, 25262.788843811264087 ], [ 11225372.102940116077662, 25484.193931034529669 ], [ 11225301.036577193066478, 25584.805293085741141 ], [ 11225209.431768219918013, 25740.253088271514571 ], [ 11225112.272116655483842, 25892.940152623323229 ], [ 11224992.915358627215028, 26117.785129048963427 ], [ 11224908.27914977632463, 26198.191873457679321 ], [ 11224758.020101103931665, 26299.014790059885854 ], [ 11224647.858333013951778, 26387.40321964744362 ], [ 11224490.46370498277247, 26417.593324213346932 ], [ 11224321.135627536103129, 26431.474983849147975 ], [ 11224176.787643825635314, 26475.880710662422644 ], [ 11224015.374382175505161, 26563.634623806454329 ], [ 11223974.553524900227785, 26605.101494318230834 ], [ 11223904.745072225108743, 26754.816387318143825 ], [ 11223886.010001923888922, 26942.547239860828995 ], [ 11223863.111582666635513, 27245.472571371778031 ], [ 11223795.084241842851043, 27516.103879186626727 ], [ 11223638.257343214005232, 27740.971360303938127 ], [ 11223309.308247920125723, 28057.433436263170734 ], [ 11223129.638589778915048, 28251.431802913619322 ], [ 11223038.65716995485127, 28469.664690063007583 ], [ 11223013.67707622051239, 28715.338142855802289 ], [ 11222926.235616203397512, 28906.876412854755472 ], [ 11222834.630807228386402, 29002.645557619249303 ], [ 11222722.086802035570145, 29022.327047204940754 ], [ 11222630.593312554061413, 29002.645557619249303 ], [ 11222530.661805666983128, 28848.577797991780244 ], [ 11222447.383694605901837, 28602.915454199759552 ], [ 11222409.913554005324841, 28303.106818388641841 ], [ 11222322.472093986347318, 28111.568629433819297 ], [ 11222235.019502017647028, 28011.63615536081852 ], [ 11222079.016367621719837, 27989.539023502366035 ], [ 11221942.271505130454898, 28042.394027620757697 ], [ 11221790.654358671978116, 28144.931405258619634 ], [ 11221636.988933579996228, 28322.487732685283845 ], [ 11221480.562785118818283, 28545.974963238713826 ], [ 11221265.282021872699261, 28672.290460148782586 ], [ 11221087.527058973908424, 28714.236068728307146 ], [ 11220914.302799349650741, 28733.271894687502936 ], [ 11220740.087796257808805, 28715.605312341387616 ], [ 11220453.75180204026401, 28564.342863299931196 ], [ 11220169.597669839859009, 28422.242115351251414 ], [ 11220008.60742225497961, 28336.781296297336667 ], [ 11219904.635017853230238, 28233.01937863207786 ], [ 11219768.613732054829597, 28135.858778456637083 ], [ 11219649.245842076838017, 28105.323545355902752 ], [ 11219429.946445215493441, 28072.005298671723722 ], [ 11219185.666954616084695, 28077.560195075358934 ], [ 11218835.901114543899894, 28052.579859511792165 ], [ 11218569.413385534659028, 28058.134755840983416 ], [ 11218178.002923956140876, 28016.489731975245377 ], [ 11218053.080191388726234, 27974.855841360065824 ], [ 11217969.802080325782299, 27905.447472890024073 ], [ 11217886.523969262838364, 27819.396685452695237 ], [ 11217611.353319972753525, 27686.825048838229122 ], [ 11217465.803085759282112, 27533.536673773414805 ], [ 11217391.99826336465776, 27416.14918162156755 ], [ 11217315.510641239583492, 27180.082907319327205 ], [ 11217270.426247468218207, 26942.113089973361639 ], [ 11217315.432717595249414, 26730.704373666379979 ], [ 11217441.69128405302763, 26488.671430406142463 ], [ 11217472.916401220485568, 26313.787012133954704 ], [ 11217410.45503493770957, 26088.930875388039567 ], [ 11217309.488256787881255, 26005.540749462186795 ], [ 11217066.934218298643827, 26013.989969067028142 ], [ 11216855.271338503807783, 26135.774509688264516 ], [ 11216710.923354791477323, 26194.073017558308493 ], [ 11216574.902068991214037, 26299.560260201789788 ], [ 11216427.214500557631254, 26338.043735800674767 ], [ 11216349.958773944526911, 26363.647437193030783 ], [ 11216332.971419651061296, 26427.946125694103102 ], [ 11216313.445980964228511, 26437.898173634781415 ], [ 11216281.163328636437654, 26441.794389289050741 ], [ 11216241.310950931161642, 26430.328383248990576 ], [ 11216192.88697243668139, 26435.449123800015514 ], [ 11216154.704387094825506, 26476.415048821905657 ], [ 11216136.893268566578627, 26486.656530247983028 ], [ 11216075.667548632249236, 26476.415048821905657 ], [ 11216059.526222467422485, 26463.724517584305431 ], [ 11216026.330750312656164, 26419.563696102708491 ], [ 11216003.421199105679989, 26403.611476302499796 ], [ 11215981.379939928650856, 26401.05110607779352 ], [ 11215966.819350535050035, 26407.029013956889685 ], [ 11215940.637006297707558, 26435.560444246966654 ], [ 11215900.673309104517102, 26585.397773156415496 ], [ 11215876.0717016402632, 26625.027856655364303 ], [ 11215847.239953523501754, 26644.286296479531302 ], [ 11215795.365070814266801, 26659.64852032847557 ], [ 11215670.030456131324172, 26615.521089340316394 ], [ 11215632.282016800716519, 26613.673169705172768 ], [ 11215586.451782442629337, 26656.242114157328615 ], [ 11215551.486330384388566, 26672.183204540076986 ], [ 11215450.007482577115297, 26677.671303432460263 ], [ 11215413.205258920788765, 26697.052196433614881 ], [ 11215315.578065495938063, 26767.518053019754007 ], [ 11215267.922191485762596, 26794.691380262891471 ], [ 11215229.194140639156103, 26804.58777035465755 ], [ 11215164.973926402628422, 26784.127067401466775 ], [ 11215088.820262748748064, 26788.112340316325572 ], [ 11215057.472694141790271, 26795.915905467594712 ], [ 11215030.076967457309365, 26794.925153256441263 ], [ 11214993.797945408150554, 26778.516515606097528 ], [ 11214936.435011802241206, 26768.352956553371769 ], [ 11214898.374877898022532, 26754.593746377791831 ], [ 11214836.481241019442677, 26707.171226823378674 ], [ 11214798.387711267918348, 26667.552273238525231 ], [ 11214716.467697994783521, 26650.186280982939934 ], [ 11214670.147657874971628, 26658.423995233391906 ], [ 11214557.158374721184373, 26756.719967359560542 ], [ 11214456.080277079716325, 26897.317727896264842 ], [ 11214378.824550468474627, 26925.370489280194306 ], [ 11214249.693941147997975, 27050.606037533343624 ], [ 11214229.322474334388971, 26973.79490003783576 ], [ 11214212.424175631254911, 26874.7419345889939 ], [ 11214216.554128739982843, 26798.665521158134652 ], [ 11214239.452547997236252, 26729.446452373704233 ], [ 11214287.876526489853859, 26624.582574812586245 ], [ 11214307.468756873160601, 26499.235741223459627 ], [ 11214293.698535859584808, 26451.746437319307006 ], [ 11214195.626064471900463, 26398.078850213583792 ], [ 11214078.128341939300299, 26376.605136668255 ], [ 11213932.834142554551363, 26383.27323120008441 ], [ 11213712.610793918371201, 26462.845086037508736 ], [ 11213570.722970955073833, 26536.561489087642258 ], [ 11213411.569494968280196, 26606.882621667413332 ], [ 11213335.994692668318748, 26623.992576371110772 ], [ 11213246.248919188976288, 26621.688242837717553 ], [ 11213148.788705, 26609.353935867820837 ], [ 11212946.454398535192013, 26600.715468229740509 ], [ 11212832.941913772374392, 26630.326710594334145 ], [ 11212793.468022337183356, 26662.409267819162778 ], [ 11212771.259783923625946, 26710.521972874841595 ], [ 11212779.39723869971931, 26747.680745195786585 ], [ 11212806.625986149534583, 26785.16234779455408 ], [ 11212810.321793243288994, 26815.708685731631704 ], [ 11212768.788491226732731, 26846.032383330006269 ], [ 11212705.458832915872335, 26863.298189392229688 ], [ 11212613.341954283416271, 26896.20452309018583 ], [ 11212461.012363083660603, 26935.945935175157501 ], [ 11212308.315417561680079, 26954.848153390874359 ], [ 11212127.076154600828886, 26889.302653310736787 ], [ 11211937.543589577078819, 26795.960433656877285 ], [ 11211724.745250975713134, 26769.633141972473823 ], [ 11211665.300642892718315, 26738.797371742341056 ], [ 11211547.19066316075623, 26714.306868755797041 ], [ 11211355.275861032307148, 26751.1539438533473 ], [ 11211248.297830380499363, 26788.112340316325572 ], [ 11211190.523014659062028, 26855.906509661290329 ], [ 11211126.247140675783157, 26877.001740314150084 ], [ 11211061.392405338585377, 26917.132773581713991 ], [ 11211037.570034308359027, 27065.52298353052538 ], [ 11210810.923551054671407, 27303.192255077588925 ], [ 11210705.503993274644017, 27311.98657545266542 ], [ 11210589.175125394016504, 27302.858293545385095 ], [ 11210502.568561557680368, 27367.980793742855894 ], [ 11210310.765078920871019, 27473.245477021191618 ], [ 11210191.341529196128249, 27530.642340047452308 ], [ 11210055.843445003032684, 27622.01423210426583 ], [ 11209959.886043939739466, 27701.163134410249768 ], [ 11209823.185709245502949, 27662.646227833341982 ], [ 11209744.148870782926679, 27606.206716260578105 ], [ 11209709.305870164185762, 27535.85214075827389 ], [ 11209772.201382461935282, 27489.876763324486092 ], [ 11209874.058716539293528, 27469.505107436547405 ], [ 11209922.482695031911135, 27441.452335852729448 ], [ 11209971.68590996414423, 27322.56202407373712 ], [ 11210037.141770549118519, 27218.922630821689381 ], [ 11210060.073585653677583, 27114.058719292526803 ], [ 11210039.702118838205934, 26993.832587702541787 ], [ 11210011.64960715919733, 26923.366720592643105 ], [ 11210032.911629900336266, 26766.070886895893636 ], [ 11210025.230585034936666, 26548.550702059950709 ], [ 11209951.425762638449669, 26484.430121236509876 ], [ 11209940.293813560158014, 26424.317079145617754 ], [ 11209896.155635461211205, 26301.096482235108851 ], [ 11209800.765963798388839, 26234.382145627325372 ], [ 11209700.845588862895966, 26146.349950136380357 ], [ 11209654.981958655640483, 25953.097702315761126 ], [ 11209528.411697624251246, 25817.286805094972806 ], [ 11209421.511590614914894, 25794.354802294812544 ], [ 11209320.355569330975413, 25762.071886296533194 ], [ 11209268.592006115242839, 25678.804230145527981 ], [ 11209255.79026467166841, 25556.017841422672063 ], [ 11209201.466353164985776, 25463.733245437048026 ], [ 11209236.198034293949604, 25397.27498118454605 ], [ 11209241.318730868399143, 25241.203825376451277 ], [ 11209317.795221043750644, 25118.528790554195439 ], [ 11209313.565080393105745, 25037.932856221632392 ], [ 11209276.22852318175137, 24865.308400914494996 ], [ 11209298.73732422105968, 24674.115733710670611 ], [ 11209358.538154674693942, 24590.20247577948976 ], [ 11209413.752622108906507, 24475.097270839105477 ], [ 11209346.626969158649445, 24380.252369085021201 ], [ 11209350.857109811156988, 24226.741676839530555 ], [ 11209241.318730868399143, 24038.610390751433442 ], [ 11209158.107411500066519, 24015.478036429929489 ], [ 11209078.380392195656896, 23952.882644196895853 ], [ 11209071.022173853591084, 23892.190830917959829 ], [ 11209076.198530174791813, 23785.835446537705138 ], [ 11209051.240700339898467, 23723.663079730053141 ], [ 11208980.608483431860805, 23613.478289084378048 ], [ 11208934.744853224605322, 23591.659519496439316 ], [ 11208890.862709952518344, 23546.040480708914401 ], [ 11208884.651082366704941, 23475.107219275829266 ], [ 11208828.646246548742056, 23433.874201096041361 ], [ 11208668.913909211754799, 23363.564337580846768 ], [ 11208602.678812189027667, 23325.047535782745399 ], [ 11208555.145389620214701, 23249.572417961495375 ], [ 11208517.74204071238637, 23097.175029205474857 ], [ 11208447.276803040876985, 22987.079334361409565 ], [ 11208428.575128586962819, 22841.249860324296606 ], [ 11208268.798263451084495, 22715.936710382331512 ], [ 11208152.502791419625282, 22446.731098589498288 ], [ 11208155.586341315880418, 22197.796928713803936 ], [ 11208296.461156914010644, 21912.539028083905578 ], [ 11208418.255811791867018, 21481.574257762938942 ], [ 11208408.882710667327046, 21181.778060376062058 ], [ 11208301.882416116073728, 20996.129530770143901 ], [ 11207899.852075116708875, 20815.868910993256577 ], [ 11207627.631392329931259, 20703.457893759874423 ], [ 11207391.856710828840733, 20624.331584438161372 ], [ 11207104.541105091571808, 20570.196633787087194 ], [ 11206833.890027126297355, 20624.331584438161372 ], [ 11206703.21207688562572, 20686.904598341759993 ], [ 11206654.843758134171367, 20757.57058405929638 ], [ 11206654.843758134171367, 20932.45443807421907 ], [ 11206704.815077552571893, 21203.118124559245189 ], [ 11206729.795171285048127, 21398.818880750222888 ], [ 11206692.313898736611009, 21656.981382406233024 ], [ 11206600.709089761599898, 21815.211825450052856 ], [ 11206384.192680168896914, 21910.980546016005974 ], [ 11206151.011742804199457, 21948.450908096849162 ], [ 11205855.380571104586124, 21977.605655587423826 ], [ 11205276.597142623737454, 22194.123363273476571 ], [ 11205073.617183109745383, 22233.018629248934303 ], [ 11204850.955937625840306, 22336.167899006020889 ], [ 11204546.986936064437032, 22423.609897314454429 ], [ 11204003.703293198719621, 22635.018061146758555 ], [ 11203587.212550343945622, 23162.63132019884506 ], [ 11203171.868398245424032, 23524.48888056854048 ], [ 11202831.76508997566998, 23810.047604321018298 ], [ 11202659.75421280041337, 23962.333735638043436 ], [ 11202383.837722919881344, 24083.450200702754955 ], [ 11202037.199960539117455, 24195.872559639650717 ], [ 11201840.453892510384321, 24270.824513781550195 ], [ 11201681.467395760118961, 24428.509721591239213 ], [ 11201653.080925606191158, 24589.367573393778002 ], [ 11201742.080858496949077, 24882.140035915817862 ], [ 11201840.453892510384321, 25388.057654300082504 ], [ 11201798.297201346606016, 25697.227755293373775 ], [ 11201601.072459507733583, 26067.390373871236079 ], [ 11201526.121046358719468, 26110.961187066252023 ], [ 11201133.408146737143397, 26339.290524728196033 ], [ 11200444.796908639371395, 26634.412171522013523 ], [ 11200101.342883694916964, 26809.51926735361485 ], [ 11199489.185871873050928, 27337.078218934871984 ], [ 11198972.685698490589857, 27582.584499238368153 ], [ 11198154.142350738868117, 27800.82841788388032 ], [ 11197602.843704532831907, 27891.810704814251949 ], [ 11197381.217730313539505, 27997.57636814952275 ], [ 11197310.952867724001408, 28222.432791379658738 ], [ 11197310.952867724001408, 28756.459980105213617 ], [ 11197212.579833710566163, 29712.081055800987087 ], [ 11197029.882285421714187, 30485.01428289710384 ], [ 11196720.71466363966465, 31075.248228193282557 ], [ 11196439.655213287100196, 31454.685271240705333 ], [ 11196063.228355169296265, 31757.110644970540307 ], [ 11195783.838697176426649, 31972.31617024366642 ], [ 11195496.534223387017846, 32278.370728459420206 ], [ 11194853.207754144445062, 33184.033503781400213 ], [ 11194571.24661591462791, 33550.613603377554682 ], [ 11194178.656167734414339, 33914.800410911120707 ], [ 11193696.765224037691951, 34045.380026725717471 ], [ 11193179.31883498467505, 34058.460253306700906 ], [ 11192667.16012174077332, 33971.017549818687257 ], [ 11192173.736478801816702, 33821.112606655005948 ], [ 11191655.332742126658559, 33808.622384253372729 ], [ 11191399.253385502845049, 33883.574852715741144 ], [ 11191294.735515598207712, 34076.293890118526178 ], [ 11191274.34178488701582, 34395.740902887759148 ], [ 11191330.546995786949992, 34789.238826400680409 ], [ 11191280.586808318272233, 35095.28296316471824 ], [ 11191130.683982016518712, 35332.630866859806702 ], [ 11190964.11662794277072, 35432.87561080751766 ], [ 11190237.534311536699533, 35528.600722053517529 ], [ 11189408.393348259851336, 35542.649459834516165 ], [ 11188854.367374530062079, 35436.894306444024551 ], [ 11187989.025312848389149, 34727.555780621980375 ], [ 11187445.240732273086905, 34045.368894618055492 ], [ 11187159.895481523126364, 33954.61995635600033 ], [ 11186724.246654303744435, 33954.61995635600033 ], [ 11185881.057171288877726, 34193.526124762480322 ], [ 11184834.119624277576804, 34545.957617578911595 ], [ 11184363.316101865842938, 34657.289878613424662 ], [ 11183941.715794384479523, 35022.679294452405884 ], [ 11183154.742654221132398, 36666.916407218312088 ], [ 11182738.597001789137721, 37570.545412744992063 ], [ 11182381.818033795803785, 38170.634837853707722 ], [ 11181904.012515412643552, 38536.025408545057871 ], [ 11181044.069449033588171, 38992.978093923054985 ], [ 11180414.379617415368557, 39238.698226812659414 ], [ 11179880.357756178826094, 39688.404181746387621 ], [ 11179739.828031003475189, 40124.061536158238596 ], [ 11179786.159203071147203, 40539.113423603419506 ], [ 11180020.887481357902288, 41135.909446580262738 ], [ 11180199.900354500859976, 41621.417358906779555 ], [ 11180273.849892236292362, 42203.964832005542121 ], [ 11180597.066033754497766, 42780.156171242968412 ], [ 11181112.096789859235287, 43260.321453203752753 ], [ 11181707.266447383910418, 43539.049646774001303 ], [ 11182550.455930398777127, 43848.224523200195108 ], [ 11183028.261448780074716, 44269.823757541373197 ], [ 11183222.536224115639925, 44666.999089784723765 ], [ 11183230.250664824619889, 44682.773448577645468 ], [ 11183263.468400878831744, 45021.282125872385222 ], [ 11183313.428588347509503, 45362.729838860832388 ], [ 11183317.591937301680446, 45637.562390806197072 ], [ 11183275.958447745069861, 45816.613261273407261 ], [ 11183202.431924076750875, 45888.761287605018879 ], [ 11182888.711335122585297, 46070.617533112570527 ], [ 11182376.552621880546212, 46278.812700521557417 ], [ 11181943.508670747280121, 46416.229107935141656 ], [ 11181579.015262041240931, 46507.224073952158506 ], [ 11181335.581799576058984, 46503.672887799817545 ], [ 11181098.23751325532794, 46407.902189569380425 ], [ 11180840.076482154428959, 46220.513150500009942 ], [ 11180615.233374651521444, 46099.761736562526494 ], [ 11180394.542484153062105, 46087.271363537583966 ], [ 11180219.659564116969705, 46137.232856698312389 ], [ 11180094.759095449000597, 46228.917992779570341 ], [ 11180032.286597214639187, 46391.237220831571904 ], [ 11179965.661881973966956, 46632.751277748313441 ], [ 11179844.902498362585902, 46865.93847878867382 ], [ 11179719.990897743031383, 46978.363074755703565 ], [ 11179408.173872083425522, 47130.819266191589122 ], [ 11179289.919177012518048, 47173.400134981224255 ], [ 11179123.941816238686442, 47224.474915795792185 ], [ 11178997.571930291131139, 47248.253411122474063 ], [ 11178841.090122083202004, 47238.34570465656725 ], [ 11178728.980262905359268, 47224.742089896935795 ], [ 11178637.375453930348158, 47180.324396719035576 ], [ 11178579.567242361605167, 47125.676165319222491 ], [ 11178522.371287992224097, 46927.989640261570457 ], [ 11178392.717477064579725, 46666.181414970749756 ], [ 11178254.391877805814147, 46499.47603145652829 ], [ 11177709.171275798231363, 46305.708197881875094 ], [ 11177435.458911836147308, 46136.141897147193959 ], [ 11177203.257585991173983, 45940.314679558257922 ], [ 11176753.560239031910896, 45771.672424505501112 ], [ 11176004.057239471003413, 45603.030201451612811 ], [ 11175282.662411333993077, 45321.963611226812645 ], [ 11174992.619478072971106, 45084.76921529500396 ], [ 11174898.543376402929425, 44984.679366191834561 ], [ 11174683.062238074839115, 44375.691149454658444 ], [ 11174439.472928320989013, 43851.029840664225048 ], [ 11174258.957242049276829, 43649.102665951577364 ], [ 11173849.535286862403154, 43380.627201802111813 ], [ 11173715.462092151865363, 43384.523474106666981 ], [ 11173555.796546505764127, 43422.217126437739353 ], [ 11173398.557765761390328, 43489.08829660644551 ], [ 11173261.144986325874925, 43571.77834017672285 ], [ 11173215.303620016202331, 43607.724243198528711 ], [ 11173066.814551247283816, 43752.832602255650272 ], [ 11172961.194618383422494, 43835.199835085441009 ], [ 11172866.172301040962338, 43925.070186800912779 ], [ 11172775.458047995343804, 43965.969938504691527 ], [ 11172689.474873306229711, 43964.088594415508851 ], [ 11172650.936065591871738, 43929.801377365576627 ], [ 11172623.273172130808234, 43883.613826274806343 ], [ 11172600.55286405980587, 43754.591491595114348 ], [ 11172608.100325535982847, 43646.186026999494061 ], [ 11172588.240928377956152, 43595.790514943611925 ], [ 11172306.958839040249586, 43377.198482187493937 ], [ 11172199.646849915385246, 43306.76501417493273 ], [ 11172024.763929881155491, 43240.138765510251687 ], [ 11171926.6914584916085, 43229.407320051417628 ], [ 11171770.766247738152742, 43282.474541683703137 ], [ 11171551.466850874945521, 43382.408354853614583 ], [ 11171368.257232926785946, 43418.498969288659282 ], [ 11171257.227172810584307, 43384.011392602864362 ], [ 11171121.194755058735609, 43313.010181585123064 ], [ 11171035.144788676872849, 43179.757688089441217 ], [ 11170976.846771348267794, 42829.983897432743106 ], [ 11170910.222056109458208, 42619.006465171180025 ], [ 11170804.746838582679629, 42482.982152383578068 ], [ 11170585.447441721335053, 42391.375315748693538 ], [ 11170453.2555464040488, 42363.567093161589582 ], [ 11170281.478440159931779, 42450.709916677631554 ], [ 11170100.35049669072032, 42575.635424308209622 ], [ 11169744.339633183553815, 42875.436671390903939 ], [ 11169463.269050879403949, 43087.805686027350021 ], [ 11169219.690873075276613, 43256.447445824691385 ], [ 11169055.572547798976302, 43445.861934521541116 ], [ 11168976.101563321426511, 43624.956903298712859 ], [ 11168901.15015017054975, 43762.372907130469684 ], [ 11168704.749172564595938, 44023.890847453978495 ], [ 11168601.110726634040475, 44123.824740220210515 ], [ 11168436.413540005683899, 44240.423572320258245 ], [ 11168290.206520797684789, 44381.068011010298505 ], [ 11168173.621618090197444, 44469.903119541333581 ], [ 11168073.690111204981804, 44521.723603500482568 ], [ 11167934.896970085799694, 44577.239987750428554 ], [ 11167756.85257650911808, 44589.997513062146027 ], [ 11167540.391826661303639, 44590.008645283262013 ], [ 11167400.062476567924023, 44603.155798518186202 ], [ 11167226.103508304804564, 44569.837060840676713 ], [ 11167059.547286180779338, 44466.196090403958806 ], [ 11166966.628907214850187, 44385.55429510675458 ], [ 11166841.739570492878556, 44333.911934341806045 ], [ 11166689.176208361983299, 44321.944800067707547 ], [ 11166458.188264966011047, 44294.648602288587426 ], [ 11166033.114789372310042, 44255.095834270650812 ], [ 11165805.444166801869869, 44192.61070211049082 ], [ 11165652.457790603861213, 44145.732940504443832 ], [ 11165573.49887578561902, 44127.220065941553912 ], [ 11165499.538206102326512, 44126.162505469634198 ], [ 11165441.184529028832912, 44140.946087755612098 ], [ 11165369.928922971710563, 44170.72476514353184 ], [ 11165168.852526750415564, 44326.419951657058846 ], [ 11165067.562922079116106, 44418.973216039987165 ], [ 11164876.393960539251566, 44572.28614943575667 ], [ 11164780.948629133403301, 44614.143300986033864 ], [ 11164688.341944742947817, 44632.222028739051893 ], [ 11164611.620551686733961, 44622.837565950598218 ], [ 11164505.688924249261618, 44576.783566691097803 ], [ 11164416.867102542892098, 44512.929149517418409 ], [ 11164316.924463711678982, 44412.99521443775302 ], [ 11164253.082735741510987, 44382.459538333154342 ], [ 11164194.784718412905931, 44374.132638864706678 ], [ 11164086.526513615623116, 44446.302814178547123 ], [ 11164046.195462102070451, 44497.232719201005239 ], [ 11164022.373091071844101, 44543.620681064072414 ], [ 11163881.420351829379797, 44880.292489433064475 ], [ 11163814.795636590570211, 45007.979115415590059 ], [ 11163662.120954966172576, 45155.113761641427118 ], [ 11163506.663286073133349, 45221.740149026554718 ], [ 11163365.910921916365623, 45270.310064944816986 ], [ 11163229.077003831043839, 45310.564207653915219 ], [ 11163095.827573351562023, 45427.1631920523796 ], [ 11162901.508270222693682, 45624.259371215630381 ], [ 11162685.626381726935506, 45857.835933214402758 ], [ 11162308.2867037858814, 46327.917021860899695 ], [ 11161947.411178531125188, 46799.144983774836874 ], [ 11161776.691607451066375, 47115.61260872251296 ], [ 11161696.118560016155243, 47342.142850867618108 ], [ 11161572.665244726464152, 47727.719747253890091 ], [ 11161435.252465290948749, 48235.729486275959061 ], [ 11161325.057301353663206, 48455.369151132792467 ], [ 11161193.744830014184117, 48635.478172089657164 ], [ 11161014.698561022058129, 48856.175507907013525 ], [ 11160710.740691412240267, 49205.951682880404405 ], [ 11160639.952627215534449, 49376.676352068774577 ], [ 11160548.347818242385983, 49693.133812117361231 ], [ 11160459.236565861850977, 49877.829605739345425 ], [ 11160340.146974612027407, 50009.602526786591625 ], [ 11160026.326198115944862, 50403.518748844573565 ], [ 11159886.286278698593378, 50671.684688137524063 ], [ 11159740.546801352873445, 50838.24618381079199 ], [ 11159500.653298692777753, 51052.89927329148486 ], [ 11159403.271008145064116, 51150.5518648083671 ], [ 11159282.522756483405828, 51375.40223458573746 ], [ 11159098.667485490441322, 51764.131470522850577 ], [ 11159003.5449806060642, 51995.850655974150868 ], [ 11158861.968852216377854, 52237.355221408084617 ], [ 11158716.229374868795276, 52433.072606694513524 ], [ 11158603.90800865739584, 52506.278780889253539 ], [ 11158508.039663186296821, 52541.334477154632623 ], [ 11158328.993394194170833, 52657.923344400842325 ], [ 11158187.417265804484487, 52841.150360395564348 ], [ 11158120.792550563812256, 53016.039302051583945 ], [ 11158145.772644298151135, 53232.563222038261301 ], [ 11158201.922195455059409, 53372.12934116388351 ], [ 11158337.320092106238008, 53549.033358037842845 ], [ 11158503.876314232125878, 53732.24945518700406 ], [ 11158649.604659628123045, 53919.629094389267266 ], [ 11158712.066025912761688, 54152.818400273114094 ], [ 11158696.681672286242247, 54299.832232915483473 ], [ 11158637.114612760022283, 54419.315781782563135 ], [ 11158508.039663186296821, 54744.11342074147251 ], [ 11158453.904994815587997, 54827.394604016233643 ], [ 11157912.602838883176446, 55073.074705809274747 ], [ 11157706.806496251374483, 55198.402871111997229 ], [ 11157614.400186944752932, 55320.302288436098024 ], [ 11157504.538981480523944, 55497.807914467433875 ], [ 11157313.002665622159839, 55668.533968239513342 ], [ 11157066.463389363139868, 55836.71074786727695 ], [ 11156925.755553001537919, 55976.678120431737625 ], [ 11156759.199330875650048, 56326.45751513497089 ], [ 11156634.287730256095529, 56772.009024570448673 ], [ 11156584.082639908418059, 57150.332268645579461 ], [ 11156584.316410839557648, 57346.652098546233901 ], [ 11156680.0845687687397, 57783.877205842261901 ], [ 11156809.170650292187929, 58146.148052866039507 ], [ 11156992.246684851124883, 58426.851869568010443 ], [ 11157095.940790524706244, 58617.861892078311939 ], [ 11157245.832484878599644, 58724.042914609548461 ], [ 11157445.706630598753691, 58811.488086399112944 ], [ 11158032.81675698980689, 58930.170850927876018 ], [ 11158357.59137137979269, 59042.597212394561211 ], [ 11158613.681859949603677, 59173.759468555290368 ], [ 11158697.293929485604167, 59395.372751838011027 ], [ 11158663.642047418281436, 59638.059807307363371 ], [ 11158588.690634267404675, 59844.176885741733713 ], [ 11158454.728759046643972, 60023.965800752208452 ], [ 11158351.346347946673632, 60162.731704910111148 ], [ 11158151.483334176242352, 60506.267891455427161 ], [ 11157989.090461006388068, 60768.604126646838267 ], [ 11157656.456690568476915, 61512.408345797819493 ], [ 11157570.618231216445565, 61867.923768293185276 ], [ 11157414.47038147971034, 62173.988913942979707 ], [ 11157208.362344276160002, 62405.099197680843645 ], [ 11157055.331440282985568, 62542.151197011713521 ], [ 11156864.841527638956904, 62623.70778183551738 ], [ 11156732.115298766642809, 62745.5083188612698 ], [ 11156535.369230737909675, 63082.800520562857855 ], [ 11156431.953423790633678, 63466.148050319374306 ], [ 11156291.779920982196927, 63766.759023638078361 ], [ 11156062.116679526865482, 64228.724768978689099 ], [ 11155823.34750372543931, 64319.543820762410178 ], [ 11155448.590437971055508, 64506.926342946841032 ], [ 11155279.952541368082166, 64816.109852852547192 ], [ 11155180.844798712059855, 65120.762575619708514 ], [ 11155101.952675588428974, 65706.189169259159826 ], [ 11155109.711644096300006, 66003.7508967397589 ], [ 11154980.158020712435246, 66511.95179269030632 ], [ 11154961.422950411215425, 67027.255686535849236 ], [ 11154961.289367021992803, 67428.09491045527102 ], [ 11154839.628295533359051, 67907.975713718595216 ], [ 11154727.195609834045172, 68442.016949258424575 ], [ 11154520.341732040047646, 68882.444638299857615 ], [ 11154218.164974281564355, 69236.851010865691933 ], [ 11154005.800781697034836, 69717.81314074745751 ], [ 11153968.697995414957404, 69925.50322668638546 ], [ 11154055.772101113572717, 70136.310520953236846 ], [ 11154265.542549563571811, 70401.745691059695673 ], [ 11154586.665884656831622, 70792.155927438987419 ], [ 11154905.20660755969584, 71229.390324707434047 ], [ 11154992.213921563699841, 71459.335117712122155 ], [ 11155036.374363562092185, 71779.06485116967815 ], [ 11155248.727424200624228, 72553.597520560622797 ], [ 11155373.650156766176224, 72784.711783271253807 ], [ 11155610.983311139047146, 73015.826141544355778 ], [ 11155953.90300252661109, 73280.783953487640247 ], [ 11156191.614643167704344, 73431.665237919223728 ], [ 11156472.907864453271031, 73705.573933125953772 ], [ 11156473.965399615466595, 73707.533286986639723 ], [ 11156544.508560931310058, 73837.396159236755921 ], [ 11156548.09304853528738, 73964.787603220655001 ], [ 11156578.294026385992765, 74020.762809642517823 ], [ 11156600.168306328356266, 74061.285834555223119 ], [ 11156724.534441441297531, 74101.430350644426653 ], [ 11156907.231989732012153, 74017.100151768798241 ], [ 11157118.0265774987638, 73778.181357544061029 ], [ 11157394.867019154131413, 73688.963956358929863 ], [ 11157609.891747567802668, 73778.181357544061029 ], [ 11157989.324231937527657, 74045.21021662230487 ], [ 11158860.566226631402969, 74561.021813041952555 ], [ 11159689.751717701554298, 74902.506658158265054 ], [ 11160673.470925893634558, 75141.425944034446729 ], [ 11161510.582364710047841, 75272.268836971517885 ], [ 11162416.066234771162271, 75380.356468069585389 ], [ 11163104.666340921074152, 75619.275965150896809 ], [ 11163610.580030729994178, 75956.575569121880108 ], [ 11163727.699266992509365, 76187.646738603216363 ], [ 11163751.109755905345082, 76476.574903099535732 ], [ 11163624.639682415872812, 76757.654632046775077 ], [ 11163245.196066098287702, 77151.175409333314747 ], [ 11162812.408149791881442, 77527.039904486664454 ], [ 11162584.704131374135613, 77825.776778600396938 ], [ 11162289.58502933382988, 78191.188072100689169 ], [ 11161859.513308603316545, 78819.545137154971599 ], [ 11161811.779510948807001, 79146.871800078413798 ], [ 11161966.36888781376183, 79554.443995813664515 ], [ 11162163.426650416105986, 79972.90441829028714 ], [ 11162373.909543607383966, 80524.19103695783997 ], [ 11162416.066234771162271, 80959.874772186332848 ], [ 11162348.205873183906078, 81077.281778626391315 ], [ 11162008.525578977540135, 81311.22751137126761 ], [ 11161109.119753113016486, 81620.420352487926721 ], [ 11160703.927938574925065, 81694.620873779873364 ], [ 11160111.352025184780359, 81803.1328938442457 ], [ 11159310.319233333691955, 81929.613385403703433 ], [ 11158953.317626360803843, 81964.381331821306958 ], [ 11158691.983989775180817, 81929.613385403703433 ], [ 11158312.540373455733061, 81929.613385403703433 ], [ 11157782.214319316670299, 82047.733123626792803 ], [ 11157399.086027853190899, 82280.977941038829158 ], [ 11157023.783496592193842, 82530.254216882036417 ], [ 11156569.956196527928114, 82660.442144672371796 ], [ 11156334.17038307711482, 82683.643075386877172 ], [ 11156056.4282535482198, 82480.913290692231385 ], [ 11155698.658542087301612, 81943.674197254382307 ], [ 11155515.972125746309757, 81943.674197254382307 ], [ 11155305.166406031697989, 82154.48622698651161 ], [ 11155122.479989690706134, 82379.359170685318531 ], [ 11154828.574270097538829, 82610.277372115582693 ], [ 11154588.458128457888961, 82702.602378025781945 ], [ 11154279.290506677702069, 82941.525279189023422 ], [ 11153994.835811853408813, 83639.591399457582156 ], [ 11153616.182563919574022, 84258.948767445341218 ], [ 11153253.41460732370615, 84515.618317068277975 ], [ 11152831.814299842342734, 84712.381698378070723 ], [ 11152195.868312837556005, 84902.432000235377927 ], [ 11152119.892760369926691, 84864.947408346648444 ], [ 11152169.040315557271242, 84852.589851223616279 ], [ 11152215.037529153749347, 84833.040419164142804 ], [ 11152268.604468122124672, 84800.10920226892631 ], [ 11152337.722739955410361, 84737.096805720124394 ], [ 11152403.05614910274744, 84665.990777355211321 ], [ 11152507.473831465467811, 84577.150005174247781 ], [ 11152562.521319665014744, 84523.723087550373748 ], [ 11152637.328017476946115, 84464.106269405019702 ], [ 11152697.830160722136497, 84388.758637531747809 ], [ 11152353.162753328680992, 84290.120945755115827 ], [ 11151862.911715874448419, 84234.23368464440864 ], [ 11151394.034020654857159, 84279.544670745817712 ], [ 11150966.121898043900728, 84357.920440531263012 ], [ 11150524.517478067427874, 84506.210994358392782 ], [ 11150007.549762822687626, 84698.031350599601865 ], [ 11149628.618216162547469, 84843.538775803142926 ], [ 11149110.871264483779669, 85007.304262800666038 ], [ 11148690.528867248445749, 85233.525612356257625 ], [ 11148275.975083533674479, 85440.264409914801945 ], [ 11147379.185265703126788, 85935.012871880811872 ], [ 11147088.530075242742896, 86050.461675934740924 ], [ 11146798.654121218249202, 86150.547016822762089 ], [ 11146482.506767364218831, 86244.286587814684026 ], [ 11146139.865374701097608, 86371.981734093642444 ], [ 11145834.293372474610806, 86503.684785222663777 ], [ 11145678.44608536362648, 86615.45984655720531 ], [ 11145602.414873151108623, 86777.778658295545029 ], [ 11145454.805228359997272, 86972.828498191127437 ], [ 11145286.156199809163809, 87004.446173957752762 ], [ 11145232.233038468286395, 87007.385281954499078 ], [ 11145187.39354757592082, 86978.818043647581362 ], [ 11145122.538812240585685, 86961.216795972562977 ], [ 11145069.517338776960969, 86961.149998069930007 ], [ 11144958.988216368481517, 86946.454459723478067 ], [ 11144848.98229556530714, 86918.365943395372597 ], [ 11144620.332061475142837, 86836.371532600853243 ], [ 11144359.332383362576365, 86695.684075300188852 ], [ 11144121.164332808926702, 86597.457825420671725 ], [ 11143890.321104751899838, 86589.163759019080317 ], [ 11143720.88170781545341, 86628.485428143743775 ], [ 11143571.223784392699599, 86705.826217878595344 ], [ 11143374.51111221127212, 86793.854680841468507 ], [ 11143311.559940168634057, 86826.596775557409273 ], [ 11143254.085687072947621, 86863.012756420997903 ], [ 11143157.25999397970736, 86945.441358233278152 ], [ 11143121.348326250910759, 86981.501092845355743 ], [ 11142958.332063931971788, 87117.713175049735582 ], [ 11142527.481106765568256, 87448.151494084653677 ], [ 11142366.95840104110539, 87591.332969869996305 ], [ 11142192.286988036707044, 87725.975477142143063 ], [ 11142164.167684664949775, 87734.225031735506491 ], [ 11142162.086010186001658, 87739.457542822186952 ], [ 11142097.854663997888565, 87763.382365543191554 ], [ 11141760.556606894358993, 87763.382365543191554 ], [ 11141264.828650495037436, 87666.97057002344809 ], [ 11140992.407592624425888, 87596.498681351862615 ], [ 11140767.753728255629539, 87556.943137783484417 ], [ 11140626.689669521525502, 87541.490536820158013 ], [ 11140533.348276492208242, 87566.127861222063075 ], [ 11140275.198377342894673, 87690.149477924904204 ], [ 11140113.339837728068233, 87775.294678852151264 ], [ 11140071.672952326014638, 87805.954970777063863 ], [ 11139772.390501325950027, 87945.18433938252565 ], [ 11139694.68949675373733, 88074.327242332161404 ], [ 11139610.420642221346498, 88316.692943045942229 ], [ 11139581.143616143614054, 88541.468596624166821 ], [ 11139552.423187518492341, 88659.367311763257021 ], [ 11139346.927407514303923, 88943.927508297085296 ], [ 11139157.2389952018857, 89170.596085700686672 ], [ 11138782.871547665446997, 89460.500461823758087 ], [ 11138535.297000139951706, 89708.210760630012373 ], [ 11138242.23730867728591, 89937.985841451853048 ], [ 11138061.977657236158848, 89996.300791612287867 ], [ 11137978.877657361328602, 90048.091776946981554 ], [ 11137902.467958878725767, 90167.761038990342058 ], [ 11137815.071026656776667, 90274.382381438292214 ], [ 11137767.615527732297778, 90324.447773557229084 ], [ 11137536.204570271074772, 90476.614536546127056 ], [ 11137174.861503155902028, 90604.756180375770782 ], [ 11136418.890841180458665, 91122.77833360544173 ], [ 11136257.366260038688779, 91250.697500597540056 ], [ 11135998.214485472068191, 91280.979501983732916 ], [ 11135766.002027677372098, 91371.82551848985895 ], [ 11135567.519375592470169, 91543.497820893346216 ], [ 11135244.470213308930397, 91849.769388977772905 ], [ 11134968.509195633232594, 92196.454363929937244 ], [ 11134709.357421066612005, 92482.464106707862811 ], [ 11134515.104909632354975, 92521.207363692199579 ], [ 11134312.280797408893704, 92509.406256318237865 ], [ 11134026.189706068485975, 92546.47954753007798 ], [ 11133854.535051265731454, 92681.079000473138876 ], [ 11133610.378012107685208, 92914.574079927187995 ], [ 11133312.743089573457837, 93236.39959574729437 ], [ 11133097.33987489156425, 93482.108031487150583 ], [ 11133012.291783923283219, 93519.303869748458965 ], [ 11132675.839754950255156, 93639.575259596720571 ], [ 11132400.44646667689085, 93702.14356035986566 ], [ 11132299.14573005400598, 93731.479412665546988 ], [ 11132201.017598919570446, 93753.65665033555706 ], [ 11132113.208784583956003, 93746.364436016781838 ], [ 11131954.456058762967587, 93672.607313342625275 ], [ 11131869.040613476186991, 93653.391497477394296 ], [ 11131745.46484674885869, 93651.910788642446278 ], [ 11131621.254558918997645, 93659.715126243027044 ], [ 11131402.801190188154578, 93684.508650478062918 ], [ 11131319.812509801238775, 93680.033124220499303 ], [ 11131253.3436418492347, 93695.875596727666561 ], [ 11131098.253327276557684, 93718.776487382041523 ], [ 11131027.019985115155578, 93743.369618263357552 ], [ 11130971.093072941526771, 93767.751220648598974 ], [ 11130935.760266564786434, 93777.826723404214135 ], [ 11130798.124848147854209, 93794.949512049410259 ], [ 11130601.968773420900106, 93856.003726219569216 ], [ 11130367.741432843729854, 93902.417849200413912 ], [ 11130252.737266903743148, 93930.940994645337923 ], [ 11130145.091319307684898, 93978.59090613645094 ], [ 11130000.33145347982645, 94078.733669463457773 ], [ 11129973.870810516178608, 94120.36055700579891 ], [ 11129978.624152775853872, 94149.418108588666655 ], [ 11129973.826282721012831, 94174.913050092494814 ], [ 11129852.131815386936069, 94222.061996095784707 ], [ 11129834.098057877272367, 94238.46114664428751 ], [ 11129808.605894485488534, 94298.836300299153663 ], [ 11129794.635298391804099, 94313.042220033865306 ], [ 11129782.156383473426104, 94320.557107230037218 ], [ 11129735.758419711142778, 94330.131630365984165 ], [ 11129704.143684325739741, 94353.912074795298395 ], [ 11129665.760723900049925, 94395.4387903566967 ], [ 11129646.636035380885005, 94403.098410178776248 ], [ 11129589.918754821643233, 94407.618476591131184 ], [ 11129531.320174869149923, 94433.169099197853939 ], [ 11129508.521943153813481, 94438.780216522252886 ], [ 11129470.406149506568909, 94441.385378161998233 ], [ 11129454.799156898632646, 94449.44579290781985 ], [ 11129443.678339766338468, 94464.742768268362852 ], [ 11129425.655714206397533, 94536.462655626310152 ], [ 11129405.172927903011441, 94573.758783083147136 ], [ 11129375.873637923970819, 94598.763890048430767 ], [ 11129357.160831522196531, 94602.994496001119842 ], [ 11129290.124234167858958, 94606.50144570399425 ], [ 11129191.361581936478615, 94586.517399367323378 ], [ 11129108.985158747062087, 94539.201415920615545 ], [ 11129050.097148116677999, 94481.642920717640663 ], [ 11128990.986498508602381, 94468.171784653692157 ], [ 11128896.698889805004001, 94503.686598822241649 ], [ 11128731.946043433621526, 94574.827567678832565 ], [ 11128331.863793520256877, 94705.197041930921841 ], [ 11128255.398435292765498, 94744.486022755590966 ], [ 11128090.011067824438214, 94890.408602174094995 ], [ 11128034.930183777585626, 94962.473689275342622 ], [ 11127971.500337924808264, 95072.692214549722848 ], [ 11127952.364517455920577, 95116.991163158600102 ], [ 11127790.07183182798326, 95332.997311085826368 ], [ 11127635.894337080419064, 95644.058825427797274 ], [ 11127551.959441022947431, 95794.579725729912752 ], [ 11127494.184625301510096, 95989.522184044122696 ], [ 11127490.845040576532483, 96110.651523684689892 ], [ 11127541.384089397266507, 96241.912124799506273 ], [ 11127564.872501956298947, 96581.809358634855016 ], [ 11127476.596145756542683, 96712.068115712769213 ], [ 11127329.320459436625242, 96975.591724582860479 ], [ 11127137.516976799815893, 97201.151142723858356 ], [ 11126881.148189503699541, 97450.981163344084052 ], [ 11126737.10076841711998, 97655.498987575047067 ], [ 11126615.873842941597104, 97914.681219381818664 ], [ 11126498.097821682691574, 97992.057389490990317 ], [ 11126101.355156494304538, 98095.485414936745656 ], [ 11125673.665672868490219, 98321.936101111248718 ], [ 11125119.628567188978195, 98301.116883398412028 ], [ 11124724.667013855651021, 98369.0298434390279 ], [ 11124099.94203152321279, 98423.694217735959683 ], [ 11123951.909372664988041, 98410.890952232119162 ], [ 11123834.166747255250812, 98416.401922987322905 ], [ 11123702.742956424131989, 98407.228105043526739 ], [ 11123596.544162206351757, 98388.713470662813052 ], [ 11123502.367872996255755, 98386.386616490810411 ], [ 11123450.492990285158157, 98379.817985166795552 ], [ 11123303.428811, 98373.449752864151378 ], [ 11123236.069387121126056, 98376.066072067551431 ], [ 11122957.202930733561516, 98400.2364089803159 ], [ 11122873.323694420978427, 98389.259001068669022 ], [ 11122779.236460803076625, 98388.045474248458049 ], [ 11122638.139006221666932, 98415.054796795942821 ], [ 11122562.297037145122886, 98436.853748432331486 ], [ 11122458.747646808624268, 98483.157041244325228 ], [ 11122359.172362294048071, 98511.558029617212014 ], [ 11122269.504512459039688, 98525.374426470283652 ], [ 11122205.506937202066183, 98567.747681910172105 ], [ 11122059.700668161734939, 98734.212494229155709 ], [ 11121998.920226190239191, 98760.576108980472782 ], [ 11121819.829429399222136, 98782.909476512970286 ], [ 11121747.059878269210458, 98800.043601278361166 ], [ 11121688.617145603522658, 98819.493450072928681 ], [ 11121601.086629990488291, 98859.350613038084703 ], [ 11121522.183374917134643, 98870.739965063738055 ], [ 11121371.790742855519056, 98942.204537902856828 ], [ 11121203.609256166964769, 99013.635723291154136 ], [ 11121135.292484667152166, 99050.921114735887386 ], [ 11121098.111774740740657, 99080.446604778640904 ], [ 11121020.600013302639127, 99128.965495365147945 ], [ 11120894.942572094500065, 99166.618296005166485 ], [ 11120880.793864814564586, 99175.703064506727969 ], [ 11120872.166604278609157, 99217.174589940274018 ], [ 11120875.083174934610724, 99248.692952074881759 ], [ 11120892.482411345466971, 99299.817054339961032 ], [ 11120906.408479645848274, 99323.931779007427394 ], [ 11120906.408479645848274, 99427.026139628185774 ], [ 11120813.011426869779825, 99548.935811247472884 ], [ 11120662.730114297941327, 99654.702222477135365 ], [ 11120544.954093039035797, 99711.927429027229664 ], [ 11120395.029002839699388, 99726.066732271050569 ], [ 11120366.130463030189276, 99732.245719275582815 ], [ 11120309.056960100308061, 99735.218313057077467 ], [ 11120252.595714369788766, 99724.441269038565224 ], [ 11120193.852419078350067, 99687.322815889114281 ], [ 11120155.636437889188528, 99670.689652915752959 ], [ 11120023.244167488068342, 99696.518929042227683 ], [ 11119838.587396159768105, 99758.375598688173341 ], [ 11119760.006967609748244, 99767.282247357885353 ], [ 11119732.566713128238916, 99778.393291846150532 ], [ 11119695.074308630079031, 99817.092683630107786 ], [ 11119557.539077755063772, 99905.201726849118131 ], [ 11119546.562975961714983, 99931.331617351330351 ], [ 11119539.828146768733859, 99975.208015870113741 ], [ 11119528.48469065874815, 100016.256556397638633 ], [ 11119492.695474367588758, 100066.022489850511192 ], [ 11119440.87625140324235, 100100.301980888121761 ], [ 11119348.84842836484313, 100128.691948047911865 ], [ 11119211.368857236579061, 100207.193000902392669 ], [ 11119068.968964613974094, 100228.891848000654136 ], [ 11118930.866004334762692, 100276.987808762161876 ], [ 11118835.476332673802972, 100331.418637899769237 ], [ 11118702.260298041626811, 100386.305940787875443 ], [ 11118629.980552669614553, 100421.932591671109549 ], [ 11118624.948911683633924, 100459.240378501097439 ], [ 11118644.129259949550033, 100598.618559713780996 ], [ 11118640.533640395849943, 100626.084495008326485 ], [ 11118632.195810534060001, 100646.380564323073486 ], [ 11118615.163928443565965, 100667.055168068240164 ], [ 11118579.152073170989752, 100682.931304995421669 ], [ 11118500.905603094026446, 100698.562509143259376 ], [ 11117983.05846387334168, 100902.514152054180158 ], [ 11117915.95507482253015, 100892.037677247019019 ], [ 11117683.430922452360392, 100939.376649528116104 ], [ 11117533.850922675803304, 100940.06691680381482 ], [ 11117409.306676374748349, 100917.989497910311911 ], [ 11117302.718263940885663, 100889.031674961530371 ], [ 11117206.393508557230234, 100850.0204473331396 ], [ 11117120.065243447199464, 100829.991567947377916 ], [ 11117052.082430420443416, 100798.974083545443136 ], [ 11116967.268110385164618, 100746.825525766791543 ], [ 11116896.847400508821011, 100671.074302252411144 ], [ 11116840.475210370495915, 100585.369892768023419 ], [ 11116806.233335001394153, 100543.35269475314999 ], [ 11116692.130856938660145, 100427.710789406453841 ], [ 11116631.495130306109786, 100358.617355217487784 ], [ 11116544.220649521797895, 100244.356034762691706 ], [ 11116486.067347532138228, 100152.895788283189177 ], [ 11116450.133415903896093, 100108.651971023384249 ], [ 11116424.85275954566896, 100089.502660567624844 ], [ 11116324.086356477811933, 100035.617396451169043 ], [ 11116271.543556824326515, 99995.325919538488961 ], [ 11116190.180141003802419, 99915.589109621709213 ], [ 11116144.383302491158247, 99864.164330833504209 ], [ 11116116.976443856954575, 99851.47235352138523 ], [ 11115951.09927062690258, 99803.543442763038911 ], [ 11115862.822914427146316, 99771.924838054153952 ], [ 11115791.979190487414598, 99760.179195028074901 ], [ 11115686.715479992330074, 99751.68447900294268 ], [ 11115618.732666965574026, 99740.784968136824318 ], [ 11115554.434529082849622, 99714.154090922878822 ], [ 11115498.607804449275136, 99670.544919907610165 ], [ 11115438.016605611890554, 99635.419333672412904 ], [ 11115367.395520653575659, 99605.593204341290402 ], [ 11115295.1714350245893, 99550.015741834315122 ], [ 11115236.684174561873078, 99522.661212282371707 ], [ 11115195.173136444762349, 99510.459110964395222 ], [ 11115050.001388503238559, 99521.759414636020665 ], [ 11114859.912226025015116, 99520.401151518090046 ], [ 11114737.995119705796242, 99504.970392150891712 ], [ 11114646.468234376981854, 99486.099442634091247 ], [ 11114562.755977300927043, 99451.641870394290891 ], [ 11114475.904510583728552, 99434.340718900624779 ], [ 11114377.60940021276474, 99400.28394985444902 ], [ 11114311.96429649181664, 99384.953394723008387 ], [ 11114207.635669721290469, 99340.208662295524846 ], [ 11114145.430338265374303, 99326.659437242487911 ], [ 11114085.729695353657007, 99326.214105284481775 ], [ 11113982.781430266797543, 99297.879860453205765 ], [ 11113764.038630858063698, 99136.335735786167788 ], [ 11113565.444659283384681, 98887.28402927154093 ], [ 11113303.064619483426213, 98459.766028766505769 ], [ 11113120.945932546630502, 98020.558543553241179 ], [ 11113104.804606381803751, 97907.889930319244741 ], [ 11113117.495028330013156, 97748.461668130519683 ], [ 11113457.687392195686698, 96851.678828338568565 ], [ 11113735.418389776721597, 96206.55303095713316 ], [ 11113769.214987181127071, 96038.419244185788557 ], [ 11113802.744417808949947, 95803.530822368396912 ], [ 11113826.566788839176297, 95731.910921338698245 ], [ 11113898.000506078824401, 95551.252474395048921 ], [ 11113943.96432382799685, 95478.864425289066276 ], [ 11114011.323747705668211, 95385.790913594624726 ], [ 11114037.528355840593576, 95308.593353635078529 ], [ 11114041.636045049875975, 95192.34057912332355 ], [ 11114051.988757692277431, 95139.803063842176925 ], [ 11114085.262153493240476, 95100.836909188801656 ], [ 11114174.740760190412402, 95020.288312176708132 ], [ 11114234.385743357241154, 94974.475260651161079 ], [ 11114256.404738638550043, 94902.365638806208153 ], [ 11114266.724055433645844, 94821.90614454333263 ], [ 11114261.158080894500017, 94792.60361765701964 ], [ 11114262.894664950668812, 94660.219012187648332 ], [ 11114271.989467348903418, 94560.020447996095754 ], [ 11114287.585328008979559, 94454.945578746366664 ], [ 11114281.284644830971956, 94371.268682769921725 ], [ 11114251.172722570598125, 94279.987851091034827 ], [ 11114239.617759425193071, 94225.51327687909361 ], [ 11114242.93508025072515, 94131.337854040844832 ], [ 11114248.545582588762045, 94080.503841919795377 ], [ 11114265.733311966061592, 94042.194639624896809 ], [ 11114286.806091573089361, 94016.933502275191131 ], [ 11114304.95116857253015, 93972.623533755933749 ], [ 11114333.649333300068974, 93874.362298135602032 ], [ 11114354.365890534594655, 93016.854159889830044 ], [ 11114320.190806861966848, 92717.038993644280708 ], [ 11114272.546064803376794, 92515.974797175964341 ], [ 11114215.071811705827713, 92329.060882154313731 ], [ 11114139.37455796636641, 92253.144174413915607 ], [ 11114061.139219837263227, 92152.088914418971399 ], [ 11114033.487458324059844, 92126.839019423481659 ], [ 11113995.293741034343839, 92102.234846235558507 ], [ 11113952.424605127424002, 92058.225665666090208 ], [ 11113950.042368024587631, 91952.360948466463014 ], [ 11113943.496781967580318, 91917.280532991717337 ], [ 11113944.687900517135859, 91895.470780691408436 ], [ 11113961.864497946575284, 91860.991557322224253 ], [ 11114021.208918487653136, 91780.38789417562657 ], [ 11114017.546507241204381, 91761.806747941154754 ], [ 11114003.342140218243003, 91734.708780532571836 ], [ 11113969.31177188269794, 91647.814939756615786 ], [ 11113969.31177188269794, 91418.918497575170477 ], [ 11114006.269842825829983, 91307.921578476030845 ], [ 11114188.533245101571083, 91100.178171272636973 ], [ 11114230.567484823986888, 91058.818763856615988 ], [ 11114230.344845842570066, 91037.732704052774352 ], [ 11114234.062916833907366, 91027.000412116540247 ], [ 11114270.876272439956665, 91006.326277857879177 ], [ 11114455.221349192783237, 90939.416458404433797 ], [ 11114588.582099163904786, 90790.789856975112343 ], [ 11114673.518870640546083, 90645.948549753855332 ], [ 11114710.031663618981838, 90445.330613409241778 ], [ 11114706.580759404227138, 90389.665275128892972 ], [ 11114691.329989166930318, 90326.540789848804707 ], [ 11114702.350618755444884, 90252.283249706364586 ], [ 11114753.334945539012551, 90113.119976528148982 ], [ 11114784.860625332221389, 89863.617034666007385 ], [ 11114796.526907967403531, 89840.660677913605468 ], [ 11114809.406573051586747, 89827.902198863768717 ], [ 11114841.043572334572673, 89825.564257715610438 ], [ 11114888.131716940551996, 89832.232956546315108 ], [ 11114899.575360592454672, 89827.223082624244853 ], [ 11114903.538334466516972, 89818.472502973279916 ], [ 11114911.007872298359871, 89769.765399226249428 ], [ 11114895.734838161617517, 89731.668097955567646 ], [ 11114853.912105469033122, 89659.158544211022672 ], [ 11114816.842715036123991, 89573.912796243355842 ], [ 11114785.350431090220809, 89462.404212369277957 ], [ 11114757.754329323768616, 89407.774368010490434 ], [ 11114725.505072839558125, 89213.124289087354555 ], [ 11114675.96789943613112, 88995.696107668540208 ], [ 11114652.368167389184237, 88803.873993548637372 ], [ 11114682.758388375863433, 88709.688585614378098 ], [ 11114783.613847034052014, 88558.168129506477271 ], [ 11114803.128153771162033, 88536.981988893225207 ], [ 11114864.465193197131157, 88502.558687362718047 ], [ 11114936.377584250643849, 88448.897530350659508 ], [ 11115029.429546602070332, 88347.809724599428591 ], [ 11115175.113364206627011, 88224.834434875781881 ], [ 11115200.449680307880044, 88199.384365434438223 ], [ 11115221.578119661659002, 88176.060702853195835 ], [ 11115253.281910639256239, 88120.896627310794429 ], [ 11115267.052131652832031, 88068.449012862271047 ], [ 11115265.76082555949688, 88049.868019063884276 ], [ 11115254.372841650620103, 88022.313820528783253 ], [ 11115180.100477391853929, 87889.229847974478616 ], [ 11115144.923518303781748, 87835.802555387825123 ], [ 11115105.516418561339378, 87796.469651489882381 ], [ 11115014.323491701856256, 87723.715477731253486 ], [ 11114860.613538816571236, 87621.792855644394876 ], [ 11114840.743009708821774, 87591.967550803237827 ], [ 11114830.646331893280149, 87567.708746971606161 ], [ 11114813.369546923786402, 87484.445060479309177 ], [ 11114783.40234, 87426.753877432725858 ], [ 11114681.723117111250758, 87340.829430877012783 ], [ 11114657.845086336135864, 87312.173108225280885 ], [ 11114630.204456772655249, 87267.084492236201186 ], [ 11114600.070270612835884, 87231.358725281257648 ], [ 11114550.677812550216913, 87136.58358924309141 ], [ 11114520.354383256286383, 87067.982122535904637 ], [ 11114507.007176311686635, 87029.829379993563634 ], [ 11114503.166653878986835, 86988.258814336950309 ], [ 11114506.951516564935446, 86815.430396177587681 ], [ 11114528.870324302464724, 86679.852981614836608 ], [ 11114548.70745756290853, 86630.110842623471399 ], [ 11114591.643385162577033, 86550.543470548189362 ], [ 11114611.480518419295549, 86490.848467629155493 ], [ 11114637.874369688332081, 86467.658486255910248 ], [ 11114694.012788895517588, 86374.83177437048289 ], [ 11114707.259808298200369, 86321.772042981596314 ], [ 11114704.020411117002368, 86271.996542948429123 ], [ 11114694.558254398405552, 86213.381473040775745 ], [ 11114692.899593986570835, 86096.318349512235727 ], [ 11114711.501080898568034, 85976.906200317171169 ], [ 11114817.087617915123701, 85868.215119617656455 ], [ 11114851.418548876419663, 85812.516934389510425 ], [ 11114917.442138867452741, 85719.701484154487844 ], [ 11114965.086880926042795, 85560.511395315232221 ], [ 11114996.81293580122292, 85486.243486939987633 ], [ 11115039.080946456640959, 85419.935647493126453 ], [ 11115093.059767540544271, 85223.750888443741133 ], [ 11115079.089171446859837, 85027.176557181534008 ], [ 11115047.552359703928232, 84947.509257625730243 ], [ 11114950.047617718577385, 84907.575416398976813 ], [ 11114934.273645874112844, 84875.712956117989961 ], [ 11114926.436753721907735, 84811.999174842523644 ], [ 11114868.550618510693312, 84721.688828741331236 ], [ 11114744.807872543111444, 84580.879536007152637 ], [ 11114523.460197050124407, 84487.719204336637631 ], [ 11114449.666506605222821, 84469.049288219946902 ], [ 11114373.245676174759865, 84442.419331600351143 ], [ 11114294.175441863015294, 84426.399053222688963 ], [ 11114230.723332110792398, 84419.741564519150415 ], [ 11114178.180532455444336, 84420.94392033170152 ], [ 11114030.882582237944007, 84456.213025501710945 ], [ 11113901.963479951024055, 84459.007389689635602 ], [ 11113666.411437433212996, 84411.803789646670339 ], [ 11113548.96937464736402, 84289.118982849555323 ], [ 11113423.289669539779425, 84114.554810586385429 ], [ 11113415.608624676242471, 83995.766599293798208 ], [ 11113395.793755313381553, 83801.274623629098642 ], [ 11113427.519810190424323, 83664.673837856666069 ], [ 11113390.450419757515192, 83405.499836286457139 ], [ 11113272.674398496747017, 83085.763027478838922 ], [ 11113148.441846771165729, 82935.357657986911363 ], [ 11112905.876676332205534, 82735.744977523907437 ], [ 11112705.612912397831678, 82534.017130679465481 ], [ 11112643.385317042469978, 82341.97496908478206 ], [ 11112624.961941316723824, 82164.038231724713114 ], [ 11112590.664406202733517, 82119.584672778713866 ], [ 11112561.209268936887383, 82057.975364270067075 ], [ 11112506.46234336681664, 81985.723040770899388 ], [ 11112468.168438533321023, 81945.767176407927764 ], [ 11112464.294520253315568, 81935.246616390286363 ], [ 11112461.678512219339609, 81921.976238357921829 ], [ 11112469.604459965601563, 81903.406616001855582 ], [ 11112503.935390926897526, 81851.694451887713512 ], [ 11112544.878699641674757, 81777.427109995260253 ], [ 11112707.405156197026372, 81432.586764142833999 ], [ 11112731.227527227252722, 81351.673170452515478 ], [ 11112765.725437425076962, 81159.297480152643402 ], [ 11112775.031746855005622, 81086.321651681195362 ], [ 11112785.740681869909167, 80937.709276515364763 ], [ 11112785.807473562657833, 80884.627872472410672 ], [ 11112770.957453493028879, 80724.971778834878933 ], [ 11112771.001981288194656, 80685.160742100561038 ], [ 11112790.805718699470162, 80659.967126238712808 ], [ 11112815.908263875171542, 80609.568765451782383 ], [ 11112835.745397131890059, 80552.535238870797912 ], [ 11112872.747995872050524, 80472.957727086803061 ], [ 11112909.761726561933756, 80376.124336384513299 ], [ 11112922.997614016756415, 80332.350038920194493 ], [ 11112928.307553727179766, 80296.524586689964053 ], [ 11112932.559958277270198, 80033.778704405805911 ], [ 11112926.125691708177328, 79897.089891451410949 ], [ 11112931.992228873074055, 79750.11439006740693 ], [ 11112947.398846400901675, 79732.569067176227691 ], [ 11113008.079100830480456, 79686.189745738171041 ], [ 11113035.797654036432505, 79651.722542713076109 ], [ 11113058.228531433269382, 79637.149685286189197 ], [ 11113091.190232656896114, 79623.912766257184558 ], [ 11113129.450741643086076, 79597.416663596042781 ], [ 11113169.013688672333956, 79584.190878411885933 ], [ 11113242.896434709429741, 79540.516844413505169 ], [ 11113632.79295121319592, 79131.263606065476779 ], [ 11113643.25698334723711, 78915.175890243190224 ], [ 11113628.785449545830488, 78630.844226962057292 ], [ 11113491.417197907343507, 78118.290597123355838 ], [ 11113117.495028330013156, 77492.628509076501359 ], [ 11113612.310164907947183, 77059.675234137423104 ], [ 11114478.097504552453756, 76665.597887257070397 ], [ 11115173.677342774346471, 76157.254350325791165 ], [ 11115313.049345245584846, 76101.034002941276412 ], [ 11115657.694488743320107, 76091.45984536211472 ], [ 11116147.945526197552681, 76101.034002941276412 ], [ 11116869.741104500368237, 76256.558423926777323 ], [ 11117137.353160368278623, 76348.403575717340573 ], [ 11117621.592945318669081, 76487.340271791952546 ], [ 11118672.003660444170237, 76585.865114315034589 ], [ 11119084.776332303881645, 76661.56783058810106 ], [ 11119328.454697651788592, 76668.13615500900778 ], [ 11119595.955434028059244, 76457.059193915774813 ], [ 11119841.414911225438118, 76039.135963946115226 ], [ 11120022.309083765372634, 75529.145378716915729 ], [ 11120222.795486684888601, 75419.376675981329754 ], [ 11120394.338821996003389, 75319.738775496458402 ], [ 11120572.672646246850491, 75332.986718746775296 ], [ 11120923.329042246565223, 75528.254760349154822 ], [ 11121093.31390468776226, 75638.246139910203055 ], [ 11121335.211158180609345, 75814.588641543698031 ], [ 11121632.990796053782105, 75866.801173658299376 ], [ 11121873.106937693431973, 75779.965835203169263 ], [ 11122076.82160584628582, 75677.878666801363579 ], [ 11122177.009147560223937, 75508.215847464220133 ], [ 11122203.391866877675056, 75328.978937561143539 ], [ 11122200.36397672817111, 75028.150513466112898 ], [ 11122188.875805279240012, 74993.761544683395186 ], [ 11122182.987004214897752, 74950.622261902200989 ], [ 11122186.771866902709007, 74909.397809844274889 ], [ 11122202.701686035841703, 74860.569715937715955 ], [ 11122217.974720170721412, 74534.770884142722934 ], [ 11122331.631920272484422, 73925.478049371347879 ], [ 11122499.946990352123976, 73281.117934002555558 ], [ 11122575.19896612688899, 72966.842358192065149 ], [ 11122630.524753052741289, 72758.772653654945316 ], [ 11122619.504123462364078, 72424.458571340073831 ], [ 11122593.121404144912958, 72311.573341773255379 ], [ 11122612.71363452449441, 72258.470534517007763 ], [ 11122788.487110488116741, 72013.440664804715198 ], [ 11123132.475468987599015, 71581.783123552027973 ], [ 11123137.540505819022655, 71583.141306872188579 ], [ 11123157.911972634494305, 71436.513190270459745 ], [ 11123161.106842020526528, 71313.864828062083689 ], [ 11123171.158992039039731, 71257.722902523149969 ], [ 11123196.951718056574464, 71201.135676796213374 ], [ 11123275.008945, 71060.207570026119356 ], [ 11123314.349253047257662, 70939.329377957459656 ], [ 11123333.37375402264297, 70904.317233698369819 ], [ 11123353.266547027975321, 70883.176356530093472 ], [ 11123371.856901990249753, 70875.906744919149787 ], [ 11123423.687256902456284, 70870.841395382478368 ], [ 11123442.711757879704237, 70864.451262184607913 ], [ 11123482.508475836366415, 70839.34716816720902 ], [ 11123512.898696824908257, 70804.769202771858545 ], [ 11123536.943706836551428, 70727.709108367867884 ], [ 11123542.409493833780289, 70684.336369800570537 ], [ 11123546.105300929397345, 70573.36629790943698 ], [ 11123556.814235942438245, 70528.446135437799967 ], [ 11123567.52317095734179, 70507.305272080047871 ], [ 11123597.045099915936589, 70476.033717327693012 ], [ 11123619.353525869548321, 70465.023547688193503 ], [ 11123694.794744780287147, 70439.696818525742856 ], [ 11123735.470886718481779, 70417.888000765480683 ], [ 11123750.120531706139445, 70399.608226635900792 ], [ 11123753.17068575322628, 70358.439772765908856 ], [ 11123747.048113759607077, 70325.420403824653476 ], [ 11123736.105407815426588, 70308.899587435400463 ], [ 11123677.2173971850425, 70239.465406729010283 ], [ 11123641.194409964606166, 70216.96637384967471 ], [ 11123562.268890993669629, 70197.038977818301646 ], [ 11123456.070096775889397, 70216.96637384967471 ], [ 11123416.996955506503582, 70216.96637384967471 ], [ 11123370.354088865220547, 70223.64594809175469 ], [ 11122757.095014084130526, 70031.274240720944363 ], [ 11122069.919797416776419, 70052.871524134578067 ], [ 11121878.450273253023624, 70002.106776766595431 ], [ 11121815.777399934828281, 69959.023540702779428 ], [ 11121794.404057703912258, 69881.651845706204767 ], [ 11121820.341499058529735, 69752.736152273471816 ], [ 11121846.612898886203766, 69646.531016917288071 ], [ 11121925.649737348780036, 69553.57370779455232 ], [ 11122542.804994307458401, 69226.386362285731593 ], [ 11122998.658309105783701, 68915.341467115431442 ], [ 11123372.246520208194852, 68580.027683503052685 ], [ 11123364.342836361378431, 68546.963884444077848 ], [ 11123372.135200716555119, 68478.053144176257774 ], [ 11123322.041429860517383, 68226.233996442664647 ], [ 11123144.06382797844708, 67706.965882286778651 ], [ 11123100.181684708222747, 67504.954186568545992 ], [ 11123100.181684708222747, 67445.172274840268074 ], [ 11123146.045314917340875, 67392.069911290935124 ], [ 11123089.383694102987647, 67357.224966678593773 ], [ 11123267.828837843611836, 67289.872922885653679 ], [ 11123508.056298974901438, 67315.923133974851226 ], [ 11123672.987256536260247, 67292.555871924603707 ], [ 11123754.350672354921699, 67258.512477947995649 ], [ 11123861.273043263703585, 67228.643798676042934 ], [ 11124002.214650556445122, 67173.615520149818622 ], [ 11124064.520169552415609, 67111.373344253777759 ], [ 11124094.153418002650142, 67072.999392812911537 ], [ 11124121.103866722434759, 67025.274090187071124 ], [ 11124155.713096411898732, 66642.069101899702218 ], [ 11124286.2908591106534, 66495.89864951375057 ], [ 11124713.3124257940799, 66329.021686775726266 ], [ 11124961.88884873688221, 66167.377067028588499 ], [ 11125252.32140021584928, 66067.740769560114131 ], [ 11125393.585834031924605, 65927.0254003690643 ], [ 11126012.076924879103899, 65184.819152520576608 ], [ 11126255.421331753954291, 64923.650042826964636 ], [ 11126302.398156868293881, 64698.995712472111336 ], [ 11126422.623206926509738, 64610.158194681192981 ], [ 11126568.785698335617781, 64584.10809785668971 ], [ 11126647.154619853943586, 64495.270596271948307 ], [ 11126673.982617136090994, 64349.879925175970129 ], [ 11126934.470225593075156, 63915.489313485195453 ], [ 11127125.271832810714841, 63638.735224070762342 ], [ 11127263.530640378594398, 63534.201027614552004 ], [ 11127454.332247596234083, 63310.771763937911601 ], [ 11127467.2453085295856, 63142.448423793372058 ], [ 11127467.2453085295856, 62793.778787537121389 ], [ 11127488.763366099447012, 62739.385450628375111 ], [ 11127534.949822828173637, 62682.030876824253937 ], [ 11127549.599467817693949, 62510.824387050604855 ], [ 11127545.66988979279995, 62481.623882890409732 ], [ 11127553.640365334227681, 62417.923816978516697 ], [ 11127566.853988889604807, 62379.438827360812866 ], [ 11127565.551550848409534, 62363.519379036370083 ], [ 11127618.918114734813571, 62249.288999336800771 ], [ 11127738.864866064861417, 62066.382390627724817 ], [ 11127879.795341407880187, 61925.33393295697897 ], [ 11128002.358100771903992, 61836.385473646972969 ], [ 11128010.373104110360146, 61716.377433707850287 ], [ 11127992.228027109056711, 61114.333718066642177 ], [ 11127994.231777945533395, 60772.010657683480531 ], [ 11127893.710277758538723, 60477.223330067077768 ], [ 11127572.998824782669544, 60128.555101726837165 ], [ 11127285.571899553760886, 59522.950431722871144 ], [ 11127179.373105337843299, 59204.451573696853302 ], [ 11127078.740285661071539, 59017.872094591170026 ], [ 11126897.846113121137023, 58733.883974766104075 ], [ 11126699.363461038097739, 58535.392935484633199 ], [ 11126558.432985693216324, 58493.646369666173996 ], [ 11126417.502510348334908, 58416.721370946244861 ], [ 11126412.159174790605903, 58310.740778810228221 ], [ 11126459.135999904945493, 58195.854272746211791 ], [ 11126533.163461282849312, 58089.539741804961523 ], [ 11126850.535329533740878, 57824.588415488637111 ], [ 11127053.693400232121348, 57664.615751258235832 ], [ 11127363.71818209066987, 57474.362991813970439 ], [ 11127462.013292461633682, 57428.052204984152922 ], [ 11127516.682294389232993, 57309.915182671968068 ], [ 11127587.359039096161723, 57234.793761825960246 ], [ 11127576.260485863313079, 57153.872370570446947 ], [ 11127518.285295058041811, 57156.833587917353725 ], [ 11127459.363888580352068, 57169.869623827835312 ], [ 11127416.383433185517788, 57168.711854616893106 ], [ 11127393.039735965430737, 57161.041633642016677 ], [ 11127351.673413187265396, 57124.983803490358696 ], [ 11127331.346474168822169, 57112.192681099739275 ], [ 11127219.49264981970191, 57054.293095152570459 ], [ 11127187.143205793574452, 57027.541951762716053 ], [ 11127161.951605029404163, 56994.979699926443573 ], [ 11127134.544746395200491, 56914.748544218069583 ], [ 11127124.047318413853645, 56897.715984223781561 ], [ 11127107.304866997525096, 56882.731784721152508 ], [ 11127069.066621910780668, 56869.795945581347041 ], [ 11127057.222228089347482, 56859.40942430706491 ], [ 11127062.799334580078721, 56808.478735353106458 ], [ 11127058.736173164099455, 56800.140574818105961 ], [ 11127046.891779346391559, 56791.112206177422195 ], [ 11127018.638892581686378, 56796.400091619019804 ], [ 11126944.544639509171247, 56840.350770442484645 ], [ 11126911.393695151433349, 56853.809831442566065 ], [ 11126876.372583346441388, 56858.240523208492959 ], [ 11126825.109957836568356, 56842.744234538971796 ], [ 11126803.792275350540876, 56841.219096950975654 ], [ 11126783.320620991289616, 56847.86513449321501 ], [ 11126754.39981728605926, 56877.844664743250178 ], [ 11126709.582590291276574, 56956.194441899824596 ], [ 11126674.561478488147259, 56998.953964429922053 ], [ 11126610.118625266477466, 57049.372576817462686 ], [ 11126563.420098880305886, 57059.937219167026342 ], [ 11126545.152570441365242, 57061.306503697975131 ], [ 11126516.899683678522706, 57055.183686710071925 ], [ 11126499.979121075943112, 57045.476238793373341 ], [ 11126464.445939615368843, 57007.837614576557826 ], [ 11126437.55115064047277, 56988.767824360285886 ], [ 11126421.142657697200775, 56982.978979795290797 ], [ 11126346.870293440297246, 56975.498011503907037 ], [ 11126322.335477668792009, 56962.384052396562765 ], [ 11126283.763274110853672, 56930.879380822174426 ], [ 11126270.393803266808391, 56924.244474900908244 ], [ 11126221.335303671658039, 56920.337005167377356 ], [ 11126122.53925559297204, 56940.787210248810879 ], [ 11126029.487293239682913, 56945.563006729389599 ], [ 11126005.631526362150908, 56944.037868922088819 ], [ 11125938.294366382062435, 56922.073658379646076 ], [ 11125914.783689925447106, 56909.304804411061923 ], [ 11125889.736804496496916, 56885.470353106065886 ], [ 11125856.407748954370618, 56819.221492393771769 ], [ 11125842.526208452880383, 56806.964730228726694 ], [ 11125823.579631119966507, 56801.509858851255558 ], [ 11125764.034835493192077, 56801.354005383916956 ], [ 11125728.668633269146085, 56790.110291045508347 ], [ 11125631.553509499877691, 56701.730249532141897 ], [ 11125611.92788327485323, 56682.660467472538585 ], [ 11125586.201948951929808, 56644.342786663888546 ], [ 11125576.550549099221826, 56571.113941576848447 ], [ 11125565.886141881346703, 56551.866044797890936 ], [ 11125553.373831115663052, 56539.94325879234384 ], [ 11125535.440261149778962, 56531.605101376437233 ], [ 11125477.910348307341337, 56518.502282775210915 ], [ 11125441.531138716265559, 56494.489726280546165 ], [ 11125413.278251953423023, 56460.769730588901439 ], [ 11125345.250911129638553, 56358.763691819222004 ], [ 11125302.615546157583594, 56315.503250178000599 ], [ 11125279.271848937496543, 56296.088374483471853 ], [ 11125240.354554954916239, 56271.908839657451608 ], [ 11125128.689973739907146, 56220.833471329264285 ], [ 11125070.14705353230238, 56177.751156035148597 ], [ 11125030.272411931306124, 56127.332604776522203 ], [ 11124999.158614253625274, 56059.469618820032338 ], [ 11124984.219538589939475, 56037.115802001135307 ], [ 11124955.165151489898562, 56008.628045409219339 ], [ 11124894.006223250180483, 55962.851707340385474 ], [ 11124842.999632569029927, 55913.179040255316067 ], [ 11124808.91360448859632, 55867.903665120102232 ], [ 11124746.006960241124034, 55769.137230774533236 ], [ 11124729.420356111600995, 55751.937712184735574 ], [ 11124698.30655843578279, 55736.652962347732682 ], [ 11124667.526719231158495, 55730.674877465804457 ], [ 11124608.527389109134674, 55727.769327848123794 ], [ 11124542.915681237354875, 55732.400395443473826 ], [ 11124503.987255306914449, 55730.207317756445264 ], [ 11124461.786036346107721, 55717.438484856720606 ], [ 11124429.41432842426002, 55702.253927104480681 ], [ 11124397.042620502412319, 55674.512052612815751 ], [ 11124369.546706276014447, 55634.368716027580376 ], [ 11124358.437021095305681, 55598.188506073878671 ], [ 11124357.557597117498517, 55525.16014927746437 ], [ 11124348.407134972512722, 55509.162932457547868 ], [ 11124340.347603840753436, 55503.017863876339106 ], [ 11124317.03730246797204, 55504.776778428742546 ], [ 11124304.625179244205356, 55510.265037154174934 ], [ 11124281.314877873286605, 55532.62997019469185 ], [ 11124259.540785472840071, 55535.702504603024863 ], [ 11124238.189707139506936, 55528.032300977305567 ], [ 11124227.080021956935525, 55517.723725548763468 ], [ 11124214.011113738641143, 55491.852096278234967 ], [ 11124207.899673694744706, 55460.937504323905159 ], [ 11124200.719566538929939, 55449.092662811272021 ], [ 11124188.084804333746433, 55441.856622507621069 ], [ 11124173.26818010956049, 55437.036306468020484 ], [ 11124146.696217656135559, 55437.704248642519815 ], [ 11124098.339030856266618, 55449.771737366507296 ], [ 11124082.876753583550453, 55450.205899787382805 ], [ 11124023.198374571278691, 55444.071964069938986 ], [ 11123997.04942618124187, 55435.522304208068817 ], [ 11123954.135762482881546, 55410.975429767546302 ], [ 11123841.513833645731211, 55317.140695987458457 ], [ 11123796.206800892949104, 55288.196540399010701 ], [ 11123765.70526041649282, 55257.938766658800887 ], [ 11123694.026640294119716, 55142.162160439314903 ], [ 11123673.554985938593745, 55101.606955463357735 ], [ 11123642.385528516024351, 55002.929683154114173 ], [ 11123625.398174220696092, 54967.406313641287852 ], [ 11123563.52680123783648, 54887.59841135359602 ], [ 11123502.523720283061266, 54817.876435958845832 ], [ 11123460.478348610922694, 54777.08746919814439 ], [ 11123449.368663428351283, 54773.369261095031106 ], [ 11123426.715147053822875, 54773.369261095031106 ], [ 11123370.9552141148597, 54791.136507168936078 ], [ 11123354.190498800948262, 54787.629813831190404 ], [ 11123337.626158570870757, 54764.173932153527858 ], [ 11123322.152749350294471, 54674.046355717589904 ], [ 11123297.528877986595035, 54628.00292414391879 ], [ 11123285.116754764690995, 54610.680976252217079 ], [ 11123173.363117955625057, 54501.494825542773469 ], [ 11123146.56851652264595, 54477.371011569695838 ], [ 11123116.066976044327021, 54462.030626347543148 ], [ 11123081.001336444169283, 54461.807979249380878 ], [ 11123040.703680777922273, 54471.905025217092771 ], [ 11123027.200626544654369, 54471.248216269072145 ], [ 11123017.838657369837165, 54466.205259450092854 ], [ 11123006.506333205848932, 54445.599270682512724 ], [ 11122992.992147024720907, 54376.523013182835712 ], [ 11122985.144122922793031, 54357.230644580944499 ], [ 11122970.338630648329854, 54342.535938304950832 ], [ 11122954.219568381085992, 54335.745202926365891 ], [ 11122885.60223425552249, 54328.520305845304392 ], [ 11122869.260533006861806, 54317.332291242564679 ], [ 11122866.421885993331671, 54291.460703885764815 ], [ 11122890.166333379223943, 54244.972001826354244 ], [ 11122892.559702429920435, 54214.491623544206959 ], [ 11122889.5095483828336, 54202.20150788884348 ], [ 11122880.136447256430984, 54188.608907384827035 ], [ 11122854.866922847926617, 54165.809853201688384 ], [ 11122819.266949692741036, 54142.765888006972091 ], [ 11122809.749133231118321, 54067.188366536880494 ], [ 11122802.958644291386008, 53961.31973455347179 ], [ 11122780.026829186826944, 53802.349829267557652 ], [ 11122727.372710041701794, 53681.341247302414558 ], [ 11122659.467820659279823, 53613.211309015277948 ], [ 11122530.003252865746617, 53519.699638971833338 ], [ 11122343.543105786666274, 53416.502845025970601 ], [ 11122306.139756880700588, 53378.652891745245142 ], [ 11122245.804592870175838, 53272.673032555278041 ], [ 11122185.580748351290822, 53091.104631493595662 ], [ 11122113.445718316361308, 52972.545275732612936 ], [ 11122019.492068087682128, 52841.963020567163767 ], [ 11121899.378337521106005, 52695.684203484655882 ], [ 11121746.870635133236647, 52549.29409084971121 ], [ 11121627.758779985830188, 52491.962609418726061 ], [ 11121396.548197608441114, 52441.978466932923766 ], [ 11121136.728506097570062, 52418.823230525689723 ], [ 11120797.204059178009629, 52460.56945051009825 ], [ 11119971.992673927918077, 52491.962609418726061 ], [ 11119839.856438355520368, 52477.045292615694052 ], [ 11119674.213036056607962, 52350.916050814223127 ], [ 11119428.753558855503798, 52115.912725467751443 ], [ 11119050.82388761267066, 51990.896774040622404 ], [ 11118833.305602602660656, 51969.634045198989043 ], [ 11118655.751014787703753, 52011.38024111512641 ], [ 11118379.789997112005949, 52126.711076618768857 ], [ 11118231.735074354335666, 52173.466825595023693 ], [ 11118024.792140970006585, 52144.634113395113673 ], [ 11117811.615316102281213, 52037.429868495622941 ], [ 11117600.664881048724055, 51844.284147632970416 ], [ 11117373.684439320117235, 51772.925999972947466 ], [ 11117207.818398037925363, 51775.486432616155071 ], [ 11116848.479081759229302, 51797.305772001192963 ], [ 11116587.323556357994676, 51744.983887756679906 ], [ 11116456.077876711264253, 51674.293687977260561 ], [ 11116214.080435678362846, 51605.829957233778259 ], [ 11116041.635412488132715, 51626.758706813438039 ], [ 11115824.785044424235821, 51786.841394873554236 ], [ 11115561.848407169803977, 51990.117511716860463 ], [ 11115290.117530144751072, 52246.160888500933652 ], [ 11115174.679218189790845, 52318.40966524972464 ], [ 11114992.783170234411955, 52277.220069054739724 ], [ 11114053.024028956890106, 51365.928638652301743 ], [ 11113835.171785475686193, 51165.658405628826586 ], [ 11113670.641578083857894, 51063.129862288027653 ], [ 11112684.72937592305243, 51145.609120490204077 ], [ 11112095.470783358439803, 51165.213113338199037 ], [ 11111664.21907602623105, 51238.463698502608167 ], [ 11110773.997108150273561, 51509.980744180364127 ], [ 11110632.955313315615058, 51724.166458185369265 ], [ 11110570.28244, 52027.07681135587336 ], [ 11110465.864757634699345, 52246.494858177720744 ], [ 11110087.155849957838655, 52475.375443737684691 ], [ 11109718.910974413156509, 52685.219814284726453 ], [ 11109221.312850566580892, 52939.25960074095201 ], [ 11108324.634352227672935, 53372.084811808563245 ], [ 11108198.954647120088339, 53489.64231890195515 ], [ 11108016.168043237179518, 53573.134877586715447 ], [ 11107718.499724855646491, 53630.689086717698956 ], [ 11107313.742056332528591, 53648.389511680274154 ], [ 11106715.622432300820947, 53573.134877586715447 ], [ 11106065.516606068238616, 53444.111047428865277 ], [ 11105044.160278039053082, 53249.295124420910724 ], [ 11104793.468784773722291, 53233.709852728781698 ], [ 11104443.591625211760402, 53254.527322845970048 ], [ 11104242.882583308964968, 53279.352435010820045 ], [ 11104076.793903045356274, 53195.191968338607694 ], [ 11104008.77769417129457, 53140.532199311011937 ], [ 11103927.291826911270618, 53116.597678460544557 ], [ 11103832.447620755061507, 53165.802601207098633 ], [ 11103764.542731370776892, 53212.781059813598404 ], [ 11103680.941793786361814, 53285.920514149067458 ], [ 11103550.3640310857445, 53311.970184508209059 ], [ 11103445.94634871929884, 53306.849309068260482 ], [ 11103315.368586020544171, 53275.456116904657392 ], [ 11103222.41681120917201, 53248.404537458518462 ], [ 11102996.772203370928764, 53134.409414836183714 ], [ 11102808.642263928428292, 52977.777472267167468 ], [ 11102672.832485161721706, 52758.359218364639673 ], [ 11102542.143402971327305, 52475.375443737684691 ], [ 11102375.164166782051325, 51948.705286484335375 ], [ 11102140.190985612571239, 51547.663621558727755 ], [ 11101899.829941092059016, 51180.909666733561608 ], [ 11101490.842131918296218, 50619.952889909523947 ], [ 11101356.702145511284471, 50449.628723000343598 ], [ 11101095.546620110049844, 50319.04688607348362 ], [ 11100844.743807354941964, 50240.675529455795186 ], [ 11100536.611456839367747, 50245.9077078571936 ], [ 11100315.753587104380131, 50372.704552229297406 ], [ 11100014.300406036898494, 50533.232280163174437 ], [ 11099635.480178866535425, 50867.312626686994918 ], [ 11099053.27924201823771, 51290.5629030052296 ], [ 11098862.47763479873538, 51516.771454594258103 ], [ 11098760.731620213016868, 51896.494715319953684 ], [ 11098640.395250665023923, 52108.120101018568675 ], [ 11098468.295317899435759, 52225.566092042681703 ], [ 11098182.204226560890675, 52289.799594147814787 ], [ 11097647.648031771183014, 52247.496767208918754 ], [ 11097459.295453349128366, 52247.385443983162986 ], [ 11097130.7916360180825, 52197.0673475714284 ], [ 11096806.517959337681532, 52197.846610101703845 ], [ 11096462.095454821363091, 52269.984059137561417 ], [ 11096391.017959950491786, 52302.479310354574409 ], [ 11096110.381523661315441, 52475.364311411853123 ], [ 11095967.558616973459721, 52624.94938818452647 ], [ 11095890.814960021525621, 52723.548423503438244 ], [ 11095777.447190595790744, 52909.257965152821271 ], [ 11095732.730151144787669, 52972.322629072376003 ], [ 11095460.999274119734764, 53310.300333817482169 ], [ 11095356.80423073656857, 53751.252366814027482 ], [ 11094997.242275474593043, 54237.958620300385519 ], [ 11094942.584405494853854, 54397.373911833077727 ], [ 11094865.996595829725266, 54541.426585780260211 ], [ 11094744.43571188300848, 54676.462077423762821 ], [ 11094557.641606332734227, 54861.147921433301235 ], [ 11094478.827406849712133, 54987.166257299562858 ], [ 11094440.533502018079162, 55072.885455620162247 ], [ 11094429.290233446285129, 55142.462734297310817 ], [ 11094431.516623264178634, 55187.548814383262652 ], [ 11094395.560427736490965, 55588.31409216040629 ], [ 11094352.70242378115654, 55714.332552563522768 ], [ 11094303.276569869369268, 55824.654385132787866 ], [ 11094235.705638958141208, 55953.01068562236469 ], [ 11094162.346094526350498, 56062.441964036559511 ], [ 11094096.110997501760721, 56536.013526380011172 ], [ 11094100.675096625462174, 56666.596430789271835 ], [ 11094127.61441339738667, 56817.440309868114127 ], [ 11094197.411734124645591, 56972.737177987626637 ], [ 11094286.022048795595765, 57082.947879072984506 ], [ 11094604.841070428490639, 57209.189248533140926 ], [ 11094683.655269909650087, 57308.156263717210095 ], [ 11094698.794720657169819, 57461.338082711932657 ], [ 11094585.805437501519918, 57654.707911730874912 ], [ 11094520.460896408185363, 57729.295021705373074 ], [ 11094467.584138279780746, 57812.454092432708421 ], [ 11094190.621245184913278, 58402.360554471197247 ], [ 11094129.84080321341753, 58476.61377153210924 ], [ 11094048.800213916227221, 58559.884255265118554 ], [ 11093904.75279282964766, 58719.745800150631112 ], [ 11093749.350783683359623, 58918.682189217332052 ], [ 11093676.21387823112309, 59066.854769174657122 ], [ 11093631.240803949534893, 59119.177175418706611 ], [ 11093580.256477167829871, 59191.760605136973027 ], [ 11093537.732431683689356, 59203.783627977340075 ], [ 11093399.36230462603271, 59158.474644851965422 ], [ 11093199.766457635909319, 59110.159909378118755 ], [ 11093102.918500645086169, 59115.169501608310384 ], [ 11092934.492111073806882, 59183.522608127044805 ], [ 11092906.306016007438302, 59260.614678603131324 ], [ 11093013.629137080162764, 59365.838411009557603 ], [ 11093086.153785331174731, 59489.92050132354052 ], [ 11093133.297589682042599, 59614.01374658729037 ], [ 11093149.628158982843161, 59769.121985576792213 ], [ 11093028.200858423486352, 59979.001868872059276 ], [ 11092846.661032838746905, 60232.420809913943231 ], [ 11092744.581059781834483, 60300.662704050228058 ], [ 11092649.402895152568817, 60353.987125316285528 ], [ 11092582.277242206037045, 60407.422875284340989 ], [ 11092504.13095966912806, 60441.599492590910813 ], [ 11092417.524395830929279, 60499.042931452793709 ], [ 11092369.990973262116313, 60552.4786929390757 ], [ 11092289.284342437982559, 60625.952871923051134 ], [ 11092242.641475794836879, 60651.223538371836185 ], [ 11092156.958863731473684, 60707.097319243919628 ], [ 11091944.828442076221108, 60772.700869856424106 ], [ 11091838.429272776469588, 60788.698207031804486 ], [ 11091687.557966904714704, 60783.922383993703988 ], [ 11091579.566928885877132, 60785.525457457239099 ], [ 11091355.636641204357147, 60718.396759456474683 ], [ 11091271.456842267885804, 60667.243137552017288 ], [ 11091223.812100207433105, 60646.469981218258908 ], [ 11091188.868912048637867, 60612.894505888783897 ], [ 11091130.114484807476401, 60584.128251173286117 ], [ 11091010.0118861887604, 60486.930826106385211 ], [ 11090820.802147690206766, 60367.234737934129953 ], [ 11090709.627372233197093, 60263.324479226052063 ], [ 11090578.593199621886015, 60103.462573974153202 ], [ 11090444.508872961625457, 59961.612995792580477 ], [ 11090320.49896021746099, 59839.679380366535042 ], [ 11090197.41299924813211, 59839.690512805551407 ], [ 11090145.794151363894343, 59803.721603312784282 ], [ 11090038.582349782809615, 59679.82870738812926 ], [ 11089971.078210566192865, 59539.93852597080695 ], [ 11089899.611097477376461, 59468.000740506817237 ], [ 11089847.981117647141218, 59400.059505625926249 ], [ 11089776.514004556462169, 59288.145177492770017 ], [ 11089739.956683780997992, 59240.064213916310109 ], [ 11089712.972839212045074, 59184.235083540246706 ], [ 11089637.531620301306248, 59132.280042456186493 ], [ 11089577.975692728534341, 59072.331923003672273 ], [ 11089490.623288301751018, 59020.376890366067528 ], [ 11089351.66316794604063, 58976.414942731636984 ], [ 11089252.399578005075455, 58928.467590022664808 ], [ 11089026.933081351220608, 58843.42700676916138 ], [ 11088964.04870100133121, 58813.981749003010918 ], [ 11088869.171099, 58761.102744818825158 ], [ 11088763.283999357372522, 58713.155407042664592 ], [ 11088495.41590866073966, 58560.763716309658776 ], [ 11088385.298668369650841, 58517.068975886053522 ], [ 11088227.536686016246676, 58462.720515323700965 ], [ 11088158.718976806849241, 58443.550493991555413 ], [ 11088085.671126948669553, 58436.091775032880832 ], [ 11087996.726853804662824, 58420.116757830517599 ], [ 11087941.679365608841181, 58423.311761241675413 ], [ 11087891.908421274274588, 58408.394323837819684 ], [ 11087780.533270737156272, 58421.664163661960629 ], [ 11087714.164590325206518, 58420.283744071166439 ], [ 11087631.676847646012902, 58410.821190498187207 ], [ 11087425.290511716157198, 58409.819273068555049 ], [ 11087286.920384660363197, 58383.658096249855589 ], [ 11087213.004242774099112, 58363.508424561252468 ], [ 11087162.131235482171178, 58332.226338729073177 ], [ 11087096.675374893471599, 58310.184158095711609 ], [ 11087014.966868652030826, 58270.99806091132632 ], [ 11086908.211476981639862, 58168.134566263091983 ], [ 11086824.944497868418694, 58082.637647160729102 ], [ 11086689.802636044099927, 57918.323285050064442 ], [ 11086629.022194072604179, 57850.749571413041849 ], [ 11086559.224873345345259, 57794.530918393429602 ], [ 11086480.076715391129255, 57714.934219320806733 ], [ 11086407.71904637478292, 57650.922894420073135 ], [ 11086392.690915118902922, 57600.827078983165848 ], [ 11086340.927351897582412, 57537.817680611929973 ], [ 11086221.592857768759131, 57492.842777788806416 ], [ 11085991.940748261287808, 57463.564562883337203 ], [ 11085791.676984325051308, 57445.530073696310865 ], [ 11085553.007996065542102, 57443.303593581622408 ], [ 11085463.28448648378253, 57406.455348699790193 ], [ 11085402.170086039230227, 57366.712681896315189 ], [ 11085345.953743187710643, 57310.494067392239231 ], [ 11085233.298418505117297, 57170.893804285224178 ], [ 11085127.544902252033353, 57049.328047239912848 ], [ 11085059.973971340805292, 56945.796786977494776 ], [ 11084977.708867644891143, 56862.081198253887123 ], [ 11084920.824607850983739, 56816.772366422126652 ], [ 11084899.562585107982159, 56807.643806056177709 ], [ 11084848.578258322551847, 56771.463537457457278 ], [ 11084784.012953663244843, 56739.179607019308605 ], [ 11084667.906724765896797, 56702.22007464717899 ], [ 11084582.747314309701324, 56664.369953106855974 ], [ 11084456.733650732785463, 56646.335484133720456 ], [ 11084285.635593382641673, 56716.135561009548837 ], [ 11084206.821393899619579, 56729.605752065421257 ], [ 11084007.782144363969564, 56781.594012480898527 ], [ 11083887.056156598031521, 56827.036430777465284 ], [ 11083767.955433396622539, 56847.030205150338588 ], [ 11083622.961796639487147, 56853.386800571875938 ], [ 11083476.854964973405004, 56851.271646222194249 ], [ 11083235.45864918641746, 56823.57425720946776 ], [ 11083106.283512072637677, 56812.931691619822232 ], [ 11082885.325454795733094, 56803.124055479034723 ], [ 11082810.318381898105145, 56816.995014237370924 ], [ 11082654.916372751817107, 56899.597358477716625 ], [ 11082529.125348156318069, 56931.769972225680249 ], [ 11082417.026620928198099, 56981.086472928451258 ], [ 11082259.064263490960002, 57112.114754332185839 ], [ 11082172.457699652761221, 57156.421689263072039 ], [ 11081989.33713729865849, 57271.64199779239425 ], [ 11081824.584290923550725, 57344.781855510322202 ], [ 11081672.85582497343421, 57463.898534909632872 ], [ 11081432.517044350504875, 57580.1208096406408 ], [ 11081160.118250381201506, 57644.132128119199479 ], [ 11081031.989516476169229, 57680.201117088501633 ], [ 11080905.196616463363171, 57707.475508120231098 ], [ 11080739.553214160725474, 57700.239445090635854 ], [ 11080591.386971917003393, 57724.285439444967778 ], [ 11080174.718117877840996, 57828.484757798694773 ], [ 11080082.656898992136121, 57856.538423068232078 ], [ 11079914.341828910633922, 57928.565100534178782 ], [ 11079762.168084997683764, 57996.69544212265464 ], [ 11079652.741025548428297, 58060.038853882047988 ], [ 11079501.791796032339334, 58100.89480088383425 ], [ 11079405.611755987629294, 58164.906166784283414 ], [ 11079333.588045444339514, 58225.021194007596932 ], [ 11079189.317985376343131, 58385.327958570625924 ], [ 11079061.189251473173499, 58565.561788610211806 ], [ 11079010.538883160799742, 58614.989727928652428 ], [ 11078815.173176819458604, 58845.653491339333414 ], [ 11078770.979338973760605, 58917.234974092949415 ], [ 11078737.026894280686975, 58932.263746686410741 ], [ 11078641.069493217393756, 59023.994928723674093 ], [ 11078583.294677497819066, 59151.906512410809228 ], [ 11078554.46292938105762, 59200.221250817528926 ], [ 11078512.829439826309681, 59320.117517258011503 ], [ 11078477.986439207568765, 59406.72783232958318 ], [ 11078435.351074233651161, 59417.7489400455961 ], [ 11078376.129105130210519, 59510.927403283596504 ], [ 11078308.112896256148815, 59571.042547595468932 ], [ 11078199.910351203754544, 59643.180727755374392 ], [ 11077985.397692445665598, 59746.155766667303396 ], [ 11077936.973713953047991, 59764.301640002224303 ], [ 11077878.419661793857813, 59795.47246649205772 ], [ 11077878.419661793857813, 59817.626019044037093 ], [ 11077754.409749049693346, 59859.929287228565954 ], [ 11077715.336607782170177, 59860.931206770117569 ], [ 11077683.05395545065403, 59883.084761455123953 ], [ 11077673.703118225559592, 59956.670192002413387 ], [ 11077696.634933330118656, 59986.839107588821207 ], [ 11077725.466681445017457, 60003.983067597531772 ], [ 11077760.309682063758373, 60017.119348936503229 ], [ 11077846.137009466066957, 60082.578110591151926 ], [ 11077877.529105868190527, 60115.752791532679112 ], [ 11077895.340224394574761, 60155.050318376437644 ], [ 11077919.162595424801111, 60190.228842927099322 ], [ 11077980.276995871216059, 60240.658819606724137 ], [ 11078012.559648199006915, 60276.839268771815114 ], [ 11078042.281952243298292, 60303.111842304104357 ], [ 11078216.385635843500495, 60438.037108947006345 ], [ 11078260.579473687335849, 60484.348097788672021 ], [ 11078318.242969918996096, 60536.670613056885486 ], [ 11078421.102179411798716, 60676.716854828911892 ], [ 11078480.546787494793534, 60740.171838866634062 ], [ 11078492.346653519198298, 60792.828347728616791 ], [ 11078479.656231569126248, 60882.110640724109544 ], [ 11078494.127765372395515, 60927.419739113036485 ], [ 11078495.797557733952999, 60962.709628685763164 ], [ 11078513.608676260337234, 61021.155033503018785 ], [ 11078538.321603216230869, 61155.078523299460358 ], [ 11078552.681817527860403, 61282.990510048126453 ], [ 11078568.823143692687154, 61326.295792257937137 ], [ 11078568.823143692687154, 61384.741229028913949 ], [ 11078559.472306467592716, 61428.046517884278728 ], [ 11078529.750002427026629, 61456.211655857383448 ], [ 11078472.86574263125658, 61458.215499711404846 ], [ 11078424.441764136776328, 61447.194358589367766 ], [ 11078393.940223658457398, 61404.890990329280612 ], [ 11078342.0653409473598, 61369.601077294741117 ], [ 11078296.535669213160872, 61363.589546555042034 ], [ 11078261.358710123226047, 61333.309244398471492 ], [ 11078211.264939265325665, 61304.142189951780892 ], [ 11078146.699634606018662, 61247.811928121853271 ], [ 11078009.999299911782146, 61164.207141207421955 ], [ 11077963.35643327049911, 61122.905712402935023 ], [ 11077920.832387786358595, 61077.596600732511433 ], [ 11077838.455964598804712, 61019.151190967349976 ], [ 11077740.828771175816655, 60940.667363055690657 ], [ 11077712.776259494945407, 60931.538748209895857 ], [ 11077583.645650174468756, 60820.770809716319491 ], [ 11077555.593138493597507, 60788.598014939743734 ], [ 11077521.195415837690234, 60775.461718555285188 ], [ 11077441.824618903920054, 60714.010572789753496 ], [ 11077374.698965953662992, 60676.828179357071349 ], [ 11077316.144913798198104, 60604.244590931812127 ], [ 11077277.071772526949644, 60581.089091981601086 ], [ 11077255.809749787673354, 60558.935514406410221 ], [ 11077138.367687, 60380.25970185429469 ], [ 11077030.165141949430108, 60272.052316924804472 ], [ 11076802.405463786795735, 60096.938962208558223 ], [ 11076700.436810219660401, 60047.399591636858531 ], [ 11076577.206133909523487, 59942.643316577785299 ], [ 11076523.772778330370784, 59912.474402956220729 ], [ 11076438.836006857454777, 59877.184568428237981 ], [ 11076394.642169011756778, 59849.019496760658512 ], [ 11076318.165678836405277, 59829.871701668853348 ], [ 11076167.884366264566779, 59780.777648111812596 ], [ 11076133.931921573355794, 59757.844826122091035 ], [ 11075854.51999968290329, 59620.136586042077397 ], [ 11075802.645116971805692, 59580.059819698537467 ], [ 11075762.792739268392324, 59539.871731366125459 ], [ 11075699.89722696878016, 59459.606886119006958 ], [ 11075654.924152689054608, 59419.418804866509163 ], [ 11075569.09682528860867, 59362.086781677688123 ], [ 11074990.569431634619832, 59095.576429982262198 ], [ 11074774.943577969446778, 59030.229087169049308 ], [ 11074464.918796109035611, 58969.223396234112442 ], [ 11074214.115983352065086, 58837.972119602563907 ], [ 11074049.919734431430697, 58777.857039391477883 ], [ 11073795.77733694948256, 58627.792010082681372 ], [ 11073766.945588836446404, 58622.114476228700369 ], [ 11073660.969433600082994, 58567.231651367619634 ], [ 11073589.279681529849768, 58433.308670964288467 ], [ 11073240.738355856388807, 58064.825790328497533 ], [ 11073166.154297024011612, 57948.826083779742476 ], [ 11073076.096828972920775, 57577.671681048865139 ], [ 11073012.422080237418413, 57363.818258070474258 ], [ 11072918.802388481795788, 57175.680734703477356 ], [ 11072800.135811295360327, 57031.293568565473834 ], [ 11072415.526970604434609, 56606.592859661817783 ], [ 11072052.959389090538025, 56278.966770089384227 ], [ 11071690.503127068281174, 55841.464272287434142 ], [ 11071310.903663465753198, 55443.927243264144636 ], [ 11071009.561801886186004, 55156.489514473134477 ], [ 11070757.200516257435083, 54932.172387244077981 ], [ 11070537.789799904450774, 54701.843854349957837 ], [ 11070340.531662218272686, 54431.438915683829691 ], [ 11070216.410429984331131, 54142.999667360476451 ], [ 11070043.085982820019126, 53805.021592105185846 ], [ 11069875.884107647463679, 53514.022145089831611 ], [ 11069663.597838703542948, 53305.73607528150751 ], [ 11069447.30406809411943, 53165.579954490727687 ], [ 11069269.972119258716702, 53124.724283130533877 ], [ 11069150.860264111310244, 53073.404219469593954 ], [ 11068662.167699528858066, 52905.194663947964727 ], [ 11068435.075938310474157, 52939.25960074095201 ], [ 11068269.54385550133884, 52969.316899165241921 ], [ 11068157.44512827321887, 53009.281975558777049 ], [ 11067953.173862665891647, 53189.62580023460032 ], [ 11067894.976032881066203, 53265.503807317996689 ], [ 11067829.564700089395046, 53400.438879330387863 ], [ 11067727.941136945039034, 53583.777396393095842 ], [ 11067631.594117661938071, 53679.983101414029079 ], [ 11067565.692979112267494, 53732.750410671935242 ], [ 11067448.963361065834761, 53800.70224218905787 ], [ 11067415.623173573985696, 53824.692446287939674 ], [ 11067309.212872324511409, 53882.257806886416802 ], [ 11067265.542236085981131, 53899.846914268222463 ], [ 11067145.640012552961707, 53961.408793333343056 ], [ 11066947.736221821978688, 54034.79323151052813 ], [ 11066835.526175102218986, 54066.854396065573383 ], [ 11066703.501259019598365, 54114.278204475012899 ], [ 11066627.247407827526331, 54155.022605638485402 ], [ 11066490.992351096123457, 54130.976729274872923 ], [ 11066402.938633877784014, 54050.823813617338601 ], [ 11066274.698580484837294, 53922.690489783548401 ], [ 11066130.428520416840911, 53743.125755456450861 ], [ 11065930.276075970381498, 53401.919480451011623 ], [ 11065850.126042598858476, 53241.613811904338945 ], [ 11065709.863484198227525, 53141.534109502463252 ], [ 11065551.277737615630031, 52988.230733110001893 ], [ 11065458.236907210201025, 52935.452343024451693 ], [ 11065381.203819580376148, 52884.28814466354379 ], [ 11065324.419747328385711, 52825.609626319994277 ], [ 11065312.118943596258759, 52785.243795580114238 ], [ 11065290.133344164118171, 52635.447173552463937 ], [ 11065250.425681797787547, 52446.253279883661889 ], [ 11065233.215688521042466, 52388.966335370278102 ], [ 11065213.389687210321426, 52268.648180390970083 ], [ 11065153.154710743576288, 52083.962965720369539 ], [ 11065027.141047164797783, 51777.712895790951734 ], [ 11064994.847262885421515, 51729.131470749656728 ], [ 11064904.689607290551066, 51559.185565222622245 ], [ 11064100.628925291821361, 50846.27257409732556 ], [ 11063891.236963110044599, 50673.833222114917589 ], [ 11063712.903138859197497, 50487.589857734106772 ], [ 11063638.875677483156323, 50393.410623524672701 ], [ 11063510.190346125513315, 50242.122727733651118 ], [ 11063462.656923556700349, 50061.000317184065352 ], [ 11063390.521893521770835, 49956.802071026897465 ], [ 11063302.468176305294037, 49764.547436007924262 ], [ 11063210.295637927949429, 49720.46357703206013 ], [ 11063120.906086819246411, 49666.360662444079935 ], [ 11063046.34429188631475, 49607.493133099924307 ], [ 11063039.63172659277916, 49618.703344961919356 ], [ 11063024.50340779311955, 49625.382716551379417 ], [ 11062866.908404676243663, 49612.369074288180855 ], [ 11062835.83913479745388, 49613.170598869859532 ], [ 11062809.02226946502924, 49627.865216339319886 ], [ 11062757.158518703654408, 49763.400810352963163 ], [ 11062746.371660048142076, 49782.403626027051359 ], [ 11062724.797942731529474, 49791.621160678383603 ], [ 11062709.146422326564789, 49785.108772055231384 ], [ 11062700.519161788746715, 49766.662570715525362 ], [ 11062688.10703856498003, 49714.029114986296918 ], [ 11062648.733334671705961, 49665.726122109001153 ], [ 11062619.589891983196139, 49589.503359468842973 ], [ 11062589.923247685655951, 49547.712760613139835 ], [ 11062580.750521644949913, 49528.186733001137327 ], [ 11062573.191928219050169, 49489.11241460112069 ], [ 11062598.583904068917036, 49421.060764225563616 ], [ 11062606.665699101984501, 49406.41067958727217 ], [ 11062622.306087557226419, 49390.135281913288054 ], [ 11062699.984828233718872, 49336.94523621701228 ], [ 11062745.826194541528821, 49314.146322745793441 ], [ 11062773.155129531398416, 49307.043926978702075 ], [ 11062692.993964210152626, 49228.97323897734168 ], [ 11062550.393696505576372, 49111.639009079655807 ], [ 11061748.225445849820971, 48390.490282175145694 ], [ 11061372.299525439739227, 48040.04651222263783 ], [ 11061184.169586, 47358.529531466156186 ], [ 11061106.357261935248971, 46952.090962698333897 ], [ 11060996.59624401293695, 46482.532754858882981 ], [ 11060746.350028710439801, 45749.029457324453688 ], [ 11060440.110109535977244, 45083.655992576852441 ], [ 11060372.205220153555274, 44875.706012880044 ], [ 11060034.795843558385968, 44199.423618505468767 ], [ 11059814.617022719234228, 43646.108101531426655 ], [ 11059785.328864691779017, 43571.455506120553764 ], [ 11059643.28519443795085, 43366.622886052529793 ], [ 11059665.215134125202894, 43170.807395969350182 ], [ 11059654.361483773216605, 43131.566377416136675 ], [ 11059581.05759908631444, 42866.452985549891309 ], [ 11059047.280640732496977, 42095.65973450155434 ], [ 11058439.476221, 40831.377560750224802 ], [ 11058323.258672611787915, 40671.185543866515218 ], [ 11057846.588613037019968, 39926.109319996314298 ], [ 11056839.369860338047147, 38436.403782640474674 ], [ 11056680.850905448198318, 38219.660820659206365 ], [ 11056412.348293656483293, 37907.738052925786178 ], [ 11056106.030450837686658, 37525.849862696581113 ], [ 11056066.645614996552467, 37441.212192271981621 ], [ 11056032.759961998090148, 37381.521654501615558 ], [ 11055978.191147610545158, 37304.709889341378585 ], [ 11055921.017457140609622, 37211.979171362603665 ], [ 11055880.753197321668267, 37168.541567640073481 ], [ 11055832.084315944463015, 37149.093722554789565 ], [ 11055726.664758164435625, 37164.26682661860832 ], [ 11055628.202668558806181, 37187.722241751835099 ], [ 11055470.451818155124784, 37242.080474390728341 ], [ 11055217.411483632400632, 37338.017251192206459 ], [ 11054954.842200698330998, 37448.882237366742629 ], [ 11054731.446246575564146, 37518.168684916206985 ], [ 11054516.521705700084567, 37590.661193904175889 ], [ 11054272.80994450673461, 37694.234651905419014 ], [ 11054084.279254900291562, 37822.243177417527477 ], [ 11053922.821465451270342, 37938.162207532208413 ], [ 11053715.043635888025165, 38067.40643047458434 ], [ 11053565.497031955048442, 38126.03945218334411 ], [ 11053492.716348875313997, 38168.341615279983671 ], [ 11053435.38681111484766, 38192.40932040156622 ], [ 11053356.071673925966024, 38199.622952754834841 ], [ 11053219.927936686202884, 38135.501777993493306 ], [ 11053071.650374948978424, 38035.312450142482703 ], [ 11052887.416617685928941, 37875.12086654502491 ], [ 11052791.236577639356256, 37762.908847238817543 ], [ 11052695.72445453889668, 37756.118239303046721 ], [ 11052542.882793681696057, 37835.045144020288717 ], [ 11052390.709049765020609, 37931.226880592090311 ], [ 11052174.415279155597091, 38059.357887969876174 ], [ 11051894.001481845974922, 38211.645673452199844 ], [ 11051541.45265450514853, 38359.814585058971716 ], [ 11051397.293913928791881, 38439.966071034883498 ], [ 11051234.299915507435799, 38436.170007465021627 ], [ 11051152.424430029466748, 38404.89979517422762 ], [ 11051116.034088488668203, 38396.250113973794214 ], [ 11050976.406051186844707, 38327.631538714675116 ], [ 11050758.68739109300077, 38167.751611414736544 ], [ 11050716.764470860362053, 38127.141534832211619 ], [ 11050597.229601645842195, 38091.151301038822567 ], [ 11050512.526601102203131, 38082.490490242103988 ], [ 11050487.457451775670052, 38084.394087467750069 ], [ 11050471.894986962899566, 38107.448765247761912 ], [ 11050407.886279758065939, 38167.562364891979087 ], [ 11050295.676233036443591, 38211.645673452199844 ], [ 11050143.502489123493433, 38263.632809882896254 ], [ 11049983.202422380447388, 38355.807010919292225 ], [ 11049879.118698488920927, 38359.814585058971716 ], [ 11049791.28762025386095, 38320.406773342954693 ], [ 11049730.841136751696467, 38151.532071322231786 ], [ 11049682.862436220049858, 37995.23672163127776 ], [ 11049586.682396173477173, 37827.029999694634171 ], [ 11049524.699703700840473, 37752.667274630781321 ], [ 11049448.456984456628561, 37701.503941624352592 ], [ 11049366.258672455325723, 37666.415425699640764 ], [ 11049262.119288818910718, 37654.604221833011252 ], [ 11049164.714734373614192, 37688.713108751930122 ], [ 11049071.540320578962564, 37733.486590540807811 ], [ 11048795.790809934958816, 37773.083627078449354 ], [ 11048651.320374784991145, 37753.101428250229219 ], [ 11048572.673154540359974, 37747.112334746045235 ], [ 11048468.043965142220259, 37684.471762114902958 ], [ 11048342.386523934081197, 37667.639961451932322 ], [ 11048090.926926180720329, 37668.552797195436142 ], [ 11048023.355995271354914, 37652.511378937022528 ], [ 11047989.481474220752716, 37601.348050676497223 ], [ 11047991.596544547006488, 37505.411250636010664 ], [ 11047980.998929023742676, 37151.531660757755162 ], [ 11047959.814829925075173, 37021.497165361870429 ], [ 11047934.93492373265326, 36984.794511585118016 ], [ 11047830.116491202265024, 36862.218566332529008 ], [ 11047756.111293721944094, 36740.132448579963238 ], [ 11047641.596933543682098, 36617.745776709947677 ], [ 11047531.724596129730344, 36545.164274932423723 ], [ 11047371.424529390409589, 36577.224815010806196 ], [ 11047195.205775462090969, 36665.391304994132952 ], [ 11047065.819131314754486, 36684.583102479031368 ], [ 11046973.167919127270579, 36691.25125029078481 ], [ 11046746.855394342914224, 36673.929651049948006 ], [ 11046577.460525203496218, 36692.587106284619949 ], [ 11046385.556855024769902, 36700.591110147979634 ], [ 11045789.997579280287027, 36680.564402398158563 ], [ 11045508.82680943608284, 36653.368601402420609 ], [ 11045304.444224338978529, 36513.103735777418478 ], [ 11045088.48441220074892, 36438.407135976223799 ], [ 11044903.916696464642882, 36300.814008432935225 ], [ 11044695.637929191812873, 36192.609716117927746 ], [ 11044535.337862448766828, 36056.463795211639081 ], [ 11044339.415558651089668, 35855.640242750516336 ], [ 11044206.94536460749805, 35607.839167674981582 ], [ 11043990.651593996211886, 35447.536614070180804 ], [ 11043790.276510568335652, 35335.436161074663687 ], [ 11043590.012746630236506, 35303.375656169155263 ], [ 11043355.462579529732466, 35255.284900483115052 ], [ 11043181.470215421169996, 35119.13909142617922 ], [ 11042977.198949813842773, 34922.768549540291133 ], [ 11042728.733846364542842, 34810.668147343123564 ], [ 11042439.748448265716434, 34843.507886692845204 ], [ 11042188.055079581215978, 34690.441312845054199 ], [ 11041819.476245565339923, 34297.923048025193566 ], [ 11041793.316165229305625, 34077.284647726992262 ], [ 11041787.416232217103243, 33829.261307970897178 ], [ 11041763.371222203597426, 33488.730243869278638 ], [ 11041659.287498313933611, 32955.947933285795443 ], [ 11041559.099956598132849, 32711.59841332439828 ], [ 11041478.949923226609826, 32535.377354259064305 ], [ 11041494.979929903522134, 32375.075212186944555 ], [ 11041670.308127902448177, 32151.208852145140554 ], [ 11041831.498750569298863, 31886.376446509093512 ], [ 11041900.962112825363874, 31446.436396689430694 ], [ 11042196.292721901088953, 30926.234197665315151 ], [ 11042426.278789877891541, 30641.475623532740428 ], [ 11042464.127416748553514, 30273.783153064898215 ], [ 11041740.105448627844453, 29675.768244378130476 ], [ 11041462.919916555285454, 29210.447814857645426 ], [ 11041238.611142605543137, 28809.91614390419636 ], [ 11040757.933581359684467, 28277.135725717333116 ], [ 11040277.256020113825798, 27956.64379760484735 ], [ 11040121.074774531647563, 27768.400742532805452 ], [ 11040124.748317727819085, 27598.302958402346121 ], [ 11040173.060976732522249, 27095.468196464378707 ], [ 11040145.008465051651001, 26758.94637676775892 ], [ 11039862.479597417637706, 26249.655309035646496 ], [ 11039688.375913817435503, 25973.80329915378752 ], [ 11039388.815164092928171, 25566.036676049101516 ], [ 11039243.687943946570158, 25408.997016538141906 ], [ 11038750.242037106305361, 24778.879293751717341 ], [ 11030561.55803045630455, 17880.31587844227397 ], [ 11010876.709834499284625, -2728.552122059695648 ], [ 10992719.009204939007759, -73141.636555754826986 ], [ 10979689.808648176491261, -89774.652808943050331 ], [ 10935626.114419933408499, -115070.253169818475726 ] ] ] } }
]
}
